d_lat,d_int,seed,hidden,sigma_noise,step,is_final,test_loss,train_loss,C,C_per_dim,corrected_error,corrected_error_per_dim,corrected_error_per_dim_popC,logged_score_error_BUGGY,C_bug_per_dim,mismatch_per_dim,memorization_fraction
100,5,42,256,0.5,1,0,1.0078375244140625,1.0120974731445314,303.3807373046875,3.033807373046875,252.60851157636125,2.5260851157636126,2.5395961631268937,2.6112982177734376,3.178590087890625,0.14879697799682617,0.0
100,5,42,256,0.5,5000,0,0.7009615325927734,0.6911820220947266,303.3807373046875,3.033807373046875,83.31559673719568,0.8331559673719567,0.846667014735238,0.8767379760742188,3.178590087890625,0.14879697799682617,0.0
100,5,42,256,0.5,10000,0,0.6932913208007813,0.6800717163085938,303.3807373046875,3.033807373046875,79.08420507962899,0.7908420507962899,0.8043530981595711,0.8404147338867187,3.178590087890625,0.14879697799682617,0.0
100,5,42,256,0.5,15000,0,0.6864216613769532,0.6747309112548828,303.3807373046875,3.033807373046875,75.29445058984317,0.7529445058984316,0.7664555532617129,0.8141317749023438,3.178590087890625,0.14879697799682617,0.0
100,5,42,256,0.5,20000,0,0.6810546875,0.6716324615478516,303.3807373046875,3.033807373046875,72.33367595868805,0.7233367595868805,0.7368478069501617,0.7942043304443359,3.178590087890625,0.14879697799682617,0.0
100,5,42,256,0.5,25000,0,0.6765213775634765,0.6724460601806641,303.3807373046875,3.033807373046875,69.83280500925792,0.6983280500925793,0.7118390974558605,0.7754393768310547,3.178590087890625,0.14879697799682617,0.0
100,5,42,256,0.5,30000,0,0.67186279296875,0.6669998931884765,303.3807373046875,3.033807373046875,67.26282434578076,0.6726282434578076,0.6861392908210888,0.7557286071777344,3.178590087890625,0.14879697799682617,0.0
100,5,42,256,0.5,35000,0,0.6679811096191406,0.6565289306640625,303.3807373046875,3.033807373046875,65.12143334012427,0.6512143334012427,0.6647253807645239,0.737791519165039,3.178590087890625,0.14879697799682617,0.0
100,5,42,256,0.5,40000,0,0.6628659057617188,0.6474336242675781,303.3807373046875,3.033807373046875,62.299551556932215,0.6229955155693222,0.6365065629326034,0.7129653930664063,3.178590087890625,0.14879697799682617,0.0
100,5,42,256,0.5,45000,0,0.6572316741943359,0.6436164855957032,303.3807373046875,3.033807373046875,59.19134006322713,0.5919134006322713,0.6054244479955525,0.6853379058837891,3.178590087890625,0.14879697799682617,0.0
100,5,42,256,0.5,50000,0,0.6483603668212891,0.6394728088378906,303.3807373046875,3.033807373046875,54.29734534339286,0.5429734534339287,0.5564845007972099,0.6413288879394531,3.178590087890625,0.14879697799682617,0.0
100,5,42,256,0.5,55000,0,0.6347266006469726,0.6241492843627929,303.3807373046875,3.033807373046875,46.77606613811116,0.4677606613811116,0.48127170874439285,0.5724397659301758,3.178590087890625,0.14879697799682617,0.0
100,5,42,256,0.5,60000,0,0.6281032180786132,0.6153464508056641,303.3807373046875,3.033807373046875,43.12217410687839,0.4312217410687839,0.44473278843206515,0.5405968475341797,3.178590087890625,0.14879697799682617,0.0
100,5,42,256,0.5,65000,0,0.6235964965820312,0.6036426162719727,303.3807373046875,3.033807373046875,40.635971083968,0.40635971083968003,0.41987075820296127,0.5190977478027343,3.178590087890625,0.14879697799682617,0.0
100,5,42,256,0.5,70000,0,0.6194623947143555,0.6072257995605469,303.3807373046875,3.033807373046875,38.355329476043096,0.383553294760431,0.3970643421237122,0.4982687759399414,3.178590087890625,0.14879697799682617,0.0
100,5,42,256,0.5,75000,0,0.6155856704711914,0.598282585144043,303.3807373046875,3.033807373046875,36.216674238604014,0.36216674238604013,0.37567778974932137,0.4805501556396484,3.178590087890625,0.14879697799682617,0.0
100,5,42,256,0.5,80000,0,0.6110359191894531,0.5881186676025391,303.3807373046875,3.033807373046875,33.706733165314574,0.33706733165314573,0.35057837901642697,0.45954452514648436,3.178590087890625,0.14879697799682617,0.0
100,5,42,256,0.5,85000,0,0.6068196487426758,0.5801523971557617,303.3807373046875,3.033807373046875,31.38076198246347,0.3138076198246347,0.3273186671879159,0.4383906555175781,3.178590087890625,0.14879697799682617,0.0
100,5,42,256,0.5,90000,0,0.603187370300293,0.5746198272705079,303.3807373046875,3.033807373046875,29.37695907377406,0.2937695907377406,0.30728063810102185,0.421734504699707,3.178590087890625,0.14879697799682617,0.0
100,5,42,256,0.5,95000,0,0.5998284530639648,0.5621040725708008,303.3807373046875,3.033807373046875,27.52396012697909,0.2752396012697909,0.28875064863307215,0.4056163024902344,3.178590087890625,0.14879697799682617,0.0
100,5,42,256,0.5,100000,0,0.5969735717773438,0.5744751739501953,303.3807373046875,3.033807373046875,25.949020452932075,0.25949020452932076,0.273001251892602,0.39211444854736327,3.178590087890625,0.14879697799682617,0.0
100,5,42,256,0.5,105000,0,0.5938979339599609,0.5665734100341797,303.3807373046875,3.033807373046875,24.252297004466527,0.24252297004466528,0.2560340174079465,0.37715366363525393,3.178590087890625,0.14879697799682617,0.0
100,5,42,256,0.5,110000,0,0.5907623672485351,0.5614566040039063,303.3807373046875,3.033807373046875,22.522512849311568,0.22522512849311568,0.23873617585639692,0.3628945159912109,3.178590087890625,0.14879697799682617,0.0
100,5,42,256,0.5,115000,0,0.5887917709350586,0.5567922592163086,303.3807373046875,3.033807373046875,21.435402737178606,0.21435402737178605,0.2278650747350673,0.35390701293945315,3.178590087890625,0.14879697799682617,0.0
100,5,42,256,0.5,120000,0,0.5867098999023438,0.5474884796142578,303.3807373046875,3.033807373046875,20.28690619512014,0.20286906195120138,0.21638010931448265,0.34358901977539064,3.178590087890625,0.14879697799682617,0.0
100,5,42,256,0.5,125000,0,0.5846601867675781,0.555605125427246,303.3807373046875,3.033807373046875,19.15615005773327,0.1915615005773327,0.20507254794061397,0.33325862884521484,3.178590087890625,0.14879697799682617,0.0
100,5,42,256,0.5,130000,0,0.5824200820922851,0.547065200805664,303.3807373046875,3.033807373046875,17.920361465167048,0.17920361465167048,0.19271466201495172,0.3250746154785156,3.178590087890625,0.14879697799682617,0.0
100,5,42,256,0.5,135000,0,0.5814328384399414,0.5447208786010742,303.3807373046875,3.033807373046875,17.375733146184473,0.17375733146184472,0.18726837882512598,0.3193603706359863,3.178590087890625,0.14879697799682617,0.0
100,5,42,256,0.5,140000,0,0.5800105285644531,0.541822395324707,303.3807373046875,3.033807373046875,16.59109377704749,0.16591093777047491,0.17942198513375615,0.31302940368652343,3.178590087890625,0.14879697799682617,0.0
100,5,42,256,0.5,145000,0,0.5791461181640625,0.5365710067749023,303.3807373046875,3.033807373046875,16.114228332374182,0.1611422833237418,0.17465333068702307,0.3090006256103516,3.178590087890625,0.14879697799682617,0.0
100,5,42,256,0.5,150000,0,0.578247184753418,0.5348427200317383,303.3807373046875,3.033807373046875,15.618317732033233,0.15618317732033232,0.1696942246836136,0.3053622055053711,3.178590087890625,0.14879697799682617,0.0
100,5,42,256,0.5,155000,0,0.5775725936889649,0.5322067260742187,303.3807373046875,3.033807373046875,15.246169076975718,0.15246169076975719,0.16597273813303842,0.3031082916259766,3.178590087890625,0.14879697799682617,0.0
100,5,42,256,0.5,160000,0,0.5768589019775391,0.540052375793457,303.3807373046875,3.033807373046875,14.85244994174218,0.1485244994174218,0.16203554678070303,0.29981853485107424,3.178590087890625,0.14879697799682617,0.0
100,5,42,256,0.5,165000,0,0.5760190200805664,0.5313811111450195,303.3807373046875,3.033807373046875,14.389116027559794,0.14389116027559795,0.1574022076388792,0.29598608016967776,3.178590087890625,0.14879697799682617,0.0
100,5,42,256,0.5,170000,0,0.5753968811035156,0.5352857971191406,303.3807373046875,3.033807373046875,14.045903382494657,0.14045903382494657,0.15397008118822783,0.2935715103149414,3.178590087890625,0.14879697799682617,0.0
100,5,42,256,0.5,175000,0,0.5748566055297851,0.5284136199951172,303.3807373046875,3.033807373046875,13.747851957388377,0.13747851957388377,0.15098956693716503,0.2894587516784668,3.178590087890625,0.14879697799682617,0.0
100,5,42,256,0.5,180000,0,0.5750265884399414,0.5257550811767578,303.3807373046875,3.033807373046875,13.84162567413432,0.1384162567413432,0.15192730410462446,0.2927178955078125,3.178590087890625,0.14879697799682617,0.0
100,5,42,256,0.5,185000,0,0.5752810668945313,0.5292253494262695,303.3807373046875,3.033807373046875,13.982012672431665,0.13982012672431665,0.1533311740875979,0.2951547241210937,3.178590087890625,0.14879697799682617,0.0
100,5,42,256,0.5,190000,0,0.5741039276123047,0.5285894393920898,303.3807373046875,3.033807373046875,13.332625475091447,0.13332625475091447,0.1468373021141957,0.2912997627258301,3.178590087890625,0.14879697799682617,0.0
100,5,42,256,0.5,195000,0,0.5737368392944336,0.5264580535888672,303.3807373046875,3.033807373046875,13.130115493887104,0.13130115493887104,0.14481220230215228,0.2874404716491699,3.178590087890625,0.14879697799682617,0.0
100,5,42,256,0.5,200000,0,0.5732737731933594,0.52766845703125,303.3807373046875,3.033807373046875,12.874657875489447,0.12874657875489448,0.14225762611817572,0.2870643424987793,3.178590087890625,0.14879697799682617,0.0
100,5,42,256,0.5,205000,0,0.5734648513793945,0.5273518753051758,303.3807373046875,3.033807373046875,12.980069129345111,0.12980069129345112,0.14331173865673236,0.2883118057250977,3.178590087890625,0.14879697799682617,0.0
100,5,42,256,0.5,210000,0,0.5725858306884766,0.5229875564575195,303.3807373046875,3.033807373046875,12.495143690615748,0.12495143690615748,0.13846248426943875,0.28461519241333005,3.178590087890625,0.14879697799682617,0.0
100,5,42,256,0.5,215000,0,0.5730283355712891,0.5269261932373047,303.3807373046875,3.033807373046875,12.73925839309635,0.1273925839309635,0.14090363129424474,0.2875046157836914,3.178590087890625,0.14879697799682617,0.0
100,5,42,256,0.5,220000,0,0.5723077011108398,0.522430534362793,303.3807373046875,3.033807373046875,12.34170918235833,0.12341709182358329,0.13692813918686453,0.2851076889038086,3.178590087890625,0.14879697799682617,0.0
100,5,42,256,0.5,225000,0,0.572794303894043,0.5263019561767578,303.3807373046875,3.033807373046875,12.61015117760337,0.1261015117760337,0.13961255913931495,0.2891484069824219,3.178590087890625,0.14879697799682617,0.0
100,5,42,256,0.5,230000,0,0.5724843215942382,0.5231391525268555,303.3807373046875,3.033807373046875,12.439144619641525,0.12439144619641525,0.1379024935596965,0.28576324462890623,3.178590087890625,0.14879697799682617,0.0
100,5,42,256,0.5,235000,0,0.5725387954711914,0.5254558944702148,303.3807373046875,3.033807373046875,12.469195981291705,0.12469195981291704,0.1382030071761983,0.28724252700805664,3.178590087890625,0.14879697799682617,0.0
100,5,42,256,0.5,240000,0,0.5729772567749023,0.5236380004882812,303.3807373046875,3.033807373046875,12.711079980456532,0.12711079980456533,0.14062184716784656,0.2883917808532715,3.178590087890625,0.14879697799682617,0.0
100,5,42,256,0.5,245000,0,0.5726814651489258,0.523522071838379,303.3807373046875,3.033807373046875,12.547901928470822,0.12547901928470823,0.13899006664798946,0.28668954849243167,3.178590087890625,0.14879697799682617,0.0
100,5,42,256,0.5,250000,0,0.5727735137939454,0.5258390426635742,303.3807373046875,3.033807373046875,12.598681995460993,0.12598681995460992,0.13949786731789118,0.28923553466796875,3.178590087890625,0.14879697799682617,0.0
100,5,42,256,0.5,255000,0,0.5724922943115235,0.5224982070922851,303.3807373046875,3.033807373046875,12.44354289316044,0.1244354289316044,0.13794647629488566,0.28861221313476565,3.178590087890625,0.14879697799682617,0.0
100,5,42,256,0.5,260000,0,0.5734085464477539,0.5160579681396484,303.3807373046875,3.033807373046875,12.949007637891498,0.12949007637891496,0.14300112374219623,0.292797737121582,3.178590087890625,0.14879697799682617,0.0
100,5,42,256,0.5,265000,0,0.5726433944702148,0.5256090545654297,303.3807373046875,3.033807373046875,12.526899646309118,0.1252689964630912,0.13878004382637243,0.2891745758056641,3.178590087890625,0.14879697799682617,0.0
100,5,42,256,0.5,270000,0,0.5729655456542969,0.5191860580444336,303.3807373046875,3.033807373046875,12.704619358589241,0.12704619358589242,0.14055724094917366,0.2909147453308105,3.178590087890625,0.14879697799682617,0.0
100,5,42,256,0.5,275000,0,0.572650489807129,0.5290798950195312,303.3807373046875,3.033807373046875,12.530813899297243,0.12530813899297244,0.13881918635625368,0.2900101661682129,3.178590087890625,0.14879697799682617,0.0
100,5,42,256,0.5,280000,0,0.5735214996337891,0.5165705871582031,303.3807373046875,3.033807373046875,13.011320020136793,0.13011320020136793,0.14362424756464917,0.294785270690918,3.178590087890625,0.14879697799682617,0.0
100,5,42,256,0.5,285000,0,0.573015251159668,0.5206831359863281,303.3807373046875,3.033807373046875,12.732040173876442,0.1273204017387644,0.14083144910204567,0.29202751159667967,3.178590087890625,0.14879697799682617,0.0
100,5,42,256,0.5,290000,0,0.5734251403808593,0.520433349609375,303.3807373046875,3.033807373046875,12.958161939234571,0.12958161939234572,0.14309266675562696,0.29316192626953125,3.178590087890625,0.14879697799682617,0.0
100,5,42,256,0.5,295000,0,0.5737086486816406,0.5243761444091797,303.3807373046875,3.033807373046875,13.114563703789372,0.13114563703789373,0.14465668440117496,0.29562997817993164,3.178590087890625,0.14879697799682617,0.0
100,5,42,256,0.5,300000,1,0.573542594909668,0.5163469314575195,303.3807373046875,3.033807373046875,13.022957557246457,0.13022957557246456,0.14374062293574583,0.29627437591552735,3.178590087890625,0.14879697799682617,0.0
10,5,42,256,0.5,1,0,1.004185104370117,1.0005367279052735,38.7938232421875,3.87938232421875,16.603610212264734,1.6603610212264734,1.677021330064364,2.1213605880737303,4.638887023925781,0.7630242347717285,0.0
10,5,42,256,0.5,5000,0,0.7272625923156738,0.7270787715911865,38.7938232421875,3.87938232421875,1.3267490371545847,0.13267490371545848,0.14933521255334908,0.9175915718078613,4.638887023925781,0.7630242347717285,0.0
10,5,42,256,0.5,10000,0,0.7241858005523681,0.7130541324615478,38.7938232421875,3.87938232421875,1.157013033086045,0.11570130330860451,0.13236161214649514,0.9724822998046875,4.638887023925781,0.7630242347717285,0.0
10,5,42,256,0.5,15000,0,0.7242097377777099,0.6971156597137451,38.7938232421875,3.87938232421875,1.1583335673602448,0.11583335673602449,0.13249366557391512,0.9965687751770019,4.638887023925781,0.7630242347717285,0.00019999999494757503
10,5,42,256,0.5,20000,0,0.7230975151062011,0.6899491310119629,38.7938232421875,3.87938232421875,1.0969760734447291,0.10969760734447291,0.12635791618236353,0.9770954132080079,4.638887023925781,0.7630242347717285,0.0
10,5,42,256,0.5,25000,0,0.7264369010925293,0.673210620880127,38.7938232421875,3.87938232421875,1.281198496333964,0.1281198496333964,0.14478015847128703,0.9747276306152344,4.638887023925781,0.7630242347717285,0.00019999999494757503
10,5,42,256,0.5,30000,0,0.7302354335784912,0.6562369346618653,38.7938232421875,3.87938232421875,1.4907504501519213,0.14907504501519214,0.16573535385308275,0.985302734375,4.638887023925781,0.7630242347717285,0.0
10,5,42,256,0.5,35000,0,0.7332169532775878,0.6493772029876709,38.7938232421875,3.87938232421875,1.655230622587311,0.1655230622587311,0.18218337109662172,0.9941681861877442,4.638887023925781,0.7630242347717285,0.0
10,5,42,256,0.5,40000,0,0.7406177043914794,0.6454138278961181,38.7938232421875,3.87938232421875,2.063504570847016,0.2063504570847016,0.22301076592259222,1.0284088134765625,4.638887023925781,0.7630242347717285,0.0
10,5,42,256,0.5,45000,0,0.7423948287963867,0.6526613712310791,38.7938232421875,3.87938232421875,2.1615424032473314,0.21615424032473313,0.23281454916262376,1.020652675628662,4.638887023925781,0.7630242347717285,0.0
10,5,42,256,0.5,50000,0,0.7506720066070557,0.6378084659576416,38.7938232421875,3.87938232421875,2.6181657936578304,0.26181657936578306,0.27847688820367367,1.063178825378418,4.638887023925781,0.7630242347717285,0.00019999999494757503
10,5,42,256,0.5,55000,0,0.7552321434020997,0.6468915939331055,38.7938232421875,3.87938232421875,2.869732833984628,0.2869732833984628,0.30363359223635344,1.0991249084472656,4.638887023925781,0.7630242347717285,0.0
10,5,42,256,0.5,60000,0,0.7632478713989258,0.6102471828460694,38.7938232421875,3.87938232421875,3.3119329386871357,0.33119329386871355,0.3478536027066042,1.122616672515869,4.638887023925781,0.7630242347717285,0.00019999999494757503
10,5,42,256,0.5,65000,0,0.7710073471069336,0.612175703048706,38.7938232421875,3.87938232421875,3.7399964872352243,0.3739996487235224,0.39065995756141303,1.1812732696533204,4.638887023925781,0.7630242347717285,0.0
10,5,42,256,0.5,70000,0,0.7793063163757324,0.5912576198577881,38.7938232421875,3.87938232421875,4.19782203733358,0.419782203733358,0.43644251257124866,1.2287925720214843,4.638887023925781,0.7630242347717285,0.00019999999494757503
10,5,42,256,0.5,75000,0,0.7834286689758301,0.5741878986358643,38.7938232421875,3.87938232421875,4.4252380315022535,0.4425238031502253,0.459184111988116,1.2214078903198242,4.638887023925781,0.7630242347717285,0.00039999998989515007
10,5,42,256,0.5,80000,0,0.789820384979248,0.5876172065734864,38.7938232421875,3.87938232421875,4.777846988175838,0.47778469881758384,0.49444500765547444,1.2650562286376954,4.638887023925781,0.7630242347717285,0.0
10,5,42,256,0.5,85000,0,0.795542049407959,0.5676880359649659,38.7938232421875,3.87938232421875,5.093491507357427,0.5093491507357427,0.5260094595736333,1.3153675079345704,4.638887023925781,0.7630242347717285,0.00019999999494757503
10,5,42,256,0.5,90000,0,0.802876091003418,0.5843951225280761,38.7938232421875,3.87938232421875,5.498085321255381,0.5498085321255382,0.5664688409634288,1.3760165214538573,4.638887023925781,0.7630242347717285,0.00039999998989515007
10,5,42,256,0.5,95000,0,0.8116891860961915,0.5505597591400146,38.7938232421875,3.87938232421875,5.984273422238935,0.5984273422238935,0.6150876510617842,1.4136722564697266,4.638887023925781,0.7630242347717285,0.00019999999494757503
10,5,42,256,0.5,100000,0,0.8219240188598633,0.5453623771667481,38.7938232421875,3.87938232421875,6.54889389357983,0.654889389357983,0.6715496981958736,1.4626463890075683,4.638887023925781,0.7630242347717285,0.0
10,5,42,256,0.5,105000,0,0.830861759185791,0.5554746150970459,38.7938232421875,3.87938232421875,7.041958242756095,0.7041958242756096,0.7208561331135002,1.466987133026123,4.638887023925781,0.7630242347717285,0.00019999999494757503
10,5,42,256,0.5,110000,0,0.8310077667236329,0.5356094837188721,38.7938232421875,3.87938232421875,7.050012975719412,0.7050012975719412,0.7216616064098318,1.4891496658325196,4.638887023925781,0.7630242347717285,0.00019999999494757503
10,5,42,256,0.5,115000,0,0.8459575653076172,0.5197216033935547,38.7938232421875,3.87938232421875,7.87474187142756,0.787474187142756,0.8041344959806466,1.5583276748657227,4.638887023925781,0.7630242347717285,0.00019999999494757503
10,5,42,256,0.5,120000,0,0.8554510116577149,0.5261653900146485,38.7938232421875,3.87938232421875,8.398462607917502,0.8398462607917502,0.8565065696296408,1.6286445617675782,4.638887023925781,0.7630242347717285,0.0010000000474974513
10,5,42,256,0.5,125000,0,0.8603862762451172,0.5470661163330078,38.7938232421875,3.87938232421875,8.670724156481526,0.8670724156481526,0.8837327244860432,1.7039810180664063,4.638887023925781,0.7630242347717285,0.0006000000284984708
10,5,42,256,0.5,130000,0,0.8725013732910156,0.5361321449279786,38.7938232421875,3.87938232421875,9.33907233200577,0.933907233200577,0.9505675420384676,1.710623550415039,4.638887023925781,0.7630242347717285,0.0012000000569969416
10,5,42,256,0.5,135000,0,0.8744298934936523,0.5195775508880616,38.7938232421875,3.87938232421875,9.445462149108415,0.9445462149108416,0.9612065237487322,1.7236362457275392,4.638887023925781,0.7630242347717285,0.0012000000569969416
10,5,42,256,0.5,140000,0,0.8821178436279297,0.5254212379455566,38.7938232421875,3.87938232421875,9.869579878112091,0.9869579878112091,1.0036182966490999,1.762965774536133,4.638887023925781,0.7630242347717285,0.0012000000569969416
10,5,42,256,0.5,145000,0,0.8919722557067871,0.5152205467224121,38.7938232421875,3.87938232421875,10.41321385056947,1.041321385056947,1.0579816938948376,1.812984085083008,4.638887023925781,0.7630242347717285,0.00039999998989515007
10,5,42,256,0.5,150000,0,0.8979584693908691,0.48875041007995607,38.7938232421875,3.87938232421875,10.743452640972642,1.0743452640972642,1.0910055729351549,1.8923337936401368,4.638887023925781,0.7630242347717285,0.0006000000284984708
10,5,42,256,0.5,155000,0,0.8988165855407715,0.4942829132080078,38.7938232421875,3.87938232421875,10.79079195332006,1.079079195332006,1.0957395041698965,1.8715974807739257,4.638887023925781,0.7630242347717285,0.0015999999595806003
10,5,42,256,0.5,160000,0,0.9163698196411133,0.4765349864959717,38.7938232421875,3.87938232421875,11.759143419351865,1.1759143419351865,1.1925746507730772,1.9616874694824218,4.638887023925781,0.7630242347717285,0.0015999999595806003
10,5,42,256,0.5,165000,0,0.919151496887207,0.47565231323242185,38.7938232421875,3.87938232421875,11.912598971980188,1.1912598971980188,1.2079202060359093,1.9905559539794921,4.638887023925781,0.7630242347717285,0.0017999999690800905
10,5,42,256,0.5,170000,0,0.9260605812072754,0.4742893218994141,38.7938232421875,3.87938232421875,12.293749356691649,1.2293749356691648,1.2460352445070555,2.0115890502929688,4.638887023925781,0.7630242347717285,0.00279999990016222
10,5,42,256,0.5,175000,0,0.9237208366394043,0.49552693367004397,38.7938232421875,3.87938232421875,12.164673707755028,1.216467370775503,1.2331276796133934,2.027433395385742,4.638887023925781,0.7630242347717285,0.00279999990016222
10,5,42,256,0.5,180000,0,0.9500083923339844,0.48078136444091796,38.7938232421875,3.87938232421875,13.61486761217882,1.361486761217882,1.3781470700557725,2.127117729187012,4.638887023925781,0.7630242347717285,0.00279999990016222
10,5,42,256,0.5,185000,0,0.9425559997558594,0.4600827217102051,38.7938232421875,3.87938232421875,13.203744782208048,1.320374478220805,1.3370347870586954,2.0992950439453124,4.638887023925781,0.7630242347717285,0.002400000113993883
10,5,42,256,0.5,190000,0,0.9586094856262207,0.4688871383666992,38.7938232421875,3.87938232421875,14.089360304032745,1.4089360304032745,1.425596339241165,2.1505664825439452,4.638887023925781,0.7630242347717285,0.0034000000450760126
10,5,42,256,0.5,195000,0,0.9597024917602539,0.48902363777160646,38.7938232421875,3.87938232421875,14.149657687763998,1.4149657687764,1.4316260776142904,2.1832386016845704,4.638887023925781,0.7630242347717285,0.00419999985024333
10,5,42,256,0.5,200000,0,0.9555546760559082,0.44437155723571775,38.7938232421875,3.87938232421875,13.920836981837525,1.3920836981837525,1.408744007021643,2.205641174316406,4.638887023925781,0.7630242347717285,0.003800000064074993
10,5,42,256,0.5,205000,0,0.9661781311035156,0.4652665138244629,38.7938232421875,3.87938232421875,14.506896406036354,1.4506896406036354,1.467349949441526,2.2239639282226564,4.638887023925781,0.7630242347717285,0.004800000227987766
10,5,42,256,0.5,210000,0,0.9784145355224609,0.4618074417114258,38.7938232421875,3.87938232421875,15.181936691507914,1.5181936691507913,1.534853977988682,2.254995346069336,4.638887023925781,0.7630242347717285,0.005200000014156103
10,5,42,256,0.5,215000,0,0.9807044982910156,0.47144169807434083,38.7938232421875,3.87938232421875,15.308266050041624,1.5308266050041623,1.547486913842053,2.3089332580566406,4.638887023925781,0.7630242347717285,0.004000000189989805
10,5,42,256,0.5,220000,0,0.9747307777404786,0.47506022453308105,38.7938232421875,3.87938232421875,14.978716462785542,1.4978716462785542,1.514531955116445,2.24090690612793,4.638887023925781,0.7630242347717285,0.004999999888241291
10,5,42,256,0.5,225000,0,0.9792275428771973,0.4482293128967285,38.7938232421875,3.87938232421875,15.226787506995997,1.5226787506995998,1.5393390595374903,2.2614871978759767,4.638887023925781,0.7630242347717285,0.004399999976158142
10,5,42,256,0.5,230000,0,0.9853333473205567,0.44588046073913573,38.7938232421875,3.87938232421875,15.563623707677408,1.5563623707677408,1.5730226796056315,2.322648620605469,4.638887023925781,0.7630242347717285,0.006200000178068876
10,5,42,256,0.5,235000,0,0.9847202301025391,0.4216566562652588,38.7938232421875,3.87938232421875,15.529800142542761,1.5529800142542762,1.5696403230921667,2.262527084350586,4.638887023925781,0.7630242347717285,0.006800000090152025
10,5,42,256,0.5,240000,0,0.9971698760986328,0.4306623458862305,38.7938232421875,3.87938232421875,16.216604231349372,1.6216604231349372,1.638320731972828,2.342985725402832,4.638887023925781,0.7630242347717285,0.007400000002235174
10,5,42,256,0.5,245000,0,1.0002906799316407,0.463796329498291,38.7938232421875,3.87938232421875,16.388768229710905,1.6388768229710906,1.655537131808981,2.343577575683594,4.638887023925781,0.7630242347717285,0.00839999970048666
10,5,42,256,0.5,250000,0,0.9991928100585937,0.44229912757873535,38.7938232421875,3.87938232421875,16.32820253025063,1.6328202530250628,1.6494805618629536,2.360380935668945,4.638887023925781,0.7630242347717285,0.004800000227987766
10,5,42,256,0.5,255000,0,1.0078935623168945,0.42849278450012207,38.7938232421875,3.87938232421875,16.8081930640031,1.6808193064003099,1.6974796152382006,2.4361862182617187,4.638887023925781,0.7630242347717285,0.007000000216066837
10,5,42,256,0.5,260000,0,1.0076074600219727,0.44565043449401853,38.7938232421875,3.87938232421875,16.792409785825477,1.6792409785825477,1.6959012874204382,2.4350318908691406,4.638887023925781,0.7630242347717285,0.007799999788403511
10,5,42,256,0.5,265000,0,1.0132685661315919,0.4392112731933594,38.7938232421875,3.87938232421875,17.104713511126135,1.7104713511126135,1.7271316599505042,2.429903984069824,4.638887023925781,0.7630242347717285,0.009600000455975533
10,5,42,256,0.5,270000,0,1.0140148162841798,0.42974071502685546,38.7938232421875,3.87938232421875,17.145881561706105,1.7145881561706104,1.7312484650085012,2.454821014404297,4.638887023925781,0.7630242347717285,0.007600000128149986
10,5,42,256,0.5,275000,0,1.0055349349975586,0.41469388008117675,38.7938232421875,3.87938232421875,16.678075718706765,1.6678075718706764,1.6844678807085671,2.422994613647461,4.638887023925781,0.7630242347717285,0.00860000029206276
10,5,42,256,0.5,280000,0,1.0156389236450196,0.44021143913269045,38.7938232421875,3.87938232421875,17.23547797082776,1.723547797082776,1.7402081059206664,2.452404022216797,4.638887023925781,0.7630242347717285,0.010999999940395355
10,5,42,256,0.5,285000,0,1.025587272644043,0.44164505004882815,38.7938232421875,3.87938232421875,17.78429411962012,1.778429411962012,1.7950897207999028,2.4799287796020506,4.638887023925781,0.7630242347717285,0.011800000444054604
10,5,42,256,0.5,290000,0,1.0267979621887207,0.41291031837463377,38.7938232421875,3.87938232421875,17.851083691775102,1.7851083691775103,1.8017686780154007,2.4905069351196287,4.638887023925781,0.7630242347717285,0.010400000028312206
10,5,42,256,0.5,295000,0,1.0131633758544922,0.4166110515594482,38.7938232421875,3.87938232421875,17.098910525849497,1.7098910525849498,1.7265513614228403,2.4492759704589844,4.638887023925781,0.7630242347717285,0.009999999776482582
10,5,42,256,0.5,300000,1,1.0217203140258788,0.40712714195251465,38.7938232421875,3.87938232421875,17.57096733177135,1.757096733177135,1.7737570420150255,2.4320648193359373,4.638887023925781,0.7630242347717285,0.014000000432133675
150,5,42,256,0.5,1,0,1.0047413126627605,1.0050699869791666,449.7039794921875,2.9980265299479165,381.7177837606264,2.5447852250708425,2.5543030473364676,2.607011922200521,3.099813232421875,0.10270396550496419,0.0
150,5,42,256,0.5,5000,0,0.7050368754069011,0.7027878824869792,449.7039794921875,2.9980265299479165,133.7128609635522,0.8914190730903481,0.900936895355973,0.9222251383463541,3.099813232421875,0.10270396550496419,0.0
150,5,42,256,0.5,10000,0,0.7025410970052083,0.6943319193522135,449.7039794921875,2.9980265299479165,131.64760849182449,0.8776507232788299,0.8871685455444549,0.9072895304361979,3.099813232421875,0.10270396550496419,0.0
150,5,42,256,0.5,15000,0,0.7004230753580729,0.6960282389322917,449.7039794921875,2.9980265299479165,129.8949491054974,0.8659663273699827,0.8754841496356077,0.8955532836914063,3.099813232421875,0.10270396550496419,0.0
150,5,42,256,0.5,20000,0,0.6990415954589844,0.6921573893229167,449.7039794921875,2.9980265299479165,128.75177678927753,0.8583451785951836,0.8678630008608085,0.8874423217773437,3.099813232421875,0.10270396550496419,0.0
150,5,42,256,0.5,25000,0,0.6979934692382812,0.6945390319824218,449.7039794921875,2.9980265299479165,127.88445408686073,0.8525630272457382,0.8620808495113632,0.8819613647460938,3.099813232421875,0.10270396550496419,0.0
150,5,42,256,0.5,30000,0,0.6972194925944011,0.6887766520182291,449.7039794921875,2.9980265299479165,127.24398970278367,0.8482932646852245,0.8578110869508494,0.877196044921875,3.099813232421875,0.10270396550496419,0.0
150,5,42,256,0.5,35000,0,0.6963021850585938,0.6874880981445313,449.7039794921875,2.9980265299479165,126.48491924429436,0.8432327949619624,0.8527506172275874,0.8729827880859375,3.099813232421875,0.10270396550496419,0.0
150,5,42,256,0.5,40000,0,0.695703125,0.6896836853027344,449.7039794921875,2.9980265299479165,125.9891980432916,0.8399279869552773,0.8494458092209023,0.86942626953125,3.099813232421875,0.10270396550496419,0.0
150,5,42,256,0.5,45000,0,0.6944571940104166,0.687493642171224,449.7039794921875,2.9980265299479165,124.95819222398723,0.8330546148265815,0.8425724370922065,0.8634943644205729,3.099813232421875,0.10270396550496419,0.0
150,5,42,256,0.5,50000,0,0.6935740661621094,0.6912591044108073,449.7039794921875,2.9980265299479165,124.22740539999234,0.8281827026666155,0.8377005249322406,0.8585030110677083,3.099813232421875,0.10270396550496419,0.0
150,5,42,256,0.5,55000,0,0.6926510620117188,0.6817676798502604,449.7039794921875,2.9980265299479165,123.46362100242072,0.8230908066828048,0.8326086289484298,0.8542550659179687,3.099813232421875,0.10270396550496419,0.0
150,5,42,256,0.5,60000,0,0.6912093098958333,0.6863047790527343,449.7039794921875,2.9980265299479165,122.27057352715951,0.8151371568477301,0.8246549791133551,0.8474059549967448,3.099813232421875,0.10270396550496419,0.0
150,5,42,256,0.5,65000,0,0.6892558288574219,0.6836809285481771,449.7039794921875,2.9980265299479165,120.65407122057809,0.804360474803854,0.8138782970694789,0.8374974060058594,3.099813232421875,0.10270396550496419,0.0
150,5,42,256,0.5,70000,0,0.675328369140625,0.6668015543619792,449.7039794921875,2.9980265299479165,109.12912149527665,0.7275274766351777,0.7370452989008026,0.7616418965657552,3.099813232421875,0.10270396550496419,0.0
150,5,42,256,0.5,75000,0,0.6669473266601562,0.6644470723470052,449.7039794921875,2.9980265299479165,102.19382279780291,0.6812921519853528,0.6908099742509777,0.7178888956705729,3.099813232421875,0.10270396550496419,0.0
150,5,42,256,0.5,80000,0,0.6626958719889323,0.655809326171875,449.7039794921875,2.9980265299479165,98.67575113638122,0.6578383409092081,0.6673561631748332,0.6980132039388021,3.099813232421875,0.10270396550496419,0.0
150,5,42,256,0.5,85000,0,0.6591486612955729,0.6536643981933594,449.7039794921875,2.9980265299479165,95.74044019401936,0.6382696012934623,0.6477874235590874,0.6810137939453125,3.099813232421875,0.10270396550496419,0.0
150,5,42,256,0.5,90000,0,0.6564921061197917,0.6496195983886719,449.7039794921875,2.9980265299479165,93.54214520943981,0.6236143013962654,0.6331321236618904,0.6710762532552084,3.099813232421875,0.10270396550496419,0.0
150,5,42,256,0.5,95000,0,0.654559326171875,0.6412491353352865,449.7039794921875,2.9980265299479165,91.94277302077376,0.6129518201384917,0.6224696424041167,0.6633723958333333,3.099813232421875,0.10270396550496419,0.0
150,5,42,256,0.5,100000,0,0.6529486592610677,0.6403334045410156,449.7039794921875,2.9980265299479165,90.60994883397154,0.6040663255598103,0.6135841478254352,0.6573436482747396,3.099813232421875,0.10270396550496419,0.0
150,5,42,256,0.5,105000,0,0.6513758341471354,0.6384772745768229,449.7039794921875,2.9980265299479165,89.30843867107376,0.5953895911404917,0.6049074134061168,0.651314442952474,3.099813232421875,0.10270396550496419,0.0
150,5,42,256,0.5,110000,0,0.6497021484375,0.6421563720703125,449.7039794921875,2.9980265299479165,87.92346653317259,0.5861564435544839,0.595674265820109,0.6447092692057291,3.099813232421875,0.10270396550496419,0.0
150,5,42,256,0.5,115000,0,0.6484824625651041,0.6365115865071614,449.7039794921875,2.9980265299479165,86.91417850464063,0.5794278566976042,0.5889456789632292,0.6395277913411458,3.099813232421875,0.10270396550496419,0.0
150,5,42,256,0.5,120000,0,0.6469632466634114,0.6379848734537761,449.7039794921875,2.9980265299479165,85.65702987560746,0.5710468658373831,0.5805646881030081,0.6326404825846355,3.099813232421875,0.10270396550496419,0.0
150,5,42,256,0.5,125000,0,0.6449398295084635,0.6333924865722657,449.7039794921875,2.9980265299479165,83.98265554904151,0.5598843703269434,0.5694021925925684,0.624253641764323,3.099813232421875,0.10270396550496419,0.0
150,5,42,256,0.5,130000,0,0.6433104451497396,0.6314389038085938,449.7039794921875,2.9980265299479165,82.6343427052542,0.550895618035028,0.560413440300653,0.6174223327636719,3.099813232421875,0.10270396550496419,0.0
150,5,42,256,0.5,135000,0,0.6416236368815104,0.6389675903320312,449.7039794921875,2.9980265299479165,81.23851167196688,0.5415900778131125,0.5511079000787376,0.6088808695475261,3.099813232421875,0.10270396550496419,0.0
150,5,42,256,0.5,140000,0,0.6394548543294271,0.6222562662760417,449.7039794921875,2.9980265299479165,79.4438477213165,0.5296256514754434,0.5391434737410683,0.600315907796224,3.099813232421875,0.10270396550496419,0.0
150,5,42,256,0.5,145000,0,0.6376426188151042,0.6263995361328125,449.7039794921875,2.9980265299479165,77.94422585073312,0.5196281723382208,0.5291459946038458,0.5916365559895833,3.099813232421875,0.10270396550496419,0.0
150,5,42,256,0.5,150000,0,0.6355654907226562,0.6195370992024739,449.7039794921875,2.9980265299479165,76.22540581281885,0.508169372085459,0.517687194351084,0.5817465209960937,3.099813232421875,0.10270396550496419,0.0
150,5,42,256,0.5,155000,0,0.6333546956380208,0.6185084533691406,449.7039794921875,2.9980265299479165,74.39597656143587,0.49597317707623917,0.5054909993418641,0.5698948160807291,3.099813232421875,0.10270396550496419,0.0
150,5,42,256,0.5,160000,0,0.6314109802246094,0.6164477030436198,449.7039794921875,2.9980265299479165,72.78755529328134,0.48525036862187565,0.4947681908875006,0.5606592814127604,3.099813232421875,0.10270396550496419,0.0
150,5,42,256,0.5,165000,0,0.6291128540039063,0.612989501953125,449.7039794921875,2.9980265299479165,70.8858596722157,0.47257239781477134,0.48209022008039637,0.5497303263346354,3.099813232421875,0.10270396550496419,0.0
150,5,42,256,0.5,170000,0,0.6267006429036458,0.6059654744466146,449.7039794921875,2.9980265299479165,68.88975900327694,0.45926506002184625,0.4687828822874712,0.5389380900065104,3.099813232421875,0.10270396550496419,0.0
150,5,42,256,0.5,175000,0,0.6247960917154948,0.5941806030273438,449.7039794921875,2.9980265299479165,67.31374606631391,0.4487583071087594,0.4582761293743844,0.5290520731608073,3.099813232421875,0.10270396550496419,0.0
150,5,42,256,0.5,180000,0,0.6223336791992188,0.5938088989257813,449.7039794921875,2.9980265299479165,65.27610380921169,0.4351740253947446,0.4446918476603696,0.51807373046875,3.099813232421875,0.10270396550496419,0.0
150,5,42,256,0.5,185000,0,0.6209955342610677,0.5884158325195312,449.7039794921875,2.9980265299479165,64.16879110101127,0.4277919406734084,0.43730976293903345,0.5111383565266927,3.099813232421875,0.10270396550496419,0.0
150,5,42,256,0.5,190000,0,0.6191482543945312,0.5833362325032552,449.7039794921875,2.9980265299479165,62.64017008732287,0.4176011339154858,0.4271189561811108,0.5035258483886719,3.099813232421875,0.10270396550496419,0.0
150,5,42,256,0.5,195000,0,0.6181072489420573,0.5745332336425781,449.7039794921875,2.9980265299479165,61.77873980875904,0.41185826539172693,0.42137608765735196,0.49899454752604167,3.099813232421875,0.10270396550496419,0.0
150,5,42,256,0.5,200000,0,0.6168878682454427,0.5723208618164063,449.7039794921875,2.9980265299479165,60.76970431267807,0.4051313620845205,0.41464918435014547,0.4940946451822917,3.099813232421875,0.10270396550496419,0.0
150,5,42,256,0.5,205000,0,0.6164571634928385,0.5726369222005209,449.7039794921875,2.9980265299479165,60.41329684705636,0.40275531231370904,0.41227313457933407,0.4942755635579427,3.099813232421875,0.10270396550496419,0.0
150,5,42,256,0.5,210000,0,0.6161370340983073,0.5635455830891927,449.7039794921875,2.9980265299479165,60.14839030612313,0.4009892687074876,0.41050709097311255,0.49369557698567706,3.099813232421875,0.10270396550496419,0.0
150,5,42,256,0.5,215000,0,0.6163521321614583,0.563312021891276,449.7039794921875,2.9980265299479165,60.32638359522491,0.4021758906348327,0.41169371290045775,0.4937762959798177,3.099813232421875,0.10270396550496419,0.0
150,5,42,256,0.5,220000,0,0.6162502034505208,0.5571782938639323,449.7039794921875,2.9980265299479165,60.2420377566437,0.4016135850442913,0.4111314073099163,0.4955877685546875,3.099813232421875,0.10270396550496419,0.0
150,5,42,256,0.5,225000,0,0.6163668823242188,0.5562776692708333,449.7039794921875,2.9980265299479165,60.33858933034895,0.4022572622023263,0.41177508446795136,0.49752349853515626,3.099813232421875,0.10270396550496419,0.0
150,5,42,256,0.5,230000,0,0.6168997192382812,0.5598583475748697,449.7039794921875,2.9980265299479165,60.77951098951911,0.4051967399301274,0.4147145621957524,0.5015862528483073,3.099813232421875,0.10270396550496419,0.0
150,5,42,256,0.5,235000,0,0.6167341105143229,0.550035146077474,449.7039794921875,2.9980265299479165,60.64247004619551,0.4042831336413034,0.4138009559069284,0.5016487630208334,3.099813232421875,0.10270396550496419,0.0
150,5,42,256,0.5,240000,0,0.6174951680501302,0.5499786376953125,449.7039794921875,2.9980265299479165,61.2722438898536,0.4084816259323573,0.41799944819798235,0.5050108846028646,3.099813232421875,0.10270396550496419,0.0
150,5,42,256,0.5,245000,0,0.6174771118164063,0.5515737406412761,449.7039794921875,2.9980265299479165,61.25730238651221,0.4083820159100814,0.41789983817570636,0.5063536071777344,3.099813232421875,0.10270396550496419,0.0
150,5,42,256,0.5,250000,0,0.6176188151041667,0.5457602945963541,449.7039794921875,2.9980265299479165,61.3745616211865,0.40916374414124335,0.4186815664068683,0.5073694864908854,3.099813232421875,0.10270396550496419,0.0
150,5,42,256,0.5,255000,0,0.6180085245768229,0.5537050374348959,449.7039794921875,2.9980265299479165,61.69704556091165,0.4113136370727443,0.4208314593383693,0.509106699625651,3.099813232421875,0.10270396550496419,0.0
150,5,42,256,0.5,260000,0,0.618023681640625,0.5447258504231771,449.7039794921875,2.9980265299479165,61.70958800597015,0.4113972533731343,0.4209150756387593,0.5112740071614583,3.099813232421875,0.10270396550496419,0.0
150,5,42,256,0.5,265000,0,0.6187360127766927,0.5406881713867188,449.7039794921875,2.9980265299479165,62.29904083497706,0.41532693889984706,0.4248447611654721,0.5146058654785156,3.099813232421875,0.10270396550496419,0.0
150,5,42,256,0.5,270000,0,0.6187511189778646,0.5453791300455729,449.7039794921875,2.9980265299479165,62.31154119129383,0.4154102746086255,0.42492809687425054,0.5155330912272136,3.099813232421875,0.10270396550496419,0.0
150,5,42,256,0.5,275000,0,0.6188224283854167,0.5424140930175781,449.7039794921875,2.9980265299479165,62.370549607307225,0.4158036640487148,0.42532148631433986,0.5158897399902344,3.099813232421875,0.10270396550496419,0.0
150,5,42,256,0.5,280000,0,0.6187343343098959,0.5427885945638021,449.7039794921875,2.9980265299479165,62.29765190649766,0.4153176793766511,0.42483550164227607,0.5176947530110677,3.099813232421875,0.10270396550496419,0.0
150,5,42,256,0.5,285000,0,0.6188232930501302,0.5421183268229167,449.7039794921875,2.9980265299479165,62.371265115917936,0.41580843410611956,0.4253262563717446,0.5171229044596354,3.099813232421875,0.10270396550496419,0.0
150,5,42,256,0.5,290000,0,0.6189054870605468,0.544860127766927,449.7039794921875,2.9980265299479165,62.43928052267802,0.41626187015118676,0.4257796924168118,0.5198890686035156,3.099813232421875,0.10270396550496419,0.0
150,5,42,256,0.5,295000,0,0.6199851481119791,0.5396098327636719,449.7039794921875,2.9980265299479165,63.33269824501531,0.42221798830010204,0.4317358105657271,0.5241338602701823,3.099813232421875,0.10270396550496419,0.0
150,5,42,256,0.5,300000,1,0.6197453308105468,0.5361595153808594,449.7039794921875,2.9980265299479165,63.13424982739525,0.42089499884930165,0.4304128211149267,0.5226136779785157,3.099813232421875,0.10270396550496419,0.0
15,5,42,256,0.5,1,0,1.007956822713216,1.0123228708902994,53.940460205078125,3.596030680338542,29.467799041470016,1.964519936098001,2.0110442382627145,2.5140586853027345,4.371198527018229,0.7947228749593099,0.0
15,5,42,256,0.5,5000,0,0.6712413152058919,0.654892094930013,53.940460205078125,3.596030680338542,1.6046468610966897,0.10697645740644598,0.15350075957115952,0.9201990127563476,4.371198527018229,0.7947228749593099,0.0
15,5,42,256,0.5,10000,0,0.6683373133341471,0.6478586832682292,53.940460205078125,3.596030680338542,1.3643411897496236,0.09095607931664157,0.1374803814813551,0.9584309895833333,4.371198527018229,0.7947228749593099,0.0
15,5,42,256,0.5,15000,0,0.6692970275878907,0.6415914535522461,53.940460205078125,3.596030680338542,1.4437573844467053,0.09625049229644703,0.14277479446116056,0.9772876103719076,4.371198527018229,0.7947228749593099,0.0
15,5,42,256,0.5,20000,0,0.6725140889485677,0.620593516031901,53.940460205078125,3.596030680338542,1.7099686763759792,0.11399791175839862,0.16052221392311214,0.9944130579630533,4.371198527018229,0.7947228749593099,0.0
15,5,42,256,0.5,25000,0,0.6743769327799479,0.631593894958496,53.940460205078125,3.596030680338542,1.8641186932441087,0.12427457954960724,0.17079888171432078,0.9781944274902343,4.371198527018229,0.7947228749593099,0.0
15,5,42,256,0.5,30000,0,0.6748035430908204,0.6132575988769531,53.940460205078125,3.596030680338542,1.899420625434729,0.1266280416956486,0.17315234386036213,0.9704944610595703,4.371198527018229,0.7947228749593099,0.0
15,5,42,256,0.5,35000,0,0.6776196797688802,0.6056783676147461,53.940460205078125,3.596030680338542,2.1324554666346316,0.1421636977756421,0.18868799994035565,0.9857444763183594,4.371198527018229,0.7947228749593099,0.0
15,5,42,256,0.5,40000,0,0.6805686950683594,0.5928678512573242,53.940460205078125,3.596030680338542,2.3764859916316183,0.15843239944210788,0.20495670160682142,0.9861084620157877,4.371198527018229,0.7947228749593099,0.0
15,5,42,256,0.5,45000,0,0.687519391377767,0.6042865753173828,53.940460205078125,3.596030680338542,2.951654953887889,0.1967769969258593,0.24330129909057283,1.0052450815836589,4.371198527018229,0.7947228749593099,0.0
15,5,42,256,0.5,50000,0,0.6909573872884115,0.5854990641276042,53.940460205078125,3.596030680338542,3.236148543039576,0.2157432362026384,0.26226753836735195,1.0109517415364584,4.371198527018229,0.7947228749593099,0.0
15,5,42,256,0.5,55000,0,0.6951624552408854,0.5751685460408529,53.940460205078125,3.596030680338542,3.5841172159289414,0.2389411477285961,0.28546544989330963,1.0435536702473958,4.371198527018229,0.7947228749593099,0.0
15,5,42,256,0.5,60000,0,0.7021548589070638,0.5560661951700846,53.940460205078125,3.596030680338542,4.162737455013385,0.27751583033422567,0.3240401324989392,1.095952860514323,4.371198527018229,0.7947228749593099,0.0
15,5,42,256,0.5,65000,0,0.7056405385335286,0.547028923034668,53.940460205078125,3.596030680338542,4.4511768637094775,0.2967451242472985,0.343269426412012,1.1065238952636718,4.371198527018229,0.7947228749593099,0.0
15,5,42,256,0.5,70000,0,0.7114884694417317,0.5313010851542155,53.940460205078125,3.596030680338542,4.93509217263545,0.32900614484236335,0.3755304470070769,1.1132568359375,4.371198527018229,0.7947228749593099,0.0
15,5,42,256,0.5,75000,0,0.7217030843098958,0.541696039835612,53.940460205078125,3.596030680338542,5.780349852159965,0.38535665681066433,0.43188095897537787,1.1748427073160808,4.371198527018229,0.7947228749593099,0.0
15,5,42,256,0.5,80000,0,0.7276539484659831,0.543712298075358,53.940460205078125,3.596030680338542,6.272782870209127,0.4181855246806085,0.464709826845322,1.2060694376627603,4.371198527018229,0.7947228749593099,0.0
15,5,42,256,0.5,85000,0,0.7333259582519531,0.5226455370585124,53.940460205078125,3.596030680338542,6.742140735562607,0.44947604903750715,0.4960003512022207,1.2276229858398438,4.371198527018229,0.7947228749593099,0.0
15,5,42,256,0.5,90000,0,0.7430789947509766,0.505916436513265,53.940460205078125,3.596030680338542,7.549202881897266,0.5032801921264843,0.5498044942911979,1.2909777323404947,4.371198527018229,0.7947228749593099,0.0
15,5,42,256,0.5,95000,0,0.7480545043945312,0.5235698699951172,53.940460205078125,3.596030680338542,7.960925476438781,0.5307283650959188,0.5772526672606323,1.3183247884114584,4.371198527018229,0.7947228749593099,0.0
15,5,42,256,0.5,100000,0,0.7518264134724935,0.5160644849141439,53.940460205078125,3.596030680338542,8.273050324586762,0.5515366883057842,0.5980609904704977,1.3306409200032552,4.371198527018229,0.7947228749593099,0.0
15,5,42,256,0.5,105000,0,0.7590590794881185,0.5068149884541829,53.940460205078125,3.596030680338542,8.87155223308229,0.5914368155388193,0.6379611177035329,1.369372049967448,4.371198527018229,0.7947228749593099,0.0
15,5,42,256,0.5,110000,0,0.7719333012898763,0.49921929041544594,53.940460205078125,3.596030680338542,9.936891943515597,0.6624594629010399,0.7089837650657533,1.4258472442626953,4.371198527018229,0.7947228749593099,0.0
15,5,42,256,0.5,115000,0,0.7764443715413412,0.49981244405110675,53.940460205078125,3.596030680338542,10.310182255694599,0.6873454837129732,0.7338697858776868,1.4841456095377603,4.371198527018229,0.7947228749593099,0.0
15,5,42,256,0.5,120000,0,0.7867014567057292,0.4876185735066732,53.940460205078125,3.596030680338542,11.158954345159998,0.7439302896773332,0.7904545918420467,1.4812054951985678,4.371198527018229,0.7947228749593099,0.00039999998989515007
15,5,42,256,0.5,125000,0,0.7931791941324869,0.48613462448120115,53.940460205078125,3.596030680338542,11.694986038628485,0.7796657359085657,0.8261900380732793,1.554041035970052,4.371198527018229,0.7947228749593099,0.0
15,5,42,256,0.5,130000,0,0.8073010762532552,0.4622100512186686,53.940460205078125,3.596030680338542,12.863569432714371,0.8575712955142915,0.9040955976790049,1.5770626068115234,4.371198527018229,0.7947228749593099,0.0
15,5,42,256,0.5,135000,0,0.8094436009724935,0.46176420847574867,53.940460205078125,3.596030680338542,13.040862996483625,0.8693908664322417,0.9159151685969552,1.6245824178059896,4.371198527018229,0.7947228749593099,0.0
15,5,42,256,0.5,140000,0,0.8169944763183594,0.46528218587239584,53.940460205078125,3.596030680338542,13.665696674072151,0.9110464449381435,0.957570747102857,1.6520464579264322,4.371198527018229,0.7947228749593099,0.0
15,5,42,256,0.5,145000,0,0.8276902516682942,0.46312204996744794,53.940460205078125,3.596030680338542,14.550770303346098,0.9700513535564066,1.01657565572112,1.709924825032552,4.371198527018229,0.7947228749593099,0.0
15,5,42,256,0.5,150000,0,0.8295544942220052,0.46254040400187174,53.940460205078125,3.596030680338542,14.705036064254202,0.9803357376169468,1.0268600397816603,1.694906997680664,4.371198527018229,0.7947228749593099,0.0
15,5,42,256,0.5,155000,0,0.8393218994140625,0.45662272771199547,53.940460205078125,3.596030680338542,15.5132872175449,1.0342191478363267,1.0807434500010402,1.7710398356119792,4.371198527018229,0.7947228749593099,0.00019999999494757503
15,5,42,256,0.5,160000,0,0.851495107014974,0.4600486755371094,53.940460205078125,3.596030680338542,16.52061811958272,1.1013745413055147,1.1478988434702282,1.8542653401692708,4.371198527018229,0.7947228749593099,0.0
15,5,42,256,0.5,165000,0,0.8510089874267578,0.4368019104003906,53.940460205078125,3.596030680338542,16.480391804600686,1.0986927869733791,1.1452170891380926,1.8444513956705728,4.371198527018229,0.7947228749593099,0.0
15,5,42,256,0.5,170000,0,0.8730224609375,0.42487643559773763,53.940460205078125,3.596030680338542,18.30200307219306,1.220133538146204,1.2666578403109174,1.9152122497558595,4.371198527018229,0.7947228749593099,0.00039999998989515007
15,5,42,256,0.5,175000,0,0.8732990264892578,0.4266157786051432,53.940460205078125,3.596030680338542,18.324888825550616,1.2216592550367078,1.2681835572014213,1.9439149220784506,4.371198527018229,0.7947228749593099,0.0
15,5,42,256,0.5,180000,0,0.8797411600748698,0.4223968505859375,53.940460205078125,3.596030680338542,18.857974307092604,1.2571982871395069,1.3037225893042206,1.9891095479329428,4.371198527018229,0.7947228749593099,0.00019999999494757503
15,5,42,256,0.5,185000,0,0.8784854888916016,0.4455497105916341,53.940460205078125,3.596030680338542,18.754067725756585,1.2502711817171057,1.2967954838818192,1.9862962086995444,4.371198527018229,0.7947228749593099,0.00019999999494757503
15,5,42,256,0.5,190000,0,0.8797374725341797,0.41322975158691405,53.940460205078125,3.596030680338542,18.857669163714505,1.2571779442476336,1.303702246412347,1.9737154642740886,4.371198527018229,0.7947228749593099,0.0
15,5,42,256,0.5,195000,0,0.8943185170491537,0.426137638092041,53.940460205078125,3.596030680338542,20.06424816946665,1.3376165446311101,1.3841408467958236,2.0508102416992187,4.371198527018229,0.7947228749593099,0.00039999998989515007
15,5,42,256,0.5,200000,0,0.8981216430664063,0.4102086067199707,53.940460205078125,3.596030680338542,20.378956214143045,1.3585970809428696,1.4051213831075833,2.083897654215495,4.371198527018229,0.7947228749593099,0.0
15,5,42,256,0.5,205000,0,0.910534922281901,0.4056468327840169,53.940460205078125,3.596030680338542,21.406153002313758,1.4270768668209173,1.4736011689856308,2.1270230611165366,4.371198527018229,0.7947228749593099,0.00039999998989515007
15,5,42,256,0.5,210000,0,0.9103080749511718,0.42051029205322266,53.940460205078125,3.596030680338542,21.387381423467843,1.4258254282311895,1.472349730395903,2.166185760498047,4.371198527018229,0.7947228749593099,0.0
15,5,42,256,0.5,215000,0,0.9146903991699219,0.40077606836954754,53.940460205078125,3.596030680338542,21.750018022876944,1.4500012015251296,1.496525503689843,2.157736968994141,4.371198527018229,0.7947228749593099,0.00039999998989515007
15,5,42,256,0.5,220000,0,0.9207416534423828,0.4053066571553548,53.940460205078125,3.596030680338542,22.25075830634026,1.4833838870893505,1.5299081892540642,2.175583902994792,4.371198527018229,0.7947228749593099,0.0006000000284984708
15,5,42,256,0.5,225000,0,0.9303106943766276,0.40338433583577477,53.940460205078125,3.596030680338542,23.04259485032624,1.5361729900217493,1.5826972921864628,2.2133865356445312,4.371198527018229,0.7947228749593099,0.00019999999494757503
15,5,42,256,0.5,230000,0,0.926061503092448,0.3825631777445475,53.940460205078125,3.596030680338542,22.690974979085112,1.5127316652723408,1.5592559674370543,2.1886978149414062,4.371198527018229,0.7947228749593099,0.0006000000284984708
15,5,42,256,0.5,235000,0,0.9301115671793619,0.3925845781962077,53.940460205078125,3.596030680338542,23.026117107908803,1.5350744738605868,1.5815987760253003,2.2055450439453126,4.371198527018229,0.7947228749593099,0.0007999999797903001
15,5,42,256,0.5,240000,0,0.9283426920572917,0.38966382344563805,53.940460205078125,3.596030680338542,22.87974298608951,1.525316199072634,1.5718405012373475,2.194560241699219,4.371198527018229,0.7947228749593099,0.0012000000569969416
15,5,42,256,0.5,245000,0,0.9388724009195963,0.38608198165893554,53.940460205078125,3.596030680338542,23.751074641163456,1.5834049760775637,1.6299292782422772,2.2705067952473956,4.371198527018229,0.7947228749593099,0.0
15,5,42,256,0.5,250000,0,0.9493724822998046,0.38690150578816734,53.940460205078125,3.596030680338542,24.619954627027155,1.641330308468477,1.6878546106331906,2.315141805013021,4.371198527018229,0.7947228749593099,0.0015999999595806003
15,5,42,256,0.5,255000,0,0.9463160196940105,0.37881625493367516,53.940460205078125,3.596030680338542,24.367032855323444,1.6244688570215629,1.6709931591862766,2.314679972330729,4.371198527018229,0.7947228749593099,0.0010000000474974513
15,5,42,256,0.5,260000,0,0.9585610707600911,0.3952900568644206,53.940460205078125,3.596030680338542,25.38030879214149,1.6920205861427662,1.7385448883074797,2.3631683349609376,4.371198527018229,0.7947228749593099,0.0006000000284984708
15,5,42,256,0.5,265000,0,0.9521718343098958,0.37221298217773435,53.940460205078125,3.596030680338542,24.851600539747423,1.6567733693164948,1.7032976714812085,2.3275769551595054,4.371198527018229,0.7947228749593099,0.0017999999690800905
15,5,42,256,0.5,270000,0,0.9711650848388672,0.38829129536946616,53.940460205078125,3.596030680338542,26.42328885848984,1.7615525905659895,1.808076892730703,2.4104899088541667,4.371198527018229,0.7947228749593099,0.00139999995008111
15,5,42,256,0.5,275000,0,0.9596041997273763,0.39375556310017906,53.940460205078125,3.596030680338542,25.466627540494926,1.6977751693663283,1.744299471531042,2.346882120768229,4.371198527018229,0.7947228749593099,0.0010000000474974513
15,5,42,256,0.5,280000,0,0.9699452718098959,0.3698239008585612,53.940460205078125,3.596030680338542,26.322349533451202,1.75482330223008,1.8013476043947938,2.413977559407552,4.371198527018229,0.7947228749593099,0.00139999995008111
15,5,42,256,0.5,285000,0,0.9786149342854817,0.3705524762471517,53.940460205078125,3.596030680338542,27.03976265973695,1.8026508439824633,1.849175146147177,2.4603452046712238,4.371198527018229,0.7947228749593099,0.0012000000569969416
15,5,42,256,0.5,290000,0,0.9774305979410808,0.36499853134155275,53.940460205078125,3.596030680338542,26.94175902443935,1.7961172682959565,1.8426415704606702,2.465936024983724,4.371198527018229,0.7947228749593099,0.0015999999595806003
15,5,42,256,0.5,295000,0,0.9772506713867187,0.3720430374145508,53.940460205078125,3.596030680338542,26.92687013202513,1.7951246754683419,1.8416489776330556,2.470506032307943,4.371198527018229,0.7947228749593099,0.0020000000949949026
15,5,42,256,0.5,300000,1,0.9785414377848307,0.3532965024312337,53.940460205078125,3.596030680338542,27.03368083654584,1.802245389103056,1.8487696912677696,2.4621818542480467,4.371198527018229,0.7947228749593099,0.002199999988079071
200,5,42,256,0.5,1,0,1.004228286743164,0.9941262817382812,594.783447265625,2.973917236328125,513.2128662791451,2.566064331395726,2.567046081884007,2.6168170166015625,3.0480877685546877,0.0772181797027588,0.0
200,5,42,256,0.5,5000,0,0.7330345916748047,0.7254283905029297,594.783447265625,2.973917236328125,213.9964247996628,1.069982123998314,1.0709638744865952,1.1093157958984374,3.0480877685546877,0.0772181797027588,0.0
200,5,42,256,0.5,10000,0,0.7019960784912109,0.6951847839355468,594.783447265625,2.973917236328125,179.75066749594714,0.8987533374797357,0.8997350879680169,0.9362639617919922,3.0480877685546877,0.0772181797027588,0.0
200,5,42,256,0.5,15000,0,0.6870267486572266,0.677672119140625,594.783447265625,2.973917236328125,163.23454014597894,0.8161727007298947,0.817154451218176,0.8425867462158203,3.0480877685546877,0.0772181797027588,0.0
200,5,42,256,0.5,20000,0,0.6775408172607422,0.6719139862060547,594.783447265625,2.973917236328125,152.7684168983161,0.7638420844915805,0.7648238349798617,0.785581283569336,3.0480877685546877,0.0772181797027588,0.0
200,5,42,256,0.5,25000,0,0.6734461212158203,0.6692192077636718,594.783447265625,2.973917236328125,148.2506113527528,0.741253056763764,0.7422348072520453,0.7627366638183594,3.0480877685546877,0.0772181797027588,0.0
200,5,42,256,0.5,30000,0,0.6709729766845703,0.6632125091552734,594.783447265625,2.973917236328125,145.52191404392147,0.7276095702196074,0.7285913207078886,0.7484189605712891,3.0480877685546877,0.0772181797027588,0.0
200,5,42,256,0.5,35000,0,0.6691102600097656,0.6618347930908203,594.783447265625,2.973917236328125,143.46672078148572,0.7173336039074286,0.7183153543957098,0.7380641174316406,3.0480877685546877,0.0772181797027588,0.0
200,5,42,256,0.5,40000,0,0.6678940582275391,0.6643611145019531,594.783447265625,2.973917236328125,142.12484751519492,0.7106242375759746,0.7116059880642558,0.7309526824951171,3.0480877685546877,0.0772181797027588,0.0
200,5,42,256,0.5,45000,0,0.6665516662597656,0.6660619354248047,594.783447265625,2.973917236328125,140.64374469100665,0.7032187234550332,0.7042004739433145,0.7239016723632813,3.0480877685546877,0.0772181797027588,0.0
200,5,42,256,0.5,50000,0,0.6653034973144532,0.6625536346435547,594.783447265625,2.973917236328125,139.2666010590816,0.6963330052954081,0.6973147557836893,0.7171009826660156,3.0480877685546877,0.0772181797027588,0.0
200,5,42,256,0.5,55000,0,0.6643946838378906,0.6654409790039062,594.783447265625,2.973917236328125,138.26387887427165,0.6913193943713583,0.6923011448596396,0.7117990112304687,3.0480877685546877,0.0772181797027588,0.0
200,5,42,256,0.5,60000,0,0.6634607696533203,0.6586000823974609,594.783447265625,2.973917236328125,137.23346229735273,0.6861673114867637,0.6871490619750449,0.7071310424804688,3.0480877685546877,0.0772181797027588,0.0
200,5,42,256,0.5,65000,0,0.6626597595214844,0.6578033447265625,594.783447265625,2.973917236328125,136.34968289688936,0.6817484144844468,0.6827301649727281,0.7021080017089844,3.0480877685546877,0.0772181797027588,0.0
200,5,42,256,0.5,70000,0,0.6616614532470703,0.6536724090576171,594.783447265625,2.973917236328125,135.24822052380023,0.6762411026190012,0.6772228531072824,0.6966043090820313,3.0480877685546877,0.0772181797027588,0.0
200,5,42,256,0.5,75000,0,0.6610556793212891,0.6626302337646485,594.783447265625,2.973917236328125,134.579851303905,0.672899256519525,0.6738810070078063,0.6929999542236328,3.0480877685546877,0.0772181797027588,0.0
200,5,42,256,0.5,80000,0,0.6600342559814453,0.6556315612792969,594.783447265625,2.973917236328125,133.45288315328082,0.6672644157664042,0.6682461662546854,0.6877711486816406,3.0480877685546877,0.0772181797027588,0.0
200,5,42,256,0.5,85000,0,0.6594172668457031,0.6507015228271484,594.783447265625,2.973917236328125,132.77213984329444,0.6638606992164722,0.6648424497047535,0.6844373321533204,3.0480877685546877,0.0772181797027588,0.0
200,5,42,256,0.5,90000,0,0.6586898803710938,0.65567626953125,594.783447265625,2.973917236328125,131.96959171451863,0.6598479585725932,0.6608297090608743,0.6807338714599609,3.0480877685546877,0.0772181797027588,0.0
200,5,42,256,0.5,95000,0,0.658052749633789,0.6536646270751953,594.783447265625,2.973917236328125,131.2666255488581,0.6563331277442904,0.6573148782325717,0.6769224548339844,3.0480877685546877,0.0772181797027588,0.0
200,5,42,256,0.5,100000,0,0.6574262237548828,0.6541314697265626,594.783447265625,2.973917236328125,130.5753600534199,0.6528768002670995,0.6538585507553808,0.6740421295166016,3.0480877685546877,0.0772181797027588,0.0
200,5,42,256,0.5,105000,0,0.6564693450927734,0.6476102447509766,594.783447265625,2.973917236328125,129.51960605393322,0.6475980302696661,0.6485797807579473,0.6700545501708984,3.0480877685546877,0.0772181797027588,0.0
200,5,42,256,0.5,110000,0,0.6557537078857422,0.6505724334716797,594.783447265625,2.973917236328125,128.7300212576339,0.6436501062881694,0.6446318567764507,0.6674811553955078,3.0480877685546877,0.0772181797027588,0.0
200,5,42,256,0.5,115000,0,0.6552127075195312,0.6522078704833985,594.783447265625,2.973917236328125,128.13311872132704,0.6406655936066352,0.6416473440949164,0.6645179748535156,3.0480877685546877,0.0772181797027588,0.0
200,5,42,256,0.5,120000,0,0.6545999145507813,0.6507352447509765,594.783447265625,2.973917236328125,127.45700517293938,0.6372850258646969,0.6382667763529781,0.662677993774414,3.0480877685546877,0.0772181797027588,0.0
200,5,42,256,0.5,125000,0,0.6538834381103515,0.6461684417724609,594.783447265625,2.973917236328125,126.66649442432026,0.6333324721216013,0.6343142226098826,0.6595880889892578,3.0480877685546877,0.0772181797027588,0.0
200,5,42,256,0.5,130000,0,0.6535662841796875,0.6496044158935547,594.783447265625,2.973917236328125,126.31656862493696,0.6315828431246848,0.632564593612966,0.6579914855957031,3.0480877685546877,0.0772181797027588,0.0
200,5,42,256,0.5,135000,0,0.6530506896972657,0.646126708984375,594.783447265625,2.973917236328125,125.74769719067353,0.6287384859533677,0.6297202364416489,0.6555831146240234,3.0480877685546877,0.0772181797027588,0.0
200,5,42,256,0.5,140000,0,0.6526470184326172,0.6451271057128907,594.783447265625,2.973917236328125,125.30231412487183,0.6265115706243591,0.6274933211126403,0.6538306427001953,3.0480877685546877,0.0772181797027588,0.0
200,5,42,256,0.5,145000,0,0.6522988891601562,0.6471612548828125,594.783447265625,2.973917236328125,124.91821226714114,0.6245910613357057,0.6255728118239869,0.6517327880859375,3.0480877685546877,0.0772181797027588,0.0
200,5,42,256,0.5,150000,0,0.6518541717529297,0.6466414642333984,594.783447265625,2.973917236328125,124.42754171515514,0.6221377085757758,0.623119459064057,0.6496420288085938,3.0480877685546877,0.0772181797027588,0.0
200,5,42,256,0.5,155000,0,0.6516770172119141,0.6478729248046875,594.783447265625,2.973917236328125,124.23208159820342,0.6211604079910171,0.6221421584792983,0.6483089447021484,3.0480877685546877,0.0772181797027588,0.0
200,5,42,256,0.5,160000,0,0.6511891937255859,0.6511922454833985,594.783447265625,2.973917236328125,123.69385076797562,0.618469253839878,0.6194510043281594,0.6462709045410157,3.0480877685546877,0.0772181797027588,0.0
200,5,42,256,0.5,165000,0,0.6507281494140625,0.6469572448730468,594.783447265625,2.973917236328125,123.18516623449614,0.6159258311724807,0.616907581660762,0.6438573455810547,3.0480877685546877,0.0772181797027588,0.0
200,5,42,256,0.5,170000,0,0.6506731414794922,0.6414469909667969,594.783447265625,2.973917236328125,123.12447426881045,0.6156223713440522,0.6166041218323335,0.6434156799316406,3.0480877685546877,0.0772181797027588,0.0
200,5,42,256,0.5,175000,0,0.650389175415039,0.6448194885253906,594.783447265625,2.973917236328125,122.81116567479921,0.6140558283739961,0.6150375788622773,0.6415653228759766,3.0480877685546877,0.0772181797027588,0.0
200,5,42,256,0.5,180000,0,0.650108413696289,0.6408462524414062,594.783447265625,2.973917236328125,122.50139253509963,0.6125069626754981,0.6134887131637794,0.6403343200683593,3.0480877685546877,0.0772181797027588,0.0
200,5,42,256,0.5,185000,0,0.6498231506347656,0.6438117218017578,594.783447265625,2.973917236328125,122.18665292386697,0.6109332646193348,0.6119150151076161,0.638302001953125,3.0480877685546877,0.0772181797027588,0.0
200,5,42,256,0.5,190000,0,0.649376449584961,0.64582763671875,594.783447265625,2.973917236328125,121.69379375730693,0.6084689687865347,0.609450719274816,0.636781234741211,3.0480877685546877,0.0772181797027588,0.0
200,5,42,256,0.5,195000,0,0.6489302062988281,0.6413816833496093,594.783447265625,2.973917236328125,121.20143965564864,0.6060071982782432,0.6069889487665244,0.6351407241821289,3.0480877685546877,0.0772181797027588,0.0
200,5,42,256,0.5,200000,0,0.6485234069824218,0.637989501953125,594.783447265625,2.973917236328125,120.75260531301888,0.6037630265650944,0.6047447770533756,0.6345474243164062,3.0480877685546877,0.0772181797027588,0.0
200,5,42,256,0.5,205000,0,0.648082275390625,0.6395515441894531,594.783447265625,2.973917236328125,120.26589110276268,0.6013294555138134,0.6023112060020946,0.6331515121459961,3.0480877685546877,0.0772181797027588,0.0
200,5,42,256,0.5,210000,0,0.6475209808349609,0.6429276275634765,594.783447265625,2.973917236328125,119.64659735581449,0.5982329867790724,0.5992147372673537,0.6318693923950195,3.0480877685546877,0.0772181797027588,0.0
200,5,42,256,0.5,215000,0,0.6470980072021484,0.6426515197753906,594.783447265625,2.973917236328125,119.17991738665853,0.5958995869332927,0.5968813374215739,0.6307342529296875,3.0480877685546877,0.0772181797027588,0.0
200,5,42,256,0.5,220000,0,0.6470001220703125,0.6415011596679687,594.783447265625,2.973917236328125,119.0719176751818,0.595359588375909,0.5963413388641903,0.6317945861816406,3.0480877685546877,0.0772181797027588,0.0
200,5,42,256,0.5,225000,0,0.646421127319336,0.637505226135254,594.783447265625,2.973917236328125,118.43309475203512,0.5921654737601756,0.5931472242484568,0.6302867889404297,3.0480877685546877,0.0772181797027588,0.0
200,5,42,256,0.5,230000,0,0.6462015533447265,0.6383311080932618,594.783447265625,2.973917236328125,118.1908319541941,0.5909541597709704,0.5919359102592517,0.630157356262207,3.0480877685546877,0.0772181797027588,0.0
200,5,42,256,0.5,235000,0,0.6460448455810547,0.6357844161987305,594.783447265625,2.973917236328125,118.01793140285088,0.5900896570142544,0.5910714075025356,0.6296449279785157,3.0480877685546877,0.0772181797027588,0.0
200,5,42,256,0.5,240000,0,0.6457891082763672,0.641529541015625,594.783447265625,2.973917236328125,117.73576847777679,0.5886788423888839,0.5896605928771652,0.6291408538818359,3.0480877685546877,0.0772181797027588,0.0
200,5,42,256,0.5,245000,0,0.6454955291748047,0.6421119689941406,594.783447265625,2.973917236328125,117.41185352083005,0.5870592676041503,0.5880410180924315,0.62818359375,3.0480877685546877,0.0772181797027588,0.0
200,5,42,256,0.5,250000,0,0.6454377746582032,0.6402237701416016,594.783447265625,2.973917236328125,117.34813116573434,0.5867406558286717,0.5877224063169529,0.6283872222900391,3.0480877685546877,0.0772181797027588,0.0
200,5,42,256,0.5,255000,0,0.6452577972412109,0.6381179046630859,594.783447265625,2.973917236328125,117.14955648188891,0.5857477824094446,0.5867295328977258,0.6278585052490234,3.0480877685546877,0.0772181797027588,0.0
200,5,42,256,0.5,260000,0,0.6449512481689453,0.6392068862915039,594.783447265625,2.973917236328125,116.81133135272785,0.5840566567636393,0.5850384072519205,0.6269026565551757,3.0480877685546877,0.0772181797027588,0.0
200,5,42,256,0.5,265000,0,0.644874496459961,0.6418120574951172,594.783447265625,2.973917236328125,116.72664880421212,0.5836332440210605,0.5846149945093418,0.6266876602172852,3.0480877685546877,0.0772181797027588,0.0
200,5,42,256,0.5,270000,0,0.6444493865966797,0.6419540405273437,594.783447265625,2.973917236328125,116.25761186551495,0.5812880593275748,0.582269809815856,0.6254914855957031,3.0480877685546877,0.0772181797027588,0.0
200,5,42,256,0.5,275000,0,0.6445245361328125,0.6350234985351563,594.783447265625,2.973917236328125,116.3405266868748,0.581702633434374,0.5826843839226552,0.6268486785888672,3.0480877685546877,0.0772181797027588,0.0
200,5,42,256,0.5,280000,0,0.6442459869384766,0.6424276733398437,594.783447265625,2.973917236328125,116.0331946942,0.5801659734710001,0.5811477239592813,0.6261180877685547,3.0480877685546877,0.0772181797027588,0.0
200,5,42,256,0.5,285000,0,0.6441220092773438,0.6368997955322265,594.783447265625,2.973917236328125,115.89640628332734,0.5794820314166367,0.580463781904918,0.6260671615600586,3.0480877685546877,0.0772181797027588,0.0
200,5,42,256,0.5,290000,0,0.6437942504882812,0.6388376235961915,594.783447265625,2.973917236328125,115.53477981372157,0.5776738990686079,0.5786556495568891,0.6247654342651368,3.0480877685546877,0.0772181797027588,0.0
200,5,42,256,0.5,295000,0,0.6438612365722656,0.6370465850830078,594.783447265625,2.973917236328125,115.60868764433462,0.5780434382216731,0.5790251887099543,0.6255020141601563,3.0480877685546877,0.0772181797027588,0.0
200,5,42,256,0.5,300000,1,0.6434178924560547,0.6399559783935547,594.783447265625,2.973917236328125,115.11953228705374,0.5755976614352687,0.57657941192355,0.6241263580322266,3.0480877685546877,0.0772181797027588,0.0
20,5,42,256,0.5,1,0,1.0118989944458008,1.0192180633544923,68.84770202636719,3.4423851013183593,42.7982623749875,2.139913118749375,2.1870913871819924,2.4462451934814453,3.9572509765625,0.5086182594299317,0.0
20,5,42,256,0.5,5000,0,0.6493661880493165,0.6270417213439942,68.84770202636719,3.4423851013183593,2.7988898887713987,0.13994449443856993,0.18712276287118712,0.6232171058654785,3.9572509765625,0.5086182594299317,0.0
20,5,42,256,0.5,10000,0,0.6427238941192627,0.611898946762085,68.84770202636719,3.4423851013183593,2.066024933149748,0.10330124665748741,0.1504795150901046,0.648330545425415,3.9572509765625,0.5086182594299317,0.0
20,5,42,256,0.5,15000,0,0.6415753364562988,0.6108174324035645,68.84770202636719,3.4423851013183593,1.9393009926616003,0.09696504963308002,0.1441433180656972,0.6585858821868896,3.9572509765625,0.5086182594299317,0.0
20,5,42,256,0.5,20000,0,0.6436230659484863,0.6023675918579101,68.84770202636719,3.4423851013183593,2.1652333586815757,0.10826166793407879,0.15543993636669598,0.6751785755157471,3.9572509765625,0.5086182594299317,0.0
20,5,42,256,0.5,25000,0,0.6448200225830079,0.5929985046386719,68.84770202636719,3.4423851013183593,2.2972973082864883,0.11486486541432442,0.1620431338469416,0.6747892379760743,3.9572509765625,0.5086182594299317,0.0
20,5,42,256,0.5,30000,0,0.6477425575256348,0.5890905380249023,68.84770202636719,3.4423851013183593,2.6197496814553602,0.130987484072768,0.1781657525053852,0.6956666946411133,3.9572509765625,0.5086182594299317,0.0
20,5,42,256,0.5,35000,0,0.6512526035308838,0.5850491523742676,68.84770202636719,3.4423851013183593,3.0070239780997383,0.1503511989049869,0.1975294673376041,0.7033806800842285,3.9572509765625,0.5086182594299317,0.0
20,5,42,256,0.5,40000,0,0.6534272193908691,0.5841415405273438,68.84770202636719,3.4423851013183593,3.2469561118632555,0.16234780559316278,0.20952607402577997,0.7099903106689454,3.9572509765625,0.5086182594299317,0.0
20,5,42,256,0.5,45000,0,0.6607637405395508,0.5698114395141601,68.84770202636719,3.4423851013183593,4.056417316480918,0.20282086582404588,0.24999913425666306,0.7363166809082031,3.9572509765625,0.5086182594299317,0.0
20,5,42,256,0.5,50000,0,0.6630924701690674,0.5654362678527832,68.84770202636719,3.4423851013183593,4.31335330193447,0.21566766509672347,0.26284593352934066,0.7435441970825195,3.9572509765625,0.5086182594299317,0.0
20,5,42,256,0.5,55000,0,0.66440749168396,0.548081636428833,68.84770202636719,3.4423851013183593,4.458443717128645,0.22292218585643225,0.27010045428904944,0.7535811424255371,3.9572509765625,0.5086182594299317,0.0
20,5,42,256,0.5,60000,0,0.6681124687194824,0.53446364402771,68.84770202636719,3.4423851013183593,4.8672253608364,0.24336126804182,0.2905395364744372,0.7789338111877442,3.9572509765625,0.5086182594299317,0.0
20,5,42,256,0.5,65000,0,0.6725523471832275,0.5627439022064209,68.84770202636719,3.4423851013183593,5.3570909656353365,0.2678545482817668,0.315032816714384,0.7845646858215332,3.9572509765625,0.5086182594299317,0.0
20,5,42,256,0.5,70000,0,0.6787327766418457,0.5286367416381836,68.84770202636719,3.4423851013183593,6.0389969771141665,0.3019498488557083,0.3491281172883255,0.8304353713989258,3.9572509765625,0.5086182594299317,0.0
20,5,42,256,0.5,75000,0,0.6869938373565674,0.5445723056793212,68.84770202636719,3.4423851013183593,6.950465508593808,0.3475232754296904,0.3947015438623076,0.8638802528381347,3.9572509765625,0.5086182594299317,0.0
20,5,42,256,0.5,80000,0,0.6887048721313477,0.5249390602111816,68.84770202636719,3.4423851013183593,7.139249298876379,0.35696246494381895,0.40414073337643613,0.8802321434020997,3.9572509765625,0.5086182594299317,0.0
20,5,42,256,0.5,85000,0,0.6988542556762696,0.5057736396789551,68.84770202636719,3.4423851013183593,8.259062363393397,0.41295311816966984,0.46013138660228703,0.9335311889648438,3.9572509765625,0.5086182594299317,0.0
20,5,42,256,0.5,90000,0,0.700035572052002,0.5141191959381104,68.84770202636719,3.4423851013183593,8.389400674584223,0.41947003372921116,0.46664830216182834,0.9261991500854492,3.9572509765625,0.5086182594299317,0.0
20,5,42,256,0.5,95000,0,0.704923677444458,0.49124927520751954,68.84770202636719,3.4423851013183593,8.928720551006393,0.44643602755031964,0.4936142959829368,0.9607231140136718,3.9572509765625,0.5086182594299317,0.0
20,5,42,256,0.5,100000,0,0.712188720703125,0.485274600982666,68.84770202636719,3.4423851013183593,9.730295377627954,0.48651476888139766,0.5336930373140149,0.9859342575073242,3.9572509765625,0.5086182594299317,0.0
20,5,42,256,0.5,105000,0,0.7206131935119628,0.49888811111450193,68.84770202636719,3.4423851013183593,10.659793673879179,0.5329896836939589,0.5801679521265761,1.0320611953735352,3.9572509765625,0.5086182594299317,0.0
20,5,42,256,0.5,110000,0,0.7310667991638183,0.48943653106689455,68.84770202636719,3.4423851013183593,11.813172509987282,0.5906586254993641,0.6378368939319813,1.0928023338317872,3.9572509765625,0.5086182594299317,0.0
20,5,42,256,0.5,115000,0,0.7368200302124024,0.4729018688201904,68.84770202636719,3.4423851013183593,12.447944391734993,0.6223972195867497,0.6695754880193668,1.1368785858154298,3.9572509765625,0.5086182594299317,0.0
20,5,42,256,0.5,120000,0,0.7448273658752441,0.4701571464538574,68.84770202636719,3.4423851013183593,13.33141864882026,0.6665709324410131,0.7137492008736303,1.171175193786621,3.9572509765625,0.5086182594299317,0.0
20,5,42,256,0.5,125000,0,0.7536017417907714,0.4662629127502441,68.84770202636719,3.4423851013183593,14.299522843493946,0.7149761421746973,0.7621544106073145,1.225022029876709,3.9572509765625,0.5086182594299317,0.0
20,5,42,256,0.5,130000,0,0.7509753227233886,0.463239049911499,68.84770202636719,3.4423851013183593,14.009741856152758,0.7004870928076379,0.7476653612402551,1.1867015838623047,3.9572509765625,0.5086182594299317,0.0
20,5,42,256,0.5,135000,0,0.7671468257904053,0.46851725578308107,68.84770202636719,3.4423851013183593,15.793994104298704,0.7896997052149353,0.8368779736475525,1.2759251594543457,3.9572509765625,0.5086182594299317,0.0
20,5,42,256,0.5,140000,0,0.771399974822998,0.4527604579925537,68.84770202636719,3.4423851013183593,16.263257269983114,0.8131628634991557,0.8603411319317729,1.3182397842407227,3.9572509765625,0.5086182594299317,0.0
20,5,42,256,0.5,145000,0,0.7743272304534912,0.4335628986358643,68.84770202636719,3.4423851013183593,16.586230491331847,0.8293115245665923,0.8764897929992095,1.3319158554077148,3.9572509765625,0.5086182594299317,0.0
20,5,42,256,0.5,150000,0,0.7853089332580566,0.439320707321167,68.84770202636719,3.4423851013183593,17.797875929379018,0.8898937964689508,0.937072064901568,1.3600411415100098,3.9572509765625,0.5086182594299317,0.0
20,5,42,256,0.5,155000,0,0.7968724250793457,0.42293577194213866,68.84770202636719,3.4423851013183593,19.07371195977457,0.9536855979887285,1.0008638664213456,1.4349603652954102,3.9572509765625,0.5086182594299317,0.0
20,5,42,256,0.5,160000,0,0.794911003112793,0.4222700595855713,68.84770202636719,3.4423851013183593,18.857302171588444,0.9428651085794222,0.9900433770120394,1.3958778381347656,3.9572509765625,0.5086182594299317,0.0
20,5,42,256,0.5,165000,0,0.8010351181030273,0.42801718711853026,68.84770202636719,3.4423851013183593,19.532994832558003,0.9766497416279002,1.0238280100605173,1.4554073333740234,3.9572509765625,0.5086182594299317,0.0
20,5,42,256,0.5,170000,0,0.8145925521850585,0.41974844932556155,68.84770202636719,3.4423851013183593,21.028828716378754,1.0514414358189377,1.0986197042515549,1.509579849243164,3.9572509765625,0.5086182594299317,0.0
20,5,42,256,0.5,175000,0,0.8182585716247559,0.41913352012634275,68.84770202636719,3.4423851013183593,21.433312047329466,1.0716656023664732,1.1188438707990904,1.54599609375,3.9572509765625,0.5086182594299317,0.0
20,5,42,256,0.5,180000,0,0.8230188369750977,0.41585497856140136,68.84770202636719,3.4423851013183593,21.958526934153554,1.0979263467076776,1.1451046151402948,1.5487945556640625,3.9572509765625,0.5086182594299317,0.0
20,5,42,256,0.5,185000,0,0.8356376647949219,0.4148153305053711,68.84770202636719,3.4423851013183593,23.350801468758192,1.1675400734379096,1.2147183418705267,1.6318225860595703,3.9572509765625,0.5086182594299317,0.0
20,5,42,256,0.5,190000,0,0.846738052368164,0.38755319118499754,68.84770202636719,3.4423851013183593,24.575541766600054,1.2287770883300027,1.2759553567626198,1.6893754959106446,3.9572509765625,0.5086182594299317,0.0
20,5,42,256,0.5,195000,0,0.8465533256530762,0.3955015420913696,68.84770202636719,3.4423851013183593,24.555160293380013,1.2277580146690006,1.2749362831016178,1.686907958984375,3.9572509765625,0.5086182594299317,0.00019999999494757503
20,5,42,256,0.5,200000,0,0.8551677703857422,0.39535558223724365,68.84770202636719,3.4423851013183593,25.50561878305112,1.275280939152556,1.322459207585173,1.7175615310668946,3.9572509765625,0.5086182594299317,0.0
20,5,42,256,0.5,205000,0,0.8589187622070312,0.39894106388092043,68.84770202636719,3.4423851013183593,25.919477381239346,1.2959738690619673,1.3431521374945845,1.7455875396728515,3.9572509765625,0.5086182594299317,0.00019999999494757503
20,5,42,256,0.5,210000,0,0.8574009895324707,0.39966118335723877,68.84770202636719,3.4423851013183593,25.75201679977475,1.2876008399887375,1.3347791084213547,1.7401573181152343,3.9572509765625,0.5086182594299317,0.0
20,5,42,256,0.5,215000,0,0.867917537689209,0.3930902242660522,68.84770202636719,3.4423851013183593,26.912340278281007,1.3456170139140504,1.3927952823466676,1.8038394927978516,3.9572509765625,0.5086182594299317,0.0
20,5,42,256,0.5,220000,0,0.8720531463623047,0.38021461963653563,68.84770202636719,3.4423851013183593,27.368634850396134,1.3684317425198067,1.415610010952424,1.7903697967529297,3.9572509765625,0.5086182594299317,0.0
20,5,42,256,0.5,225000,0,0.8843162536621094,0.3823684215545654,68.84770202636719,3.4423851013183593,28.72166163326574,1.436083081663287,1.4832613500959042,1.8812572479248046,3.9572509765625,0.5086182594299317,0.0
20,5,42,256,0.5,230000,0,0.8900132179260254,0.37203028202056887,68.84770202636719,3.4423851013183593,29.350225425596918,1.467511271279846,1.5146895397124631,1.9057716369628905,3.9572509765625,0.5086182594299317,0.0
20,5,42,256,0.5,235000,0,0.8891611099243164,0.3838745355606079,68.84770202636719,3.4423851013183593,29.256209698585522,1.462810484929276,1.5099887533618932,1.8862129211425782,3.9572509765625,0.5086182594299317,0.0
20,5,42,256,0.5,240000,0,0.886442756652832,0.37701964378356934,68.84770202636719,3.4423851013183593,28.95628532446885,1.4478142662234426,1.4949925346560597,1.8839271545410157,3.9572509765625,0.5086182594299317,0.00019999999494757503
20,5,42,256,0.5,245000,0,0.8952335357666016,0.3682552337646484,68.84770202636719,3.4423851013183593,29.926199335040238,1.4963099667520119,1.543488235184629,1.9327684402465821,3.9572509765625,0.5086182594299317,0.0
20,5,42,256,0.5,250000,0,0.900637435913086,0.370759105682373,68.84770202636719,3.4423851013183593,30.52242845147819,1.5261214225739095,1.5732996910065267,1.9588447570800782,3.9572509765625,0.5086182594299317,0.00019999999494757503
20,5,42,256,0.5,255000,0,0.896242904663086,0.3712559700012207,68.84770202636719,3.4423851013183593,30.03756614586156,1.5018783072930781,1.5490565757256953,1.9079910278320313,3.9572509765625,0.5086182594299317,0.0
20,5,42,256,0.5,260000,0,0.9110956192016602,0.36589553356170657,68.84770202636719,3.4423851013183593,31.676312352487983,1.5838156176243992,1.6309938860570163,2.0079145431518555,3.9572509765625,0.5086182594299317,0.0
20,5,42,256,0.5,265000,0,0.9177803039550781,0.36784679889678956,68.84770202636719,3.4423851013183593,32.41385441954293,1.6206927209771465,1.6678709894097636,2.0285690307617186,3.9572509765625,0.5086182594299317,0.0
20,5,42,256,0.5,270000,0,0.9090649604797363,0.369795823097229,68.84770202636719,3.4423851013183593,31.452263457663875,1.5726131728831938,1.619791441315811,1.996379280090332,3.9572509765625,0.5086182594299317,0.00039999998989515007
20,5,42,256,0.5,275000,0,0.9203479766845704,0.36183748245239256,68.84770202636719,3.4423851013183593,32.697153740645845,1.6348576870322922,1.6820359554649094,2.0364185333251954,3.9572509765625,0.5086182594299317,0.0006000000284984708
20,5,42,256,0.5,280000,0,0.9341590881347657,0.3619226932525635,68.84770202636719,3.4423851013183593,34.220976637768246,1.7110488318884123,1.7582271003210295,2.1235092163085936,3.9572509765625,0.5086182594299317,0.0
20,5,42,256,0.5,285000,0,0.9297249794006348,0.36450674533843996,68.84770202636719,3.4423851013183593,33.73174762518914,1.6865873812594572,1.7337656496920744,2.090034294128418,3.9572509765625,0.5086182594299317,0.00019999999494757503
20,5,42,256,0.5,290000,0,0.9351601600646973,0.36667845249176023,68.84770202636719,3.4423851013183593,34.331428018455256,1.7165714009227628,1.76374966935538,2.131266975402832,3.9572509765625,0.5086182594299317,0.00039999998989515007
20,5,42,256,0.5,295000,0,0.9360503196716309,0.35539538860321046,68.84770202636719,3.4423851013183593,34.429642097461894,1.7214821048730946,1.7686603733057118,2.130072021484375,3.9572509765625,0.5086182594299317,0.00019999999494757503
20,5,42,256,0.5,300000,1,0.9327927589416504,0.34593639373779295,68.84770202636719,3.4423851013183593,34.07022528680102,1.703511264340051,1.7506895327726681,2.1064891815185547,3.9572509765625,0.5086182594299317,0.00019999999494757503
30,5,42,256,0.5,1,0,1.0117289225260417,1.0119961420694987,97.58765411376953,3.2529218037923178,69.8531456421791,2.328438188072637,2.345427323814824,2.6232945760091146,3.678760274251302,0.4276058514912923,0.0
30,5,42,256,0.5,5000,0,0.6293426513671875,0.6146015803019206,97.58765411376953,3.2529218037923178,6.568345106207914,0.21894483687359714,0.23593397261578464,0.5933633168538411,3.678760274251302,0.4276058514912923,0.0
30,5,42,256,0.5,10000,0,0.6083599726359049,0.5985956192016602,97.58765411376953,3.2529218037923178,3.0957187637523873,0.10319062545841291,0.12017976120060041,0.5470823923746745,3.678760274251302,0.4276058514912923,0.0
30,5,42,256,0.5,15000,0,0.6056458791097005,0.5899801254272461,97.58765411376953,3.2529218037923178,2.6465371890026432,0.0882179063000881,0.10520704204227561,0.5591815948486328,3.678760274251302,0.4276058514912923,0.0
30,5,42,256,0.5,20000,0,0.602934455871582,0.5907958984375,97.58765411376953,3.2529218037923178,2.197797546041869,0.07325991820139563,0.09024905394358314,0.5581633885701497,3.678760274251302,0.4276058514912923,0.0
30,5,42,256,0.5,25000,0,0.6037660598754883,0.5635496775309244,97.58765411376953,3.2529218037923178,2.3354277317507552,0.0778475910583585,0.09483672680054601,0.5728918711344401,3.678760274251302,0.4276058514912923,0.0
30,5,42,256,0.5,30000,0,0.6072847366333007,0.5674084345499675,97.58765411376953,3.2529218037923178,2.9177675633923883,0.09725891877974628,0.11424805452193378,0.5903854370117188,3.678760274251302,0.4276058514912923,0.0
30,5,42,256,0.5,35000,0,0.6083812713623047,0.5773679733276367,97.58765411376953,3.2529218037923178,3.0992436958787266,0.10330812319595756,0.12029725893814505,0.6060993194580078,3.678760274251302,0.4276058514912923,0.0
30,5,42,256,0.5,40000,0,0.6107446034749349,0.5644351959228515,97.58765411376953,3.2529218037923178,3.4903743734911643,0.11634581244970547,0.13333494819189298,0.6171815872192383,3.678760274251302,0.4276058514912923,0.0
30,5,42,256,0.5,45000,0,0.611883799235026,0.5467533747355143,97.58765411376953,3.2529218037923178,3.6789108924156153,0.12263036308052051,0.13961949882270802,0.6154861450195312,3.678760274251302,0.4276058514912923,0.0
30,5,42,256,0.5,50000,0,0.6143048604329427,0.5568657557169596,97.58765411376953,3.2529218037923178,4.079595714418247,0.13598652381394155,0.15297565955612905,0.6281572341918945,3.678760274251302,0.4276058514912923,0.0
30,5,42,256,0.5,55000,0,0.6175332387288411,0.5432332992553711,97.58765411376953,3.2529218037923178,4.613891247287199,0.15379637490957332,0.1707855106517608,0.6474132537841797,3.678760274251302,0.4276058514912923,0.0
30,5,42,256,0.5,60000,0,0.6194671630859375,0.5333882013956706,97.58765411376953,3.2529218037923178,4.93395508435853,0.16446516947861767,0.18145430522080516,0.6516717274983724,3.678760274251302,0.4276058514912923,0.0
30,5,42,256,0.5,65000,0,0.624691390991211,0.5307328859965007,97.58765411376953,3.2529218037923178,5.798563062928807,0.19328543543096022,0.2102745711731477,0.681874148050944,3.678760274251302,0.4276058514912923,0.0
30,5,42,256,0.5,70000,0,0.6265875498453776,0.5319977442423502,97.58765411376953,3.2529218037923178,6.112376721841798,0.20374589072805993,0.22073502647024743,0.6926204681396484,3.678760274251302,0.4276058514912923,0.0
30,5,42,256,0.5,75000,0,0.6290402094523112,0.5175268491109212,97.58765411376953,3.2529218037923178,6.5182910700139445,0.21727636900046482,0.23426550474265231,0.7065374374389648,3.678760274251302,0.4276058514912923,0.0
30,5,42,256,0.5,80000,0,0.6338714599609375,0.5197538057963054,97.58765411376953,3.2529218037923178,7.317861420306954,0.2439287140102318,0.26091784975241933,0.733034896850586,3.678760274251302,0.4276058514912923,0.0
30,5,42,256,0.5,85000,0,0.638494364420573,0.5129822413126628,97.58765411376953,3.2529218037923178,8.082950568874594,0.26943168562915315,0.2864208213713406,0.743994394938151,3.678760274251302,0.4276058514912923,0.0
30,5,42,256,0.5,90000,0,0.6425861994425456,0.5074804623921713,97.58765411376953,3.2529218037923178,8.760147902363755,0.29200493007879186,0.3089940658209793,0.7701725006103516,3.678760274251302,0.4276058514912923,0.0
30,5,42,256,0.5,95000,0,0.6478607813517253,0.5025231997172038,97.58765411376953,3.2529218037923178,9.633089451811813,0.3211029817270604,0.33809211746924794,0.7917646408081055,3.678760274251302,0.4276058514912923,0.0
30,5,42,256,0.5,100000,0,0.652240498860677,0.494830067952474,97.58765411376953,3.2529218037923178,10.357931241026506,0.34526437470088356,0.362253510443071,0.818622080485026,3.678760274251302,0.4276058514912923,0.0
30,5,42,256,0.5,105000,0,0.6544811248779296,0.4819465637207031,97.58765411376953,3.2529218037923178,10.728754100717069,0.35762513669056895,0.37461427243275647,0.8309555053710938,3.678760274251302,0.4276058514912923,0.0
30,5,42,256,0.5,110000,0,0.6626369476318359,0.47341953913370766,97.58765411376953,3.2529218037923178,12.078540050467538,0.40261800168225126,0.4196071374244388,0.8757483164469401,3.678760274251302,0.4276058514912923,0.0
30,5,42,256,0.5,115000,0,0.667133903503418,0.4897004763285319,97.58765411376953,3.2529218037923178,12.822784749655256,0.42742615832184183,0.44441529406402935,0.9029535293579102,3.678760274251302,0.4276058514912923,0.0
30,5,42,256,0.5,120000,0,0.6666094462076823,0.46931387583414713,97.58765411376953,3.2529218037923178,12.735987241863768,0.42453290806212557,0.4415220438043131,0.9010162989298502,3.678760274251302,0.4276058514912923,0.0
30,5,42,256,0.5,125000,0,0.6731998443603515,0.4745718320210775,97.58765411376953,3.2529218037923178,13.82669594142125,0.46088986471404164,0.47787900045622916,0.9276315053304036,3.678760274251302,0.4276058514912923,0.0
30,5,42,256,0.5,130000,0,0.6734073638916016,0.46533285776774086,97.58765411376953,3.2529218037923178,13.861040354735763,0.4620346784911921,0.47902381423337964,0.9315643310546875,3.678760274251302,0.4276058514912923,0.0
30,5,42,256,0.5,135000,0,0.6834353129069011,0.4505406379699707,97.58765411376953,3.2529218037923178,15.520662577298452,0.5173554192432818,0.5343445549854693,0.980764897664388,3.678760274251302,0.4276058514912923,0.0
30,5,42,256,0.5,140000,0,0.6868114471435547,0.4657944361368815,97.58765411376953,3.2529218037923178,16.079411669157267,0.5359803889719089,0.5529695247140964,0.9966695149739583,3.678760274251302,0.4276058514912923,0.0
30,5,42,256,0.5,145000,0,0.6901662190755208,0.44478127161661785,97.58765411376953,3.2529218037923178,16.634625306704294,0.5544875102234764,0.5714766459656639,1.0228931427001953,3.678760274251302,0.4276058514912923,0.0
30,5,42,256,0.5,150000,0,0.7037762959798177,0.455366325378418,97.58765411376953,3.2529218037923178,18.887088501989467,0.6295696167329823,0.6465587524751697,1.1006267547607422,3.678760274251302,0.4276058514912923,0.0
30,5,42,256,0.5,155000,0,0.7024115244547526,0.44516121546427406,97.58765411376953,3.2529218037923178,18.66121926908221,0.6220406423027404,0.6390297780449278,1.0833521525065104,3.678760274251302,0.4276058514912923,0.0
30,5,42,256,0.5,160000,0,0.7063195546468098,0.43486029307047525,97.58765411376953,3.2529218037923178,19.30799696443036,0.6435998988143453,0.6605890345565328,1.100956344604492,3.678760274251302,0.4276058514912923,0.0
30,5,42,256,0.5,165000,0,0.709710693359375,0.43600285847981773,97.58765411376953,3.2529218037923178,19.869229292055792,0.6623076430685264,0.6792967788107139,1.1185108184814454,3.678760274251302,0.4276058514912923,0.0
30,5,42,256,0.5,170000,0,0.7149075826009115,0.436312198638916,97.58765411376953,3.2529218037923178,20.729312730881816,0.6909770910293939,0.7079662267715814,1.1460182189941406,3.678760274251302,0.4276058514912923,0.0
30,5,42,256,0.5,175000,0,0.7222261428833008,0.41736218134562175,97.58765411376953,3.2529218037923178,21.94053202041819,0.731351067347273,0.7483402030894605,1.1853753407796224,3.678760274251302,0.4276058514912923,0.0
30,5,42,256,0.5,180000,0,0.7296523412068685,0.419979190826416,97.58765411376953,3.2529218037923178,23.16956536992437,0.7723188456641457,0.7893079814063332,1.2232213338216147,3.678760274251302,0.4276058514912923,0.0
30,5,42,256,0.5,185000,0,0.7340979894002279,0.41808589299519855,97.58765411376953,3.2529218037923178,23.905318665452526,0.7968439555150842,0.8138330912572717,1.2486159006754558,3.678760274251302,0.4276058514912923,0.0
30,5,42,256,0.5,190000,0,0.7374347050984701,0.40531721115112307,97.58765411376953,3.2529218037923178,24.45754400233126,0.8152514667443753,0.8322406024865628,1.2644264221191406,3.678760274251302,0.4276058514912923,0.0
30,5,42,256,0.5,195000,0,0.7380558649698893,0.4034924825032552,97.58765411376953,3.2529218037923178,24.560345754194856,0.8186781918064951,0.8356673275486827,1.252517318725586,3.678760274251302,0.4276058514912923,0.0
30,5,42,256,0.5,200000,0,0.7461847941080729,0.4032465934753418,97.58765411376953,3.2529218037923178,25.905680819499224,0.8635226939833075,0.880511829725495,1.2942596435546876,3.678760274251302,0.4276058514912923,0.0
30,5,42,256,0.5,205000,0,0.7492113749186198,0.3962713877360026,97.58765411376953,3.2529218037923178,26.40657893574432,0.880219297858144,0.8972084336003315,1.320050557454427,3.678760274251302,0.4276058514912923,0.0
30,5,42,256,0.5,210000,0,0.753220812479655,0.4018948237101237,97.58765411376953,3.2529218037923178,27.07013951688802,0.9023379838962673,0.9193271196384548,1.3395970662434895,3.678760274251302,0.4276058514912923,0.0
30,5,42,256,0.5,215000,0,0.7636658350626627,0.38481527964274087,97.58765411376953,3.2529218037923178,28.79878727601418,0.9599595758671394,0.9769487116093268,1.3879005432128906,3.678760274251302,0.4276058514912923,0.0
30,5,42,256,0.5,220000,0,0.7613758722941081,0.3873504320780436,97.58765411376953,3.2529218037923178,28.419799200413067,0.9473266400137689,0.9643157757559564,1.383691914876302,3.678760274251302,0.4276058514912923,0.0
30,5,42,256,0.5,225000,0,0.7703655242919922,0.39490556716918945,97.58765411376953,3.2529218037923178,29.907583612363226,0.9969194537454409,1.0139085894876283,1.4321212768554688,3.678760274251302,0.4276058514912923,0.0
30,5,42,256,0.5,230000,0,0.7692076365152994,0.389725399017334,97.58765411376953,3.2529218037923178,29.715953570915957,0.9905317856971986,1.007520921439386,1.4237111409505208,3.678760274251302,0.4276058514912923,0.0
30,5,42,256,0.5,235000,0,0.7771968205769857,0.38378693262736,97.58765411376953,3.2529218037923178,31.038160872597388,1.034605362419913,1.0515944981621004,1.447278340657552,3.678760274251302,0.4276058514912923,0.0
30,5,42,256,0.5,240000,0,0.7793301900227865,0.37728217442830403,97.58765411376953,3.2529218037923178,31.391232805430832,1.0463744268476944,1.0633635625898818,1.477621078491211,3.678760274251302,0.4276058514912923,0.0
30,5,42,256,0.5,245000,0,0.7888554890950521,0.3834183692932129,97.58765411376953,3.2529218037923178,32.96766662981199,1.0989222209937328,1.1159113567359205,1.5280240376790364,3.678760274251302,0.4276058514912923,0.0
30,5,42,256,0.5,250000,0,0.7927117665608724,0.3761681238810221,97.58765411376953,3.2529218037923178,33.605879266202436,1.1201959755400812,1.1371851112822686,1.5376675923665364,3.678760274251302,0.4276058514912923,0.0
30,5,42,256,0.5,255000,0,0.7948081970214844,0.3840504010518392,97.58765411376953,3.2529218037923178,33.95283780928844,1.1317612603096145,1.1487503960518022,1.5425066630045572,3.678760274251302,0.4276058514912923,0.0
30,5,42,256,0.5,260000,0,0.8055594126383464,0.3664822578430176,97.58765411376953,3.2529218037923178,35.73216041355022,1.1910720137850073,1.2080611495271947,1.6100486755371093,3.678760274251302,0.4276058514912923,0.0
30,5,42,256,0.5,265000,0,0.8041739781697591,0.3722909609476725,97.58765411376953,3.2529218037923178,35.50287147037113,1.1834290490123711,1.2004181847545585,1.6008496602376303,3.678760274251302,0.4276058514912923,0.0
30,5,42,256,0.5,270000,0,0.8158349990844727,0.367960516611735,97.58765411376953,3.2529218037923178,37.43276654844746,1.2477588849482486,1.2647480206904362,1.6548540751139322,3.678760274251302,0.4276058514912923,0.0
30,5,42,256,0.5,275000,0,0.8126443227132162,0.36951656341552735,97.58765411376953,3.2529218037923178,36.90471067155141,1.230157022385047,1.2471461581272345,1.6432205200195313,3.678760274251302,0.4276058514912923,0.0
30,5,42,256,0.5,280000,0,0.817416000366211,0.3594233830769857,97.58765411376953,3.2529218037923178,37.694421734076144,1.256480724469205,1.2734698602113923,1.6742918650309244,3.678760274251302,0.4276058514912923,0.0
30,5,42,256,0.5,285000,0,0.818630599975586,0.35144268671671547,97.58765411376953,3.2529218037923178,37.89543756494638,1.2631812521648793,1.2801703879070667,1.662732442220052,3.678760274251302,0.4276058514912923,0.0
30,5,42,256,0.5,290000,0,0.8389314015706381,0.36540660858154295,97.58765411376953,3.2529218037923178,41.25521346843189,1.375173782281063,1.3921629180232504,1.7912640889485678,3.678760274251302,0.4276058514912923,0.0
30,5,42,256,0.5,295000,0,0.8288818359375,0.3549933115641276,97.58765411376953,3.2529218037923178,39.59201370281559,1.319733790093853,1.3367229258360405,1.7267433166503907,3.678760274251302,0.4276058514912923,0.0
30,5,42,256,0.5,300000,1,0.8384736378987631,0.3498235066731771,97.58765411376953,3.2529218037923178,41.17945373317929,1.372648457772643,1.3896375935148304,1.7859596252441405,3.678760274251302,0.4276058514912923,0.0
40,5,42,256,0.5,1,0,1.0129384994506836,1.002753734588623,127.1410903930664,3.17852725982666,96.38022205249112,2.409505551312278,2.4262505464294657,2.629530334472656,3.534256362915039,0.35871171951293945,0.0
40,5,42,256,0.5,5000,0,0.6350495338439941,0.6141707897186279,127.1410903930664,3.17852725982666,12.992891432806516,0.3248222858201629,0.3415672809373504,0.6025912284851074,3.534256362915039,0.35871171951293945,0.0
40,5,42,256,0.5,10000,0,0.6095123291015625,0.5820945262908935,127.1410903930664,3.17852725982666,7.357692925380093,0.18394232313450232,0.2006873182516898,0.5191094398498535,3.534256362915039,0.35871171951293945,0.0
40,5,42,256,0.5,15000,0,0.5972589015960693,0.5741265773773193,127.1410903930664,3.17852725982666,4.653775363287593,0.11634438408218983,0.13308937919937733,0.4866532325744629,3.534256362915039,0.35871171951293945,0.0
40,5,42,256,0.5,20000,0,0.5927616596221924,0.5603480339050293,127.1410903930664,3.17852725982666,3.661385964591261,0.09153464911478153,0.10827964423196904,0.47970991134643554,3.534256362915039,0.35871171951293945,0.0
40,5,42,256,0.5,25000,0,0.592092227935791,0.5615546703338623,127.1410903930664,3.17852725982666,3.5136650030341627,0.08784162507585407,0.10458662019304157,0.48770732879638673,3.534256362915039,0.35871171951293945,0.0
40,5,42,256,0.5,30000,0,0.5916070938110352,0.5732109069824218,127.1410903930664,3.17852725982666,3.4066122882480556,0.08516530720620138,0.1019103023233889,0.4924618721008301,3.534256362915039,0.35871171951293945,0.0
40,5,42,256,0.5,35000,0,0.5923366546630859,0.564542293548584,127.1410903930664,3.17852725982666,3.5676017256598413,0.08919004314149603,0.10593503825868353,0.49995079040527346,3.534256362915039,0.35871171951293945,0.0
40,5,42,256,0.5,40000,0,0.593100643157959,0.5514649868011474,127.1410903930664,3.17852725982666,3.7361881809677584,0.09340470452419396,0.11014969964138147,0.5083936214447021,3.534256362915039,0.35871171951293945,0.0
40,5,42,256,0.5,45000,0,0.5941343307495117,0.549249792098999,127.1410903930664,3.17852725982666,3.96428811719079,0.09910720292976975,0.11585219804695726,0.5145421981811523,3.534256362915039,0.35871171951293945,0.0
40,5,42,256,0.5,50000,0,0.595179557800293,0.5551540374755859,127.1410903930664,3.17852725982666,4.194934422293159,0.10487336055732896,0.12161835567451647,0.5223320007324219,3.534256362915039,0.35871171951293945,0.0
40,5,42,256,0.5,55000,0,0.5972138404846191,0.554358720779419,127.1410903930664,3.17852725982666,4.6438318980357,0.11609579745089249,0.13284079256807999,0.5349851608276367,3.534256362915039,0.35871171951293945,0.0
40,5,42,256,0.5,60000,0,0.5981287956237793,0.5493702411651611,127.1410903930664,3.17852725982666,4.845731592483872,0.12114328981209681,0.13788828492928432,0.5424991607666015,3.534256362915039,0.35871171951293945,0.0
40,5,42,256,0.5,65000,0,0.5995827674865722,0.5334857940673828,127.1410903930664,3.17852725982666,5.166574071278632,0.12916435178196578,0.1459093468991533,0.5508294582366944,3.534256362915039,0.35871171951293945,0.0
40,5,42,256,0.5,70000,0,0.6025868415832519,0.547202730178833,127.1410903930664,3.17852725982666,5.829471754738876,0.14573679386847188,0.1624817889856594,0.5686426639556885,3.534256362915039,0.35871171951293945,0.0
40,5,42,256,0.5,75000,0,0.605003833770752,0.5257720947265625,127.1410903930664,3.17852725982666,6.3628202909171705,0.15907050727292926,0.17581550239011676,0.5882067680358887,3.534256362915039,0.35871171951293945,0.0
40,5,42,256,0.5,80000,0,0.6082483768463135,0.5239378452301026,127.1410903930664,3.17852725982666,7.078781355610573,0.17696953389026432,0.19371452900745184,0.5931036949157715,3.534256362915039,0.35871171951293945,0.0
40,5,42,256,0.5,85000,0,0.6097318649291992,0.5350160598754883,127.1410903930664,3.17852725982666,7.40613706719995,0.18515342667999873,0.20189842179718626,0.6070327758789062,3.534256362915039,0.35871171951293945,0.0
40,5,42,256,0.5,90000,0,0.6136668682098388,0.5119422435760498,127.1410903930664,3.17852725982666,8.274459377234706,0.20686148443086766,0.22360647954805515,0.6292055130004883,3.534256362915039,0.35871171951293945,0.0
40,5,42,256,0.5,95000,0,0.6169707298278808,0.5132308006286621,127.1410903930664,3.17852725982666,9.00351004063009,0.22508775101575224,0.24183274613293976,0.6463790893554687,3.534256362915039,0.35871171951293945,0.0
40,5,42,256,0.5,100000,0,0.6187903404235839,0.5063638687133789,127.1410903930664,3.17852725982666,9.405036637468868,0.2351259159367217,0.2518709110539092,0.652885627746582,3.534256362915039,0.35871171951293945,0.0
40,5,42,256,0.5,105000,0,0.6207953453063965,0.5020620822906494,127.1410903930664,3.17852725982666,9.847473491344033,0.24618683728360083,0.2629318324007883,0.6688487529754639,3.534256362915039,0.35871171951293945,0.0
40,5,42,256,0.5,110000,0,0.6250956058502197,0.49294300079345704,127.1410903930664,3.17852725982666,10.796395741939193,0.26990989354847983,0.28665488866566735,0.6939671516418457,3.534256362915039,0.35871171951293945,0.0
40,5,42,256,0.5,115000,0,0.6280550003051758,0.492036771774292,127.1410903930664,3.17852725982666,11.44943413763113,0.28623585344077823,0.30298084855796575,0.7050506591796875,3.534256362915039,0.35871171951293945,0.0
40,5,42,256,0.5,120000,0,0.6296693325042725,0.49044060707092285,127.1410903930664,3.17852725982666,11.805662726100138,0.2951415681525035,0.31188656326969094,0.7131667137145996,3.534256362915039,0.35871171951293945,0.0
40,5,42,256,0.5,125000,0,0.6335859775543213,0.4917627811431885,127.1410903930664,3.17852725982666,12.669933994735942,0.31674834986839856,0.333493344985586,0.7364593505859375,3.534256362915039,0.35871171951293945,0.0
40,5,42,256,0.5,130000,0,0.63667893409729,0.47997326850891114,127.1410903930664,3.17852725982666,13.352445031878261,0.33381112579695654,0.350556120914144,0.7580597877502442,3.534256362915039,0.35871171951293945,0.0
40,5,42,256,0.5,135000,0,0.6396727561950684,0.47452511787414553,127.1410903930664,3.17852725982666,14.013080445466358,0.35032701113665893,0.36707200625384645,0.7644039154052734,3.534256362915039,0.35871171951293945,0.0
40,5,42,256,0.5,140000,0,0.6421717166900635,0.4730065822601318,127.1410903930664,3.17852725982666,14.564516618436215,0.3641129154609054,0.3808579105780929,0.7853137969970703,3.534256362915039,0.35871171951293945,0.0
40,5,42,256,0.5,145000,0,0.6491408824920655,0.46690797805786133,127.1410903930664,3.17852725982666,16.10237611095124,0.402559402773781,0.4193043978909685,0.8202085494995117,3.534256362915039,0.35871171951293945,0.0
40,5,42,256,0.5,150000,0,0.6503705978393555,0.45888495445251465,127.1410903930664,3.17852725982666,16.373732751566422,0.4093433187891605,0.42608831390634805,0.826957893371582,3.534256362915039,0.35871171951293945,0.0
40,5,42,256,0.5,155000,0,0.6524620532989502,0.4473212718963623,127.1410903930664,3.17852725982666,16.83524632766563,0.42088115819164074,0.43762615330882826,0.8417003631591797,3.534256362915039,0.35871171951293945,0.0
40,5,42,256,0.5,160000,0,0.6568696975708008,0.4542449951171875,127.1410903930664,3.17852725982666,17.807864539898105,0.44519661349745265,0.4619416086146401,0.8577665328979492,3.534256362915039,0.35871171951293945,0.0
40,5,42,256,0.5,165000,0,0.6608213424682617,0.46052026748657227,127.1410903930664,3.17852725982666,18.679859092655533,0.4669964773163883,0.48374147243357585,0.8813915252685547,3.534256362915039,0.35871171951293945,0.0
40,5,42,256,0.5,170000,0,0.6637425422668457,0.4543478965759277,127.1410903930664,3.17852725982666,19.324469217800612,0.4831117304450153,0.4998567255622028,0.896360969543457,3.534256362915039,0.35871171951293945,0.0
40,5,42,256,0.5,175000,0,0.6677089691162109,0.4445808410644531,127.1410903930664,3.17852725982666,20.19972564804806,0.5049931412012014,0.521738136318389,0.9137413978576661,3.534256362915039,0.35871171951293945,0.0
40,5,42,256,0.5,180000,0,0.6704134941101074,0.44561471939086916,127.1410903930664,3.17852725982666,20.796522962500404,0.5199130740625101,0.5366580691796976,0.9311712265014649,3.534256362915039,0.35871171951293945,0.0
40,5,42,256,0.5,185000,0,0.6738999366760254,0.4357626438140869,127.1410903930664,3.17852725982666,21.565863073990556,0.5391465768497639,0.5558915719669514,0.9439895629882813,3.534256362915039,0.35871171951293945,0.0
40,5,42,256,0.5,190000,0,0.6789213180541992,0.4291544437408447,127.1410903930664,3.17852725982666,22.67391233517253,0.5668478083793133,0.5835928034965008,0.9768272399902344,3.534256362915039,0.35871171951293945,0.0
40,5,42,256,0.5,195000,0,0.6824753284454346,0.42467269897460935,127.1410903930664,3.17852725982666,23.458162383447785,0.5864540595861947,0.6031990547033821,0.9885828018188476,3.534256362915039,0.35871171951293945,0.0
40,5,42,256,0.5,200000,0,0.6860463142395019,0.4270187854766846,127.1410903930664,3.17852725982666,24.246158329743878,0.606153958243597,0.6228989533607845,1.0021345138549804,3.534256362915039,0.35871171951293945,0.0
40,5,42,256,0.5,205000,0,0.6905421733856201,0.4231908321380615,127.1410903930664,3.17852725982666,25.238242585062096,0.6309560646265524,0.6477010597437399,1.02938232421875,3.534256362915039,0.35871171951293945,0.0
40,5,42,256,0.5,210000,0,0.6905574798583984,0.4164536476135254,127.1410903930664,3.17852725982666,25.241620206592103,0.6310405051648026,0.6477855002819901,1.0340676307678223,3.534256362915039,0.35871171951293945,0.0
40,5,42,256,0.5,215000,0,0.6964064598083496,0.40979371070861814,127.1410903930664,3.17852725982666,26.532292518474662,0.6633073129618665,0.680052308079054,1.0638797760009766,3.534256362915039,0.35871171951293945,0.0
40,5,42,256,0.5,220000,0,0.7015818595886231,0.40839805603027346,127.1410903930664,3.17852725982666,27.674328438665754,0.6918582109666438,0.7086032060838313,1.0887070655822755,3.534256362915039,0.35871171951293945,0.0
40,5,42,256,0.5,225000,0,0.707448148727417,0.4019655227661133,127.1410903930664,3.17852725982666,28.96882030386729,0.7242205075966822,0.7409655027138697,1.1147577285766601,3.534256362915039,0.35871171951293945,0.0
40,5,42,256,0.5,230000,0,0.7084680557250976,0.40372047424316404,127.1410903930664,3.17852725982666,29.193879328494745,0.7298469832123686,0.7465919783295561,1.1182001113891602,3.534256362915039,0.35871171951293945,0.0
40,5,42,256,0.5,235000,0,0.716505479812622,0.4046813488006592,127.1410903930664,3.17852725982666,30.967467341685335,0.7741866835421334,0.7909316786593209,1.1651411056518555,3.534256362915039,0.35871171951293945,0.0
40,5,42,256,0.5,240000,0,0.7191943168640137,0.401137113571167,127.1410903930664,3.17852725982666,31.56080285712406,0.7890200714281015,0.805765066545289,1.1679176330566405,3.534256362915039,0.35871171951293945,0.0
40,5,42,256,0.5,245000,0,0.7200540542602539,0.40056533813476564,127.1410903930664,3.17852725982666,31.750517860819116,0.7937629465204779,0.8105079416376654,1.178900909423828,3.534256362915039,0.35871171951293945,0.0
40,5,42,256,0.5,250000,0,0.7246565818786621,0.39648735523223877,127.1410903930664,3.17852725982666,32.7661402449929,0.8191535061248224,0.8358985012420099,1.2029817581176758,3.534256362915039,0.35871171951293945,0.0
40,5,42,256,0.5,255000,0,0.7341515064239502,0.3932067632675171,127.1410903930664,3.17852725982666,34.861349378701675,0.8715337344675419,0.8882787295847294,1.247523021697998,3.534256362915039,0.35871171951293945,0.0
40,5,42,256,0.5,260000,0,0.7308897972106934,0.3932398557662964,127.1410903930664,3.17852725982666,34.14160032724564,0.8535400081811411,0.8702850032983285,1.2335073471069335,3.534256362915039,0.35871171951293945,0.0
40,5,42,256,0.5,265000,0,0.7334110260009765,0.385542106628418,127.1410903930664,3.17852725982666,34.697950360821466,0.8674487590205366,0.8841937541377242,1.2413785934448243,3.534256362915039,0.35871171951293945,0.0
40,5,42,256,0.5,270000,0,0.7382218360900878,0.3848793268203735,127.1410903930664,3.17852725982666,35.759533651048486,0.8939883412762122,0.9107333363933996,1.275045108795166,3.534256362915039,0.35871171951293945,0.0
40,5,42,256,0.5,275000,0,0.7470244407653809,0.38210461139678953,127.1410903930664,3.17852725982666,37.70197117418331,0.9425492793545829,0.9592942744717703,1.3129327774047852,3.534256362915039,0.35871171951293945,0.0
40,5,42,256,0.5,280000,0,0.7498157978057861,0.38365099430084226,127.1410903930664,3.17852725982666,38.31792938834329,0.9579482347085821,0.9746932298257697,1.3278614044189454,3.534256362915039,0.35871171951293945,0.0
40,5,42,256,0.5,285000,0,0.7539200782775879,0.3670927047729492,127.1410903930664,3.17852725982666,39.22360545673175,0.9805901364182936,0.9973351315354811,1.3536123275756835,3.534256362915039,0.35871171951293945,0.0
40,5,42,256,0.5,290000,0,0.7538727760314942,0.36350886821746825,127.1410903930664,3.17852725982666,39.21316744876361,0.9803291862190904,0.9970741813362778,1.3527544021606446,3.534256362915039,0.35871171951293945,0.0
40,5,42,256,0.5,295000,0,0.7617014884948731,0.3684911489486694,127.1410903930664,3.17852725982666,40.9406998562319,1.0235174964057976,1.040262491522985,1.389021396636963,3.534256362915039,0.35871171951293945,0.0
40,5,42,256,0.5,300000,1,0.7662759304046631,0.36475462913513185,127.1410903930664,3.17852725982666,41.9501246731746,1.048753116829365,1.0654981119465525,1.412949562072754,3.534256362915039,0.35871171951293945,0.0
5,5,42,256,0.5,1,0,1.0078701019287108,1.019019889831543,24.252391815185547,4.8504783630371096,3.54796922350447,0.709593844700894,0.7687083008776519,0.7226963996887207,4.8504791259765625,9.399517161791034e-15,0.0
5,5,42,256,0.5,5000,0,0.9148988723754883,0.8991834640502929,24.252391815185547,4.8504783630371096,0.9835179684821895,0.19670359369643792,0.25581804987319573,0.16892120838165284,4.8504791259765625,9.399517161791034e-15,0.00279999990016222
5,5,42,256,0.5,10000,0,0.9067352294921875,0.8672578811645508,24.252391815185547,4.8504783630371096,0.7583379387220184,0.15166758774440367,0.21078204392116148,0.12581210136413573,4.8504791259765625,9.399517161791034e-15,0.002400000113993883
5,5,42,256,0.5,15000,0,0.9011048316955567,0.8761675834655762,24.252391815185547,4.8504783630371096,0.6030331120005563,0.12060662240011126,0.1797210785768691,0.10494678020477295,4.8504791259765625,9.399517161791034e-15,0.003599999938160181
5,5,42,256,0.5,20000,0,0.8975349426269531,0.8687973022460938,24.252391815185547,4.8504783630371096,0.5045638699967192,0.10091277399934384,0.16002723017610165,0.08888083100318908,4.8504791259765625,9.399517161791034e-15,0.00559999980032444
5,5,42,256,0.5,25000,0,0.8957837104797364,0.8402585983276367,24.252391815185547,4.8504783630371096,0.456259147134098,0.0912518294268196,0.1503662856035774,0.08889288902282715,4.8504791259765625,9.399517161791034e-15,0.005400000140070915
5,5,42,256,0.5,30000,0,0.9020384788513184,0.8479574203491211,24.252391815185547,4.8504783630371096,0.6287861608937142,0.12575723217874285,0.18487168835550066,0.12114815711975098,4.8504791259765625,9.399517161791034e-15,0.004000000189989805
5,5,42,256,0.5,35000,0,0.9038168907165527,0.8442389488220214,24.252391815185547,4.8504783630371096,0.6778405894697705,0.13556811789395412,0.19468257407071193,0.13325943946838378,4.8504791259765625,9.399517161791034e-15,0.004399999976158142
5,5,42,256,0.5,40000,0,0.908320140838623,0.8377748489379883,24.252391815185547,4.8504783630371096,0.8020549887276758,0.16041099774553516,0.21952545392229297,0.1543259620666504,4.8504791259765625,9.399517161791034e-15,0.003800000064074993
5,5,42,256,0.5,45000,0,0.9126391410827637,0.8042668342590332,24.252391815185547,4.8504783630371096,0.9211871724123881,0.18423743448247762,0.24335189065923543,0.18318597078323365,4.8504791259765625,9.399517161791034e-15,0.004600000102072954
5,5,42,256,0.5,50000,0,0.9198803901672363,0.8254510879516601,24.252391815185547,4.8504783630371096,1.1209245577502287,0.22418491155004575,0.28329936772680353,0.22913951873779298,4.8504791259765625,9.399517161791034e-15,0.004000000189989805
5,5,42,256,0.5,55000,0,0.9219074249267578,0.7944828510284424,24.252391815185547,4.8504783630371096,1.1768368206944615,0.2353673641388923,0.2944818203156501,0.23562443256378174,4.8504791259765625,9.399517161791034e-15,0.006000000052154064
5,5,42,256,0.5,60000,0,0.9297381401062011,0.8145380973815918,24.252391815185547,4.8504783630371096,1.3928336131016188,0.2785667226203238,0.3376811787970816,0.2736992120742798,4.8504791259765625,9.399517161791034e-15,0.004600000102072954
5,5,42,256,0.5,65000,0,0.9317776679992675,0.7971374034881592,24.252391815185547,4.8504783630371096,1.4490904776194,0.28981809552388,0.3489325517006378,0.29143433570861815,4.8504791259765625,9.399517161791034e-15,0.00559999980032444
5,5,42,256,0.5,70000,0,0.942202091217041,0.7886320590972901,24.252391815185547,4.8504783630371096,1.736630239459366,0.3473260478918732,0.406440504068631,0.3568666219711304,4.8504791259765625,9.399517161791034e-15,0.006200000178068876
5,5,42,256,0.5,75000,0,0.9459072113037109,0.8017949104309082,24.252391815185547,4.8504783630371096,1.8388295962058478,0.3677659192411696,0.4268803754179274,0.3763881206512451,4.8504791259765625,9.399517161791034e-15,0.007199999876320362
5,5,42,256,0.5,80000,0,0.952605152130127,0.7891936302185059,24.252391815185547,4.8504783630371096,2.0235807589140364,0.4047161517828073,0.4638306079595651,0.41390419006347656,4.8504791259765625,9.399517161791034e-15,0.009800000116229057
5,5,42,256,0.5,85000,0,0.959780216217041,0.7501341342926026,24.252391815185547,4.8504783630371096,2.2214925450759964,0.4442985090151993,0.5034129651919571,0.45917301177978515,4.8504791259765625,9.399517161791034e-15,0.006599999964237213
5,5,42,256,0.5,90000,0,0.9646083831787109,0.7886115550994873,24.252391815185547,4.8504783630371096,2.3546692157924305,0.4709338431584861,0.5300482993352439,0.4910482406616211,4.8504791259765625,9.399517161791034e-15,0.006599999964237213
5,5,42,256,0.5,95000,0,0.9719120025634765,0.7989063262939453,24.252391815185547,4.8504783630371096,2.5561269784516334,0.5112253956903267,0.5703398518670845,0.518928337097168,4.8504791259765625,9.399517161791034e-15,0.008799999952316284
5,5,42,256,0.5,100000,0,0.9783913612365722,0.7055022716522217,24.252391815185547,4.8504783630371096,2.734848928895964,0.5469697857791929,0.6060842419559507,0.5655292510986328,4.8504791259765625,9.399517161791034e-15,0.009600000455975533
5,5,42,256,0.5,105000,0,0.9818401336669922,0.7483135223388672,24.252391815185547,4.8504783630371096,2.8299773770188743,0.5659954754037748,0.6251099315805326,0.5864781379699707,4.8504791259765625,9.399517161791034e-15,0.009999999776482582
5,5,42,256,0.5,110000,0,0.9978571891784668,0.7600680351257324,24.252391815185547,4.8504783630371096,3.2717802692205815,0.6543560538441163,0.7134705100208741,0.667383861541748,4.8504791259765625,9.399517161791034e-15,0.00839999970048666
5,5,42,256,0.5,115000,0,1.0028470993041991,0.6641799926757812,24.252391815185547,4.8504783630371096,3.4094183465685575,0.6818836693137115,0.7409981254904693,0.6940070152282715,4.8504791259765625,9.399517161791034e-15,0.011800000444054604
5,5,42,256,0.5,120000,0,1.0168289184570312,0.7618107318878173,24.252391815185547,4.8504783630371096,3.7950827488388157,0.7590165497677631,0.8181310059445209,0.775024700164795,4.8504791259765625,9.399517161791034e-15,0.01119999960064888
5,5,42,256,0.5,125000,0,1.0227351188659668,0.7179660320281982,24.252391815185547,4.8504783630371096,3.957995115641893,0.7915990231283786,0.8507134793051364,0.7946675300598145,4.8504791259765625,9.399517161791034e-15,0.014000000432133675
5,5,42,256,0.5,130000,0,1.0344258308410645,0.7306365013122559,24.252391815185547,4.8504783630371096,4.280463272088944,0.8560926544177889,0.9152071105945467,0.8774015426635742,4.8504791259765625,9.399517161791034e-15,0.012199999764561653
5,5,42,256,0.5,135000,0,1.0320507049560548,0.6957754135131836,24.252391815185547,4.8504783630371096,4.2149495149199865,0.8429899029839973,0.9021043591607552,0.8609689712524414,4.8504791259765625,9.399517161791034e-15,0.012799999676644802
5,5,42,256,0.5,140000,0,1.0366000175476073,0.6759297370910644,24.252391815185547,4.8504783630371096,4.340434468071191,0.8680868936142382,0.927201349790996,0.9123954772949219,4.8504791259765625,9.399517161791034e-15,0.014999999664723873
5,5,42,256,0.5,145000,0,1.06103458404541,0.6648979663848877,24.252391815185547,4.8504783630371096,5.014419904451209,1.0028839808902419,1.0619984370669997,1.0019778251647948,4.8504791259765625,9.399517161791034e-15,0.015399999916553497
5,5,42,256,0.5,150000,0,1.065659236907959,0.7112700462341308,24.252391815185547,4.8504783630371096,5.141982989229135,1.028396597845827,1.0875110540225847,1.043194580078125,4.8504791259765625,9.399517161791034e-15,0.017799999564886093
5,5,42,256,0.5,155000,0,1.0623716354370116,0.7218382835388184,24.252391815185547,4.8504783630371096,5.051300164459594,1.0102600328919187,1.0693744890686765,1.0404674530029296,4.8504791259765625,9.399517161791034e-15,0.01679999940097332
5,5,42,256,0.5,160000,0,1.0769196510314942,0.7389225482940673,24.252391815185547,4.8504783630371096,5.4525821204866105,1.0905164240973222,1.14963088027408,1.102683925628662,4.8504791259765625,9.399517161791034e-15,0.01899999938905239
5,5,42,256,0.5,165000,0,1.0723243713378907,0.689982795715332,24.252391815185547,4.8504783630371096,5.325829243988473,1.0651658487976945,1.1242803049744523,1.0874967575073242,4.8504791259765625,9.399517161791034e-15,0.01940000057220459
5,5,42,256,0.5,170000,0,1.0906180381774901,0.6761492729187012,24.252391815185547,4.8504783630371096,5.8304285389662205,1.166085707793244,1.2252001639700019,1.1954025268554687,4.8504791259765625,9.399517161791034e-15,0.020999999716877937
5,5,42,256,0.5,175000,0,1.0946840286254882,0.7113437652587891,24.252391815185547,4.8504783630371096,5.9425818831500585,1.1885163766300118,1.2476308328067696,1.215032958984375,4.8504791259765625,9.399517161791034e-15,0.021800000220537186
5,5,42,256,0.5,180000,0,1.1064342498779296,0.6366751670837403,24.252391815185547,4.8504783630371096,6.266691500527582,1.2533383001055163,1.312452756282274,1.2833105087280274,4.8504791259765625,9.399517161791034e-15,0.020999999716877937
5,5,42,256,0.5,185000,0,1.1062755584716797,0.6848320007324219,24.252391815185547,4.8504783630371096,6.262314271379655,1.2524628542759308,1.3115773104526887,1.2943775177001953,4.8504791259765625,9.399517161791034e-15,0.02459999918937683
5,5,42,256,0.5,190000,0,1.1119552612304688,0.6491480827331543,24.252391815185547,4.8504783630371096,6.418979090570758,1.2837958181141516,1.3429102742909094,1.3188261985778809,4.8504791259765625,9.399517161791034e-15,0.024000000208616257
5,5,42,256,0.5,195000,0,1.127103614807129,0.6309263229370117,24.252391815185547,4.8504783630371096,6.836820335952467,1.3673640671904934,1.4264785233672512,1.4044605255126954,4.8504791259765625,9.399517161791034e-15,0.026799999177455902
5,5,42,256,0.5,200000,0,1.140142059326172,0.6510603904724122,24.252391815185547,4.8504783630371096,7.196463373600547,1.4392926747201096,1.4984071308968674,1.461819839477539,4.8504791259765625,9.399517161791034e-15,0.02539999969303608
5,5,42,256,0.5,205000,0,1.127210807800293,0.6628918170928955,24.252391815185547,4.8504783630371096,6.839777070064407,1.3679554140128816,1.4270698701896394,1.4248238563537599,4.8504791259765625,9.399517161791034e-15,0.03060000017285347
5,5,42,256,0.5,210000,0,1.1437880516052246,0.619818115234375,24.252391815185547,4.8504783630371096,7.297031791602009,1.4594063583204018,1.5185208144971596,1.501914119720459,4.8504791259765625,9.399517161791034e-15,0.03460000082850456
5,5,42,256,0.5,215000,0,1.1401336669921875,0.7189566612243652,24.252391815185547,4.8504783630371096,7.196231885520611,1.4392463771041222,1.49836083328088,1.4814741134643554,4.8504791259765625,9.399517161791034e-15,0.029999999329447746
5,5,42,256,0.5,220000,0,1.1547866821289063,0.6059289455413819,24.252391815185547,4.8504783630371096,7.600410073093222,1.5200820146186445,1.5791964707954023,1.5606689453125,4.8504791259765625,9.399517161791034e-15,0.026799999177455902
5,5,42,256,0.5,225000,0,1.1603376388549804,0.6637237071990967,24.252391815185547,4.8504783630371096,7.753523654694362,1.5507047309388724,1.6098191871156302,1.5913661956787108,4.8504791259765625,9.399517161791034e-15,0.03139999881386757
5,5,42,256,0.5,230000,0,1.160927677154541,0.5987776756286621,24.252391815185547,4.8504783630371096,7.769798845041855,1.553959769008371,1.6130742251851289,1.594689178466797,4.8504791259765625,9.399517161791034e-15,0.03060000017285347
5,5,42,256,0.5,235000,0,1.176224136352539,0.5939435958862305,24.252391815185547,4.8504783630371096,8.191725328925209,1.6383450657850418,1.6974595219617996,1.688603401184082,4.8504791259765625,9.399517161791034e-15,0.030799999833106995
5,5,42,256,0.5,240000,0,1.1673433303833007,0.6290577411651611,24.252391815185547,4.8504783630371096,7.946763590515744,1.5893527181031488,1.6484671742799066,1.641252326965332,4.8504791259765625,9.399517161791034e-15,0.03460000082850456
5,5,42,256,0.5,245000,0,1.1808765411376954,0.6621699333190918,24.252391815185547,4.8504783630371096,8.320053902694745,1.664010780538949,1.7231252367157068,1.6984333038330077,4.8504791259765625,9.399517161791034e-15,0.029999999329447746
5,5,42,256,0.5,250000,0,1.170799446105957,0.6379149913787842,24.252391815185547,4.8504783630371096,8.0420945907086,1.60841891814172,1.667533374318478,1.6635522842407227,4.8504791259765625,9.399517161791034e-15,0.031199999153614044
5,5,42,256,0.5,255000,0,1.1765857696533204,0.6094035148620606,24.252391815185547,4.8504783630371096,8.201700360733462,1.6403400721466923,1.6994545283234501,1.6780250549316407,4.8504791259765625,9.399517161791034e-15,0.03920000046491623
5,5,42,256,0.5,260000,0,1.1818132400512695,0.6144690990447998,24.252391815185547,4.8504783630371096,8.345891129071518,1.6691782258143035,1.7282926819910613,1.7199966430664062,4.8504791259765625,9.399517161791034e-15,0.04399999976158142
5,5,42,256,0.5,265000,0,1.1853917121887207,0.6021771430969238,24.252391815185547,4.8504783630371096,8.44459712024802,1.688919424049604,1.7480338802263617,1.756923294067383,4.8504791259765625,9.399517161791034e-15,0.044599998742341995
5,5,42,256,0.5,270000,0,1.1882136344909668,0.6575037956237793,24.252391815185547,4.8504783630371096,8.52243498712734,1.7044869974254682,1.763601453602226,1.762029266357422,4.8504791259765625,9.399517161791034e-15,0.039799999445676804
5,5,42,256,0.5,275000,0,1.1990562438964845,0.6194602012634277,24.252391815185547,4.8504783630371096,8.821509694768785,1.764301938953757,1.823416395130515,1.7966974258422852,4.8504791259765625,9.399517161791034e-15,0.0421999990940094
5,5,42,256,0.5,280000,0,1.1980506896972656,0.6702140808105469,24.252391815185547,4.8504783630371096,8.793773213917973,1.7587546427835945,1.8178690989603523,1.793701171875,4.8504791259765625,9.399517161791034e-15,0.03739999979734421
5,5,42,256,0.5,285000,0,1.1929939270019532,0.6507802963256836,24.252391815185547,4.8504783630371096,8.654291123569578,1.7308582247139157,1.7899726808906735,1.767702865600586,4.8504791259765625,9.399517161791034e-15,0.04259999841451645
5,5,42,256,0.5,290000,0,1.2078235626220704,0.6470464706420899,24.252391815185547,4.8504783630371096,9.06334108300635,1.81266821660127,1.8717826727780278,1.862862777709961,4.8504791259765625,9.399517161791034e-15,0.040800001472234726
5,5,42,256,0.5,295000,0,1.187574863433838,0.6328047275543213,24.252391815185547,4.8504783630371096,8.504815587588382,1.7009631175176765,1.7600775736944343,1.7638494491577148,4.8504791259765625,9.399517161791034e-15,0.04540000110864639
5,5,42,256,0.5,300000,1,1.1899107933044433,0.6200272560119628,24.252391815185547,4.8504783630371096,8.569248190202174,1.7138496380404349,1.7729640942171927,1.7451919555664062,4.8504791259765625,9.399517161791034e-15,0.04859999939799309
8,5,42,256,0.5,1,0,1.0082213878631592,0.9741235375404358,33.34353256225586,4.167941570281982,11.152548487692776,1.394068560961597,1.4678042749203373,1.7446987628936768,4.732622146606445,0.568010151386261,0.0
8,5,42,256,0.5,5000,0,0.781520426273346,0.7579490542411804,33.34353256225586,4.167941570281982,1.1474995148864977,0.1434374393608122,0.21717315331955245,0.7362939119338989,4.732622146606445,0.568010151386261,0.00019999999494757503
8,5,42,256,0.5,10000,0,0.7793949842453003,0.7315851449966431,33.34353256225586,4.167941570281982,1.053696862130515,0.13171210776631437,0.2054478217250546,0.7661811113357544,4.732622146606445,0.568010151386261,0.00019999999494757503
8,5,42,256,0.5,15000,0,0.779973030090332,0.7406191825866699,33.34353256225586,4.167941570281982,1.079207900758277,0.13490098759478464,0.20863670155352487,0.7658655643463135,4.732622146606445,0.568010151386261,0.00019999999494757503
8,5,42,256,0.5,20000,0,0.7773562669754028,0.7153673768043518,33.34353256225586,4.167941570281982,0.9637216543326019,0.12046520679157524,0.19420092075031548,0.7586463093757629,4.732622146606445,0.568010151386261,0.00039999998989515007
8,5,42,256,0.5,25000,0,0.781964123249054,0.7149820923805237,33.34353256225586,4.167941570281982,1.1670813020122068,0.14588516275152585,0.2196208767102661,0.767988920211792,4.732622146606445,0.568010151386261,0.0007999999797903001
8,5,42,256,0.5,30000,0,0.783454179763794,0.7087799310684204,33.34353256225586,4.167941570281982,1.2328423305392775,0.1541052913174097,0.22784100527614992,0.7768861055374146,4.732622146606445,0.568010151386261,0.0006000000284984708
8,5,42,256,0.5,35000,0,0.7886338829994202,0.6802101135253906,33.34353256225586,4.167941570281982,1.461439440024904,0.182679930003113,0.25641564396185323,0.782407283782959,4.732622146606445,0.568010151386261,0.00039999998989515007
8,5,42,256,0.5,40000,0,0.7961745858192444,0.6951630115509033,33.34353256225586,4.167941570281982,1.7942351214928465,0.2242793901866058,0.29801510414534604,0.8507596850395203,4.732622146606445,0.568010151386261,0.00019999999494757503
8,5,42,256,0.5,45000,0,0.7977303266525269,0.6838045716285706,33.34353256225586,4.167941570281982,1.8628950121118777,0.2328618765139847,0.30659759047272495,0.824324905872345,4.732622146606445,0.568010151386261,0.0006000000284984708
8,5,42,256,0.5,50000,0,0.8038870096206665,0.6613464951515198,33.34353256225586,4.167941570281982,2.134609407032414,0.2668261758790518,0.340561889837792,0.8504731059074402,4.732622146606445,0.568010151386261,0.0006000000284984708
8,5,42,256,0.5,55000,0,0.8104751706123352,0.6374337673187256,33.34353256225586,4.167941570281982,2.4253663270742507,0.30317079088428134,0.3769065048430216,0.9058526754379272,4.732622146606445,0.568010151386261,0.0007999999797903001
8,5,42,256,0.5,60000,0,0.8174856901168823,0.6630949974060059,33.34353256225586,4.167941570281982,2.7347632986438626,0.3418454123304828,0.41558112628922306,0.9521722793579102,4.732622146606445,0.568010151386261,0.0006000000284984708
8,5,42,256,0.5,65000,0,0.8217759132385254,0.6423585414886475,33.34353256225586,4.167941570281982,2.924104764755377,0.36551309559442213,0.43924880955316237,0.9626508951187134,4.732622146606445,0.568010151386261,0.0007999999797903001
8,5,42,256,0.5,70000,0,0.828378438949585,0.6466546654701233,33.34353256225586,4.167941570281982,3.2154956464706856,0.4019369558088357,0.47567266976757594,0.9999005794525146,4.732622146606445,0.568010151386261,0.00039999998989515007
8,5,42,256,0.5,75000,0,0.8362637758255005,0.6307264566421509,33.34353256225586,4.167941570281982,3.563501147009127,0.4454376433761409,0.5191733573348811,1.0252952575683594,4.732622146606445,0.568010151386261,0.0007999999797903001
8,5,42,256,0.5,80000,0,0.849295437335968,0.6305795311927795,33.34353256225586,4.167941570281982,4.13863065106996,0.517328831383745,0.5910645453424852,1.1153359413146973,4.732622146606445,0.568010151386261,0.0010000000474974513
8,5,42,256,0.5,85000,0,0.845433235168457,0.6340330839157104,33.34353256225586,4.167941570281982,3.9681791383907026,0.4960223922988378,0.5697581062575781,1.0784834623336792,4.732622146606445,0.568010151386261,0.0006000000284984708
8,5,42,256,0.5,90000,0,0.8544102907180786,0.6327810287475586,33.34353256225586,4.167941570281982,4.364365726112709,0.5455457157640886,0.6192814297228288,1.1354968547821045,4.732622146606445,0.568010151386261,0.0015999999595806003
8,5,42,256,0.5,95000,0,0.8736830949783325,0.6180741190910339,33.34353256225586,4.167941570281982,5.214937109290354,0.6518671386612942,0.7256028526200344,1.2350045442581177,4.732622146606445,0.568010151386261,0.0006000000284984708
8,5,42,256,0.5,100000,0,0.8739100694656372,0.6200410723686218,33.34353256225586,4.167941570281982,5.224954229840421,0.6531192787300526,0.7268549926887928,1.2533586025238037,4.732622146606445,0.568010151386261,0.00139999995008111
8,5,42,256,0.5,105000,0,0.8822412490844727,0.5935056209564209,33.34353256225586,4.167941570281982,5.5926362171736415,0.6990795271467052,0.7728152411054454,1.2691303491592407,4.732622146606445,0.568010151386261,0.0012000000569969416
8,5,42,256,0.5,110000,0,0.8872279524803162,0.5762585401535034,33.34353256225586,4.167941570281982,5.812715617536078,0.7265894521920098,0.80032516615075,1.3060626983642578,4.732622146606445,0.568010151386261,0.0017999999690800905
8,5,42,256,0.5,115000,0,0.8980481624603271,0.5636883974075317,33.34353256225586,4.167941570281982,6.290246590439203,0.7862808238049004,0.8600165377636406,1.3805997371673584,4.732622146606445,0.568010151386261,0.0010000000474974513
8,5,42,256,0.5,120000,0,0.9051001071929932,0.5677187442779541,33.34353256225586,4.167941570281982,6.601471791731058,0.8251839739663822,0.8989196879251224,1.411773443222046,4.732622146606445,0.568010151386261,0.00139999995008111
8,5,42,256,0.5,125000,0,0.9122692346572876,0.6001656651496887,33.34353256225586,4.167941570281982,6.9178686471724475,0.8647335808965559,0.9384692948552962,1.4422539472579956,4.732622146606445,0.568010151386261,0.00279999990016222
8,5,42,256,0.5,130000,0,0.9275655746459961,0.5804457068443298,33.34353256225586,4.167941570281982,7.592945760293084,0.9491182200366355,1.0228539339953757,1.4997854232788086,4.732622146606445,0.568010151386261,0.002400000113993883
8,5,42,256,0.5,135000,0,0.9300092458724976,0.5624779462814331,33.34353256225586,4.167941570281982,7.700792900080792,0.962599112510099,1.0363348264688392,1.5167527198791504,4.732622146606445,0.568010151386261,0.002199999988079071
8,5,42,256,0.5,140000,0,0.9359579086303711,0.5406862497329712,33.34353256225586,4.167941570281982,7.963326688194677,0.9954158360243346,1.0691515499830748,1.571274757385254,4.732622146606445,0.568010151386261,0.0034000000450760126
8,5,42,256,0.5,145000,0,0.951143205165863,0.5311815142631531,33.34353256225586,4.167941570281982,8.633503093441163,1.0791878866801454,1.1529236006388857,1.6503114700317383,4.732622146606445,0.568010151386261,0.004600000102072954
8,5,42,256,0.5,150000,0,0.952802300453186,0.556941568851471,33.34353256225586,4.167941570281982,8.706724351453524,1.0883405439316904,1.1620762578904307,1.6467242240905762,4.732622146606445,0.568010151386261,0.003000000026077032
8,5,42,256,0.5,155000,0,0.9581867456436157,0.5349802374839783,33.34353256225586,4.167941570281982,8.944357387695838,1.1180446734619798,1.19178038742072,1.6978380680084229,4.732622146606445,0.568010151386261,0.003800000064074993
8,5,42,256,0.5,160000,0,0.9739214181900024,0.5324141979217529,33.34353256225586,4.167941570281982,9.63877953876952,1.20484744234619,1.2785831563049301,1.7373909950256348,4.732622146606445,0.568010151386261,0.004399999976158142
8,5,42,256,0.5,165000,0,0.982837438583374,0.5269893407821655,33.34353256225586,4.167941570281982,10.032272447015885,1.2540340558769856,1.3277697698357258,1.805943250656128,4.732622146606445,0.568010151386261,0.006800000090152025
8,5,42,256,0.5,170000,0,0.9790671467781067,0.5149616003036499,33.34353256225586,4.167941570281982,9.865877236828275,1.2332346546035344,1.3069703685622747,1.7941498756408691,4.732622146606445,0.568010151386261,0.004800000227987766
8,5,42,256,0.5,175000,0,0.9924232363700867,0.5227847099304199,33.34353256225586,4.167941570281982,10.455324804742567,1.3069156005928209,1.380651314551561,1.8024040460586548,4.732622146606445,0.568010151386261,0.003800000064074993
8,5,42,256,0.5,180000,0,0.9989405870437622,0.5304158329963684,33.34353256225586,4.167941570281982,10.74295663570524,1.342869579463155,1.4166052934218953,1.8627161979675293,4.732622146606445,0.568010151386261,0.006000000052154064
8,5,42,256,0.5,185000,0,0.9942852258682251,0.5286727547645569,33.34353256225586,4.167941570281982,10.537500442574377,1.317187555321797,1.3909232692805373,1.8721362352371216,4.732622146606445,0.568010151386261,0.006599999964237213
8,5,42,256,0.5,190000,0,1.0111807584762573,0.5282967686653137,33.34353256225586,4.167941570281982,11.283155114612619,1.4103943893265773,1.4841301032853176,1.973502516746521,4.732622146606445,0.568010151386261,0.00559999980032444
8,5,42,256,0.5,195000,0,1.0295710563659668,0.5016417503356934,33.34353256225586,4.167941570281982,12.094778628340613,1.5118473285425766,1.5855830425013169,2.0556070804595947,4.732622146606445,0.568010151386261,0.00800000037997961
8,5,42,256,0.5,200000,0,1.023003101348877,0.4948907792568207,33.34353256225586,4.167941570281982,11.80491346351581,1.4756141829394762,1.5493498968982164,2.0299439430236816,4.732622146606445,0.568010151386261,0.00839999970048666
8,5,42,256,0.5,205000,0,1.0297108888626099,0.5158207416534424,33.34353256225586,4.167941570281982,12.100949890108069,1.5126187362635086,1.5863544502222489,2.063619613647461,4.732622146606445,0.568010151386261,0.008799999952316284
8,5,42,256,0.5,210000,0,1.0241048336029053,0.49633821845054626,33.34353256225586,4.167941570281982,11.853536482488352,1.481692060311044,1.5554277742697842,2.0098347663879395,4.732622146606445,0.568010151386261,0.00860000029206276
8,5,42,256,0.5,215000,0,1.0412522554397583,0.48829513788223267,33.34353256225586,4.167941570281982,12.610307843456368,1.576288480432046,1.6500241943907863,2.0733351707458496,4.732622146606445,0.568010151386261,0.00839999970048666
8,5,42,256,0.5,220000,0,1.0340466499328613,0.5026150345802307,33.34353256225586,4.167941570281982,12.292301093640866,1.5365376367051082,1.6102733506638485,2.091197967529297,4.732622146606445,0.568010151386261,0.009999999776482582
8,5,42,256,0.5,225000,0,1.0439181327819824,0.510384738445282,33.34353256225586,4.167941570281982,12.727961660085114,1.5909952075106393,1.6647309214693795,2.117198944091797,4.732622146606445,0.568010151386261,0.01140000019222498
8,5,42,256,0.5,230000,0,1.0418860912322998,0.4864027500152588,33.34353256225586,4.167941570281982,12.638281073479845,1.5797851341849807,1.653520848143721,2.1149041652679443,4.732622146606445,0.568010151386261,0.009600000455975533
8,5,42,256,0.5,235000,0,1.0474853515625,0.48824575543403625,33.34353256225586,4.167941570281982,12.885394598814194,1.6106743248517743,1.6844100388105145,2.215362548828125,4.732622146606445,0.568010151386261,0.01080000028014183
8,5,42,256,0.5,240000,0,1.0455901622772217,0.5062191486358643,33.34353256225586,4.167941570281982,12.801753746658235,1.6002192183322794,1.6739549322910197,2.1738216876983643,4.732622146606445,0.568010151386261,0.011800000444054604
8,5,42,256,0.5,245000,0,1.057053565979004,0.4773552417755127,33.34353256225586,4.167941570281982,13.307670945363817,1.6634588681704772,1.7371945821292174,2.1977529525756836,4.732622146606445,0.568010151386261,0.009999999776482582
8,5,42,256,0.5,250000,0,1.0637584924697876,0.4860178232192993,33.34353256225586,4.167941570281982,13.603581105730647,1.700447638216331,1.7741833521750712,2.2021303176879883,4.732622146606445,0.568010151386261,0.013199999928474426
8,5,42,256,0.5,255000,0,1.0637714862823486,0.47696200013160706,33.34353256225586,4.167941570281982,13.60415456483777,1.7005193206047213,1.7742550345634616,2.2659096717834473,4.732622146606445,0.568010151386261,0.017799999564886093
8,5,42,256,0.5,260000,0,1.070083498954773,0.5104602575302124,33.34353256225586,4.167941570281982,13.882724163580122,1.7353405204475152,1.8090762344062554,2.2579431533813477,4.732622146606445,0.568010151386261,0.01600000075995922
8,5,42,256,0.5,265000,0,1.0759363174438477,0.49134591221809387,33.34353256225586,4.167941570281982,14.141028033142398,1.7676285041427997,1.84136421810154,2.229327440261841,4.732622146606445,0.568010151386261,0.014999999664723873
8,5,42,256,0.5,270000,0,1.0810742378234863,0.47099000215530396,33.34353256225586,4.167941570281982,14.367781129627609,1.7959726412034511,1.8697083551621914,2.264718532562256,4.732622146606445,0.568010151386261,0.013399999588727951
8,5,42,256,0.5,275000,0,1.0772690773010254,0.47413843870162964,33.34353256225586,4.167941570281982,14.199847049817677,1.7749808812272097,1.8487165951859499,2.288357973098755,4.732622146606445,0.568010151386261,0.02019999921321869
8,5,42,256,0.5,280000,0,1.0669554471969604,0.47513407468795776,33.34353256225586,4.167941570281982,13.744673090453162,1.7180841363066452,1.7918198502653855,2.2656021118164062,4.732622146606445,0.568010151386261,0.023399999365210533
8,5,42,256,0.5,285000,0,1.0694602727890015,0.4559761583805084,33.34353256225586,4.167941570281982,13.855219170809242,1.7319023963511553,1.8056381103098955,2.2686150074005127,4.732622146606445,0.568010151386261,0.018799999728798866
8,5,42,256,0.5,290000,0,1.0789766311645508,0.4777660071849823,33.34353256225586,4.167941570281982,14.275206942023111,1.7844008677528889,1.858136581711629,2.292360305786133,4.732622146606445,0.568010151386261,0.017400000244379044
8,5,42,256,0.5,295000,0,1.0714290142059326,0.4629059433937073,33.34353256225586,4.167941570281982,13.942106117177069,1.7427632646471336,1.8164989786058738,2.2472667694091797,4.732622146606445,0.568010151386261,0.01679999940097332
8,5,42,256,0.5,300000,1,1.0778958797454834,0.4633041024208069,33.34353256225586,4.167941570281982,14.22750987537033,1.7784387344212913,1.8521744483800315,2.3299195766448975,4.732622146606445,0.568010151386261,0.020400000736117363
