d_lat,d_int,seed,hidden,sigma_noise,step,is_final,test_loss,train_loss,C,C_per_dim,corrected_error,corrected_error_per_dim,corrected_error_per_dim_popC,logged_score_error_BUGGY,C_bug_per_dim,mismatch_per_dim,memorization_fraction
100,5,42,800,0.01,1,0,1.0074375915527343,0.9941188049316406,24.77051544189453,0.2477051544189453,530.9981042546019,5.309981042546019,5.315734101933226,6.200948486328125,1.2479874420166015,1.008038787841797,0.0
100,5,42,800,0.01,5000,0,0.17876335144042968,0.175389347076416,24.77051544189453,0.2477051544189453,73.84706833244171,0.7384706833244171,0.7442237427116241,1.6414649963378907,1.2479874420166015,1.008038787841797,0.0
100,5,42,800,0.01,10000,0,0.06431018352508545,0.06395681381225586,24.77051544189453,0.2477051544189453,10.70719774833659,0.1070719774833659,0.11282503687057294,1.1560491943359374,1.2479874420166015,1.008038787841797,0.0
100,5,42,800,0.01,15000,0,0.057068252563476564,0.05641479015350342,24.77051544189453,0.2477051544189453,6.712073873449874,0.06712073873449874,0.07287379812170577,1.1725889587402343,1.2479874420166015,1.008038787841797,0.0
100,5,42,800,0.01,20000,0,0.05602066040039062,0.056125030517578126,24.77051544189453,0.2477051544189453,6.134153359697969,0.061341533596979685,0.06709459298418671,1.166407928466797,1.2479874420166015,1.008038787841797,0.0
100,5,42,800,0.01,25000,0,0.05718955516815186,0.054838738441467284,24.77051544189453,0.2477051544189453,6.77899234237664,0.0677899234237664,0.07354298281097343,1.1734347534179688,1.2479874420166015,1.008038787841797,0.0
100,5,42,800,0.01,30000,0,0.05629652976989746,0.053838920593261716,24.77051544189453,0.2477051544189453,6.286340988979351,0.06286340988979351,0.06861646927700055,1.1641390991210938,1.2479874420166015,1.008038787841797,0.0
100,5,42,800,0.01,35000,0,0.056758761405944824,0.05683440685272217,24.77051544189453,0.2477051544189453,6.541338261763418,0.06541338261763417,0.07116644200484121,1.1632767486572266,1.2479874420166015,1.008038787841797,0.0
100,5,42,800,0.01,40000,0,0.0543632984161377,0.051061763763427734,24.77051544189453,0.2477051544189453,5.21984383814635,0.0521984383814635,0.05795149776867053,1.1455087280273437,1.2479874420166015,1.008038787841797,0.0
100,5,42,800,0.01,45000,0,0.05426290512084961,0.05432952880859375,24.77051544189453,0.2477051544189453,5.1644603150210635,0.05164460315021063,0.05739766253741767,1.1455836486816406,1.2479874420166015,1.008038787841797,0.0
100,5,42,800,0.01,50000,0,0.05462146759033203,0.05327830791473389,24.77051544189453,0.2477051544189453,5.362266879328509,0.05362266879328509,0.05937572818049212,1.1384153747558594,1.2479874420166015,1.008038787841797,0.0
100,5,42,800,0.01,55000,0,0.053347930908203126,0.0538015079498291,24.77051544189453,0.2477051544189453,4.659700556715173,0.046597005567151725,0.05235006495435876,1.1304180145263671,1.2479874420166015,1.008038787841797,0.0
100,5,42,800,0.01,60000,0,0.05211456775665283,0.04999802589416504,24.77051544189453,0.2477051544189453,3.979296587209589,0.03979296587209589,0.04554602525930292,1.1219439697265625,1.2479874420166015,1.008038787841797,0.0
100,5,42,800,0.01,65000,0,0.05128618240356445,0.04865417003631592,24.77051544189453,0.2477051544189453,3.5223049203082795,0.03522304920308279,0.04097610859028983,1.1117870330810546,1.2479874420166015,1.008038787841797,0.0
100,5,42,800,0.01,70000,0,0.05163495063781738,0.0496187162399292,24.77051544189453,0.2477051544189453,3.7147083423862526,0.037147083423862526,0.042900142811069554,1.1081254577636719,1.2479874420166015,1.008038787841797,0.0
100,5,42,800,0.01,75000,0,0.05134507656097412,0.050095105171203615,24.77051544189453,0.2477051544189453,3.5547947984369195,0.035547947984369194,0.04130100737157623,1.1106112670898438,1.2479874420166015,1.008038787841797,0.0
100,5,42,800,0.01,80000,0,0.05047556400299072,0.05132309913635254,24.77051544189453,0.2477051544189453,3.075114669155276,0.030751146691552763,0.036504206078759795,1.1014129638671875,1.2479874420166015,1.008038787841797,0.0
100,5,42,800,0.01,85000,0,0.05090414047241211,0.05052685737609863,24.77051544189453,0.2477051544189453,3.311545545709734,0.03311545545709734,0.03886851484430437,1.1073959350585938,1.2479874420166015,1.008038787841797,0.0
100,5,42,800,0.01,90000,0,0.05040624618530273,0.04856075763702392,24.77051544189453,0.2477051544189453,3.036874416677257,0.03036874416677257,0.036121803553979606,1.1036731719970703,1.2479874420166015,1.008038787841797,0.0
100,5,42,800,0.01,95000,0,0.050315561294555666,0.04974800109863281,24.77051544189453,0.2477051544189453,2.9868466859469116,0.029868466859469117,0.035621526246676145,1.1074603271484376,1.2479874420166015,1.008038787841797,0.0
100,5,42,800,0.01,100000,0,0.05000517845153809,0.049974617958068845,24.77051544189453,0.2477051544189453,2.815619162090588,0.02815619162090588,0.03390925100811291,1.1010306549072266,1.2479874420166015,1.008038787841797,0.0
100,5,42,800,0.01,105000,0,0.05004448413848877,0.047589893341064456,24.77051544189453,0.2477051544189453,2.8373027557602803,0.028373027557602803,0.034126086944809834,1.1042324829101562,1.2479874420166015,1.008038787841797,0.0
100,5,42,800,0.01,110000,0,0.04947138786315918,0.049019789695739745,24.77051544189453,0.2477051544189453,2.521145280037917,0.02521145280037917,0.030964512187586203,1.093526611328125,1.2479874420166015,1.008038787841797,0.0
100,5,42,800,0.01,115000,0,0.04997302055358887,0.05115473747253418,24.77051544189453,0.2477051544189453,2.7978787574189354,0.027978787574189354,0.03373184696139639,1.0960804748535156,1.2479874420166015,1.008038787841797,0.0
100,5,42,800,0.01,120000,0,0.04942948341369629,0.04894652843475342,24.77051544189453,0.2477051544189453,2.498028038600424,0.02498028038600424,0.03073333977321127,1.086665725708008,1.2479874420166015,1.008038787841797,0.0
100,5,42,800,0.01,125000,0,0.04917295932769775,0.04742616653442383,24.77051544189453,0.2477051544189453,2.3565125359134775,0.023565125359134777,0.029318184746341805,1.0912191009521484,1.2479874420166015,1.008038787841797,0.0
100,5,42,800,0.01,130000,0,0.04924558162689209,0.04664228916168213,24.77051544189453,0.2477051544189453,2.396575757021015,0.02396575757021015,0.029718816957417182,1.0891629028320313,1.2479874420166015,1.008038787841797,0.0
100,5,42,800,0.01,135000,0,0.049393744468688966,0.04926634311676025,24.77051544189453,0.2477051544189453,2.4783120936102065,0.024783120936102066,0.030536180323309098,1.0904026794433594,1.2479874420166015,1.008038787841797,0.0
100,5,42,800,0.01,140000,0,0.04907548904418945,0.04859459400177002,24.77051544189453,0.2477051544189453,2.3027415377086733,0.023027415377086732,0.028780474764293764,1.0868978881835938,1.2479874420166015,1.008038787841797,0.0
100,5,42,800,0.01,145000,0,0.0491527271270752,0.04833026885986328,24.77051544189453,0.2477051544189453,2.3453511276955332,0.023453511276955333,0.029206570664162365,1.0860795593261718,1.2479874420166015,1.008038787841797,0.0
100,5,42,800,0.01,150000,0,0.04874028205871582,0.04616029262542724,24.77051544189453,0.2477051544189453,2.117819389486897,0.02117819389486897,0.026931253282076,1.0751658630371095,1.2479874420166015,1.008038787841797,0.0
100,5,42,800,0.01,155000,0,0.04865882396697998,0.0471074628829956,24.77051544189453,0.2477051544189453,2.0728817659688374,0.020728817659688373,0.026481877046895405,1.077979736328125,1.2479874420166015,1.008038787841797,0.0
100,5,42,800,0.01,160000,0,0.048611078262329105,0.04709176540374756,24.77051544189453,0.2477051544189453,2.0465421052367425,0.020465421052367424,0.026218480439574456,1.0781997680664062,1.2479874420166015,1.008038787841797,0.0
100,5,42,800,0.01,165000,0,0.048797931671142575,0.04795065402984619,24.77051544189453,0.2477051544189453,2.149622695014809,0.021496226950148092,0.027249286337355124,1.0870649719238281,1.2479874420166015,1.008038787841797,0.0
100,5,42,800,0.01,170000,0,0.04843497276306152,0.04528969287872314,24.77051544189453,0.2477051544189453,1.949390766960736,0.01949390766960736,0.025246967056814392,1.074661865234375,1.2479874420166015,1.008038787841797,0.0
100,5,42,800,0.01,175000,0,0.048289732933044435,0.04475634098052979,24.77051544189453,0.2477051544189453,1.8692669552920265,0.018692669552920264,0.024445728940127295,1.0745451354980469,1.2479874420166015,1.008038787841797,0.0
100,5,42,800,0.01,180000,0,0.048367576599121095,0.04665776252746582,24.77051544189453,0.2477051544189453,1.9122106246669794,0.019122106246669796,0.024875165633876827,1.0764364624023437,1.2479874420166015,1.008038787841797,0.0
100,5,42,800,0.01,185000,0,0.048788318634033205,0.04651727676391602,24.77051544189453,0.2477051544189453,2.144319513547128,0.021443195135471278,0.02719625452267831,1.0709872436523438,1.2479874420166015,1.008038787841797,0.0
100,5,42,800,0.01,190000,0,0.04843438148498535,0.04489718914031982,24.77051544189453,0.2477051544189453,1.9490645792117327,0.019490645792117327,0.02524370517932436,1.0706818389892578,1.2479874420166015,1.008038787841797,0.0
100,5,42,800,0.01,195000,0,0.04844084739685059,0.046359686851501464,24.77051544189453,0.2477051544189453,1.9526316000798758,0.01952631600079876,0.02527937538800579,1.0715840148925782,1.2479874420166015,1.008038787841797,0.0
100,5,42,800,0.01,200000,0,0.04796430587768555,0.0432996654510498,24.77051544189453,0.2477051544189453,1.6897400576606323,0.01689740057660632,0.022650459963813353,1.068212890625,1.2479874420166015,1.008038787841797,0.0
100,5,42,800,0.01,205000,0,0.04820250988006592,0.04772860050201416,24.77051544189453,0.2477051544189453,1.8211490012211726,0.018211490012211725,0.023964549399418757,1.0726343536376952,1.2479874420166015,1.008038787841797,0.0
100,5,42,800,0.01,210000,0,0.04799976348876953,0.04987032413482666,24.77051544189453,0.2477051544189453,1.7093008004154377,0.017093008004154378,0.02284606739136141,1.0623529052734375,1.2479874420166015,1.008038787841797,0.0
100,5,42,800,0.01,215000,0,0.04805288314819336,0.04723977565765381,24.77051544189453,0.2477051544189453,1.7386050868985592,0.017386050868985592,0.023139110256192624,1.0649478149414062,1.2479874420166015,1.008038787841797,0.0
100,5,42,800,0.01,220000,0,0.04779876708984375,0.044630722999572756,24.77051544189453,0.2477051544189453,1.5984180101248988,0.01598418010124899,0.02173723948845602,1.0632894897460938,1.2479874420166015,1.008038787841797,0.0
100,5,42,800,0.01,225000,0,0.04800389289855957,0.0447805643081665,24.77051544189453,0.2477051544189453,1.7115788535657401,0.0171157885356574,0.022868847922864432,1.0666878509521485,1.2479874420166015,1.008038787841797,0.0
100,5,42,800,0.01,230000,0,0.04796882629394531,0.0443436336517334,24.77051544189453,0.2477051544189453,1.692233815612699,0.016922338156126992,0.02267539754333402,1.0571234130859375,1.2479874420166015,1.008038787841797,0.0
100,5,42,800,0.01,235000,0,0.04808853149414063,0.04474371910095215,24.77051544189453,0.2477051544189453,1.7582710515078794,0.017582710515078794,0.023335769902285825,1.0687132263183594,1.2479874420166015,1.008038787841797,0.0
100,5,42,800,0.01,240000,0,0.047929325103759766,0.04546310901641846,24.77051544189453,0.2477051544189453,1.6704423695421262,0.016704423695421262,0.022457483082628293,1.0639139556884765,1.2479874420166015,1.008038787841797,0.0
100,5,42,800,0.01,245000,0,0.047644128799438475,0.04558358669281006,24.77051544189453,0.2477051544189453,1.5131093915748366,0.015131093915748366,0.020884153302955396,1.0618685913085937,1.2479874420166015,1.008038787841797,0.0
100,5,42,800,0.01,250000,0,0.04800334930419922,0.048103313446044925,24.77051544189453,0.2477051544189453,1.7112789712803647,0.017112789712803646,0.022865849100010677,1.0604866027832032,1.2479874420166015,1.008038787841797,0.0
100,5,42,800,0.01,255000,0,0.047791633605957035,0.04439037322998047,24.77051544189453,0.2477051544189453,1.5944827127659416,0.015944827127659416,0.021697886514866448,1.0555821990966796,1.2479874420166015,1.008038787841797,0.0
100,5,42,800,0.01,260000,0,0.04792679786682129,0.04564025402069092,24.77051544189453,0.2477051544189453,1.6690481799697672,0.016690481799697673,0.022443541186904704,1.0591412353515626,1.2479874420166015,1.008038787841797,0.0
100,5,42,800,0.01,265000,0,0.04812990188598633,0.04747025012969971,24.77051544189453,0.2477051544189453,1.7810936717527248,0.01781093671752725,0.02356399610473428,1.04968017578125,1.2479874420166015,1.008038787841797,0.0
100,5,42,800,0.01,270000,0,0.04780174255371094,0.04679319858551025,24.77051544189453,0.2477051544189453,1.6000594710553706,0.016000594710553706,0.021753654097760738,1.0539956665039063,1.2479874420166015,1.008038787841797,0.0
100,5,42,800,0.01,275000,0,0.04789306163787842,0.045068826675415036,24.77051544189453,0.2477051544189453,1.6504370644519852,0.01650437064451985,0.022257430031726883,1.0434498596191406,1.2479874420166015,1.008038787841797,0.0
100,5,42,800,0.01,280000,0,0.04772006988525391,0.045260462760925296,24.77051544189453,0.2477051544189453,1.555003472950979,0.01555003472950979,0.021303094116716822,1.0559664154052735,1.2479874420166015,1.008038787841797,0.0
100,5,42,800,0.01,285000,0,0.04798916816711426,0.044480328559875486,24.77051544189453,0.2477051544189453,1.7034557263969887,0.017034557263969886,0.022787616651176918,1.0497079467773438,1.2479874420166015,1.008038787841797,0.0
100,5,42,800,0.01,290000,0,0.048164072036743166,0.04438941955566406,24.77051544189453,0.2477051544189453,1.7999441669895369,0.01799944166989537,0.0237525010571024,1.056965560913086,1.2479874420166015,1.008038787841797,0.0
100,5,42,800,0.01,295000,0,0.047486371994018554,0.04435496330261231,24.77051544189453,0.2477051544189453,1.426080395703412,0.014260803957034121,0.020013863344241153,1.0448374938964844,1.2479874420166015,1.008038787841797,0.0
100,5,42,800,0.01,300000,1,0.04751034736633301,0.04485445976257324,24.77051544189453,0.2477051544189453,1.4393067828162636,0.014393067828162636,0.020146127215369666,1.0531034088134765,1.2479874420166015,1.008038787841797,0.0
10,5,42,80,0.01,1,0,1.0054094314575195,1.0342039108276366,24.330047607421875,2.4330047607421874,31.13492775544514,3.113492775544514,3.147768021211018,7.03365478515625,7.365989685058594,4.888487243652344,0.0
10,5,42,80,0.01,5000,0,0.5555666923522949,0.5629037857055664,24.330047607421875,2.4330047607421874,6.3186532497786345,0.6318653249778634,0.6661405706443674,4.681956481933594,7.365989685058594,4.888487243652344,0.00019999999494757503
10,5,42,80,0.01,10000,0,0.47347655296325686,0.46471452713012695,24.330047607421875,2.4330047607421874,1.7900230059318574,0.17900230059318573,0.21327754625968964,4.96649398803711,7.365989685058594,4.888487243652344,0.0
10,5,42,80,0.01,15000,0,0.4620859146118164,0.4409471988677979,24.330047607421875,2.4330047607421874,1.1616407212997224,0.11616407212997223,0.15043931779647615,5.381858825683594,7.365989685058594,4.888487243652344,0.00039999998989515007
10,5,42,80,0.01,20000,0,0.46135787963867186,0.4528689384460449,24.330047607421875,2.4330047607421874,1.1214775394303942,0.11214775394303941,0.14642299960954333,5.316680908203125,7.365989685058594,4.888487243652344,0.0006000000284984708
10,5,42,80,0.01,25000,0,0.45757246017456055,0.4444995403289795,24.330047607421875,2.4330047607421874,0.9126489858622406,0.09126489858622407,0.12554014425272797,5.243988418579102,7.365989685058594,4.888487243652344,0.0
10,5,42,80,0.01,30000,0,0.458250904083252,0.42497920989990234,24.330047607421875,2.4330047607421874,0.9500763995141135,0.09500763995141134,0.12928288561791526,5.172246932983398,7.365989685058594,4.888487243652344,0.00019999999494757503
10,5,42,80,0.01,35000,0,0.45679464340209963,0.4566373348236084,24.330047607421875,2.4330047607421874,0.8697395135900052,0.08697395135900052,0.12124919702550443,5.190797424316406,7.365989685058594,4.888487243652344,0.0
10,5,42,80,0.01,40000,0,0.45505337715148925,0.427447509765625,24.330047607421875,2.4330047607421874,0.7736798520546166,0.07736798520546166,0.11164323087196557,5.1850025177001955,7.365989685058594,4.888487243652344,0.0
10,5,42,80,0.01,45000,0,0.4557769298553467,0.4269556999206543,24.330047607421875,2.4330047607421874,0.8135957625658321,0.08135957625658322,0.11563482192308712,5.160826873779297,7.365989685058594,4.888487243652344,0.0006000000284984708
10,5,42,80,0.01,50000,0,0.45487470626831056,0.43486642837524414,24.330047607421875,2.4330047607421874,0.7638231948326926,0.07638231948326926,0.11065756514977317,5.1613105773925785,7.365989685058594,4.888487243652344,0.0006000000284984708
10,5,42,80,0.01,55000,0,0.45436916351318357,0.43071975708007815,24.330047607421875,2.4330047607421874,0.7359341422928303,0.07359341422928303,0.10786865989578694,5.134593200683594,7.365989685058594,4.888487243652344,0.00039999998989515007
10,5,42,80,0.01,60000,0,0.45391044616699217,0.42610740661621094,24.330047607421875,2.4330047607421874,0.71062828628137,0.071062828628137,0.1053380742946409,5.122792053222656,7.365989685058594,4.888487243652344,0.0006000000284984708
10,5,42,80,0.01,65000,0,0.45351624488830566,0.41580567359924314,24.330047607421875,2.4330047607421874,0.6888815594989666,0.06888815594989665,0.10316340161640056,5.134523010253906,7.365989685058594,4.888487243652344,0.00039999998989515007
10,5,42,80,0.01,70000,0,0.4550790309906006,0.44279961585998534,24.330047607421875,2.4330047607421874,0.7750950859978794,0.07750950859978793,0.11178475426629184,5.128404998779297,7.365989685058594,4.888487243652344,0.00039999998989515007
10,5,42,80,0.01,75000,0,0.4531882286071777,0.4482399940490723,24.330047607421875,2.4330047607421874,0.6707860310683209,0.06707860310683209,0.101353848773336,5.120227813720703,7.365989685058594,4.888487243652344,0.00039999998989515007
10,5,42,80,0.01,80000,0,0.4528780460357666,0.4561981201171875,24.330047607421875,2.4330047607421874,0.6536743269774128,0.06536743269774128,0.09964267836424519,5.102082824707031,7.365989685058594,4.888487243652344,0.00039999998989515007
10,5,42,80,0.01,85000,0,0.4544990539550781,0.4374228000640869,24.330047607421875,2.4330047607421874,0.743099750585472,0.0743099750585472,0.1085852207250511,5.1117088317871096,7.365989685058594,4.888487243652344,0.0007999999797903001
10,5,42,80,0.01,90000,0,0.45280141830444337,0.43087124824523926,24.330047607421875,2.4330047607421874,0.6494470389721698,0.06494470389721699,0.09921994956372089,5.032580184936523,7.365989685058594,4.888487243652344,0.0006000000284984708
10,5,42,80,0.01,95000,0,0.452268648147583,0.4580081939697266,24.330047607421875,2.4330047607421874,0.6200559444590716,0.06200559444590716,0.09628084011241107,5.051072311401367,7.365989685058594,4.888487243652344,0.00039999998989515007
10,5,42,80,0.01,100000,0,0.45281481742858887,0.43283591270446775,24.330047607421875,2.4330047607421874,0.6501862225001567,0.06501862225001567,0.09929386791651958,5.055551147460937,7.365989685058594,4.888487243652344,0.0012000000569969416
10,5,42,80,0.01,105000,0,0.45359554290771487,0.4291248798370361,24.330047607421875,2.4330047607421874,0.6932561581005316,0.06932561581005317,0.10360086147655707,5.070393753051758,7.365989685058594,4.888487243652344,0.0006000000284984708
10,5,42,80,0.01,110000,0,0.45285282135009763,0.45073575973510743,24.330047607421875,2.4330047607421874,0.6522827679514194,0.06522827679514194,0.09950352246164584,5.02983512878418,7.365989685058594,4.888487243652344,0.00039999998989515007
10,5,42,80,0.01,115000,0,0.45270466804504395,0.4272116184234619,24.330047607421875,2.4330047607421874,0.6441096604017709,0.06441096604017708,0.09868621170668099,5.048296737670898,7.365989685058594,4.888487243652344,0.00139999995008111
10,5,42,80,0.01,120000,0,0.4512789249420166,0.43166661262512207,24.330047607421875,2.4330047607421874,0.5654563241499417,0.056545632414994176,0.09082087808149808,5.059033203125,7.365989685058594,4.888487243652344,0.0015999999595806003
10,5,42,80,0.01,125000,0,0.4520610809326172,0.40204648971557616,24.330047607421875,2.4330047607421874,0.6086051761412037,0.06086051761412037,0.09513576328062427,5.034481811523437,7.365989685058594,4.888487243652344,0.0010000000474974513
10,5,42,80,0.01,130000,0,0.45189390182495115,0.4314323902130127,24.330047607421875,2.4330047607421874,0.5993824805927446,0.05993824805927446,0.09421349372577836,5.027328872680664,7.365989685058594,4.888487243652344,0.0006000000284984708
10,5,42,80,0.01,135000,0,0.4521965026855469,0.4346603870391846,24.330047607421875,2.4330047607421874,0.6160759278119485,0.061607592781194855,0.09588283844769876,4.989897918701172,7.365989685058594,4.888487243652344,0.0015999999595806003
10,5,42,80,0.01,140000,0,0.4522115707397461,0.4296728610992432,24.330047607421875,2.4330047607421874,0.6169071804626363,0.06169071804626362,0.09596596371276753,4.96777572631836,7.365989685058594,4.888487243652344,0.0007999999797903001
10,5,42,80,0.01,145000,0,0.45183210372924804,0.4167959213256836,24.330047607421875,2.4330047607421874,0.595973292506379,0.0595973292506379,0.09387257491714181,4.996198272705078,7.365989685058594,4.888487243652344,0.0007999999797903001
10,5,42,80,0.01,150000,0,0.4524369239807129,0.4296894550323486,24.330047607421875,2.4330047607421874,0.6293391425738761,0.06293391425738762,0.09720915992389152,4.992340087890625,7.365989685058594,4.888487243652344,0.0007999999797903001
10,5,42,80,0.01,155000,0,0.4525175094604492,0.4236907958984375,24.330047607421875,2.4330047607421874,0.633784765927242,0.06337847659272419,0.09765372225922811,5.017276000976563,7.365989685058594,4.888487243652344,0.0006000000284984708
10,5,42,80,0.01,160000,0,0.45145068168640134,0.45404462814331054,24.330047607421875,2.4330047607421874,0.5749315521492413,0.05749315521492413,0.09176840088142804,5.0013671875,7.365989685058594,4.888487243652344,0.00019999999494757503
10,5,42,80,0.01,165000,0,0.45180683135986327,0.4133595943450928,24.330047607421875,2.4330047607421874,0.5945791029340235,0.05945791029340235,0.09373315595990625,4.9866798400878904,7.365989685058594,4.888487243652344,0.00139999995008111
10,5,42,80,0.01,170000,0,0.4523425579071045,0.43602519035339354,24.330047607421875,2.4330047607421874,0.6241332913216233,0.06241332913216233,0.09668857479866624,4.9816436767578125,7.365989685058594,4.888487243652344,0.0006000000284984708
10,5,42,80,0.01,175000,0,0.45224847793579104,0.4309908390045166,24.330047607421875,2.4330047607421874,0.61894322334755,0.061894322334755,0.0961695680012589,4.984821319580078,7.365989685058594,4.888487243652344,0.0015999999595806003
10,5,42,80,0.01,180000,0,0.4536418914794922,0.41611652374267577,24.330047607421875,2.4330047607421874,0.6958130491653058,0.06958130491653058,0.10385655058303449,4.934566879272461,7.365989685058594,4.888487243652344,0.0006000000284984708
10,5,42,80,0.01,185000,0,0.4524110794067383,0.41882033348083497,24.330047607421875,2.4330047607421874,0.6279133864451651,0.06279133864451651,0.09706658431102042,5.022691345214843,7.365989685058594,4.888487243652344,0.0007999999797903001
10,5,42,80,0.01,190000,0,0.4530651092529297,0.41779232025146484,24.330047607421875,2.4330047607421874,0.663993960359214,0.0663993960359214,0.10067464170242531,4.981990051269531,7.365989685058594,4.888487243652344,0.00039999998989515007
10,5,42,80,0.01,195000,0,0.4525142192840576,0.42025437355041506,24.330047607421875,2.4330047607421874,0.6336032582281987,0.06336032582281988,0.09763557148932378,4.959526824951172,7.365989685058594,4.888487243652344,0.00039999998989515007
10,5,42,80,0.01,200000,0,0.4526728630065918,0.4337799549102783,24.330047607421875,2.4330047607421874,0.642355085977691,0.0642355085977691,0.098510754264273,5.0119178771972654,7.365989685058594,4.888487243652344,0.0006000000284984708
10,5,42,80,0.01,205000,0,0.4537055015563965,0.4165534019470215,24.330047607421875,2.4330047607421874,0.6993221980134656,0.06993221980134656,0.10420746546785047,5.013628005981445,7.365989685058594,4.888487243652344,0.00039999998989515007
10,5,42,80,0.01,210000,0,0.45272488594055177,0.41986637115478515,24.330047607421875,2.4330047607421874,0.6452250120596581,0.06452250120596581,0.09879774687246971,4.97232666015625,7.365989685058594,4.888487243652344,0.0010000000474974513
10,5,42,80,0.01,215000,0,0.4549563407897949,0.4430915355682373,24.330047607421875,2.4330047607421874,0.7683266902060417,0.07683266902060418,0.11110791468710808,4.956087493896485,7.365989685058594,4.888487243652344,0.0012000000569969416
10,5,42,80,0.01,220000,0,0.4537595272064209,0.4282111644744873,24.330047607421875,2.4330047607421874,0.7023026070426752,0.07023026070426752,0.10450550637077143,4.97313346862793,7.365989685058594,4.888487243652344,0.00039999998989515007
10,5,42,80,0.01,225000,0,0.45354771614074707,0.42635278701782225,24.330047607421875,2.4330047607421874,0.6906177200985049,0.06906177200985049,0.10333701767635439,4.936144256591797,7.365989685058594,4.888487243652344,0.0012000000569969416
10,5,42,80,0.01,230000,0,0.4525411605834961,0.43033385276794434,24.330047607421875,2.4330047607421874,0.6350895169232587,0.06350895169232587,0.09778419735882977,5.010372924804687,7.365989685058594,4.888487243652344,0.0012000000569969416
10,5,42,80,0.01,235000,0,0.4536327362060547,0.40918788909912107,24.330047607421875,2.4330047607421874,0.6953079842636214,0.06953079842636214,0.10380604409286605,4.979037857055664,7.365989685058594,4.888487243652344,0.00139999995008111
10,5,42,80,0.01,240000,0,0.45433244705200193,0.4192453384399414,24.330047607421875,2.4330047607421874,0.7339086215933683,0.07339086215933684,0.10766610782584074,4.976927947998047,7.365989685058594,4.888487243652344,0.0017999999690800905
10,5,42,80,0.01,245000,0,0.45363101959228513,0.40701842308044434,24.330047607421875,2.4330047607421874,0.6952132845945584,0.06952132845945584,0.10379657412595975,4.975956726074219,7.365989685058594,4.888487243652344,0.0007999999797903001
10,5,42,80,0.01,250000,0,0.45460033416748047,0.4069211483001709,24.330047607421875,2.4330047607421874,0.7486870310603493,0.07486870310603493,0.10914394877253883,4.945637512207031,7.365989685058594,4.888487243652344,0.00139999995008111
10,5,42,80,0.01,255000,0,0.4553778648376465,0.42403812408447267,24.330047607421875,2.4330047607421874,0.7915807200544087,0.07915807200544087,0.11343331767194478,4.940848922729492,7.365989685058594,4.888487243652344,0.0006000000284984708
10,5,42,80,0.01,260000,0,0.4550014019012451,0.4228183746337891,24.330047607421875,2.4330047607421874,0.7708125565190151,0.07708125565190152,0.11135650131840542,4.978694915771484,7.365989685058594,4.888487243652344,0.00039999998989515007
10,5,42,80,0.01,265000,0,0.45455589294433596,0.405610466003418,24.330047607421875,2.4330047607421874,0.7462353618500934,0.07462353618500935,0.10889878185151325,4.912435913085938,7.365989685058594,4.888487243652344,0.00039999998989515007
10,5,42,80,0.01,270000,0,0.45470056533813474,0.41031641960144044,24.330047607421875,2.4330047607421874,0.7542164395152433,0.07542164395152433,0.10969688961802823,4.95842170715332,7.365989685058594,4.888487243652344,0.0012000000569969416
10,5,42,80,0.01,275000,0,0.4551993370056152,0.3955976486206055,24.330047607421875,2.4330047607421874,0.7817319544715708,0.07817319544715709,0.112448441113661,4.969464111328125,7.365989685058594,4.888487243652344,0.0012000000569969416
10,5,42,80,0.01,280000,0,0.454762601852417,0.42696518898010255,24.330047607421875,2.4330047607421874,0.7576387803334264,0.07576387803334264,0.11003912369984654,4.9588775634765625,7.365989685058594,4.888487243652344,0.0007999999797903001
10,5,42,80,0.01,285000,0,0.45447597503662107,0.438795804977417,24.330047607421875,2.4330047607421874,0.7418265661458072,0.07418265661458072,0.10845790228108462,4.9588062286376955,7.365989685058594,4.888487243652344,0.0017999999690800905
10,5,42,80,0.01,290000,0,0.4539339065551758,0.4216879367828369,24.330047607421875,2.4330047607421874,0.7119225150919348,0.07119225150919348,0.1054674971756974,4.964485168457031,7.365989685058594,4.888487243652344,0.00039999998989515007
10,5,42,80,0.01,295000,0,0.4547072410583496,0.419981861114502,24.330047607421875,2.4330047607421874,0.7545847160060539,0.0754584716006054,0.1097337172671093,4.937277603149414,7.365989685058594,4.888487243652344,0.0007999999797903001
10,5,42,80,0.01,300000,1,0.45434417724609377,0.4140791416168213,24.330047607421875,2.4330047607421874,0.7345557359986508,0.07345557359986507,0.10773081926636899,4.950716018676758,7.365989685058594,4.888487243652344,0.00139999995008111
150,5,42,1200,0.01,1,0,1.0042635091145833,0.9962559000651041,24.075824737548828,0.16050549825032553,806.9505568747301,5.3796703791648675,5.3778328140607,5.985721842447917,0.8446830749511719,0.6909402465820312,0.0
150,5,42,1200,0.01,5000,0,0.1985842514038086,0.19639832814534505,24.075824737548828,0.16050549825032553,140.25231264024862,0.9350154176016574,0.9331778524974907,1.542885538736979,0.8446830749511719,0.6909402465820312,0.0
150,5,42,1200,0.01,10000,0,0.08090010325113932,0.07891761779785156,24.075824737548828,0.16050549825032553,42.8688759975481,0.2857925066503207,0.283954941546154,0.9752426147460938,0.8446830749511719,0.6909402465820312,0.0
150,5,42,1200,0.01,15000,0,0.04442936261494954,0.0429128901163737,24.075824737548828,0.16050549825032553,12.689398847836564,0.08459599231891043,0.08275842721474376,0.8265194702148437,0.8446830749511719,0.6909402465820312,0.0
150,5,42,1200,0.01,20000,0,0.044061044057210286,0.04363088607788086,24.075824737548828,0.16050549825032553,12.384615854587544,0.0825641056972503,0.08072654059308362,0.8420896402994792,0.8446830749511719,0.6909402465820312,0.0
150,5,42,1200,0.01,25000,0,0.04382712999979655,0.04147632598876953,24.075824737548828,0.16050549825032553,12.191052361563521,0.08127368241042347,0.07943611730625681,0.8470078531901042,0.8446830749511719,0.6909402465820312,0.0
150,5,42,1200,0.01,30000,0,0.041761194864908854,0.04316552797953288,24.075824737548828,0.16050549825032553,10.481494477393191,0.06987662984928794,0.06803906474512128,0.836514892578125,0.8446830749511719,0.6909402465820312,0.0
150,5,42,1200,0.01,35000,0,0.04559560139973958,0.046985807418823244,24.075824737548828,0.16050549825032553,13.65445950036834,0.0910297300024556,0.08919216489828893,0.8537946573893229,0.8446830749511719,0.6909402465820312,0.0
150,5,42,1200,0.01,40000,0,0.04122764269510905,0.04092821756998698,24.075824737548828,0.16050549825032553,10.039980945291404,0.06693320630194269,0.06509564119777603,0.8316161092122396,0.8446830749511719,0.6909402465820312,0.0
150,5,42,1200,0.01,45000,0,0.043270238240559894,0.0411961841583252,24.075824737548828,0.16050549825032553,11.730225358065049,0.07820150238710033,0.07636393728293366,0.835455322265625,0.8446830749511719,0.6909402465820312,0.0
150,5,42,1200,0.01,50000,0,0.03845689137776693,0.038606125513712564,24.075824737548828,0.16050549825032553,7.747188843716039,0.05164792562477359,0.049810360520606924,0.809534912109375,0.8446830749511719,0.6909402465820312,0.0
150,5,42,1200,0.01,55000,0,0.041770397822062176,0.04145832379659017,24.075824737548828,0.16050549825032553,10.489109909113893,0.06992739939409262,0.06808983428992595,0.8263834635416667,0.8446830749511719,0.6909402465820312,0.0
150,5,42,1200,0.01,60000,0,0.03878766377766927,0.039976129531860354,24.075824737548828,0.16050549825032553,8.020902453872402,0.053472683025816016,0.05163511792164935,0.8090815734863281,0.8446830749511719,0.6909402465820312,0.0
150,5,42,1200,0.01,65000,0,0.0368738333384196,0.03598156293233236,24.075824737548828,0.16050549825032553,6.437210952075912,0.042914739680506075,0.041077174576339415,0.7986941528320313,0.8446830749511719,0.6909402465820312,0.0
150,5,42,1200,0.01,70000,0,0.03932323137919108,0.03910666465759277,24.075824737548828,0.16050549825032553,8.464083752368289,0.05642722501578859,0.05458965991162193,0.8108824666341146,0.8446830749511719,0.6909402465820312,0.0
150,5,42,1200,0.01,75000,0,0.03680344581604004,0.03661266009012858,24.075824737548828,0.16050549825032553,6.378965394507748,0.04252643596338499,0.040688870859218323,0.798536376953125,0.8446830749511719,0.6909402465820312,0.0
150,5,42,1200,0.01,80000,0,0.03675022125244141,0.03595180511474609,24.075824737548828,0.16050549825032553,6.334922156753084,0.04223281437835389,0.04039524927418723,0.7981569417317709,0.8446830749511719,0.6909402465820312,0.0
150,5,42,1200,0.01,85000,0,0.03758473714192708,0.03704428672790527,24.075824737548828,0.16050549825032553,7.025482665765971,0.04683655110510647,0.0449989860009398,0.8041194661458333,0.8446830749511719,0.6909402465820312,0.0
150,5,42,1200,0.01,90000,0,0.03659233729044596,0.035990056991577146,24.075824737548828,0.16050549825032553,6.204273441091434,0.04136182294060956,0.039524257836442894,0.7917680867513021,0.8446830749511719,0.6909402465820312,0.0
150,5,42,1200,0.01,95000,0,0.03553015391031901,0.03581122398376465,24.075824737548828,0.16050549825032553,5.325318462657691,0.03550212308438461,0.03366455798021794,0.7853371175130208,0.8446830749511719,0.6909402465820312,0.0
150,5,42,1200,0.01,100000,0,0.03659435272216797,0.036708316802978515,24.075824737548828,0.16050549825032553,6.205941207485537,0.04137294138323692,0.03953537627907025,0.7918464152018229,0.8446830749511719,0.6909402465820312,0.0
150,5,42,1200,0.01,105000,0,0.03740655581156413,0.036465756098429364,24.075824737548828,0.16050549825032553,6.878037911576964,0.04585358607717976,0.0440160209730131,0.7968626912434896,0.8446830749511719,0.6909402465820312,0.0
150,5,42,1200,0.01,110000,0,0.036610310872395836,0.03821706771850586,24.075824737548828,0.16050549825032553,6.219146550227482,0.04146097700151655,0.03962341189734988,0.7902456665039063,0.8446830749511719,0.6909402465820312,0.0
150,5,42,1200,0.01,115000,0,0.03636356989542643,0.03781020164489746,24.075824737548828,0.16050549825032553,6.014968802629003,0.040099792017526684,0.038262226913360016,0.787554931640625,0.8446830749511719,0.6909402465820312,0.0
150,5,42,1200,0.01,120000,0,0.03527483622233073,0.0359302552541097,24.075824737548828,0.16050549825032553,5.114043500972009,0.034093623339813396,0.03225605823564673,0.7850047302246094,0.8446830749511719,0.6909402465820312,0.0
150,5,42,1200,0.01,125000,0,0.03679815928141276,0.03659436543782552,24.075824737548828,0.16050549825032553,6.374590795906183,0.04249727197270789,0.04065970686854122,0.7910750325520833,0.8446830749511719,0.6909402465820312,0.0
150,5,42,1200,0.01,130000,0,0.035956681569417316,0.03783997535705566,24.075824737548828,0.16050549825032553,5.678269390358462,0.03785512926905642,0.03601756416488975,0.7853806559244791,0.8446830749511719,0.6909402465820312,0.0
150,5,42,1200,0.01,135000,0,0.03529294967651367,0.03572899500528971,24.075824737548828,0.16050549825032553,5.12903235414802,0.034193549027653466,0.0323559839234868,0.778838399251302,0.8446830749511719,0.6909402465820312,0.0
150,5,42,1200,0.01,140000,0,0.03577528635660807,0.0354557991027832,24.075824737548828,0.16050549825032553,5.528165153796525,0.0368544343586435,0.035016869254476835,0.7833527628580729,0.8446830749511719,0.6909402465820312,0.0
150,5,42,1200,0.01,145000,0,0.034374936421712236,0.03429395039876302,24.075824737548828,0.16050549825032553,4.369377914366218,0.02912918609577479,0.02729162099160812,0.7730408732096354,0.8446830749511719,0.6909402465820312,0.0
150,5,42,1200,0.01,150000,0,0.03472864786783854,0.034715188344319664,24.075824737548828,0.16050549825032553,4.662073547077544,0.031080490313850292,0.029242925209683624,0.7755152384440104,0.8446830749511719,0.6909402465820312,0.0
150,5,42,1200,0.01,155000,0,0.034359957377115884,0.033891337712605794,24.075824737548828,0.16050549825032553,4.356982779904062,0.029046551866027077,0.027208986761860413,0.7729079691569011,0.8446830749511719,0.6909402465820312,0.0
150,5,42,1200,0.01,160000,0,0.033755404154459635,0.032962926228841144,24.075824737548828,0.16050549825032553,3.8567159947860716,0.025711439965240477,0.02387387486107381,0.7672321573893229,0.8446830749511719,0.6909402465820312,0.0
150,5,42,1200,0.01,165000,0,0.034363085428873695,0.034015836715698244,24.075824737548828,0.16050549825032553,4.359571237525195,0.029063808250167966,0.0272262431460013,0.7703716023763021,0.8446830749511719,0.6909402465820312,0.0
150,5,42,1200,0.01,170000,0,0.0339633051554362,0.03379289309183756,24.075824737548828,0.16050549825032553,4.028753726922179,0.026858358179481196,0.02502079307531453,0.7670145670572917,0.8446830749511719,0.6909402465820312,0.0
150,5,42,1200,0.01,175000,0,0.035109059015909834,0.03725752830505371,24.075824737548828,0.16050549825032553,4.97686313869119,0.0331790875912746,0.031341522487107934,0.7708333333333334,0.8446830749511719,0.6909402465820312,0.0
150,5,42,1200,0.01,180000,0,0.03369161287943522,0.035281222661336265,24.075824737548828,0.16050549825032553,3.803928820921005,0.0253595254728067,0.023521960368640033,0.7627190144856771,0.8446830749511719,0.6909402465820312,0.0
150,5,42,1200,0.01,185000,0,0.03386219024658203,0.03469055811564128,24.075824737548828,0.16050549825032553,3.945081308209865,0.026300542054732434,0.024462976950565766,0.7632049560546875,0.8446830749511719,0.6909402465820312,0.0
150,5,42,1200,0.01,190000,0,0.03423230489095052,0.03361900011698405,24.075824737548828,0.16050549825032553,4.2513505601539485,0.02834233706769299,0.026504771963526325,0.7648996988932292,0.8446830749511719,0.6909402465820312,0.0
150,5,42,1200,0.01,195000,0,0.034649260838826496,0.034105780919392904,24.075824737548828,0.16050549825032553,4.596380912755912,0.030642539418372746,0.02880497431420608,0.7640089416503906,0.8446830749511719,0.6909402465820312,0.0
150,5,42,1200,0.01,200000,0,0.033302809397379556,0.03286300341288249,24.075824737548828,0.16050549825032553,3.482194586909216,0.023214630579394775,0.021377065475228108,0.7613632710774739,0.8446830749511719,0.6909402465820312,0.0
150,5,42,1200,0.01,205000,0,0.033461716969807945,0.034272953669230145,24.075824737548828,0.16050549825032553,3.613690338499733,0.024091268923331556,0.02225370381916489,0.7591747029622395,0.8446830749511719,0.6909402465820312,0.0
150,5,42,1200,0.01,210000,0,0.03463671366373698,0.03425416628519694,24.075824737548828,0.16050549825032553,4.585998146261396,0.030573320975075972,0.028735755870909305,0.7639237467447917,0.8446830749511719,0.6909402465820312,0.0
150,5,42,1200,0.01,215000,0,0.0362692674001058,0.036060269673665366,24.075824737548828,0.16050549825032553,5.936933644772463,0.03957955763181642,0.03774199252764975,0.7749865214029948,0.8446830749511719,0.6909402465820312,0.0
150,5,42,1200,0.01,220000,0,0.033571090698242184,0.03305995941162109,24.075824737548828,0.16050549825032553,3.7041969166629514,0.024694646111086342,0.022857081006919674,0.7569968668619792,0.8446830749511719,0.6909402465820312,0.0
150,5,42,1200,0.01,225000,0,0.03414909998575846,0.03355836232503255,24.075824737548828,0.16050549825032553,4.182498639650422,0.027883324264336148,0.02604575916016948,0.7599458821614583,0.8446830749511719,0.6909402465820312,0.0
150,5,42,1200,0.01,230000,0,0.033656895955403644,0.03395992914835612,24.075824737548828,0.16050549825032553,3.775200624091365,0.0251680041606091,0.023330439056442435,0.7562828063964844,0.8446830749511719,0.6909402465820312,0.0
150,5,42,1200,0.01,235000,0,0.03404117266337077,0.03400526682535807,24.075824737548828,0.16050549825032553,4.093188960082333,0.02728792640054889,0.025450361296382222,0.7562943013509115,0.8446830749511719,0.6909402465820312,0.0
150,5,42,1200,0.01,240000,0,0.0350375493367513,0.03446340878804525,24.075824737548828,0.16050549825032553,4.9176889982569065,0.03278459332171271,0.030947028217546045,0.7597041829427084,0.8446830749511719,0.6909402465820312,0.0
150,5,42,1200,0.01,245000,0,0.03385301907857259,0.03379956563313802,24.075824737548828,0.16050549825032553,3.9374921819527913,0.026249947879685275,0.024412382775518607,0.7529556274414062,0.8446830749511719,0.6909402465820312,0.0
150,5,42,1200,0.01,250000,0,0.03339509963989258,0.0325659720102946,24.075824737548828,0.16050549825032553,3.558564608918015,0.023723764059453433,0.02188619895528677,0.7494010416666667,0.8446830749511719,0.6909402465820312,0.0
150,5,42,1200,0.01,255000,0,0.03306485493977865,0.03356692949930827,24.075824737548828,0.16050549825032553,3.285287669457894,0.02190191779638596,0.020064352692219293,0.7536170959472657,0.8446830749511719,0.6909402465820312,0.0
150,5,42,1200,0.01,260000,0,0.0335709285736084,0.03435392379760742,24.075824737548828,0.16050549825032553,3.7040627587984467,0.02469375172532298,0.02285618662115631,0.7542168172200521,0.8446830749511719,0.6909402465820312,0.0
150,5,42,1200,0.01,265000,0,0.032620391845703124,0.032388254801432294,24.075824737548828,0.16050549825032553,2.9174951991774343,0.01944996799451623,0.01761240289034956,0.7477344258626302,0.8446830749511719,0.6909402465820312,0.0
150,5,42,1200,0.01,270000,0,0.03406333923339844,0.03299192428588867,24.075824737548828,0.16050549825032553,4.111531759871095,0.027410211732473967,0.025572646628307303,0.7572286987304687,0.8446830749511719,0.6909402465820312,0.0
150,5,42,1200,0.01,275000,0,0.03378376007080078,0.03271207173665364,24.075824737548828,0.16050549825032553,3.880180468343468,0.025867869788956454,0.024030304684789786,0.7532352193196614,0.8446830749511719,0.6909402465820312,0.0
150,5,42,1200,0.01,280000,0,0.03294004440307617,0.03167753537495931,24.075824737548828,0.16050549825032553,3.182007158156246,0.021213381054374973,0.019375815950208305,0.7468226114908855,0.8446830749511719,0.6909402465820312,0.0
150,5,42,1200,0.01,285000,0,0.032951488494873046,0.032584460576375325,24.075824737548828,0.16050549825032553,3.1914771250628213,0.021276514167085477,0.01943894906291881,0.7482121785481771,0.8446830749511719,0.6909402465820312,0.0
150,5,42,1200,0.01,290000,0,0.032961279551188154,0.032583977381388345,24.075824737548828,0.16050549825032553,3.1995792078606655,0.021330528052404436,0.01949296294823777,0.7490528361002604,0.8446830749511719,0.6909402465820312,0.0
150,5,42,1200,0.01,295000,0,0.03270361582438151,0.0336489486694336,24.075824737548828,0.16050549825032553,2.9863629029591365,0.019909086019727577,0.01807152091556091,0.7498982238769532,0.8446830749511719,0.6909402465820312,0.0
150,5,42,1200,0.01,300000,1,0.03285720189412435,0.032741127014160154,24.075824737548828,0.16050549825032553,3.113455119938095,0.020756367466253967,0.0189188023620873,0.7450896199544271,0.8446830749511719,0.6909402465820312,0.0
15,5,42,120,0.01,1,0,1.0078895568847657,0.9933536529541016,24.423175811767578,1.6282117207845053,58.97951719867659,3.931967813245106,3.9598559205449106,8.537034098307291,6.961144002278646,5.359440612792969,0.0
15,5,42,120,0.01,5000,0,0.41919190088907876,0.41752522786458335,24.423175811767578,1.6282117207845053,10.264884187958792,0.6843256125305861,0.7122137198303908,5.342406209309896,6.961144002278646,5.359440612792969,0.0
15,5,42,120,0.01,10000,0,0.3134558359781901,0.29840949376424153,24.423175811767578,1.6282117207845053,1.5152424224935075,0.10101616149956717,0.12890426879937186,5.5658009847005205,6.961144002278646,5.359440612792969,0.0
15,5,42,120,0.01,15000,0,0.3112105051676432,0.31016890207926434,24.423175811767578,1.6282117207845053,1.3294416717865083,0.08862944478576722,0.11651755208557191,5.810978190104167,6.961144002278646,5.359440612792969,0.0
15,5,42,120,0.01,20000,0,0.3095881779988607,0.30996503829956057,24.423175811767578,1.6282117207845053,1.1951943687003599,0.07967962458002399,0.10756773187982868,5.726375834147135,6.961144002278646,5.359440612792969,0.0
15,5,42,120,0.01,25000,0,0.3088006337483724,0.2881649971008301,24.423175811767578,1.6282117207845053,1.1300252131049469,0.07533501420699645,0.10322312150680114,5.710595703125,6.961144002278646,5.359440612792969,0.0
15,5,42,120,0.01,30000,0,0.3068804105122884,0.2949049631754557,24.423175811767578,1.6282117207845053,0.9711270600517103,0.06474180400344735,0.09262991130325204,5.691288248697917,6.961144002278646,5.359440612792969,0.00019999999494757503
15,5,42,120,0.01,35000,0,0.30840714772542316,0.3213068962097168,24.423175811767578,1.6282117207845053,1.0974643102245096,0.07316428734830065,0.10105239464810532,5.678464762369791,6.961144002278646,5.359440612792969,0.0
15,5,42,120,0.01,40000,0,0.3065100987752279,0.2961160977681478,24.423175811767578,1.6282117207845053,0.9404838254698547,0.06269892169799031,0.090587028997795,5.650959777832031,6.961144002278646,5.359440612792969,0.0
15,5,42,120,0.01,45000,0,0.305482006072998,0.30318028132120767,24.423175811767578,1.6282117207845053,0.8554093255460948,0.05702728836973966,0.08491539566954434,5.60430908203125,6.961144002278646,5.359440612792969,0.00019999999494757503
15,5,42,120,0.01,50000,0,0.30454686482747395,0.3028159777323405,24.423175811767578,1.6282117207845053,0.7780265431875613,0.05186843621250408,0.07975654351230878,5.616448974609375,6.961144002278646,5.359440612792969,0.0
15,5,42,120,0.01,55000,0,0.3057362238566081,0.29335219065348306,24.423175811767578,1.6282117207845053,0.8764458048105048,0.058429720320700325,0.08631782762050501,5.610104370117187,6.961144002278646,5.359440612792969,0.0
15,5,42,120,0.01,60000,0,0.30479615529378257,0.29399401346842446,24.423175811767578,1.6282117207845053,0.7986552877657189,0.053243685851047926,0.08113179315085262,5.607331848144531,6.961144002278646,5.359440612792969,0.0
15,5,42,120,0.01,65000,0,0.30537967681884765,0.28947699864705406,24.423175811767578,1.6282117207845053,0.8469415968037985,0.05646277312025324,0.08435088042005792,5.562211100260416,6.961144002278646,5.359440612792969,0.0
15,5,42,120,0.01,70000,0,0.304288387298584,0.2893619219462077,24.423175811767578,1.6282117207845053,0.7566375707105166,0.05044250471403444,0.07833061201383913,5.551298014322916,6.961144002278646,5.359440612792969,0.0
15,5,42,120,0.01,75000,0,0.3035490353902181,0.2919776916503906,24.423175811767578,1.6282117207845053,0.69545632340132,0.04636375489342134,0.07425186219322602,5.5806218465169275,6.961144002278646,5.359440612792969,0.0
15,5,42,120,0.01,80000,0,0.30584789911905924,0.2931433359781901,24.423175811767578,1.6282117207845053,0.885686914183502,0.05904579427890013,0.08693390157870481,5.557481892903646,6.961144002278646,5.359440612792969,0.00019999999494757503
15,5,42,120,0.01,85000,0,0.30353355407714844,0.28973782857259117,24.423175811767578,1.6282117207845053,0.6941752473225691,0.046278349821504604,0.07416645712130929,5.527147420247396,6.961144002278646,5.359440612792969,0.0
15,5,42,120,0.01,90000,0,0.3036482493082682,0.2957709948221842,24.423175811767578,1.6282117207845053,0.7036662586000482,0.04691108390666988,0.07479919120647456,5.503732299804687,6.961144002278646,5.359440612792969,0.00019999999494757503
15,5,42,120,0.01,95000,0,0.30382366180419923,0.30612319310506186,24.423175811767578,1.6282117207845053,0.7181816134307368,0.04787877422871579,0.07576688152852047,5.524122111002604,6.961144002278646,5.359440612792969,0.00019999999494757503
15,5,42,120,0.01,100000,0,0.30298693974812824,0.28791030248006183,24.423175811767578,1.6282117207845053,0.6489430026118583,0.04326286684079055,0.07115097414059525,5.5430353800455725,6.961144002278646,5.359440612792969,0.00019999999494757503
15,5,42,120,0.01,105000,0,0.3036054611206055,0.2859616279602051,24.423175811767578,1.6282117207845053,0.7001255431955329,0.04667503621303552,0.07456314351284021,5.472297159830729,6.961144002278646,5.359440612792969,0.0
15,5,42,120,0.01,110000,0,0.30311934153238934,0.3049147288004557,24.423175811767578,1.6282117207845053,0.6598992282134937,0.04399328188089958,0.07188138918070426,5.492283630371094,6.961144002278646,5.359440612792969,0.00019999999494757503
15,5,42,120,0.01,115000,0,0.30335763295491536,0.2838209788004557,24.423175811767578,1.6282117207845053,0.6796178037500731,0.045307853583338206,0.0731959608831429,5.480333455403646,6.961144002278646,5.359440612792969,0.0006000000284984708
15,5,42,120,0.01,120000,0,0.30303767522176106,0.2826133092244466,24.423175811767578,1.6282117207845053,0.6531413546071079,0.04354275697380719,0.07143086427361188,5.522702534993489,6.961144002278646,5.359440612792969,0.0
15,5,42,120,0.01,125000,0,0.30250749588012693,0.28619187672932944,24.423175811767578,1.6282117207845053,0.609269102366035,0.04061794015773567,0.06850604745754035,5.481768290201823,6.961144002278646,5.359440612792969,0.00019999999494757503
15,5,42,120,0.01,130000,0,0.3037898381551107,0.29357903798421225,24.423175811767578,1.6282117207845053,0.7153827121005705,0.0476921808067047,0.07558028810650938,5.507229614257812,6.961144002278646,5.359440612792969,0.00019999999494757503
15,5,42,120,0.01,135000,0,0.30327231089274087,0.2915274302164714,24.423175811767578,1.6282117207845053,0.6725574173119497,0.04483716115412998,0.07272526845393466,5.4514007568359375,6.961144002278646,5.359440612792969,0.0006000000284984708
15,5,42,120,0.01,140000,0,0.30299015045166017,0.2959347407023112,24.423175811767578,1.6282117207845053,0.6492086877945162,0.043280579186301085,0.07116868648610578,5.4668121337890625,6.961144002278646,5.359440612792969,0.0
15,5,42,120,0.01,145000,0,0.3031067212422689,0.2857405026753744,24.423175811767578,1.6282117207845053,0.6588549013074072,0.043923660087160483,0.07181176738696517,5.458188883463541,6.961144002278646,5.359440612792969,0.00019999999494757503
15,5,42,120,0.01,150000,0,0.30248394012451174,0.28460776011149086,24.423175811767578,1.6282117207845053,0.607319867511098,0.040487991167406534,0.06837609846721122,5.4757227579752605,6.961144002278646,5.359440612792969,0.0
15,5,42,120,0.01,155000,0,0.3035013198852539,0.2958270390828451,24.423175811767578,1.6282117207845053,0.6915078733105489,0.046100524887369924,0.07398863218717461,5.458904012044271,6.961144002278646,5.359440612792969,0.00019999999494757503
15,5,42,120,0.01,160000,0,0.303002134958903,0.2927870750427246,24.423175811767578,1.6282117207845053,0.6502004037733435,0.043346693584889566,0.07123480088469426,5.467245483398438,6.961144002278646,5.359440612792969,0.0
15,5,42,120,0.01,165000,0,0.30400079091389975,0.29068323771158855,24.423175811767578,1.6282117207845053,0.7328390177650235,0.04885593451766823,0.07674404181747292,5.438952128092448,6.961144002278646,5.359440612792969,0.00039999998989515007
15,5,42,120,0.01,170000,0,0.3027839660644531,0.29008344014485676,24.423175811767578,1.6282117207845053,0.6321469640845017,0.04214313093896678,0.07003123823877147,5.393985493977865,6.961144002278646,5.359440612792969,0.0
15,5,42,120,0.01,175000,0,0.3029012680053711,0.29212938944498695,24.423175811767578,1.6282117207845053,0.6418536801637416,0.04279024534424944,0.07067835264405413,5.446052042643229,6.961144002278646,5.359440612792969,0.0
15,5,42,120,0.01,180000,0,0.3029881795247396,0.30357818603515624,24.423175811767578,1.6282117207845053,0.6490455939200146,0.043269706261334306,0.071157813561139,5.400789388020834,6.961144002278646,5.359440612792969,0.00019999999494757503
15,5,42,120,0.01,185000,0,0.30251792271931965,0.29805965423583985,24.423175811767578,1.6282117207845053,0.6101319215730783,0.04067546143820522,0.06856356873800991,5.3970896402994795,6.961144002278646,5.359440612792969,0.00039999998989515007
15,5,42,120,0.01,190000,0,0.30246658325195314,0.28473078409830727,24.423175811767578,1.6282117207845053,0.6058835891969352,0.040392239279795676,0.06828034657960037,5.401204427083333,6.961144002278646,5.359440612792969,0.0
15,5,42,120,0.01,195000,0,0.30322990417480467,0.2816726048787435,24.423175811767578,1.6282117207845053,0.66904826846379,0.044603217897586,0.07249132519739068,5.427753702799479,6.961144002278646,5.359440612792969,0.00019999999494757503
15,5,42,120,0.01,200000,0,0.3024772644042969,0.2846252759297689,24.423175811767578,1.6282117207845053,0.6067674527748821,0.04045116351832547,0.06833927081813015,5.445925903320313,6.961144002278646,5.359440612792969,0.00019999999494757503
15,5,42,120,0.01,205000,0,0.30303115844726564,0.28049278259277344,24.423175811767578,1.6282117207845053,0.6526020926027059,0.043506806173513726,0.07139491347331842,5.441499837239584,6.961144002278646,5.359440612792969,0.0
15,5,42,120,0.01,210000,0,0.3031023025512695,0.2745663642883301,24.423175811767578,1.6282117207845053,0.6584892553629587,0.04389928369086391,0.0717873909906686,5.403016153971354,6.961144002278646,5.359440612792969,0.00039999998989515007
15,5,42,120,0.01,215000,0,0.30274810791015627,0.29785795211791993,24.423175811767578,1.6282117207845053,0.6291797077871095,0.04194531385247397,0.06983342115227865,5.38533935546875,6.961144002278646,5.359440612792969,0.0
15,5,42,120,0.01,220000,0,0.3029619216918945,0.2895544370015462,24.423175811767578,1.6282117207845053,0.646872762624227,0.04312485084161513,0.07101295814141982,5.383486938476563,6.961144002278646,5.359440612792969,0.00019999999494757503
15,5,42,120,0.01,225000,0,0.3034129460652669,0.27789605458577477,24.423175811767578,1.6282117207845053,0.6841949544215851,0.04561299696143901,0.07350110426124369,5.396126302083333,6.961144002278646,5.359440612792969,0.00019999999494757503
15,5,42,120,0.01,230000,0,0.3033891677856445,0.2751481374104818,24.423175811767578,1.6282117207845053,0.6822273057421064,0.0454818203828071,0.07336992768261179,5.427752685546875,6.961144002278646,5.359440612792969,0.0
15,5,42,120,0.01,235000,0,0.3024770736694336,0.28571513493855794,24.423175811767578,1.6282117207845053,0.6067516694967061,0.040450111299780406,0.0683382185995851,5.396358235677083,6.961144002278646,5.359440612792969,0.00019999999494757503
15,5,42,120,0.01,240000,0,0.302880859375,0.28900540669759117,24.423175811767578,1.6282117207845053,0.6401648693987383,0.042677657959915884,0.07056576525972057,5.370621744791666,6.961144002278646,5.359440612792969,0.00039999998989515007
15,5,42,120,0.01,245000,0,0.30333194732666013,0.2920490582784017,24.423175811767578,1.6282117207845053,0.6774923222888205,0.0451661548192547,0.07305426211905938,5.3541620890299475,6.961144002278646,5.359440612792969,0.0
15,5,42,120,0.01,250000,0,0.3028038660685221,0.2826656977335612,24.423175811767578,1.6282117207845053,0.6337936861077011,0.04225291240718008,0.07014101970698476,5.407579549153646,6.961144002278646,5.359440612792969,0.00019999999494757503
15,5,42,120,0.01,255000,0,0.30346530278523765,0.29151668548583987,24.423175811767578,1.6282117207845053,0.6885274642813428,0.04590183095208952,0.07378993825189421,5.376894124348959,6.961144002278646,5.359440612792969,0.0
15,5,42,120,0.01,260000,0,0.30272674560546875,0.2777274131774902,24.423175811767578,1.6282117207845053,0.6274119806312157,0.04182746537541438,0.06971557267521906,5.423008219401042,6.961144002278646,5.359440612792969,0.00019999999494757503
15,5,42,120,0.01,265000,0,0.3031267801920573,0.27607905069986977,24.423175811767578,1.6282117207845053,0.6605147760624206,0.044034318404161374,0.07192242570396606,5.408034261067709,6.961144002278646,5.359440612792969,0.00019999999494757503
15,5,42,120,0.01,270000,0,0.30236676534016926,0.2812870661417643,24.423175811767578,1.6282117207845053,0.5976236736173135,0.03984157824115423,0.06772968554095891,5.370296732584635,6.961144002278646,5.359440612792969,0.0006000000284984708
15,5,42,120,0.01,275000,0,0.3030636469523112,0.2918092727661133,24.423175811767578,1.6282117207845053,0.6552905109856262,0.04368603406570841,0.0715741413655131,5.355937703450521,6.961144002278646,5.359440612792969,0.0
15,5,42,120,0.01,280000,0,0.30229419072469077,0.2892435073852539,24.423175811767578,1.6282117207845053,0.5916181362707249,0.039441209084715,0.06732931638451968,5.397417704264323,6.961144002278646,5.359440612792969,0.00039999998989515007
15,5,42,120,0.01,285000,0,0.3030354181925456,0.2886940002441406,24.423175811767578,1.6282117207845053,0.6529545858153369,0.04353030572102246,0.07141841302082715,5.338968404134115,6.961144002278646,5.359440612792969,0.0
15,5,42,120,0.01,290000,0,0.30300381978352864,0.28676029841105144,24.423175811767578,1.6282117207845053,0.6503398227305794,0.04335598818203863,0.07124409548184332,5.367298380533854,6.961144002278646,5.359440612792969,0.00019999999494757503
15,5,42,120,0.01,295000,0,0.3037011464436849,0.28167813618977866,24.423175811767578,1.6282117207845053,0.7080434877479753,0.04720289918319835,0.07509100648300304,5.324699910481771,6.961144002278646,5.359440612792969,0.0
15,5,42,120,0.01,300000,1,0.3038476308186849,0.2796728769938151,24.423175811767578,1.6282117207845053,0.7201650453883914,0.048011003025892764,0.07589911032569745,5.3249567667643225,6.961144002278646,5.359440612792969,0.00019999999494757503
200,5,42,1600,0.01,1,0,1.003697967529297,0.9945929718017578,24.068008422851562,0.1203400421142578,1083.3431874333178,5.416715937166589,5.414770451097863,5.87639404296875,0.6310654830932617,0.5199263763427734,0.0
200,5,42,1600,0.01,5000,0,0.22085731506347656,0.21832771301269532,24.068008422851562,0.1203400421142578,219.61073887010664,1.0980536943505332,1.0961082082818077,1.5470465087890626,0.6310654830932617,0.5199263763427734,0.0
200,5,42,1600,0.01,10000,0,0.11075580596923829,0.1097126293182373,24.068008422851562,0.1203400421142578,98.13231827336438,0.49066159136682186,0.4887161052980963,0.9998426055908203,0.6310654830932617,0.5199263763427734,0.0
200,5,42,1600,0.01,15000,0,0.0503184700012207,0.049930267333984375,24.068008422851562,0.1203400421142578,31.449925099394108,0.15724962549697052,0.15530413942824495,0.6922930908203125,0.6310654830932617,0.5199263763427734,0.0
200,5,42,1600,0.01,20000,0,0.04197606086730957,0.04213125228881836,24.068008422851562,0.1203400421142578,22.245485542694205,0.11122742771347102,0.10928194164474543,0.6703975677490235,0.6310654830932617,0.5199263763427734,0.0
200,5,42,1600,0.01,25000,0,0.037838637828826904,0.037331457138061526,24.068008422851562,0.1203400421142578,17.680537975760707,0.08840268987880354,0.08645720381007795,0.6616787719726562,0.6310654830932617,0.5199263763427734,0.0
200,5,42,1600,0.01,30000,0,0.038100626468658444,0.037680163383483886,24.068008422851562,0.1203400421142578,17.969598193398447,0.08984799096699224,0.08790250489826665,0.6684361267089843,0.6310654830932617,0.5199263763427734,0.0
200,5,42,1600,0.01,35000,0,0.04282181739807129,0.042039413452148434,24.068008422851562,0.1203400421142578,23.178635037297177,0.11589317518648588,0.11394768911776029,0.6944332122802734,0.6310654830932617,0.5199263763427734,0.0
200,5,42,1600,0.01,40000,0,0.037268638610839844,0.037368059158325195,24.068008422851562,0.1203400421142578,17.05164010404144,0.0852582005202072,0.08331271445148161,0.6609261322021485,0.6310654830932617,0.5199263763427734,0.0
200,5,42,1600,0.01,45000,0,0.038817310333251955,0.03765852689743042,24.068008422851562,0.1203400421142578,18.76033779955109,0.09380168899775544,0.09185620292902985,0.6709077453613281,0.6310654830932617,0.5199263763427734,0.0
200,5,42,1600,0.01,50000,0,0.03312455177307129,0.03415856599807739,24.068008422851562,0.1203400421142578,12.47934016002354,0.0623967008001177,0.06045121473139212,0.6380048751831054,0.6310654830932617,0.5199263763427734,0.0
200,5,42,1600,0.01,55000,0,0.035973389148712155,0.036197340488433837,24.068008422851562,0.1203400421142578,15.6225510730875,0.0781127553654375,0.07616726929671191,0.6525323486328125,0.6310654830932617,0.5199263763427734,0.0
200,5,42,1600,0.01,60000,0,0.035924344062805175,0.03547517538070679,24.068008422851562,0.1203400421142578,15.568438103855513,0.07784219051927757,0.07589670445055198,0.6516101837158204,0.6310654830932617,0.5199263763427734,0.0
200,5,42,1600,0.01,65000,0,0.03180356979370117,0.03234286069869995,24.068008422851562,0.1203400421142578,11.02185964217442,0.0551092982108721,0.053163812142146515,0.6304108428955079,0.6310654830932617,0.5199263763427734,0.0
200,5,42,1600,0.01,70000,0,0.035374727249145504,0.03555793285369873,24.068008422851562,0.1203400421142578,14.962028772992994,0.07481014386496497,0.07286465779623938,0.6459149169921875,0.6310654830932617,0.5199263763427734,0.0
200,5,42,1600,0.01,75000,0,0.03144292831420899,0.031767580509185794,24.068008422851562,0.1203400421142578,10.62395267713105,0.05311976338565525,0.05117427731692967,0.6258479309082031,0.6310654830932617,0.5199263763427734,0.0
200,5,42,1600,0.01,80000,0,0.03364098310470581,0.03347905397415161,24.068008422851562,0.1203400421142578,13.049134916060332,0.06524567458030166,0.06330018851157608,0.6361888885498047,0.6310654830932617,0.5199263763427734,0.0
200,5,42,1600,0.01,85000,0,0.0322352933883667,0.031818909645080565,24.068008422851562,0.1203400421142578,11.498193716482405,0.057490968582412025,0.055545482513686434,0.6310461044311524,0.6310654830932617,0.5199263763427734,0.0
200,5,42,1600,0.01,90000,0,0.032150249481201175,0.0330057168006897,24.068008422851562,0.1203400421142578,11.404362127716432,0.05702181063858216,0.055076324569856575,0.6285730743408203,0.6310654830932617,0.5199263763427734,0.0
200,5,42,1600,0.01,95000,0,0.030686094760894775,0.03077173948287964,24.068008422851562,0.1203400421142578,9.788914670226546,0.04894457335113273,0.04699908728240715,0.6209304809570313,0.6310654830932617,0.5199263763427734,0.0
200,5,42,1600,0.01,100000,0,0.03328399419784546,0.03349256038665772,24.068008422851562,0.1203400421142578,12.655257948044977,0.06327628974022488,0.0613308036714993,0.6348680877685546,0.6310654830932617,0.5199263763427734,0.0
200,5,42,1600,0.01,105000,0,0.03289456129074097,0.032431144714355466,24.068008422851562,0.1203400421142578,12.225584505122775,0.06112792252561387,0.05918243645688829,0.6336322021484375,0.6310654830932617,0.5199263763427734,0.0
200,5,42,1600,0.01,110000,0,0.0323952579498291,0.03326781749725342,24.068008422851562,0.1203400421142578,11.674687594157326,0.05837343797078663,0.05642795190206105,0.6287332916259766,0.6310654830932617,0.5199263763427734,0.0
200,5,42,1600,0.01,115000,0,0.031054668426513672,0.03146589040756226,24.068008422851562,0.1203400421142578,10.195573463019407,0.050977867315097035,0.04903238124637145,0.6213999176025391,0.6310654830932617,0.5199263763427734,0.0
200,5,42,1600,0.01,120000,0,0.031037049293518068,0.030634751319885255,24.068008422851562,0.1203400421142578,10.1761337253973,0.0508806686269865,0.04893518255826091,0.622052230834961,0.6310654830932617,0.5199263763427734,0.0
200,5,42,1600,0.01,125000,0,0.032464382648468015,0.031991541385650635,24.068008422851562,0.1203400421142578,11.750955024857973,0.058754775124289865,0.05680928905556428,0.6283707427978515,0.6310654830932617,0.5199263763427734,0.0
200,5,42,1600,0.01,130000,0,0.03149199724197388,0.03221630096435547,24.068008422851562,0.1203400421142578,10.678091951826659,0.05339045975913329,0.05144497369040771,0.6243606567382812,0.6310654830932617,0.5199263763427734,0.0
200,5,42,1600,0.01,135000,0,0.03208178520202637,0.03192218542098999,24.068008422851562,0.1203400421142578,11.328823358358314,0.05664411679179157,0.05469863072306598,0.6258949279785156,0.6310654830932617,0.5199263763427734,0.0
200,5,42,1600,0.01,140000,0,0.031564640998840335,0.03136017322540283,24.068008422851562,0.1203400421142578,10.758242068959007,0.05379121034479503,0.05184572427606945,0.621927490234375,0.6310654830932617,0.5199263763427734,0.0
200,5,42,1600,0.01,145000,0,0.029924848079681397,0.03084010124206543,24.068008422851562,0.1203400421142578,8.949007522004251,0.04474503761002126,0.04279955154129567,0.6129423522949219,0.6310654830932617,0.5199263763427734,0.0
200,5,42,1600,0.01,150000,0,0.030672149658203127,0.03119945526123047,24.068008422851562,0.1203400421142578,9.773528604549725,0.048867643022748625,0.04692215695402304,0.6174913787841797,0.6310654830932617,0.5199263763427734,0.0
200,5,42,1600,0.01,155000,0,0.030146794319152834,0.030239641666412354,24.068008422851562,0.1203400421142578,9.193887713476457,0.04596943856738228,0.0440239524986567,0.612230339050293,0.6310654830932617,0.5199263763427734,0.0
200,5,42,1600,0.01,160000,0,0.030350575447082518,0.029969911575317382,24.068008422851562,0.1203400421142578,9.418725772209449,0.047093628861047246,0.045148142792321655,0.6155730819702149,0.6310654830932617,0.5199263763427734,0.0
200,5,42,1600,0.01,165000,0,0.03017261266708374,0.030529565811157226,24.068008422851562,0.1203400421142578,9.222373900040708,0.04611186950020354,0.044166383431477954,0.611634750366211,0.6310654830932617,0.5199263763427734,0.0
200,5,42,1600,0.01,170000,0,0.030762014389038087,0.030545659065246582,24.068008422851562,0.1203400421142578,9.872679158061565,0.049363395790307824,0.04741790972158224,0.6149760437011719,0.6310654830932617,0.5199263763427734,0.0
200,5,42,1600,0.01,175000,0,0.030498604774475097,0.031164915561676027,24.068008422851562,0.1203400421142578,9.582051134791506,0.04791025567395753,0.045964769605231943,0.6129950714111329,0.6310654830932617,0.5199263763427734,0.0
200,5,42,1600,0.01,180000,0,0.02968264579772949,0.03028994083404541,24.068008422851562,0.1203400421142578,8.681778208632522,0.04340889104316261,0.041463404974437026,0.6086638641357421,0.6310654830932617,0.5199263763427734,0.0
200,5,42,1600,0.01,185000,0,0.030005335807800293,0.029824228286743165,24.068008422851562,0.1203400421142578,9.037812136670652,0.04518906068335326,0.043243574614627675,0.6099884033203125,0.6310654830932617,0.5199263763427734,0.0
200,5,42,1600,0.01,190000,0,0.02951195240020752,0.028818297386169433,24.068008422851562,0.1203400421142578,8.493446872324377,0.042467234361621885,0.0405217482928963,0.6071398162841797,0.6310654830932617,0.5199263763427734,0.0
200,5,42,1600,0.01,195000,0,0.029622528553009033,0.029166369438171386,24.068008422851562,0.1203400421142578,8.615448982091053,0.04307724491045526,0.041131758841729676,0.6078312683105469,0.6310654830932617,0.5199263763427734,0.0
200,5,42,1600,0.01,200000,0,0.029074411392211914,0.029177513122558594,24.068008422851562,0.1203400421142578,8.010694264890823,0.04005347132445412,0.03810798525572853,0.6036503601074219,0.6310654830932617,0.5199263763427734,0.0
200,5,42,1600,0.01,205000,0,0.029278964996337892,0.02882420063018799,24.068008422851562,0.1203400421142578,8.236384620645403,0.04118192310322701,0.03923643703450143,0.6034220123291015,0.6310654830932617,0.5199263763427734,0.0
200,5,42,1600,0.01,210000,0,0.03014251708984375,0.030602993965148925,24.068008422851562,0.1203400421142578,9.189168513301347,0.04594584256650673,0.04400035649778115,0.6082633209228515,0.6310654830932617,0.5199263763427734,0.0
200,5,42,1600,0.01,215000,0,0.03202594757080078,0.03140049457550049,24.068008422851562,0.1203400421142578,11.267215962538316,0.05633607981269158,0.054390593743965994,0.6183703994750976,0.6310654830932617,0.5199263763427734,0.0
200,5,42,1600,0.01,220000,0,0.029610109329223634,0.02834365367889404,24.068008422851562,0.1203400421142578,8.60174646608651,0.04300873233043255,0.041063246261706966,0.6062843322753906,0.6310654830932617,0.5199263763427734,0.0
200,5,42,1600,0.01,225000,0,0.029817306995391847,0.028887975215911865,24.068008422851562,0.1203400421142578,8.830354097757592,0.04415177048878796,0.04220628442006238,0.6063471984863281,0.6310654830932617,0.5199263763427734,0.0
200,5,42,1600,0.01,230000,0,0.02893284797668457,0.029029061794281007,24.068008422851562,0.1203400421142578,7.8545029440450485,0.03927251472022524,0.03732702865149966,0.6021741485595703,0.6310654830932617,0.5199263763427734,0.0
200,5,42,1600,0.01,235000,0,0.029601218700408934,0.029877607822418214,24.068008422851562,0.1203400421142578,8.591937158699118,0.042959685793495586,0.04101419972477,0.605010986328125,0.6310654830932617,0.5199263763427734,0.0
200,5,42,1600,0.01,240000,0,0.03043867588043213,0.03140730381011963,24.068008422851562,0.1203400421142578,9.51592972141271,0.047579648607063554,0.04563416253833797,0.6103406524658204,0.6310654830932617,0.5199263763427734,0.0
200,5,42,1600,0.01,245000,0,0.028956074714660645,0.028113012313842774,24.068008422851562,0.1203400421142578,7.880129726712788,0.03940064863356394,0.03745516256483836,0.6005194854736328,0.6310654830932617,0.5199263763427734,0.0
200,5,42,1600,0.01,250000,0,0.029123826026916502,0.028701412677764892,24.068008422851562,0.1203400421142578,8.065214968809066,0.04032607484404533,0.038380588775319746,0.6013807678222656,0.6310654830932617,0.5199263763427734,0.0
200,5,42,1600,0.01,255000,0,0.028890824317932128,0.029403588771820068,24.068008422851562,0.1203400421142578,7.808136933851916,0.03904068466925958,0.03709519860053399,0.6027362823486329,0.6310654830932617,0.5199263763427734,0.0
200,5,42,1600,0.01,260000,0,0.029013102054595948,0.02909686803817749,24.068008422851562,0.1203400421142578,7.943049765167885,0.039715248825839426,0.037769762757113835,0.602993278503418,0.6310654830932617,0.5199263763427734,0.0
200,5,42,1600,0.01,265000,0,0.028087973594665527,0.02872666597366333,24.068008422851562,0.1203400421142578,6.9223267515963585,0.03461163375798179,0.03266614768925621,0.5962246322631836,0.6310654830932617,0.5199263763427734,0.0
200,5,42,1600,0.01,270000,0,0.029315073490142823,0.028634977340698243,24.068008422851562,0.1203400421142578,8.276224245312093,0.041381121226560465,0.03943563515783488,0.6014115524291992,0.6310654830932617,0.5199263763427734,0.0
200,5,42,1600,0.01,275000,0,0.02901692867279053,0.0275628924369812,24.068008422851562,0.1203400421142578,7.9472717920804,0.039736358960402,0.037790872891676416,0.6011884307861328,0.6310654830932617,0.5199263763427734,0.0
200,5,42,1600,0.01,280000,0,0.028105783462524413,0.028940811157226562,24.068008422851562,0.1203400421142578,6.941976932927503,0.034709884664637515,0.03276439859591193,0.5964856338500977,0.6310654830932617,0.5199263763427734,0.0
200,5,42,1600,0.01,285000,0,0.02840791702270508,0.029156107902526856,24.068008422851562,0.1203400421142578,7.275330290224385,0.03637665145112193,0.03443116538239634,0.5979506683349609,0.6310654830932617,0.5199263763427734,0.0
200,5,42,1600,0.01,290000,0,0.027907590866088867,0.027014992237091064,24.068008422851562,0.1203400421142578,6.7233048748692354,0.033616524374346174,0.03167103830562059,0.5943589782714844,0.6310654830932617,0.5199263763427734,0.0
200,5,42,1600,0.01,295000,0,0.02794097423553467,0.027520999908447266,24.068008422851562,0.1203400421142578,6.760137785043089,0.03380068892521544,0.03185520285648986,0.5946783447265624,0.6310654830932617,0.5199263763427734,0.0
200,5,42,1600,0.01,300000,1,0.027521910667419432,0.02836463212966919,24.068008422851562,0.1203400421142578,6.297771911922297,0.03148885955961148,0.0295433734908859,0.5926933288574219,0.6310654830932617,0.5199263763427734,0.0
20,5,42,160,0.01,1,0,1.0119719505310059,0.9832465171813964,24.43264389038086,1.221632194519043,87.22136998284442,4.361068499142221,4.37995792632728,7.152091979980469,4.6453369140625,3.4174072265625,0.0
20,5,42,160,0.01,5000,0,0.3299723625183105,0.3285099506378174,24.43264389038086,1.221632194519043,11.974233516713383,0.5987116758356692,0.6176011030207278,3.5891136169433593,4.6453369140625,3.4174072265625,0.0
20,5,42,160,0.01,10000,0,0.2360830307006836,0.23672018051147461,24.43264389038086,1.221632194519043,1.6151314172802635,0.08075657086401318,0.09964599804907177,3.6630836486816407,4.6453369140625,3.4174072265625,0.0
20,5,42,160,0.01,15000,0,0.2353063106536865,0.23008790016174316,24.43264389038086,1.221632194519043,1.529433477868487,0.07647167389342435,0.09536110107848295,3.7598297119140627,4.6453369140625,3.4174072265625,0.0
20,5,42,160,0.01,20000,0,0.23377759456634523,0.22962217330932616,24.43264389038086,1.221632194519043,1.3607654756232996,0.06803827378116498,0.08692770096622357,3.714987564086914,4.6453369140625,3.4174072265625,0.0
20,5,42,160,0.01,25000,0,0.23327269554138183,0.239691424369812,24.43264389038086,1.221632194519043,1.3050583952953723,0.06525291976476862,0.08414234694982721,3.6870197296142577,4.6453369140625,3.4174072265625,0.0
20,5,42,160,0.01,30000,0,0.2323594570159912,0.22506413459777833,24.43264389038086,1.221632194519043,1.2042979474094189,0.06021489737047094,0.07910432455552954,3.694110870361328,4.6453369140625,3.4174072265625,0.0
20,5,42,160,0.01,35000,0,0.23174314498901366,0.2234811544418335,24.43264389038086,1.221632194519043,1.136298323927484,0.0568149161963742,0.0757043433814328,3.658580780029297,4.6453369140625,3.4174072265625,0.0
20,5,42,160,0.01,40000,0,0.2324434280395508,0.22869033813476564,24.43264389038086,1.221632194519043,1.2135627316996818,0.06067813658498409,0.07956756377004268,3.6373558044433594,4.6453369140625,3.4174072265625,0.0
20,5,42,160,0.01,45000,0,0.23230223655700682,0.21758527755737306,24.43264389038086,1.221632194519043,1.1979846361383686,0.05989923180691843,0.07878865899197703,3.628890609741211,4.6453369140625,3.4174072265625,0.0
20,5,42,160,0.01,50000,0,0.23031919002532958,0.22206459045410157,24.43264389038086,1.221632194519043,0.9791889424010449,0.04895944712005225,0.06784887430511084,3.6107528686523436,4.6453369140625,3.4174072265625,0.0
20,5,42,160,0.01,55000,0,0.2316128730773926,0.22669994831085205,24.43264389038086,1.221632194519043,1.1219250186003933,0.056096250930019666,0.07498567811507825,3.617057037353516,4.6453369140625,3.4174072265625,0.0
20,5,42,160,0.01,60000,0,0.2302709102630615,0.21579263210296631,24.43264389038086,1.221632194519043,0.9738620860160978,0.04869310430080489,0.06758253148586349,3.592833709716797,4.6453369140625,3.4174072265625,0.0
20,5,42,160,0.01,65000,0,0.22965731620788574,0.21727204322814941,24.43264389038086,1.221632194519043,0.9061623448195384,0.04530811724097692,0.06419754442603551,3.594683837890625,4.6453369140625,3.4174072265625,0.0
20,5,42,160,0.01,70000,0,0.2298717737197876,0.21114790439605713,24.43264389038086,1.221632194519043,0.9298241093541613,0.04649120546770806,0.06538063265276665,3.5743602752685546,4.6453369140625,3.4174072265625,0.0
20,5,42,160,0.01,75000,0,0.22983579635620116,0.22961094379425048,24.43264389038086,1.221632194519043,0.92585461489249,0.0462927307446245,0.0651821579296831,3.5712020874023436,4.6453369140625,3.4174072265625,0.0
20,5,42,160,0.01,80000,0,0.2300363540649414,0.22510237693786622,24.43264389038086,1.221632194519043,0.9479827708975179,0.047399138544875895,0.0662885657299345,3.5699676513671874,4.6453369140625,3.4174072265625,0.0
20,5,42,160,0.01,85000,0,0.22981770038604737,0.22446117401123047,24.43264389038086,1.221632194519043,0.9238580302030179,0.046192901510150895,0.0650823286952095,3.5603668212890627,4.6453369140625,3.4174072265625,0.0
20,5,42,160,0.01,90000,0,0.22978391647338867,0.21754913330078124,24.43264389038086,1.221632194519043,0.9201305460067353,0.04600652730033676,0.06489595448539535,3.5331844329833983,4.6453369140625,3.4174072265625,0.0
20,5,42,160,0.01,95000,0,0.23021767139434815,0.2193321704864502,24.43264389038086,1.221632194519043,0.9679880759876589,0.04839940379938294,0.06728883098444154,3.53397216796875,4.6453369140625,3.4174072265625,0.0
20,5,42,160,0.01,100000,0,0.229248046875,0.2195918083190918,24.43264389038086,1.221632194519043,0.8610063859533561,0.043050319297667804,0.0619397464827264,3.522150421142578,4.6453369140625,3.4174072265625,0.0
20,5,42,160,0.01,105000,0,0.2292029857635498,0.2272364854812622,24.43264389038086,1.221632194519043,0.8560346533274021,0.04280173266637011,0.0616911598514287,3.5330764770507814,4.6453369140625,3.4174072265625,0.00019999999494757503
20,5,42,160,0.01,110000,0,0.2296156406402588,0.23124804496765136,24.43264389038086,1.221632194519043,0.9015641497771227,0.04507820748885614,0.06396763467391473,3.514768600463867,4.6453369140625,3.4174072265625,0.0
20,5,42,160,0.01,115000,0,0.22931418418884278,0.2117818832397461,24.43264389038086,1.221632194519043,0.8683035215641439,0.0434151760782072,0.06230460326326579,3.5280120849609373,4.6453369140625,3.4174072265625,0.0
20,5,42,160,0.01,120000,0,0.22935357093811035,0.22534220218658446,24.43264389038086,1.221632194519043,0.8726491841557156,0.04363245920778578,0.06252188639284437,3.525201416015625,4.6453369140625,3.4174072265625,0.0
20,5,42,160,0.01,125000,0,0.22896862030029297,0.22216460704803467,24.43264389038086,1.221632194519043,0.8301763825797295,0.04150881912898648,0.06039824631404507,3.5008308410644533,4.6453369140625,3.4174072265625,0.0
20,5,42,160,0.01,130000,0,0.22914738655090333,0.21225504875183104,24.43264389038086,1.221632194519043,0.849900219209033,0.04249501096045165,0.06138443814551024,3.5397880554199217,4.6453369140625,3.4174072265625,0.0
20,5,42,160,0.01,135000,0,0.22973763942718506,0.21322617530822754,24.43264389038086,1.221632194519043,0.9150246555162767,0.04575123277581383,0.06464065996087243,3.511358642578125,4.6453369140625,3.4174072265625,0.0
20,5,42,160,0.01,140000,0,0.22858054637908937,0.2176974058151245,24.43264389038086,1.221632194519043,0.787358979430195,0.03936794897150975,0.05825737615656834,3.516858673095703,4.6453369140625,3.4174072265625,0.0
20,5,42,160,0.01,145000,0,0.22915244102478027,0.21301543712615967,24.43264389038086,1.221632194519043,0.8504578950379766,0.04252289475189883,0.06141232193695743,3.505198287963867,4.6453369140625,3.4174072265625,0.0
20,5,42,160,0.01,150000,0,0.22942004203796387,0.2195124626159668,24.43264389038086,1.221632194519043,0.8799831474155866,0.04399915737077933,0.06288858455583793,3.497395324707031,4.6453369140625,3.4174072265625,0.0
20,5,42,160,0.01,155000,0,0.22936525344848632,0.2153315544128418,24.43264389038086,1.221632194519043,0.8739381518735563,0.043696907593677815,0.0625863347787364,3.4977516174316405,4.6453369140625,3.4174072265625,0.0
20,5,42,160,0.01,160000,0,0.22971997261047364,0.2234375,24.43264389038086,1.221632194519043,0.9130754206613396,0.04565377103306698,0.06454319821812557,3.495716094970703,4.6453369140625,3.4174072265625,0.0
20,5,42,160,0.01,165000,0,0.22873706817626954,0.21308178901672364,24.43264389038086,1.221632194519043,0.8046285163028806,0.04023142581514403,0.059120853000202624,3.4820720672607424,4.6453369140625,3.4174072265625,0.0
20,5,42,160,0.01,170000,0,0.2285125732421875,0.2132802724838257,24.43264389038086,1.221632194519043,0.7798592917494602,0.03899296458747301,0.057882391772531606,3.5048736572265624,4.6453369140625,3.4174072265625,0.0
20,5,42,160,0.01,175000,0,0.228432035446167,0.22090117931365966,24.43264389038086,1.221632194519043,0.7709733061354562,0.03854866530677281,0.057438092491831405,3.4833507537841797,4.6453369140625,3.4174072265625,0.00019999999494757503
20,5,42,160,0.01,180000,0,0.2286097526550293,0.21887640953063964,24.43264389038086,1.221632194519043,0.7905813987247932,0.039529069936239655,0.05841849712129825,3.51532096862793,4.6453369140625,3.4174072265625,0.0
20,5,42,160,0.01,185000,0,0.22888505458831787,0.20728209018707275,24.43264389038086,1.221632194519043,0.8209563175776324,0.04104781587888162,0.059937243063940215,3.4884803771972654,4.6453369140625,3.4174072265625,0.0
20,5,42,160,0.01,190000,0,0.229796838760376,0.2261657238006592,24.43264389038086,1.221632194519043,0.9215563021354498,0.04607781510677249,0.06496724229183108,3.5082275390625,4.6453369140625,3.4174072265625,0.0
20,5,42,160,0.01,195000,0,0.22970519065856934,0.21068940162658692,24.43264389038086,1.221632194519043,0.9114444819163161,0.04557222409581581,0.0644616512808744,3.4651920318603517,4.6453369140625,3.4174072265625,0.0
20,5,42,160,0.01,200000,0,0.2287665843963623,0.21348259449005128,24.43264389038086,1.221632194519043,0.8078851327001964,0.04039425663500982,0.05928368382006841,3.4800735473632813,4.6453369140625,3.4174072265625,0.0
20,5,42,160,0.01,205000,0,0.22888636589050293,0.2237241744995117,24.43264389038086,1.221632194519043,0.8211009976275925,0.041055049881379625,0.05994447706643822,3.486494445800781,4.6453369140625,3.4174072265625,0.0
20,5,42,160,0.01,210000,0,0.2290330171585083,0.20810456275939943,24.43264389038086,1.221632194519043,0.8372814883060222,0.041864074415301114,0.06075350160035971,3.474557113647461,4.6453369140625,3.4174072265625,0.0
20,5,42,160,0.01,215000,0,0.22881500720977782,0.22233471870422364,24.43264389038086,1.221632194519043,0.813227772363323,0.04066138861816615,0.059550815803224744,3.4731826782226562,4.6453369140625,3.4174072265625,0.0
20,5,42,160,0.01,220000,0,0.22945060729980468,0.21965522766113282,24.43264389038086,1.221632194519043,0.8833555078528725,0.044167775392643625,0.06305720257770223,3.485211944580078,4.6453369140625,3.4174072265625,0.0
20,5,42,160,0.01,225000,0,0.2283320903778076,0.2160167694091797,24.43264389038086,1.221632194519043,0.7599460557820237,0.037997302789101184,0.05688672997415978,3.4732742309570312,4.6453369140625,3.4174072265625,0.0
20,5,42,160,0.01,230000,0,0.2287531852722168,0.2164623260498047,24.43264389038086,1.221632194519043,0.8064067656442262,0.04032033828221131,0.0592097654672699,3.478810501098633,4.6453369140625,3.4174072265625,0.0
20,5,42,160,0.01,235000,0,0.22882142066955566,0.22012662887573242,24.43264389038086,1.221632194519043,0.8139353893349508,0.04069676946674754,0.05958619665180613,3.4603641510009764,4.6453369140625,3.4174072265625,0.0
20,5,42,160,0.01,240000,0,0.22956976890563965,0.21833112239837646,24.43264389038086,1.221632194519043,0.8965029785748335,0.044825148928741676,0.06371457611380027,3.482016754150391,4.6453369140625,3.4174072265625,0.0
20,5,42,160,0.01,245000,0,0.22926323413848876,0.21476287841796876,24.43264389038086,1.221632194519043,0.8626820439865455,0.04313410219932727,0.062023529384385864,3.484282302856445,4.6453369140625,3.4174072265625,0.0
20,5,42,160,0.01,250000,0,0.2289651393890381,0.20282063484191895,24.43264389038086,1.221632194519043,0.8297923228107393,0.041489616140536964,0.06037904332559556,3.4431079864501952,4.6453369140625,3.4174072265625,0.00019999999494757503
20,5,42,160,0.01,255000,0,0.22865147590637208,0.21411943435668945,24.43264389038086,1.221632194519043,0.795184854859933,0.03975924274299665,0.058648669928055244,3.4803386688232423,4.6453369140625,3.4174072265625,0.0
20,5,42,160,0.01,260000,0,0.22887897491455078,0.21105444431304932,24.43264389038086,1.221632194519043,0.8202855282550843,0.041014276412754215,0.05990370359781281,3.4629817962646485,4.6453369140625,3.4174072265625,0.0
20,5,42,160,0.01,265000,0,0.22882680892944335,0.20904839038848877,24.43264389038086,1.221632194519043,0.8145298928129776,0.04072649464064888,0.05961592182570748,3.465362548828125,4.6453369140625,3.4174072265625,0.00019999999494757503
20,5,42,160,0.01,270000,0,0.22923965454101564,0.21112287044525146,24.43264389038086,1.221632194519043,0.8600804336336019,0.04300402168168009,0.061893448866738685,3.454240417480469,4.6453369140625,3.4174072265625,0.0
20,5,42,160,0.01,275000,0,0.22936058044433594,0.21941015720367432,24.43264389038086,1.221632194519043,0.87342256478642,0.043671128239321,0.06256055542437959,3.4576400756835937,4.6453369140625,3.4174072265625,0.0
20,5,42,160,0.01,280000,0,0.23014533519744873,0.22224488258361816,24.43264389038086,1.221632194519043,0.9600069983225055,0.04800034991612527,0.06688977710118386,3.4396240234375,4.6453369140625,3.4174072265625,0.0
20,5,42,160,0.01,285000,0,0.2294543743133545,0.21980857849121094,24.43264389038086,1.221632194519043,0.8837711341782146,0.04418855670891073,0.06307798389396932,3.472370910644531,4.6453369140625,3.4174072265625,0.00019999999494757503
20,5,42,160,0.01,290000,0,0.23010783195495604,0.2204181432723999,24.43264389038086,1.221632194519043,0.9558691488936049,0.04779345744468024,0.06668288462973884,3.4003372192382812,4.6453369140625,3.4174072265625,0.0
20,5,42,160,0.01,295000,0,0.22989339828491212,0.21703667640686036,24.43264389038086,1.221632194519043,0.932210014905344,0.0466105007452672,0.0654999279303258,3.4446067810058594,4.6453369140625,3.4174072265625,0.0
20,5,42,160,0.01,300000,1,0.2301534652709961,0.21548473834991455,24.43264389038086,1.221632194519043,0.9609040146322663,0.048045200731613315,0.0669346279166719,3.422835922241211,4.6453369140625,3.4174072265625,0.0
30,5,42,240,0.01,1,0,1.0114496231079102,0.9885599136352539,24.426029205322266,0.8142009735107422,142.9685465899368,4.76561821966456,4.778380861571298,7.3057505289713545,3.7098065694173177,2.890905253092448,0.0
30,5,42,240,0.01,5000,0,0.2530137856801351,0.24635626475016276,24.426029205322266,0.8142009735107422,17.447668067053122,0.5815889355684374,0.5943515774751756,3.202758534749349,3.7098065694173177,2.890905253092448,0.0
30,5,42,240,0.01,10000,0,0.16249411900838215,0.1593949317932129,24.426029205322266,0.8142009735107422,2.4666933773925415,0.08222311257975139,0.09498575448648966,3.187025451660156,3.7098065694173177,2.890905253092448,0.0
30,5,42,240,0.01,15000,0,0.1599068800608317,0.1534717559814453,24.426029205322266,0.8142009735107422,2.0385061931654,0.06795020643884667,0.08071284834558495,3.2085474650065104,3.7098065694173177,2.890905253092448,0.0
30,5,42,240,0.01,20000,0,0.16008453369140624,0.15771601994832357,24.426029205322266,0.8142009735107422,2.06790780986395,0.06893026032879833,0.08169290223553662,3.1930824279785157,3.7098065694173177,2.890905253092448,0.0
30,5,42,240,0.01,25000,0,0.1582709312438965,0.16162379582722983,24.426029205322266,0.8142009735107422,1.767757208760063,0.0589252402920021,0.07168788219874038,3.176825459798177,3.7098065694173177,2.890905253092448,0.0
30,5,42,240,0.01,30000,0,0.15702052116394044,0.15700677235921223,24.426029205322266,0.8142009735107422,1.5608147569341355,0.05202715856447118,0.06478980047120947,3.1428548177083333,3.7098065694173177,2.890905253092448,0.0
30,5,42,240,0.01,35000,0,0.15638504028320313,0.15122017860412598,24.426029205322266,0.8142009735107422,1.4556428827975338,0.04852142942658446,0.06128407133332274,3.1398167928059895,3.7098065694173177,2.890905253092448,0.0
30,5,42,240,0.01,40000,0,0.15662717819213867,0.15082748730977377,24.426029205322266,0.8142009735107422,1.4957166260905232,0.04985722086968411,0.06261986277642238,3.1216334025065104,3.7098065694173177,2.890905253092448,0.0
30,5,42,240,0.01,45000,0,0.15590200424194336,0.15736856460571289,24.426029205322266,0.8142009735107422,1.375700578827864,0.0458566859609288,0.05861932786766708,3.097340138753255,3.7098065694173177,2.890905253092448,0.0
30,5,42,240,0.01,50000,0,0.15536349614461262,0.14434598286946615,24.426029205322266,0.8142009735107422,1.2865776680515424,0.042885922268384745,0.055648564175123025,3.088797760009766,3.7098065694173177,2.890905253092448,0.0
30,5,42,240,0.01,55000,0,0.15507046381632486,0.14800718625386555,24.426029205322266,0.8142009735107422,1.2380809153044297,0.04126936384348099,0.05403200575021927,3.0855682373046873,3.7098065694173177,2.890905253092448,0.0
30,5,42,240,0.01,60000,0,0.1546643892923991,0.14869062105814615,24.426029205322266,0.8142009735107422,1.1708757168241029,0.03902919056080343,0.05179183246754171,3.0629755655924478,3.7098065694173177,2.890905253092448,0.0
30,5,42,240,0.01,65000,0,0.1542456309000651,0.15040440559387208,24.426029205322266,0.8142009735107422,1.1015713423461548,0.03671904474487183,0.04948168665161011,3.0530990600585937,3.7098065694173177,2.890905253092448,0.0
30,5,42,240,0.01,70000,0,0.15500059127807617,0.14783061345418294,24.426029205322266,0.8142009735107422,1.2265170334929572,0.040883901116431906,0.053646543023170186,3.0490712483723956,3.7098065694173177,2.890905253092448,0.0
30,5,42,240,0.01,75000,0,0.1544177532196045,0.1484575589497884,24.426029205322266,0.8142009735107422,1.1300575289104025,0.03766858429701341,0.0504312262037517,3.0325772603352865,3.7098065694173177,2.890905253092448,0.0
30,5,42,240,0.01,80000,0,0.15430429776509602,0.1516385555267334,24.426029205322266,0.8142009735107422,1.1112806889717568,0.03704268963239189,0.04980533153913017,3.017529296875,3.7098065694173177,2.890905253092448,0.0
30,5,42,240,0.01,85000,0,0.15334231058756512,0.1481765588124593,24.426029205322266,0.8142009735107422,0.952072131447693,0.0317357377149231,0.04449837962166138,3.0261189778645834,3.7098065694173177,2.890905253092448,0.0
30,5,42,240,0.01,90000,0,0.1534081776936849,0.15217912991841634,24.426029205322266,0.8142009735107422,0.9629731155757035,0.03209910385252345,0.04486174575926173,3.021977996826172,3.7098065694173177,2.890905253092448,0.0
30,5,42,240,0.01,95000,0,0.15334693590799967,0.1461725393931071,24.426029205322266,0.8142009735107422,0.9528376204393076,0.03176125401464359,0.04452389592138187,2.9994611104329425,3.7098065694173177,2.890905253092448,0.0
30,5,42,240,0.01,100000,0,0.15421365102132162,0.14743234316507975,24.426029205322266,0.8142009735107422,1.0962786830639217,0.03654262276879739,0.04930526467553567,3.0256607055664064,3.7098065694173177,2.890905253092448,0.0
30,5,42,240,0.01,105000,0,0.15309038162231445,0.14594996770222982,24.426029205322266,0.8142009735107422,0.9103779715951354,0.030345932386504515,0.043108574293242795,2.9994733174641928,3.7098065694173177,2.890905253092448,0.0
30,5,42,240,0.01,110000,0,0.1530248800913493,0.14182246526082357,24.426029205322266,0.8142009735107422,0.8995374900334703,0.029984583001115676,0.04274722490785396,3.0078753153483073,3.7098065694173177,2.890905253092448,0.0
30,5,42,240,0.01,115000,0,0.1529256820678711,0.14932435353597004,24.426029205322266,0.8142009735107422,0.883120250182376,0.029437341672745868,0.04219998357948415,2.996598815917969,3.7098065694173177,2.890905253092448,0.0
30,5,42,240,0.01,120000,0,0.1533568541208903,0.14103760719299316,24.426029205322266,0.8142009735107422,0.9544790813697794,0.03181596937899265,0.04457861128573093,2.996227518717448,3.7098065694173177,2.890905253092448,0.0
30,5,42,240,0.01,125000,0,0.15251661936442057,0.15002406438191732,24.426029205322266,0.8142009735107422,0.8154205089858166,0.027180683632860556,0.03994332553959883,3.005534362792969,3.7098065694173177,2.890905253092448,0.0
30,5,42,240,0.01,130000,0,0.1529945691426595,0.1507532278696696,24.426029205322266,0.8142009735107422,0.8945210381193469,0.029817367937311563,0.042580009844049846,3.0062169392903644,3.7098065694173177,2.890905253092448,0.0
30,5,42,240,0.01,135000,0,0.1523822784423828,0.14103390375773112,24.426029205322266,0.8142009735107422,0.7931871311262704,0.026439571037542346,0.039202212944280626,2.9739527384440105,3.7098065694173177,2.890905253092448,0.0
30,5,42,240,0.01,140000,0,0.153062105178833,0.14861305554707846,24.426029205322266,0.8142009735107422,0.9056982296154672,0.03018994098718224,0.042952582893920524,2.968367004394531,3.7098065694173177,2.890905253092448,0.0
30,5,42,240,0.01,145000,0,0.15344319343566895,0.1450255552927653,24.426029205322266,0.8142009735107422,0.9687682092132555,0.03229227364044185,0.04505491554718013,3.022446695963542,3.7098065694173177,2.890905253092448,0.0
30,5,42,240,0.01,150000,0,0.15328251520792643,0.1512603759765625,24.426029205322266,0.8142009735107422,0.9421760160303201,0.03140586720101067,0.04416850910774895,3.0033538818359373,3.7098065694173177,2.890905253092448,0.0
30,5,42,240,0.01,155000,0,0.15261421203613282,0.15062959988911948,24.426029205322266,0.8142009735107422,0.831572063654253,0.027719068788475097,0.04048171069521338,2.9871449788411457,3.7098065694173177,2.890905253092448,0.0
30,5,42,240,0.01,160000,0,0.152576478322347,0.14682699839274088,24.426029205322266,0.8142009735107422,0.8253271465886414,0.027510904886288046,0.040273546793026326,2.9756629943847654,3.7098065694173177,2.890905253092448,0.0
30,5,42,240,0.01,165000,0,0.15266863505045572,0.14585243860880534,24.426029205322266,0.8142009735107422,0.8405790544009513,0.028019301813365042,0.040781943720103325,2.9864120483398438,3.7098065694173177,2.890905253092448,0.0
30,5,42,240,0.01,170000,0,0.1527436415354411,0.14733428955078126,24.426029205322266,0.8142009735107422,0.8529926026876531,0.028433086756255103,0.04119572866299338,2.9959726969401044,3.7098065694173177,2.890905253092448,0.0
30,5,42,240,0.01,175000,0,0.1522116978963216,0.14250605901082355,24.426029205322266,0.8142009735107422,0.7649561075592253,0.025498536918640843,0.038261178825379126,2.966319274902344,3.7098065694173177,2.890905253092448,0.0
30,5,42,240,0.01,180000,0,0.15257461865743002,0.1422540028889974,24.426029205322266,0.8142009735107422,0.8250193726641761,0.02750064575547254,0.040263287662210816,2.980124664306641,3.7098065694173177,2.890905253092448,0.0
30,5,42,240,0.01,185000,0,0.15251156489054363,0.1431576728820801,24.426029205322266,0.8142009735107422,0.8145839952424048,0.027152799841413493,0.03991544174815177,2.9713348388671874,3.7098065694173177,2.890905253092448,0.0
30,5,42,240,0.01,190000,0,0.15214462280273439,0.1427408218383789,24.426029205322266,0.8142009735107422,0.7538552019076299,0.02512850673025433,0.03789114863699261,2.979346211751302,3.7098065694173177,2.890905253092448,0.0
30,5,42,240,0.01,195000,0,0.15222563743591308,0.14337894121805828,24.426029205322266,0.8142009735107422,0.7672630967195211,0.02557543655731737,0.03833807846405565,2.958729298909505,3.7098065694173177,2.890905253092448,0.0
30,5,42,240,0.01,200000,0,0.1523451805114746,0.1454921245574951,24.426029205322266,0.8142009735107422,0.7870474359151736,0.026234914530505787,0.03899755643724407,2.975730133056641,3.7098065694173177,2.890905253092448,0.0
30,5,42,240,0.01,205000,0,0.15223714510599773,0.14890311559041342,24.426029205322266,0.8142009735107422,0.7691676122862887,0.025638920409542958,0.03840156231628124,2.9785863240559896,3.7098065694173177,2.890905253092448,0.0
30,5,42,240,0.01,210000,0,0.15194339752197267,0.14312376976013183,24.426029205322266,0.8142009735107422,0.7205524849528402,0.02401841616509467,0.036781058071832955,2.9498362223307293,3.7098065694173177,2.890905253092448,0.0
30,5,42,240,0.01,215000,0,0.15255317687988282,0.15459149678548176,24.426029205322266,0.8142009735107422,0.8214707656205746,0.027382358854019153,0.040145000760757436,2.9370463053385416,3.7098065694173177,2.890905253092448,0.0
30,5,42,240,0.01,220000,0,0.15247468948364257,0.1460851987202962,24.426029205322266,0.8142009735107422,0.8084811276803876,0.026949370922679586,0.039712012829417866,2.957419586181641,3.7098065694173177,2.890905253092448,0.0
30,5,42,240,0.01,225000,0,0.1520052433013916,0.1378736178080241,24.426029205322266,0.8142009735107422,0.7307879408510303,0.024359598028367676,0.03712223993510596,2.956032307942708,3.7098065694173177,2.890905253092448,0.0
30,5,42,240,0.01,230000,0,0.1529812177022298,0.1448694388071696,24.426029205322266,0.8142009735107422,0.8923113791744797,0.029743712639149322,0.0425063545458876,2.931727091471354,3.7098065694173177,2.890905253092448,0.0
30,5,42,240,0.01,235000,0,0.1519738515218099,0.14558138847351074,24.426029205322266,0.8142009735107422,0.7255926117842293,0.024186420392807644,0.03694906229954593,2.975394694010417,3.7098065694173177,2.890905253092448,0.0
30,5,42,240,0.01,240000,0,0.1531269391377767,0.14316166241963704,24.426029205322266,0.8142009735107422,0.9164282282298899,0.030547607607662997,0.04331024951440128,2.953015899658203,3.7098065694173177,2.890905253092448,0.0
30,5,42,240,0.01,245000,0,0.15254824956258137,0.15246357917785644,24.426029205322266,0.8142009735107422,0.8206552962480629,0.027355176541602095,0.04011781844834038,2.950084686279297,3.7098065694173177,2.890905253092448,0.0
30,5,42,240,0.01,250000,0,0.15190521876017252,0.14373135566711426,24.426029205322266,0.8142009735107422,0.7142339125890658,0.023807797086302193,0.03657043899304047,2.9549224853515623,3.7098065694173177,2.890905253092448,0.0
30,5,42,240,0.01,255000,0,0.1525987943013509,0.141594664255778,24.426029205322266,0.8142009735107422,0.8290204336822029,0.02763401445607343,0.040396656362811714,2.92628911336263,3.7098065694173177,2.890905253092448,0.0
30,5,42,240,0.01,260000,0,0.15218849182128907,0.13846333821614584,24.426029205322266,0.8142009735107422,0.7611155098693381,0.0253705169956446,0.038133158902382884,2.951793924967448,3.7098065694173177,2.890905253092448,0.0
30,5,42,240,0.01,265000,0,0.15274917284647624,0.1491612434387207,24.426029205322266,0.8142009735107422,0.8539080328219555,0.028463601094065184,0.041226243000803464,2.9142181396484377,3.7098065694173177,2.890905253092448,0.0
30,5,42,240,0.01,270000,0,0.15254592895507812,0.1478519598642985,24.426029205322266,0.8142009735107422,0.8202712364790727,0.027342374549302426,0.040105016456040705,2.9238596598307294,3.7098065694173177,2.890905253092448,0.0
30,5,42,240,0.01,275000,0,0.15229199727376302,0.15025663375854492,24.426029205322266,0.8142009735107422,0.7782456277847842,0.025941520926159475,0.03870416283289776,2.940934244791667,3.7098065694173177,2.890905253092448,0.0
30,5,42,240,0.01,280000,0,0.1522679805755615,0.14654793739318847,24.426029205322266,0.8142009735107422,0.7742708722303888,0.025809029074346294,0.03857167098108458,2.943028513590495,3.7098065694173177,2.890905253092448,0.0
30,5,42,240,0.01,285000,0,0.1524232069651286,0.1500996430714925,24.426029205322266,0.8142009735107422,0.7999607880108357,0.02666535960036119,0.03942800150709947,2.9407272338867188,3.7098065694173177,2.890905253092448,0.0
30,5,42,240,0.01,290000,0,0.1534913221995036,0.13851165771484375,24.426029205322266,0.8142009735107422,0.9767335036002294,0.032557783453340976,0.04532042536007926,2.9073193868001304,3.7098065694173177,2.890905253092448,0.0
30,5,42,240,0.01,295000,0,0.15233030319213867,0.1375211715698242,24.426029205322266,0.8142009735107422,0.7845852445194659,0.026152841483982194,0.03891548339072048,2.929114278157552,3.7098065694173177,2.890905253092448,0.0
30,5,42,240,0.01,300000,1,0.15242449442545572,0.15030938784281414,24.426029205322266,0.8142009735107422,0.8001738622662309,0.02667246207554103,0.03943510398227931,2.9071011861165363,3.7098065694173177,2.890905253092448,0.0
40,5,42,320,0.01,1,0,1.0128894805908204,0.988741683959961,24.015453338623047,0.6003863334655761,199.4950423002901,4.9873760575072525,4.983667647244191,7.095693206787109,3.0077863693237306,2.412136459350586,0.0
40,5,42,320,0.01,5000,0,0.2139542818069458,0.21403200626373292,24.015453338623047,0.6003863334655761,23.197029846456587,0.5799257461614147,0.5762173358983531,2.798998260498047,3.0077863693237306,2.412136459350586,0.0
40,5,42,320,0.01,10000,0,0.12271126508712768,0.11514382362365723,24.015453338623047,0.6003863334655761,3.0627780041524737,0.07656945010381185,0.07286103984075032,2.6785030364990234,3.0077863693237306,2.412136459350586,0.0
40,5,42,320,0.01,15000,0,0.12124879360198974,0.11722725629806519,24.015453338623047,0.6003863334655761,2.740059945800944,0.0685014986450236,0.06479308838196207,2.6938959121704102,3.0077863693237306,2.412136459350586,0.0
40,5,42,320,0.01,20000,0,0.1218076467514038,0.12319804430007934,24.015453338623047,0.6003863334655761,2.8633799592954503,0.07158449898238625,0.06787608871932474,2.6942922592163088,3.0077863693237306,2.412136459350586,0.0
40,5,42,320,0.01,25000,0,0.11986525058746338,0.12255594730377198,24.015453338623047,0.6003863334655761,2.4347587349184217,0.06086896837296054,0.05716055810989902,2.6721073150634767,3.0077863693237306,2.412136459350586,0.0
40,5,42,320,0.01,30000,0,0.11874145269393921,0.117215096950531,24.015453338623047,0.6003863334655761,2.1867744987379467,0.05466936246844867,0.05096095220538714,2.6577856063842775,3.0077863693237306,2.412136459350586,0.0
40,5,42,320,0.01,35000,0,0.11769282817840576,0.12036833763122559,24.015453338623047,0.6003863334655761,1.9553784879221539,0.04888446219805385,0.04517605193499232,2.638075256347656,3.0077863693237306,2.412136459350586,0.0
40,5,42,320,0.01,40000,0,0.11850823163986206,0.12266581058502198,24.015453338623047,0.6003863334655761,2.1353104896934383,0.05338276224233596,0.04967435197927443,2.625853729248047,3.0077863693237306,2.412136459350586,0.0
40,5,42,320,0.01,45000,0,0.11704639196395875,0.11605285406112671,24.015453338623047,0.6003863334655761,1.8127318502991443,0.04531829625747861,0.04160988599441708,2.605327033996582,3.0077863693237306,2.412136459350586,0.0
40,5,42,320,0.01,50000,0,0.11725118160247802,0.11525696516036987,24.015453338623047,0.6003863334655761,1.8579220062680477,0.04644805015670119,0.04273963989363967,2.603589630126953,3.0077863693237306,2.412136459350586,0.0
40,5,42,320,0.01,55000,0,0.11619436740875244,0.11648695468902588,24.015453338623047,0.6003863334655761,1.6247188101009158,0.040617970252522895,0.03690955998946137,2.5928112030029298,3.0077863693237306,2.412136459350586,0.0
40,5,42,320,0.01,60000,0,0.11572451591491699,0.1188016414642334,24.015453338623047,0.6003863334655761,1.5210384557521017,0.03802596139380254,0.03431755113074102,2.575857734680176,3.0077863693237306,2.412136459350586,0.0
40,5,42,320,0.01,65000,0,0.11529307365417481,0.11483776569366455,24.015453338623047,0.6003863334655761,1.4258337217846702,0.03564584304461675,0.03193743278155523,2.5664268493652345,3.0077863693237306,2.412136459350586,0.0
40,5,42,320,0.01,70000,0,0.11558195352554321,0.11454054117202758,24.015453338623047,0.6003863334655761,1.4895797517977307,0.03723949379494327,0.03353108353188174,2.5632936477661135,3.0077863693237306,2.412136459350586,0.0
40,5,42,320,0.01,75000,0,0.11497204303741455,0.11360821723937989,24.015453338623047,0.6003863334655761,1.3549931082307616,0.03387482770576904,0.030166417442707517,2.5596073150634764,3.0077863693237306,2.412136459350586,0.0
40,5,42,320,0.01,80000,0,0.11473560333251953,0.11517070531845093,24.015453338623047,0.6003863334655761,1.3028188516682633,0.03257047129170658,0.02886206102864506,2.546126937866211,3.0077863693237306,2.412136459350586,0.0
40,5,42,320,0.01,85000,0,0.1142682433128357,0.11697090864181518,24.015453338623047,0.6003863334655761,1.1996882815092995,0.029992207037732487,0.026283796774670964,2.538616943359375,3.0077863693237306,2.412136459350586,0.0
40,5,42,320,0.01,90000,0,0.11459822654724121,0.11554597616195679,24.015453338623047,0.6003863334655761,1.2725044353817694,0.031812610884544235,0.028104200621482712,2.5432435989379885,3.0077863693237306,2.412136459350586,0.0
40,5,42,320,0.01,95000,0,0.11462939977645874,0.11368175745010375,24.015453338623047,0.6003863334655761,1.279383314120853,0.031984582853021325,0.028276172589959802,2.5416339874267577,3.0077863693237306,2.412136459350586,0.0
40,5,42,320,0.01,100000,0,0.11417832374572753,0.11110221147537232,24.015453338623047,0.6003863334655761,1.1798460702936602,0.029496151757341504,0.02578774149427998,2.5346317291259766,3.0077863693237306,2.412136459350586,0.0
40,5,42,320,0.01,105000,0,0.11427834033966064,0.11300655603408813,24.015453338623047,0.6003863334655761,1.2019163542787084,0.03004790885696771,0.026339498593906184,2.536021423339844,3.0077863693237306,2.412136459350586,0.0
40,5,42,320,0.01,110000,0,0.11425673961639404,0.11476372480392456,24.015453338623047,0.6003863334655761,1.1971498042690634,0.029928745106726586,0.02622033484366506,2.518441390991211,3.0077863693237306,2.412136459350586,0.0
40,5,42,320,0.01,115000,0,0.1141291618347168,0.11687155961990356,24.015453338623047,0.6003863334655761,1.1689976970929088,0.02922494242732272,0.025516532164261196,2.5124179840087892,3.0077863693237306,2.412136459350586,0.0
40,5,42,320,0.01,120000,0,0.11406553983688354,0.11333825588226318,24.015453338623047,0.6003863334655761,1.1549584711539111,0.028873961778847778,0.025165551515786255,2.5186721801757814,3.0077863693237306,2.412136459350586,0.0
40,5,42,320,0.01,125000,0,0.11313247680664062,0.1061149001121521,24.015453338623047,0.6003863334655761,0.9490629767804322,0.023726574419510805,0.020018164156449282,2.504619598388672,3.0077863693237306,2.412136459350586,0.0
40,5,42,320,0.01,130000,0,0.11429717540740966,0.1080014705657959,24.015453338623047,0.6003863334655761,1.206072617532147,0.030151815438303677,0.02644340517524215,2.5153553009033205,3.0077863693237306,2.412136459350586,0.0
40,5,42,320,0.01,135000,0,0.11322095394134521,0.10766620635986328,24.015453338623047,0.6003863334655761,0.9685868918861544,0.02421467229715386,0.020506262034092337,2.514459991455078,3.0077863693237306,2.412136459350586,0.0
40,5,42,320,0.01,140000,0,0.11337172985076904,0.1117591142654419,24.015453338623047,0.6003863334655761,1.0018580422845886,0.025046451057114717,0.021338040794053194,2.5293209075927736,3.0077863693237306,2.412136459350586,0.0
40,5,42,320,0.01,145000,0,0.11340172290802002,0.11665310859680175,24.015453338623047,0.6003863334655761,1.0084764969337385,0.025211912423343464,0.02150350216028194,2.5177555084228516,3.0077863693237306,2.412136459350586,0.0
40,5,42,320,0.01,150000,0,0.11325896978378296,0.10440965890884399,24.015453338623047,0.6003863334655761,0.9769757042375637,0.024424392605939094,0.02071598234287757,2.504497528076172,3.0077863693237306,2.412136459350586,0.0
40,5,42,320,0.01,155000,0,0.11304545402526855,0.11239501237869262,24.015453338623047,0.6003863334655761,0.929859988330989,0.023246499708274727,0.0195380894452132,2.5067943572998046,3.0077863693237306,2.412136459350586,0.0
40,5,42,320,0.01,160000,0,0.11303054094314575,0.11265709400177001,24.015453338623047,0.6003863334655761,0.9265691748309557,0.023164229370773892,0.01945581910771237,2.4850799560546877,3.0077863693237306,2.412136459350586,0.0
40,5,42,320,0.01,165000,0,0.11305768489837646,0.11346102952957153,24.015453338623047,0.6003863334655761,0.9325589288993648,0.02331397322248412,0.019605562959422597,2.499104309082031,3.0077863693237306,2.412136459350586,0.0
40,5,42,320,0.01,170000,0,0.11332985162734985,0.10899164676666259,24.015453338623047,0.6003863334655761,0.9926169329115879,0.024815423322789697,0.021107013059728175,2.500726318359375,3.0077863693237306,2.412136459350586,0.0
40,5,42,320,0.01,175000,0,0.11291301250457764,0.11388951539993286,24.015453338623047,0.6003863334655761,0.9006346182387546,0.022515865455968863,0.01880745519290734,2.4917123794555662,3.0077863693237306,2.412136459350586,0.0
40,5,42,320,0.01,180000,0,0.11277105808258056,0.10932966470718383,24.015453338623047,0.6003863334655761,0.8693100721488953,0.021732751803722382,0.01802434154066086,2.493794059753418,3.0077863693237306,2.412136459350586,0.0
40,5,42,320,0.01,185000,0,0.1128956913948059,0.11263368129730225,24.015453338623047,0.6003863334655761,0.896812434373409,0.022420310859335223,0.0187119005962737,2.4880386352539063,3.0077863693237306,2.412136459350586,0.0
40,5,42,320,0.01,190000,0,0.11258919239044189,0.10756802558898926,24.015453338623047,0.6003863334655761,0.8291784568359226,0.020729461420898064,0.01702105115783654,2.481439399719238,3.0077863693237306,2.412136459350586,0.0
40,5,42,320,0.01,195000,0,0.11275286674499511,0.11008744239807129,24.015453338623047,0.6003863334655761,0.8652958583990547,0.021632396459976368,0.01792398619691484,2.4859329223632813,3.0077863693237306,2.412136459350586,0.0
40,5,42,320,0.01,200000,0,0.1126399040222168,0.10759878158569336,24.015453338623047,0.6003863334655761,0.8403688010638568,0.02100922002659642,0.017300809763534895,2.512235641479492,3.0077863693237306,2.412136459350586,0.0
40,5,42,320,0.01,205000,0,0.11340112686157226,0.1109494686126709,24.015453338623047,0.6003863334655761,1.0083449696155924,0.02520862424038981,0.021500213977328285,2.485920715332031,3.0077863693237306,2.412136459350586,0.0
40,5,42,320,0.01,210000,0,0.11265807151794434,0.11135154962539673,24.015453338623047,0.6003863334655761,0.8443777537209769,0.021109443843024423,0.0174010335799629,2.482061767578125,3.0077863693237306,2.412136459350586,0.0
40,5,42,320,0.01,215000,0,0.11260888576507569,0.10851200819015502,24.015453338623047,0.6003863334655761,0.8335241194274943,0.020838102985687355,0.017129692722625833,2.489696502685547,3.0077863693237306,2.412136459350586,0.0
40,5,42,320,0.01,220000,0,0.11271107196807861,0.10900795459747314,24.015453338623047,0.6003863334655761,0.8560731628505955,0.021401829071264887,0.017693418808203364,2.4663822174072267,3.0077863693237306,2.412136459350586,0.0
40,5,42,320,0.01,225000,0,0.11239404678344726,0.1052936315536499,24.015453338623047,0.6003863334655761,0.7861164128746374,0.019652910321865936,0.015944500058804413,2.468756103515625,3.0077863693237306,2.412136459350586,0.0
40,5,42,320,0.01,230000,0,0.1125674843788147,0.10643733739852905,24.015453338623047,0.6003863334655761,0.8243882319090119,0.020609705797725298,0.016901295534663775,2.467380905151367,3.0077863693237306,2.412136459350586,0.0
40,5,42,320,0.01,235000,0,0.11286849975585937,0.11143993139266968,24.015453338623047,0.6003863334655761,0.8908121581195481,0.0222703039529887,0.018561893689927177,2.501369094848633,3.0077863693237306,2.412136459350586,0.0
40,5,42,320,0.01,240000,0,0.11236443519592285,0.10762338638305664,24.015453338623047,0.6003863334655761,0.7795821357090986,0.019489553392727465,0.015781143129665942,2.474997329711914,3.0077863693237306,2.412136459350586,0.0
40,5,42,320,0.01,245000,0,0.11279463768005371,0.10673887729644775,24.015453338623047,0.6003863334655761,0.8745132928547861,0.021862832321369652,0.01815442205830813,2.464682769775391,3.0077863693237306,2.412136459350586,0.0
40,5,42,320,0.01,250000,0,0.11231443881988526,0.10485379695892334,24.015453338623047,0.6003863334655761,0.7685496242629419,0.01921374060657355,0.015505330343512026,2.4631746292114256,3.0077863693237306,2.412136459350586,0.0
40,5,42,320,0.01,255000,0,0.11252753734588623,0.1077130913734436,24.015453338623047,0.6003863334655761,0.8155732710468087,0.020389331776170215,0.016680921513108692,2.451289939880371,3.0077863693237306,2.412136459350586,0.0
40,5,42,320,0.01,260000,0,0.11255526542663574,0.11267576217651368,24.015453338623047,0.6003863334655761,0.8216919218870018,0.020542298047175046,0.016833887784113523,2.480377960205078,3.0077863693237306,2.412136459350586,0.0
40,5,42,320,0.01,265000,0,0.11258976459503174,0.1060602307319641,24.015453338623047,0.6003863334655761,0.8293047230613446,0.020732618076533614,0.01702420781347209,2.4559017181396485,3.0077863693237306,2.412136459350586,0.0
40,5,42,320,0.01,270000,0,0.1122750997543335,0.10969028472900391,24.015453338623047,0.6003863334655761,0.7598688212652469,0.01899672053163117,0.015288310268569649,2.4650346755981447,3.0077863693237306,2.412136459350586,0.0
40,5,42,320,0.01,275000,0,0.11287837028503418,0.11378166675567628,24.015453338623047,0.6003863334655761,0.8929902505080598,0.022324756262701494,0.01861634599963997,2.4474964141845703,3.0077863693237306,2.412136459350586,0.0
40,5,42,320,0.01,280000,0,0.11268584728240967,0.10931888818740845,24.015453338623047,0.6003863334655761,0.8505069267466183,0.02126267316866546,0.017554262905603933,2.4452098846435546,3.0077863693237306,2.412136459350586,0.0
40,5,42,320,0.01,285000,0,0.11299369335174561,0.11124186515808106,24.015453338623047,0.6003863334655761,0.9184381560231145,0.02296095390057786,0.01925254363751634,2.479116439819336,3.0077863693237306,2.412136459350586,0.0
40,5,42,320,0.01,290000,0,0.11232208013534546,0.11523449420928955,24.015453338623047,0.6003863334655761,0.7702358044815831,0.019255895112039578,0.015547484848978055,2.4550807952880858,3.0077863693237306,2.412136459350586,0.0
40,5,42,320,0.01,295000,0,0.11228656768798828,0.10733380317687988,24.015453338623047,0.6003863334655761,0.7623994068663933,0.019059985171659834,0.01535157490859831,2.4329397201538088,3.0077863693237306,2.412136459350586,0.0
40,5,42,320,0.01,300000,1,0.11257357597351074,0.10549609661102295,24.015453338623047,0.6003863334655761,0.8257324411004738,0.020643311027511844,0.016934900764450322,2.4522445678710936,3.0077863693237306,2.412136459350586,0.0
50,5,42,400,0.01,1,0,1.0113607788085937,0.9912805938720703,24.45687484741211,0.4891374969482422,254.50957864143584,5.090191572828717,5.096194876356549,6.714791259765625,2.3372842407226564,1.8491098022460937,0.0
50,5,42,400,0.01,5000,0,0.1942632293701172,0.19333341598510742,24.45687484741211,0.4891374969482422,29.127291432510987,0.5825458286502198,0.5885491321780517,2.260450744628906,2.3372842407226564,1.8491098022460937,0.0
50,5,42,400,0.01,10000,0,0.10153523445129395,0.10298675537109375,24.45687484741211,0.4891374969482422,3.5498709672748916,0.07099741934549783,0.07700072287332986,2.053028106689453,2.3372842407226564,1.8491098022460937,0.0
50,5,42,400,0.01,15000,0,0.10170946121215821,0.0949106502532959,24.45687484741211,0.4891374969482422,3.5979284187793965,0.07195856837558794,0.07796187190341997,2.08320556640625,2.3372842407226564,1.8491098022460937,0.0
50,5,42,400,0.01,20000,0,0.10118312835693359,0.09765772819519043,24.45687484741211,0.4891374969482422,3.4527485650088785,0.06905497130017757,0.0750582748280096,2.069382629394531,2.3372842407226564,1.8491098022460937,0.0
50,5,42,400,0.01,25000,0,0.10021007537841797,0.09863512992858886,24.45687484741211,0.4891374969482422,3.1843486585056446,0.06368697317011289,0.06969027669794492,2.0491156005859374,2.3372842407226564,1.8491098022460937,0.0
50,5,42,400,0.01,30000,0,0.09955001831054687,0.09689109802246093,24.45687484741211,0.4891374969482422,3.002283283634018,0.060045665672680354,0.06604896920051238,2.048847351074219,2.3372842407226564,1.8491098022460937,0.0
50,5,42,400,0.01,35000,0,0.09884823799133301,0.09708600997924804,24.45687484741211,0.4891374969482422,2.80870926842454,0.056174185368490795,0.062177488896322824,2.0449046325683593,2.3372842407226564,1.8491098022460937,0.0
50,5,42,400,0.01,40000,0,0.09816447257995606,0.09734309196472168,24.45687484741211,0.4891374969482422,2.62010435529465,0.052402087105893,0.05840539063372503,2.0348455810546877,2.3372842407226564,1.8491098022460937,0.0
50,5,42,400,0.01,45000,0,0.09763450622558593,0.09149934768676758,24.45687484741211,0.4891374969482422,2.473922263359853,0.04947844526719706,0.05548174879502909,2.0194940185546875,2.3372842407226564,1.8491098022460937,0.0
50,5,42,400,0.01,50000,0,0.09715770721435547,0.09221190452575684,24.45687484741211,0.4891374969482422,2.3424054673984323,0.046848109347968646,0.052851412875800675,2.0018325805664063,2.3372842407226564,1.8491098022460937,0.0
50,5,42,400,0.01,55000,0,0.09593515396118164,0.09198266983032227,24.45687484741211,0.4891374969482422,2.005185206948031,0.040103704138960625,0.046107007666792654,1.991395263671875,2.3372842407226564,1.8491098022460937,0.0
50,5,42,400,0.01,60000,0,0.09553031921386719,0.09014598846435547,24.45687484741211,0.4891374969482422,1.893518513841336,0.03787037027682672,0.04387367380465875,1.9929696655273437,2.3372842407226564,1.8491098022460937,0.0
50,5,42,400,0.01,65000,0,0.09551193237304688,0.09194857597351075,24.45687484741211,0.4891374969482422,1.8884468204535914,0.03776893640907183,0.04377223993690386,1.981675567626953,2.3372842407226564,1.8491098022460937,0.0
50,5,42,400,0.01,70000,0,0.0950890064239502,0.08951750755310059,24.45687484741211,0.4891374969482422,1.7717899808964042,0.03543579961792808,0.04143910314576012,1.979549102783203,2.3372842407226564,1.8491098022460937,0.0
50,5,42,400,0.01,75000,0,0.09491767883300781,0.0916171932220459,24.45687484741211,0.4891374969482422,1.724532215486235,0.0344906443097247,0.040493947837556735,1.9677249145507814,2.3372842407226564,1.8491098022460937,0.0
50,5,42,400,0.01,80000,0,0.09413400650024414,0.09598865509033203,24.45687484741211,0.4891374969482422,1.508369698658214,0.03016739397316428,0.03617069750099631,1.9595352172851563,2.3372842407226564,1.8491098022460937,0.0
50,5,42,400,0.01,85000,0,0.09460578918457031,0.09634037017822265,24.45687484741211,0.4891374969482422,1.6385028272327276,0.03277005654465455,0.03877336007248658,1.9661189270019532,2.3372842407226564,1.8491098022460937,0.0
50,5,42,400,0.01,90000,0,0.09420160293579101,0.09017143249511719,24.45687484741211,0.4891374969482422,1.5270150112787135,0.03054030022557427,0.036543603753406304,1.9636227416992187,2.3372842407226564,1.8491098022460937,0.0
50,5,42,400,0.01,95000,0,0.09347630500793457,0.08714515686035157,24.45687484741211,0.4891374969482422,1.3269540687382317,0.026539081374764635,0.032542384902596665,1.9614768981933595,2.3372842407226564,1.8491098022460937,0.0
50,5,42,400,0.01,100000,0,0.09329652786254883,0.09372414588928223,24.45687484741211,0.4891374969482422,1.2773656392504975,0.02554731278500995,0.03155061631284198,1.95776611328125,2.3372842407226564,1.8491098022460937,0.0
50,5,42,400,0.01,105000,0,0.09360595703125,0.08458782196044921,24.45687484741211,0.4891374969482422,1.362716346542367,0.027254326930847343,0.033257630458679376,1.9502838134765625,2.3372842407226564,1.8491098022460937,0.0
50,5,42,400,0.01,110000,0,0.09346647262573242,0.09056407928466798,24.45687484741211,0.4891374969482422,1.3242419754380421,0.026484839508760842,0.03248814303659287,1.9425885009765624,2.3372842407226564,1.8491098022460937,0.0
50,5,42,400,0.01,115000,0,0.09366657257080079,0.09138400077819825,24.45687484741211,0.4891374969482422,1.3794360992251953,0.027588721984503906,0.033592025512335935,1.93727294921875,2.3372842407226564,1.8491098022460937,0.0
50,5,42,400,0.01,120000,0,0.09322874069213867,0.09111266136169434,24.45687484741211,0.4891374969482422,1.2586677157027388,0.025173354314054777,0.031176657841886807,1.9299223327636719,2.3372842407226564,1.8491098022460937,0.0
50,5,42,400,0.01,125000,0,0.09308847427368164,0.08616154670715331,24.45687484741211,0.4891374969482422,1.219977639796653,0.02439955279593306,0.030402856323765094,1.9393966674804688,2.3372842407226564,1.8491098022460937,0.0
50,5,42,400,0.01,130000,0,0.0929092025756836,0.09513816833496094,24.45687484741211,0.4891374969482422,1.1705286292661548,0.023410572585323097,0.029413876113155126,1.9464854431152343,2.3372842407226564,1.8491098022460937,0.0
50,5,42,400,0.01,135000,0,0.09273340225219727,0.09111647605895996,24.45687484741211,0.4891374969482422,1.1220371376117662,0.022440742752235322,0.028444046280067355,1.9446090698242187,2.3372842407226564,1.8491098022460937,0.0
50,5,42,400,0.01,140000,0,0.09302932739257813,0.08891059875488282,24.45687484741211,0.4891374969482422,1.2036629912537151,0.024073259825074304,0.030076563352906333,1.9452236938476561,2.3372842407226564,1.8491098022460937,0.0
50,5,42,400,0.01,145000,0,0.09283082962036132,0.08308429718017578,24.45687484741211,0.4891374969482422,1.1489107992555354,0.022978215985110708,0.02898151951294274,1.9438694763183593,2.3372842407226564,1.8491098022460937,0.0
50,5,42,400,0.01,150000,0,0.09297809600830079,0.09121216773986816,24.45687484741211,0.4891374969482422,1.1895316961920166,0.023790633923840333,0.029793937451672362,1.9490017700195312,2.3372842407226564,1.8491098022460937,0.0
50,5,42,400,0.01,155000,0,0.0930311393737793,0.09065003395080566,24.45687484741211,0.4891374969482422,1.2041627950626754,0.024083255901253507,0.03008655942908554,1.9421572875976563,2.3372842407226564,1.8491098022460937,0.0
50,5,42,400,0.01,160000,0,0.09277031898498535,0.08734867095947266,24.45687484741211,0.4891374969482422,1.132219982582697,0.02264439965165394,0.02864770317948597,1.93239013671875,2.3372842407226564,1.8491098022460937,0.0
50,5,42,400,0.01,165000,0,0.0931062126159668,0.08982983589172364,24.45687484741211,0.4891374969482422,1.2248704560317165,0.02449740912063433,0.030500712648466363,1.937404327392578,2.3372842407226564,1.8491098022460937,0.0
50,5,42,400,0.01,170000,0,0.09261664390563965,0.0883473014831543,24.45687484741211,0.4891374969482422,1.0898313584903256,0.02179662716980651,0.027799930697638545,1.92501220703125,2.3372842407226564,1.8491098022460937,0.0
50,5,42,400,0.01,175000,0,0.0926570987701416,0.09198932647705078,24.45687484741211,0.4891374969482422,1.1009901361619043,0.022019802723238086,0.02802310625107012,1.9288873291015625,2.3372842407226564,1.8491098022460937,0.0
50,5,42,400,0.01,180000,0,0.09218656539916992,0.08774548530578613,24.45687484741211,0.4891374969482422,0.9712016091609357,0.019424032183218712,0.025427335711050745,1.9071453857421874,2.3372842407226564,1.8491098022460937,0.0
50,5,42,400,0.01,185000,0,0.09233418464660645,0.08711217880249024,24.45687484741211,0.4891374969482422,1.0119198363128419,0.020238396726256838,0.026241700254088868,1.9104852294921875,2.3372842407226564,1.8491098022460937,0.0
50,5,42,400,0.01,190000,0,0.09205818176269531,0.08602775573730469,24.45687484741211,0.4891374969482422,0.9357891940230694,0.018715783880461388,0.024719087408293417,1.9263491821289063,2.3372842407226564,1.8491098022460937,0.0
50,5,42,400,0.01,195000,0,0.0923559856414795,0.09122799873352051,24.45687484741211,0.4891374969482422,1.0179332652985167,0.020358665305970334,0.026361968833802363,1.9132275390625,2.3372842407226564,1.8491098022460937,0.0
50,5,42,400,0.01,200000,0,0.09220535278320313,0.08735302925109863,24.45687484741211,0.4891374969482422,0.9763837854959192,0.019527675709918382,0.025530979237750415,1.918197021484375,2.3372842407226564,1.8491098022460937,0.0
50,5,42,400,0.01,205000,0,0.09224313735961914,0.08732552528381347,24.45687484741211,0.4891374969482422,0.9868060101858802,0.019736120203717605,0.025739423731549634,1.9199322509765624,2.3372842407226564,1.8491098022460937,0.0
50,5,42,400,0.01,210000,0,0.09200420379638671,0.08901931762695313,24.45687484741211,0.4891374969482422,0.920900301608846,0.018418006032176918,0.02442130956000895,1.9335467529296875,2.3372842407226564,1.8491098022460937,0.0
50,5,42,400,0.01,215000,0,0.0923631477355957,0.09024360656738281,24.45687484741211,0.4891374969482422,1.019908805617085,0.020398176112341702,0.026401479640173732,1.906796875,2.3372842407226564,1.8491098022460937,0.0
50,5,42,400,0.01,220000,0,0.09219733238220215,0.08809605598449707,24.45687484741211,0.4891374969482422,0.9741714960046899,0.019483429920093796,0.02548673344792583,1.9040835571289063,2.3372842407226564,1.8491098022460937,0.0
50,5,42,400,0.01,225000,0,0.09190826416015625,0.08605548858642578,24.45687484741211,0.4891374969482422,0.8944370051976946,0.017888740103953894,0.023892043631785924,1.891006622314453,2.3372842407226564,1.8491098022460937,0.0
50,5,42,400,0.01,230000,0,0.09213775634765625,0.0915334415435791,24.45687484741211,0.4891374969482422,0.9577384728754197,0.019154769457508394,0.025158072985340424,1.9058230590820313,2.3372842407226564,1.8491098022460937,0.0
50,5,42,400,0.01,235000,0,0.09210600852966308,0.0856577491760254,24.45687484741211,0.4891374969482422,0.9489813840331998,0.018979627680663996,0.024982931208496026,1.9153170776367188,2.3372842407226564,1.8491098022460937,0.0
50,5,42,400,0.01,240000,0,0.09206499099731445,0.08692453384399414,24.45687484741211,0.4891374969482422,0.9376674041262092,0.018753348082524185,0.024756651610356215,1.915194091796875,2.3372842407226564,1.8491098022460937,0.0
50,5,42,400,0.01,245000,0,0.09189233779907227,0.08850088119506835,24.45687484741211,0.4891374969482422,0.890043992771588,0.01780087985543176,0.023804183383263792,1.9104412841796874,2.3372842407226564,1.8491098022460937,0.0
50,5,42,400,0.01,250000,0,0.09222333908081054,0.0892400360107422,24.45687484741211,0.4891374969482422,0.9813449959364213,0.019626899918728426,0.02563020344656046,1.90348876953125,2.3372842407226564,1.8491098022460937,0.0
50,5,42,400,0.01,255000,0,0.09205404281616211,0.08824689865112305,24.45687484741211,0.4891374969482422,0.9346475369015543,0.018692950738031087,0.024696254265863117,1.9103193664550782,2.3372842407226564,1.8491098022460937,0.0
50,5,42,400,0.01,260000,0,0.09187785148620606,0.08986653327941894,24.45687484741211,0.4891374969482422,0.8860481928462853,0.017720963856925707,0.023724267384757736,1.9113525390625,2.3372842407226564,1.8491098022460937,0.0
50,5,42,400,0.01,265000,0,0.09255544662475586,0.08793842315673828,24.45687484741211,0.4891374969482422,1.0729511424793543,0.021459022849587086,0.02746232637741912,1.913662109375,2.3372842407226564,1.8491098022460937,0.0
50,5,42,400,0.01,270000,0,0.09194123268127441,0.08470708847045899,24.45687484741211,0.4891374969482422,0.9035308039743697,0.018070616079487394,0.024073919607319427,1.9086878967285157,2.3372842407226564,1.8491098022460937,0.0
50,5,42,400,0.01,275000,0,0.09230308532714844,0.09122115135192871,24.45687484741211,0.4891374969482422,1.0033416246233031,0.02006683249246606,0.026070136020298094,1.8998849487304688,2.3372842407226564,1.8491098022460937,0.0
50,5,42,400,0.01,280000,0,0.0917755889892578,0.08928133964538575,24.45687484741211,0.4891374969482422,0.8578408441965095,0.01715681688393019,0.02316012041176222,1.9034822082519531,2.3372842407226564,1.8491098022460937,0.0
50,5,42,400,0.01,285000,0,0.09196531295776367,0.09210452079772949,24.45687484741211,0.4891374969482422,0.9101729335407853,0.018203458670815707,0.024206762198647737,1.8899185180664062,2.3372842407226564,1.8491098022460937,0.0
50,5,42,400,0.01,290000,0,0.09215560913085938,0.0864688777923584,24.45687484741211,0.4891374969482422,0.9626628556668386,0.019253257113336773,0.025256560641168803,1.90150146484375,2.3372842407226564,1.8491098022460937,0.0
50,5,42,400,0.01,295000,0,0.09174922943115234,0.08811291694641113,24.45687484741211,0.4891374969482422,0.8505700140493495,0.01701140028098699,0.023014703808819023,1.8974874877929688,2.3372842407226564,1.8491098022460937,0.0
50,5,42,400,0.01,300000,1,0.091756591796875,0.0853749942779541,24.45687484741211,0.4891374969482422,0.8526007958415356,0.017052015916830712,0.023055319444662742,1.8894998168945312,2.3372842407226564,1.8491098022460937,0.0
5,5,42,40,0.01,1,0,1.0106728553771973,1.0211501121520996,24.252391815185547,4.8504783630371096,3.625278350564841,0.7250556701129682,0.784170126289726,0.7385589599609375,4.8504791259765625,9.399517161791034e-15,0.0
5,5,42,40,0.01,5000,0,0.9222857475280761,0.9081660270690918,24.252391815185547,4.8504783630371096,1.1872721981162364,0.23745443962324728,0.2965688958000051,0.21601481437683107,4.8504791259765625,9.399517161791034e-15,0.003800000064074993
5,5,42,40,0.01,10000,0,0.9157039642333984,0.8762081146240235,24.252391815185547,4.8504783630371096,1.005725040878108,0.2011450081756216,0.2602594643523794,0.17422280311584473,4.8504791259765625,9.399517161791034e-15,0.00419999985024333
5,5,42,40,0.01,15000,0,0.9115921020507812,0.8957465171813965,24.252391815185547,4.8504783630371096,0.8923064038936985,0.1784612807787397,0.23757573695549752,0.15241005420684814,4.8504791259765625,9.399517161791034e-15,0.0034000000450760126
5,5,42,40,0.01,20000,0,0.910123348236084,0.8980942726135254,24.252391815185547,4.8504783630371096,0.8517933593580977,0.17035867187161954,0.22947312804837736,0.1425790548324585,4.8504791259765625,9.399517161791034e-15,0.004800000227987766
5,5,42,40,0.01,25000,0,0.9085960388183594,0.876430892944336,24.252391815185547,4.8504783630371096,0.809665159355653,0.1619330318711306,0.2210474880478884,0.13439433574676513,4.8504791259765625,9.399517161791034e-15,0.004800000227987766
5,5,42,40,0.01,30000,0,0.9076702117919921,0.8804476737976075,24.252391815185547,4.8504783630371096,0.7841278152642559,0.15682556305285117,0.21594001922960898,0.1277085542678833,4.8504791259765625,9.399517161791034e-15,0.0034000000450760126
5,5,42,40,0.01,35000,0,0.9059661865234375,0.8817586898803711,24.252391815185547,4.8504783630371096,0.7371252128512928,0.14742504257025857,0.20653949874701638,0.12277841567993164,4.8504791259765625,9.399517161791034e-15,0.002199999988079071
5,5,42,40,0.01,40000,0,0.9052438735961914,0.881475830078125,24.252391815185547,4.8504783630371096,0.7172014546984045,0.1434402909396809,0.2025547471164387,0.11851892471313477,4.8504791259765625,9.399517161791034e-15,0.00279999990016222
5,5,42,40,0.01,45000,0,0.9046579360961914,0.8533566474914551,24.252391815185547,4.8504783630371096,0.7010393778445163,0.14020787556890327,0.19932233174566108,0.1157565951347351,4.8504791259765625,9.399517161791034e-15,0.003599999938160181
5,5,42,40,0.01,50000,0,0.9034432411193848,0.8872623443603516,24.252391815185547,4.8504783630371096,0.6675341088197797,0.13350682176395595,0.19262127794071376,0.10983649492263795,4.8504791259765625,9.399517161791034e-15,0.003599999938160181
5,5,42,40,0.01,55000,0,0.9026953697204589,0.8654168128967286,24.252391815185547,4.8504783630371096,0.6469053642416256,0.12938107284832512,0.18849552902508293,0.10694702863693237,4.8504791259765625,9.399517161791034e-15,0.00419999985024333
5,5,42,40,0.01,60000,0,0.9016947746276855,0.8874047279357911,24.252391815185547,4.8504783630371096,0.6193056718016869,0.12386113436033738,0.1829755905370952,0.10318537950515747,4.8504791259765625,9.399517161791034e-15,0.00279999990016222
5,5,42,40,0.01,65000,0,0.9015932083129883,0.8807650566101074,24.252391815185547,4.8504783630371096,0.6165041399251585,0.1233008279850317,0.1824152841617895,0.10232672691345215,4.8504791259765625,9.399517161791034e-15,0.003000000026077032
5,5,42,40,0.01,70000,0,0.900881576538086,0.8710951805114746,24.252391815185547,4.8504783630371096,0.5968750029649179,0.11937500059298359,0.1784894567697414,0.09955350160598755,4.8504791259765625,9.399517161791034e-15,0.003599999938160181
5,5,42,40,0.01,75000,0,0.9006909370422364,0.8894497871398925,24.252391815185547,4.8504783630371096,0.5916165407854059,0.11832330815708118,0.177437764333839,0.0996622085571289,4.8504791259765625,9.399517161791034e-15,0.004000000189989805
5,5,42,40,0.01,80000,0,0.9005699157714844,0.8734123229980468,24.252391815185547,4.8504783630371096,0.5882783774508376,0.1176556754901675,0.17677013166692532,0.09878912568092346,4.8504791259765625,9.399517161791034e-15,0.005799999926239252
5,5,42,40,0.01,85000,0,0.9002046585083008,0.837951374053955,24.252391815185547,4.8504783630371096,0.578203384880787,0.1156406769761574,0.17475513315291522,0.09768062829971313,4.8504791259765625,9.399517161791034e-15,0.00419999985024333
5,5,42,40,0.01,90000,0,0.8998193740844727,0.8842935562133789,24.252391815185547,4.8504783630371096,0.5675759775745206,0.11351519551490412,0.17262965169166195,0.09479586482048034,4.8504791259765625,9.399517161791034e-15,0.004800000227987766
5,5,42,40,0.01,95000,0,0.8992992401123047,0.9203314781188965,24.252391815185547,4.8504783630371096,0.5532289777110613,0.11064579554221225,0.16976025171897008,0.09537550210952758,4.8504791259765625,9.399517161791034e-15,0.004800000227987766
5,5,42,40,0.01,100000,0,0.899138355255127,0.8205925941467285,24.252391815185547,4.8504783630371096,0.5487912459967852,0.10975824919935703,0.16887270537611485,0.09353548288345337,4.8504791259765625,9.399517161791034e-15,0.004000000189989805
5,5,42,40,0.01,105000,0,0.8984827041625977,0.8738224029541015,24.252391815185547,4.8504783630371096,0.5307062397515914,0.10614124795031828,0.16525570412707608,0.09392733573913574,4.8504791259765625,9.399517161791034e-15,0.005200000014156103
5,5,42,40,0.01,110000,0,0.8991857528686523,0.8847715377807617,24.252391815185547,4.8504783630371096,0.5500986275391639,0.11001972550783279,0.1691341816845906,0.09670454263687134,4.8504791259765625,9.399517161791034e-15,0.004600000102072954
5,5,42,40,0.01,115000,0,0.8992478370666503,0.7929794311523437,24.252391815185547,4.8504783630371096,0.5518111132214365,0.1103622226442873,0.1694766788210451,0.09648300409317016,4.8504791259765625,9.399517161791034e-15,0.006800000090152025
5,5,42,40,0.01,120000,0,0.8982948303222656,0.8990715026855469,24.252391815185547,4.8504783630371096,0.5255240634166043,0.10510481268332086,0.16421926886007868,0.09845690727233887,4.8504791259765625,9.399517161791034e-15,0.004600000102072954
5,5,42,40,0.01,125000,0,0.8982677459716797,0.8520418167114258,24.252391815185547,4.8504783630371096,0.5247769882495277,0.10495539764990554,0.16406985382666334,0.0957605242729187,4.8504791259765625,9.399517161791034e-15,0.004600000102072954
5,5,42,40,0.01,130000,0,0.8979640960693359,0.8705686569213867,24.252391815185547,4.8504783630371096,0.5164013286299358,0.10328026572598717,0.16239472190274498,0.09725217819213867,4.8504791259765625,9.399517161791034e-15,0.002400000113993883
5,5,42,40,0.01,135000,0,0.897677993774414,0.8356256484985352,24.252391815185547,4.8504783630371096,0.5085096895411247,0.10170193790822495,0.16081639408498277,0.09625416994094849,4.8504791259765625,9.399517161791034e-15,0.003000000026077032
5,5,42,40,0.01,140000,0,0.8976750373840332,0.8120623588562011,24.252391815185547,4.8504783630371096,0.5084281426038721,0.10168562852077442,0.16080008469753224,0.09553696513175965,4.8504791259765625,9.399517161791034e-15,0.005400000140070915
5,5,42,40,0.01,145000,0,0.8987350463867188,0.8291838645935059,24.252391815185547,4.8504783630371096,0.5376666654279205,0.1075333330855841,0.16664778926234192,0.10052475929260254,4.8504791259765625,9.399517161791034e-15,0.004999999888241291
5,5,42,40,0.01,150000,0,0.8991757392883301,0.8605729103088379,24.252391815185547,4.8504783630371096,0.5498224201710578,0.10996448403421155,0.16907894021096936,0.10071535110473633,4.8504791259765625,9.399517161791034e-15,0.005200000014156103
5,5,42,40,0.01,155000,0,0.89830322265625,0.8717586517333984,24.252391815185547,4.8504783630371096,0.5257555514965411,0.10515111029930821,0.16426556647606602,0.10079101324081421,4.8504791259765625,9.399517161791034e-15,0.00419999985024333
5,5,42,40,0.01,160000,0,0.8993062019348145,0.8959041595458984,24.252391815185547,4.8504783630371096,0.5534210075955563,0.11068420151911126,0.16979865769586908,0.10210516452789306,4.8504791259765625,9.399517161791034e-15,0.00419999985024333
5,5,42,40,0.01,165000,0,0.8985292434692382,0.8508609771728516,24.252391815185547,4.8504783630371096,0.5319899463767044,0.10639798927534087,0.1655124454520987,0.09963093996047974,4.8504791259765625,9.399517161791034e-15,0.004800000227987766
5,5,42,40,0.01,170000,0,0.8990440368652344,0.8530515670776367,24.252391815185547,4.8504783630371096,0.546189635643838,0.1092379271287676,0.16835238330552543,0.10144152641296386,4.8504791259765625,9.399517161791034e-15,0.004600000102072954
5,5,42,40,0.01,175000,0,0.8995332717895508,0.8937976837158204,24.252391815185547,4.8504783630371096,0.5596843384857095,0.11193686769714191,0.1710513238738997,0.10636696815490723,4.8504791259765625,9.399517161791034e-15,0.004600000102072954
5,5,42,40,0.01,180000,0,0.9006844520568847,0.8161540031433105,24.252391815185547,4.8504783630371096,0.5914376636327283,0.11828753272654566,0.17740198890330347,0.11042666435241699,4.8504791259765625,9.399517161791034e-15,0.006000000052154064
5,5,42,40,0.01,185000,0,0.9001556396484375,0.8672847747802734,24.252391815185547,4.8504783630371096,0.5768512840502389,0.11537025681004778,0.1744847129868056,0.1096621036529541,4.8504791259765625,9.399517161791034e-15,0.003599999938160181
5,5,42,40,0.01,190000,0,0.9007888793945312,0.8203510284423828,24.252391815185547,4.8504783630371096,0.5943181119001437,0.11886362238002875,0.17797807855678655,0.10916019678115844,4.8504791259765625,9.399517161791034e-15,0.004399999976158142
5,5,42,40,0.01,195000,0,0.9007841110229492,0.8221924781799317,24.252391815185547,4.8504783630371096,0.5941865845819976,0.11883731691639951,0.17795177309315732,0.11576621532440186,4.8504791259765625,9.399517161791034e-15,0.0031999999191612005
5,5,42,40,0.01,200000,0,0.9013435363769531,0.8400378227233887,24.252391815185547,4.8504783630371096,0.6096173695469886,0.12192347390939773,0.18103793008615554,0.11312958002090454,4.8504791259765625,9.399517161791034e-15,0.004999999888241291
5,5,42,40,0.01,205000,0,0.901704216003418,0.829152774810791,24.252391815185547,4.8504783630371096,0.6195660958916172,0.12391321917832343,0.18302767535508124,0.11620047092437744,4.8504791259765625,9.399517161791034e-15,0.003800000064074993
5,5,42,40,0.01,210000,0,0.9012920379638671,0.8190255165100098,24.252391815185547,4.8504783630371096,0.6081968745110018,0.12163937490220036,0.18075383107895818,0.1166420578956604,4.8504791259765625,9.399517161791034e-15,0.004399999976158142
5,5,42,40,0.01,215000,0,0.901369285583496,0.9199920654296875,24.252391815185547,4.8504783630371096,0.6103276170649821,0.12206552341299641,0.18117997958975424,0.11721639633178711,4.8504791259765625,9.399517161791034e-15,0.006800000090152025
5,5,42,40,0.01,220000,0,0.9018426895141601,0.8011945724487305,24.252391815185547,4.8504783630371096,0.6233856492106007,0.12467712984212014,0.18379158601887796,0.11985430717468262,4.8504791259765625,9.399517161791034e-15,0.004000000189989805
5,5,42,40,0.01,225000,0,0.9019032478332519,0.850770378112793,24.252391815185547,4.8504783630371096,0.6250560461510659,0.1250112092302132,0.184125665406971,0.12014122009277343,4.8504791259765625,9.399517161791034e-15,0.004399999976158142
5,5,42,40,0.01,230000,0,0.9024645805358886,0.796803617477417,24.252391815185547,4.8504783630371096,0.6405394420433161,0.12810788840866322,0.18722234458542103,0.12069867849349976,4.8504791259765625,9.399517161791034e-15,0.005200000014156103
5,5,42,40,0.01,235000,0,0.9047382354736329,0.7862220287322998,24.252391815185547,4.8504783630371096,0.7032542978821077,0.14065085957642154,0.19976531575317935,0.13260266780853272,4.8504791259765625,9.399517161791034e-15,0.0034000000450760126
5,5,42,40,0.01,240000,0,0.9044967651367187,0.8318828582763672,24.252391815185547,4.8504783630371096,0.6965937544911505,0.1393187508982301,0.1984332070749879,0.12891498804092408,4.8504791259765625,9.399517161791034e-15,0.004000000189989805
5,5,42,40,0.01,245000,0,0.9049198150634765,0.8639486312866211,24.252391815185547,4.8504783630371096,0.7082628581571413,0.14165257163142825,0.20076702780818606,0.13286314010620118,4.8504791259765625,9.399517161791034e-15,0.00419999985024333
5,5,42,40,0.01,250000,0,0.9034859657287597,0.8275511741638184,24.252391815185547,4.8504783630371096,0.6687125935903779,0.13374251871807558,0.1928569748948334,0.12770695686340333,4.8504791259765625,9.399517161791034e-15,0.005200000014156103
5,5,42,40,0.01,255000,0,0.9053094863891602,0.814905834197998,24.252391815185547,4.8504783630371096,0.7190112705961056,0.14380225411922112,0.20291671029597894,0.13326125144958495,4.8504791259765625,9.399517161791034e-15,0.003800000064074993
5,5,42,40,0.01,260000,0,0.9045915603637695,0.8241406440734863,24.252391815185547,4.8504783630371096,0.6992085175759115,0.1398417035151823,0.1989561596919401,0.1303779125213623,4.8504791259765625,9.399517161791034e-15,0.004600000102072954
5,5,42,40,0.01,265000,0,0.9065361976623535,0.822733211517334,24.252391815185547,4.8504783630371096,0.7528479884625696,0.15056959769251393,0.20968405386927175,0.13990978002548218,4.8504791259765625,9.399517161791034e-15,0.006399999838322401
5,5,42,40,0.01,270000,0,0.9060686111450196,0.8641759872436523,24.252391815185547,4.8504783630371096,0.739950419645087,0.1479900839290174,0.20710454010577523,0.13957090377807618,4.8504791259765625,9.399517161791034e-15,0.00419999985024333
5,5,42,40,0.01,275000,0,0.9077701568603516,0.8261984825134278,24.252391815185547,4.8504783630371096,0.7868846278526149,0.157376925570523,0.2164913817472808,0.1450308918952942,4.8504791259765625,9.399517161791034e-15,0.004399999976158142
5,5,42,40,0.01,280000,0,0.9077318191528321,0.8691052436828614,24.252391815185547,4.8504783630371096,0.7858271482147146,0.15716542964294292,0.21627988581970073,0.14645373821258545,4.8504791259765625,9.399517161791034e-15,0.00279999990016222
5,5,42,40,0.01,285000,0,0.9075960159301758,0.8543217658996582,24.252391815185547,4.8504783630371096,0.7820812501938939,0.15641625003877876,0.21553070621553658,0.14250788688659669,4.8504791259765625,9.399517161791034e-15,0.004600000102072954
5,5,42,40,0.01,290000,0,0.907480525970459,0.8587841987609863,24.252391815185547,4.8504783630371096,0.7788956585483753,0.15577913170967506,0.21489358788643287,0.1469113349914551,4.8504791259765625,9.399517161791034e-15,0.00279999990016222
5,5,42,40,0.01,295000,0,0.9062145233154297,0.8623064041137696,24.252391815185547,4.8504783630371096,0.7439751555803795,0.1487950311160759,0.2079094872928337,0.14425966739654542,4.8504791259765625,9.399517161791034e-15,0.005400000140070915
5,5,42,40,0.01,300000,1,0.907452392578125,0.8236051559448242,24.252391815185547,4.8504783630371096,0.7781196473713088,0.15562392947426176,0.21473838565101958,0.147349214553833,4.8504791259765625,9.399517161791034e-15,0.006200000178068876
8,5,42,64,0.01,1,0,1.0103440284729004,1.0456411838531494,24.42905044555664,3.05363130569458,20.160709621468925,2.5200887026836156,2.5719421210338353,4.916478633880615,6.416718006134033,3.358238697052002,0.0
8,5,42,64,0.01,5000,0,0.6758177280426025,0.6365863084793091,24.42905044555664,3.05363130569458,5.396978603191538,0.6746223253989423,0.726475743749162,3.0706732273101807,6.416718006134033,3.358238697052002,0.00019999999494757503
8,5,42,64,0.01,10000,0,0.600874125957489,0.5818062424659729,24.42905044555664,3.05363130569458,2.089474286483952,0.261184285810494,0.31303770416071375,3.1789708137512207,6.416718006134033,3.358238697052002,0.00039999998989515007
8,5,42,64,0.01,15000,0,0.5823910236358643,0.549184262752533,24.42905044555664,3.05363130569458,1.2737550120688645,0.15921937650860807,0.2110727948588278,3.428135871887207,6.416718006134033,3.358238697052002,0.00019999999494757503
8,5,42,64,0.01,20000,0,0.5794858932495117,0.5806815028190613,24.42905044555664,3.05363130569458,1.1455421823392946,0.14319277279241183,0.19504619114263155,3.620800733566284,6.416718006134033,3.358238697052002,0.0006000000284984708
8,5,42,64,0.01,25000,0,0.5804627537727356,0.5626954436302185,24.42905044555664,3.05363130569458,1.1886542066814734,0.14858177583518417,0.2004351941854039,3.6070680618286133,6.416718006134033,3.358238697052002,0.0006000000284984708
8,5,42,64,0.01,30000,0,0.5774164199829102,0.5506910681724548,24.42905044555664,3.05363130569458,1.0542096126181058,0.13177620157726322,0.18362961992748295,3.5282130241394043,6.416718006134033,3.358238697052002,0.00039999998989515007
8,5,42,64,0.01,35000,0,0.5758453607559204,0.5691707134246826,24.42905044555664,3.05363130569458,0.9848736715837987,0.12310920894797484,0.17496262729819456,3.513598680496216,6.416718006134033,3.358238697052002,0.0012000000569969416
8,5,42,64,0.01,40000,0,0.5754626989364624,0.5519094467163086,24.42905044555664,3.05363130569458,0.9679855639337411,0.12099819549171764,0.17285161384193737,3.4893076419830322,6.416718006134033,3.358238697052002,0.0012000000569969416
8,5,42,64,0.01,45000,0,0.5737577676773071,0.5437654852867126,24.42905044555664,3.05363130569458,0.8927414157682776,0.1115926769710347,0.16344609532125443,3.5017290115356445,6.416718006134033,3.358238697052002,0.0010000000474974513
8,5,42,64,0.01,50000,0,0.5733212828636169,0.5890692472457886,24.42905044555664,3.05363130569458,0.8734779247524891,0.10918474059406114,0.16103815894428086,3.4666695594787598,6.416718006134033,3.358238697052002,0.0010000000474974513
8,5,42,64,0.01,55000,0,0.5715175867080688,0.5354604721069336,24.42905044555664,3.05363130569458,0.7938749612636364,0.09923437015795455,0.15108778850817428,3.489147424697876,6.416718006134033,3.358238697052002,0.0007999999797903001
8,5,42,64,0.01,60000,0,0.5739291906356812,0.5693827867507935,24.42905044555664,3.05363130569458,0.9003068671080854,0.11253835838851067,0.1643917767387304,3.4738783836364746,6.416718006134033,3.358238697052002,0.0007999999797903001
8,5,42,64,0.01,65000,0,0.5724706649780273,0.5650103688240051,24.42905044555664,3.05363130569458,0.8359373976070081,0.10449217470087602,0.15634559305109574,3.4677820205688477,6.416718006134033,3.358238697052002,0.00039999998989515007
8,5,42,64,0.01,70000,0,0.5711670517921448,0.5748322010040283,24.42905044555664,3.05363130569458,0.7784047181032037,0.09730058976290046,0.14915400811312018,3.4631175994873047,6.416718006134033,3.358238697052002,0.0007999999797903001
8,5,42,64,0.01,75000,0,0.5707310438156128,0.54667067527771,24.42905044555664,3.05363130569458,0.7591622714583153,0.09489528393228941,0.14674870228250914,3.458993434906006,6.416718006134033,3.358238697052002,0.0017999999690800905
8,5,42,64,0.01,80000,0,0.5709600448608398,0.5591573119163513,24.42905044555664,3.05363130569458,0.7692688305847213,0.09615860382309016,0.1480120221733099,3.4512314796447754,6.416718006134033,3.358238697052002,0.0012000000569969416
8,5,42,64,0.01,85000,0,0.5702755451202393,0.51690673828125,24.42905044555664,3.05363130569458,0.7390596361527457,0.09238245451909322,0.14423587286931294,3.4631452560424805,6.416718006134033,3.358238697052002,0.0015999999595806003
8,5,42,64,0.01,90000,0,0.5694161653518677,0.5587578415870667,24.42905044555664,3.05363130569458,0.7011324186919161,0.08764155233648951,0.13949497068670924,3.448113441467285,6.416718006134033,3.358238697052002,0.0017999999690800905
8,5,42,64,0.01,95000,0,0.569084882736206,0.5422719120979309,24.42905044555664,3.05363130569458,0.6865118420067091,0.08581398025083864,0.13766739860105837,3.4396708011627197,6.416718006134033,3.358238697052002,0.0010000000474974513
8,5,42,64,0.01,100000,0,0.5685092210769653,0.5197181105613708,24.42905044555664,3.05363130569458,0.6611060252334582,0.08263825315418227,0.134491671504402,3.4836788177490234,6.416718006134033,3.358238697052002,0.0010000000474974513
8,5,42,64,0.01,105000,0,0.5684458017349243,0.5460235476493835,24.42905044555664,3.05363130569458,0.6583071239032918,0.08228839048791148,0.1341418088381312,3.431403160095215,6.416718006134033,3.358238697052002,0.0015999999595806003
8,5,42,64,0.01,110000,0,0.5696288347244263,0.5406057238578796,24.42905044555664,3.05363130569458,0.7105182081148769,0.08881477601435961,0.14066819436457934,3.433757781982422,6.416718006134033,3.358238697052002,0.0010000000474974513
8,5,42,64,0.01,115000,0,0.5685932636260986,0.5387275815010071,24.42905044555664,3.05363130569458,0.6648150956051992,0.0831018869506499,0.13495530530086963,3.4252943992614746,6.416718006134033,3.358238697052002,0.0007999999797903001
8,5,42,64,0.01,120000,0,0.5679451823234558,0.5326442718505859,24.42905044555664,3.05363130569458,0.6362131650009815,0.07952664562512268,0.1313800639753424,3.4356064796447754,6.416718006134033,3.358238697052002,0.0006000000284984708
8,5,42,64,0.01,125000,0,0.5685250759124756,0.5380957126617432,24.42905044555664,3.05363130569458,0.6618057505659998,0.08272571882074997,0.1345791371709697,3.419649600982666,6.416718006134033,3.358238697052002,0.0017999999690800905
8,5,42,64,0.01,130000,0,0.5675112009048462,0.5540257692337036,24.42905044555664,3.05363130569458,0.6170601569324354,0.07713251961655443,0.12898593796677416,3.4038350582122803,6.416718006134033,3.358238697052002,0.0010000000474974513
8,5,42,64,0.01,135000,0,0.567418098449707,0.5464544892311096,24.42905044555664,3.05363130569458,0.6129512435135247,0.07661890543919059,0.12847232378941031,3.4025955200195312,6.416718006134033,3.358238697052002,0.0017999999690800905
8,5,42,64,0.01,140000,0,0.567858874797821,0.5537473559379578,24.42905044555664,3.05363130569458,0.6324041338674462,0.07905051673343078,0.1309039350836505,3.411447286605835,6.416718006134033,3.358238697052002,0.0007999999797903001
8,5,42,64,0.01,145000,0,0.568100094795227,0.542740523815155,24.42905044555664,3.05363130569458,0.6430499549982542,0.08038124437478178,0.1322346627250015,3.386201858520508,6.416718006134033,3.358238697052002,0.0010000000474974513
8,5,42,64,0.01,150000,0,0.5674302577972412,0.5341575145721436,24.42905044555664,3.05363130569458,0.6134878749715647,0.07668598437144558,0.1285394027216653,3.428299903869629,6.416718006134033,3.358238697052002,0.0017999999690800905
8,5,42,64,0.01,155000,0,0.5679622888565063,0.5508792996406555,24.42905044555664,3.05363130569458,0.6369681318071443,0.07962101647589304,0.13147443482611276,3.3978490829467773,6.416718006134033,3.358238697052002,0.00039999998989515007
8,5,42,64,0.01,160000,0,0.5679522752761841,0.5319567918777466,24.42905044555664,3.05363130569458,0.6365262000181708,0.07956577500227136,0.13141919335249108,3.373081684112549,6.416718006134033,3.358238697052002,0.00139999995008111
8,5,42,64,0.01,165000,0,0.5680652856826782,0.5303968787193298,24.42905044555664,3.05363130569458,0.6415137159223008,0.0801892144902876,0.13204263284050732,3.383718490600586,6.416718006134033,3.358238697052002,0.0010000000474974513
8,5,42,64,0.01,170000,0,0.5673004984855652,0.5596651434898376,24.42905044555664,3.05363130569458,0.6077611755394514,0.07597014694243143,0.12782356529265115,3.3863205909729004,6.416718006134033,3.358238697052002,0.0026000000070780516
8,5,42,64,0.01,175000,0,0.5684249401092529,0.5207419395446777,24.42905044555664,3.05363130569458,0.6573864326762653,0.08217330408453316,0.1340267224347529,3.3832874298095703,6.416718006134033,3.358238697052002,0.0010000000474974513
8,5,42,64,0.01,180000,0,0.5676985383033752,0.5507227182388306,24.42905044555664,3.05363130569458,0.6253279641511469,0.07816599551889336,0.1300194138691131,3.3670058250427246,6.416718006134033,3.358238697052002,0.00139999995008111
8,5,42,64,0.01,185000,0,0.5693351030349731,0.5377361178398132,24.42905044555664,3.05363130569458,0.6975548756383212,0.08719435945479015,0.13904777780500988,3.366880416870117,6.416718006134033,3.358238697052002,0.0015999999595806003
8,5,42,64,0.01,190000,0,0.5685735940933228,0.5123366117477417,24.42905044555664,3.05363130569458,0.6639470153054319,0.08299337691317898,0.1348467952633987,3.37121319770813,6.416718006134033,3.358238697052002,0.0006000000284984708
8,5,42,64,0.01,195000,0,0.5687258243560791,0.5284861922264099,24.42905044555664,3.05363130569458,0.6706654307163724,0.08383317883954655,0.13568659718976628,3.332469940185547,6.416718006134033,3.358238697052002,0.002400000113993883
8,5,42,64,0.01,200000,0,0.5687521696090698,0.5172438025474548,24.42905044555664,3.05363130569458,0.6718281322087911,0.08397851652609889,0.13583193487631862,3.3519184589385986,6.416718006134033,3.358238697052002,0.00139999995008111
8,5,42,64,0.01,205000,0,0.5682603120803833,0.5286179184913635,24.42905044555664,3.05363130569458,0.650120863621833,0.08126510795272912,0.13311852630294885,3.3696393966674805,6.416718006134033,3.358238697052002,0.0015999999595806003
8,5,42,64,0.01,210000,0,0.5688161849975586,0.4936346113681793,24.42905044555664,3.05363130569458,0.6746533390025853,0.08433166737532316,0.1361850857255429,3.3786697387695312,6.416718006134033,3.358238697052002,0.0012000000569969416
8,5,42,64,0.01,215000,0,0.5681784749031067,0.5332268476486206,24.42905044555664,3.05363130569458,0.6465091234655169,0.08081364043318962,0.13266705878340934,3.361621379852295,6.416718006134033,3.358238697052002,0.00139999995008111
8,5,42,64,0.01,220000,0,0.5696460604667664,0.5427955389022827,24.42905044555664,3.05363130569458,0.7112784360137638,0.08890980450172048,0.1407632228519402,3.3815550804138184,6.416718006134033,3.358238697052002,0.002400000113993883
8,5,42,64,0.01,225000,0,0.5689343214035034,0.5378010272979736,24.42905044555664,3.05363130569458,0.6798670818939279,0.08498338523674098,0.1368368035869607,3.387830972671509,6.416718006134033,3.358238697052002,0.002400000113993883
8,5,42,64,0.01,230000,0,0.5693441033363342,0.5161466598510742,24.42905044555664,3.05363130569458,0.6979520881391217,0.08724401101739021,0.13909742936760994,3.3561434745788574,6.416718006134033,3.358238697052002,0.0017999999690800905
8,5,42,64,0.01,235000,0,0.5706014633178711,0.5252588391304016,24.42905044555664,3.05363130569458,0.7534434636652882,0.09418043295816103,0.14603385130838076,3.373128652572632,6.416718006134033,3.358238697052002,0.002199999988079071
8,5,42,64,0.01,240000,0,0.5699205994606018,0.5223387479782104,24.42905044555664,3.05363130569458,0.7233947325614558,0.09042434157018198,0.1422777599204017,3.34342360496521,6.416718006134033,3.358238697052002,0.0010000000474974513
8,5,42,64,0.01,245000,0,0.5711135864257812,0.5299617648124695,24.42905044555664,3.05363130569458,0.7760451180156487,0.09700563975195609,0.1488590581021758,3.3484420776367188,6.416718006134033,3.358238697052002,0.002400000113993883
8,5,42,64,0.01,250000,0,0.5708269476890564,0.5264883041381836,24.42905044555664,3.05363130569458,0.7633948205562824,0.0954243525695353,0.14727777091975502,3.370312213897705,6.416718006134033,3.358238697052002,0.0020000000949949026
8,5,42,64,0.01,255000,0,0.5704995393753052,0.549294114112854,24.42905044555664,3.05363130569458,0.7489452293846668,0.09361815367308335,0.14547157202330308,3.355614185333252,6.416718006134033,3.358238697052002,0.00139999995008111
8,5,42,64,0.01,260000,0,0.5710662603378296,0.5260094404220581,24.42905044555664,3.05363130569458,0.7739564642034757,0.09674455802543447,0.1485979763756542,3.350149631500244,6.416718006134033,3.358238697052002,0.002400000113993883
8,5,42,64,0.01,265000,0,0.5695626735687256,0.5523571372032166,24.42905044555664,3.05363130569458,0.7075983016520162,0.08844978770650203,0.14030320605672175,3.374178886413574,6.416718006134033,3.358238697052002,0.00139999995008111
8,5,42,64,0.01,270000,0,0.571725606918335,0.5388282537460327,24.42905044555664,3.05363130569458,0.8030555680702882,0.10038194600878603,0.15223536435900575,3.3716511726379395,6.416718006134033,3.358238697052002,0.0012000000569969416
8,5,42,64,0.01,275000,0,0.5715346932411194,0.5165702104568481,24.42905044555664,3.05363130569458,0.7946299280697993,0.09932874100872491,0.15118215935894463,3.3589422702789307,6.416718006134033,3.358238697052002,0.0020000000949949026
8,5,42,64,0.01,280000,0,0.5716260671615601,0.5411275029182434,24.42905044555664,3.05363130569458,0.7986625556441851,0.09983281945552314,0.15168623780574286,3.3523879051208496,6.416718006134033,3.358238697052002,0.0012000000569969416
8,5,42,64,0.01,285000,0,0.5723087787628174,0.5579169988632202,24.42905044555664,3.05363130569458,0.8287928336852701,0.10359910421065877,0.1554525225608785,3.37790584564209,6.416718006134033,3.358238697052002,0.0010000000474974513
8,5,42,64,0.01,290000,0,0.5739290118217468,0.5604833960533142,24.42905044555664,3.05363130569458,0.9002989754689992,0.1125373719336249,0.16439079028384462,3.370037078857422,6.416718006134033,3.358238697052002,0.0012000000569969416
8,5,42,64,0.01,295000,0,0.574040412902832,0.5214738249778748,24.42905044555664,3.05363130569458,0.9052154666213283,0.11315193332766604,0.16500535167788577,3.3524160385131836,6.416718006134033,3.358238697052002,0.00139999995008111
8,5,42,64,0.01,300000,1,0.5723474621772766,0.5084416270256042,24.42905044555664,3.05363130569458,0.830500058274815,0.10381250728435187,0.1556659256345716,3.3662471771240234,6.416718006134033,3.358238697052002,0.0010000000474974513
