d_lat,d_int,seed,hidden,sigma_noise,step,is_final,test_loss,train_loss,C,C_per_dim,corrected_error,corrected_error_per_dim,corrected_error_per_dim_popC,logged_score_error_BUGGY,C_bug_per_dim,mismatch_per_dim,memorization_fraction
100,5,42,800,0.5,1,0,1.0074539947509766,1.0115565490722656,303.3807373046875,3.033807373046875,252.39693147129753,2.5239693147129754,2.5374803620762565,2.608834228515625,3.178590087890625,0.14879697799682617,0.0
100,5,42,800,0.5,5000,0,0.5938037490844726,0.5742126083374024,303.3807373046875,3.033807373046875,24.200338452705807,0.24200338452705808,0.25551443189033934,0.35593940734863283,3.178590087890625,0.14879697799682617,0.0
100,5,42,800,0.5,10000,0,0.5726750946044922,0.539814567565918,303.3807373046875,3.033807373046875,12.544387518529959,0.1254438751852996,0.13895492254858083,0.2666161918640137,3.178590087890625,0.14879697799682617,0.0
100,5,42,800,0.5,15000,0,0.5684942245483399,0.5283486557006836,303.3807373046875,3.033807373046875,10.237945511877285,0.10237945511877285,0.1158905024820541,0.2547683525085449,3.178590087890625,0.14879697799682617,0.0
100,5,42,800,0.5,20000,0,0.569560775756836,0.5158969116210937,303.3807373046875,3.033807373046875,10.82632507796825,0.10826325077968249,0.12177429814296374,0.2670814895629883,3.178590087890625,0.14879697799682617,0.0
100,5,42,800,0.5,25000,0,0.5725767517089844,0.5088664627075196,303.3807373046875,3.033807373046875,12.490135130340718,0.12490135130340718,0.13841239866668842,0.28787715911865236,3.178590087890625,0.14879697799682617,0.0
100,5,42,800,0.5,30000,0,0.578737678527832,0.49454254150390625,303.3807373046875,3.033807373046875,15.888906253110406,0.15888906253110405,0.1724001098943853,0.3284776306152344,3.178590087890625,0.14879697799682617,0.0
100,5,42,800,0.5,35000,0,0.5858572387695312,0.47224567413330076,303.3807373046875,3.033807373046875,19.816522416685075,0.19816522416685076,0.211676271530132,0.3648649597167969,3.178590087890625,0.14879697799682617,0.0
100,5,42,800,0.5,40000,0,0.5953167724609375,0.44875518798828123,303.3807373046875,3.033807373046875,25.035021335851297,0.250350213358513,0.2638612607217942,0.4239534378051758,3.178590087890625,0.14879697799682617,0.0
100,5,42,800,0.5,45000,0,0.6084630584716797,0.42098068237304687,303.3807373046875,3.033807373046875,32.28737452535711,0.3228737452535711,0.33638479261685234,0.4979103469848633,3.178590087890625,0.14879697799682617,0.0
100,5,42,800,0.5,50000,0,0.622269401550293,0.40758064270019534,303.3807373046875,3.033807373046875,39.903858464606174,0.39903858464606173,0.41254963200934297,0.5773756408691406,3.178590087890625,0.14879697799682617,0.0
100,5,42,800,0.5,55000,0,0.6397825622558594,0.37987464904785156,303.3807373046875,3.033807373046875,49.56526601329017,0.4956526601329017,0.509163707496183,0.6764942932128907,3.178590087890625,0.14879697799682617,0.0
100,5,42,800,0.5,60000,0,0.6553826904296876,0.3599531936645508,303.3807373046875,3.033807373046875,58.17131940553452,0.5817131940553452,0.5952242414186264,0.7658494567871094,3.178590087890625,0.14879697799682617,0.0
100,5,42,800,0.5,65000,0,0.6741503143310547,0.33465660095214844,303.3807373046875,3.033807373046875,68.52477109138005,0.6852477109138004,0.6987587582770817,0.8709910583496093,3.178590087890625,0.14879697799682617,0.0
100,5,42,800,0.5,70000,0,0.6904402923583984,0.31769250869750976,303.3807373046875,3.033807373046875,77.51139088704326,0.7751139088704326,0.7886249562337139,0.9649336242675781,3.178590087890625,0.14879697799682617,0.0
100,5,42,800,0.5,75000,0,0.7125090789794922,0.3052034759521484,303.3807373046875,3.033807373046875,89.68598034213585,0.8968598034213585,0.9103708507846398,1.0828370666503906,3.178590087890625,0.14879697799682617,0.0
100,5,42,800,0.5,80000,0,0.7313480377197266,0.28667924880981444,303.3807373046875,3.033807373046875,100.0787850015709,1.000787850015709,1.0142988973789904,1.1825637054443359,3.178590087890625,0.14879697799682617,0.0
100,5,42,800,0.5,85000,0,0.7524182891845703,0.2734224319458008,303.3807373046875,3.033807373046875,111.70251700389349,1.1170251700389349,1.1305362174022162,1.2981524658203125,3.178590087890625,0.14879697799682617,0.0
100,5,42,800,0.5,90000,0,0.7663066864013672,0.25810918807983396,303.3807373046875,3.033807373046875,119.36426738495601,1.19364267384956,1.2071537212128414,1.3749331665039062,3.178590087890625,0.14879697799682617,0.0
100,5,42,800,0.5,95000,0,0.7787482452392578,0.24028724670410156,303.3807373046875,3.033807373046875,126.22784686639056,1.2622784686639057,1.2757895160271868,1.4327638244628906,3.178590087890625,0.14879697799682617,0.0
100,5,42,800,0.5,100000,0,0.8024029541015625,0.23805042266845702,303.3807373046875,3.033807373046875,139.2773349974252,1.392773349974252,1.4062843973375334,1.5567648315429687,3.178590087890625,0.14879697799682617,0.0
100,5,42,800,0.5,105000,0,0.8187582397460937,0.2276674270629883,303.3807373046875,3.033807373046875,148.29998275607528,1.4829998275607528,1.4965108749240341,1.6408482360839844,3.178590087890625,0.14879697799682617,0.0
100,5,42,800,0.5,110000,0,0.8371483612060547,0.2159297752380371,303.3807373046875,3.033807373046875,158.44517934745977,1.5844517934745976,1.597962840837879,1.7409921264648438,3.178590087890625,0.14879697799682617,0.0
100,5,42,800,0.5,115000,0,0.8522775268554688,0.20252622604370119,303.3807373046875,3.033807373046875,166.7914189365295,1.6679141893652951,1.6814252367285762,1.8219384765625,3.178590087890625,0.14879697799682617,0.0
100,5,42,800,0.5,120000,0,0.8661053466796875,0.19249120712280274,303.3807373046875,3.033807373046875,174.41975085659726,1.7441975085659727,1.7577085559292538,1.8889259338378905,3.178590087890625,0.14879697799682617,0.0
100,5,42,800,0.5,125000,0,0.8981300354003906,0.19007890701293945,303.3807373046875,3.033807373046875,192.0866685850524,1.920866685850524,1.9343777332138052,2.055660400390625,3.178590087890625,0.14879697799682617,0.0
100,5,42,800,0.5,130000,0,0.902742919921875,0.18101131439208984,303.3807373046875,3.033807373046875,194.63143809218718,1.946314380921872,1.959825428285153,2.0786248779296876,3.178590087890625,0.14879697799682617,0.0
100,5,42,800,0.5,135000,0,0.909198989868164,0.17467502593994141,303.3807373046875,3.033807373046875,198.19302951263722,1.9819302951263722,1.9954413424896535,2.1097894287109376,3.178590087890625,0.14879697799682617,0.0
100,5,42,800,0.5,140000,0,0.9171279907226563,0.16927492141723632,303.3807373046875,3.033807373046875,202.56718618241325,2.0256718618241325,2.0391829091874136,2.145193328857422,3.178590087890625,0.14879697799682617,0.0
100,5,42,800,0.5,145000,0,0.9273590850830078,0.16103633880615234,303.3807373046875,3.033807373046875,208.2113285474736,2.082113285474736,2.0956243328380175,2.192010803222656,3.178590087890625,0.14879697799682617,0.0
100,5,42,800,0.5,150000,0,0.9379476928710937,0.1525261402130127,303.3807373046875,3.033807373046875,214.05269875664158,2.1405269875664157,2.154038034929697,2.2537884521484375,3.178590087890625,0.14879697799682617,0.0
100,5,42,800,0.5,155000,0,0.9394107818603515,0.1503457260131836,303.3807373046875,3.033807373046875,214.85983455827443,2.1485983455827444,2.1621093929460256,2.255537872314453,3.178590087890625,0.14879697799682617,0.0
100,5,42,800,0.5,160000,0,0.9469031524658204,0.14961020469665529,303.3807373046875,3.033807373046875,218.993117358689,2.1899311735868903,2.2034422209501714,2.2833079528808593,3.178590087890625,0.14879697799682617,0.0
100,5,42,800,0.5,165000,0,0.9504258728027344,0.1412055206298828,303.3807373046875,3.033807373046875,220.9364808341436,2.209364808341436,2.222875855704717,2.297798614501953,3.178590087890625,0.14879697799682617,0.0
100,5,42,800,0.5,170000,0,0.9489739227294922,0.14172805786132814,303.3807373046875,3.033807373046875,220.13548998881458,2.201354899888146,2.214865947251427,2.2880140686035157,3.178590087890625,0.14879697799682617,0.0
100,5,42,800,0.5,175000,0,0.9513475036621094,0.13504634857177733,303.3807373046875,3.033807373046875,221.4449128351721,2.214449128351721,2.227960175715002,2.2930471801757815,3.178590087890625,0.14879697799682617,0.0
100,5,42,800,0.5,180000,0,0.9636775970458984,0.13126627922058107,303.3807373046875,3.033807373046875,228.24700066482671,2.2824700066482673,2.2959810540115484,2.3515391540527344,3.178590087890625,0.14879697799682617,0.0
100,5,42,800,0.5,185000,0,0.9621359252929688,0.1291888999938965,303.3807373046875,3.033807373046875,227.39651345913262,2.273965134591326,2.2874761819546077,2.343436431884766,3.178590087890625,0.14879697799682617,0.0
100,5,42,800,0.5,190000,0,0.9615189361572266,0.12718323707580567,303.3807373046875,3.033807373046875,227.05614180413943,2.270561418041394,2.2840724654046753,2.3325970458984373,3.178590087890625,0.14879697799682617,0.0
100,5,42,800,0.5,195000,0,0.9568795013427734,0.12138529777526856,303.3807373046875,3.033807373046875,224.49672541485586,2.2449672541485586,2.2584783015118397,2.310171356201172,3.178590087890625,0.14879697799682617,0.0
100,5,42,800,0.5,200000,0,0.9799488067626954,0.11846729278564454,303.3807373046875,3.033807373046875,237.22326663000536,2.3722326663000537,2.385743713663335,2.4194773864746093,3.178590087890625,0.14879697799682617,0.0
100,5,42,800,0.5,205000,0,0.9887319946289063,0.11896718978881836,303.3807373046875,3.033807373046875,242.06864885305254,2.4206864885305253,2.434197535893807,2.465790252685547,3.178590087890625,0.14879697799682617,0.0
100,5,42,800,0.5,210000,0,0.9832351684570313,0.11364422798156738,303.3807373046875,3.033807373046875,239.03623918334188,2.3903623918334187,2.4038734391967,2.4360716247558596,3.178590087890625,0.14879697799682617,0.0
100,5,42,800,0.5,215000,0,0.9770663452148437,0.11404800415039062,303.3807373046875,3.033807373046875,235.63311187579518,2.356331118757952,2.369842166121233,2.403916015625,3.178590087890625,0.14879697799682617,0.0
100,5,42,800,0.5,220000,0,0.9823070526123047,0.11089375495910644,303.3807373046875,3.033807373046875,238.52422963925972,2.385242296392597,2.3987533437558786,2.429755859375,3.178590087890625,0.14879697799682617,0.0
100,5,42,800,0.5,225000,0,0.9918616485595703,0.11146687507629395,303.3807373046875,3.033807373046875,243.79517113071745,2.4379517113071745,2.4514627586704556,2.473990173339844,3.178590087890625,0.14879697799682617,0.0
100,5,42,800,0.5,230000,0,0.9911587524414063,0.11011354446411133,303.3807373046875,3.033807373046875,243.40740755244963,2.4340740755244963,2.4475851228877774,2.471787567138672,3.178590087890625,0.14879697799682617,0.0
100,5,42,800,0.5,235000,0,0.9875083923339844,0.10756317138671875,303.3807373046875,3.033807373046875,241.39362961195184,2.4139362961195183,2.4274473434827994,2.446744689941406,3.178590087890625,0.14879697799682617,0.0
100,5,42,800,0.5,240000,0,0.9967554473876953,0.10425785064697266,303.3807373046875,3.033807373046875,246.49491138518556,2.4649491138518558,2.478460161215137,2.49547607421875,3.178590087890625,0.14879697799682617,0.0
100,5,42,800,0.5,245000,0,0.9879148864746093,0.10248303413391113,303.3807373046875,3.033807373046875,241.6178784282996,2.4161787842829963,2.4296898316462774,2.449365997314453,3.178590087890625,0.14879697799682617,0.0
100,5,42,800,0.5,250000,0,0.9877562713623047,0.10380233764648437,303.3807373046875,3.033807373046875,241.53037593408283,2.415303759340828,2.4288148067041093,2.4493553161621096,3.178590087890625,0.14879697799682617,0.0
100,5,42,800,0.5,255000,0,0.9762850189208985,0.09965182304382324,303.3807373046875,3.033807373046875,235.2020810709497,2.352020810709497,2.3655318580727784,2.3895033264160155,3.178590087890625,0.14879697799682617,0.0
100,5,42,800,0.5,260000,0,0.997550277709961,0.09455365180969239,303.3807373046875,3.033807373046875,246.93339189733092,2.4693339189733092,2.4828449663365904,2.495749969482422,3.178590087890625,0.14879697799682617,0.0
100,5,42,800,0.5,265000,0,0.9904662322998047,0.09939506530761719,303.3807373046875,3.033807373046875,243.0253680430675,2.430253680430675,2.443764727793956,2.4598733520507814,3.178590087890625,0.14879697799682617,0.00019999999494757503
100,5,42,800,0.5,270000,0,0.9922148132324219,0.09361064910888672,303.3807373046875,3.033807373046875,243.98999991654205,2.4398999991654207,2.453411046528702,2.4604283142089844,3.178590087890625,0.14879697799682617,0.00019999999494757503
100,5,42,800,0.5,275000,0,0.9968265533447266,0.09672907829284667,303.3807373046875,3.033807373046875,246.5341380925497,2.465341380925497,2.4788524282887785,2.4898443603515625,3.178590087890625,0.14879697799682617,0.0
100,5,42,800,0.5,280000,0,1.0148023223876954,0.09066143989562989,303.3807373046875,3.033807373046875,256.45075072718055,2.5645075072718053,2.578018554635087,2.581976318359375,3.178590087890625,0.14879697799682617,0.00019999999494757503
100,5,42,800,0.5,285000,0,0.9956710052490234,0.09148452758789062,303.3807373046875,3.033807373046875,245.89666200914098,2.45896662009141,2.472477667454691,2.4818484497070314,3.178590087890625,0.14879697799682617,0.0
100,5,42,800,0.5,290000,0,1.0030950164794923,0.09127313613891602,303.3807373046875,3.033807373046875,249.99223329689653,2.4999223329689655,2.5134333803322466,2.51450927734375,3.178590087890625,0.14879697799682617,0.0
100,5,42,800,0.5,295000,0,1.001072998046875,0.08999698638916015,303.3807373046875,3.033807373046875,248.87675537278562,2.488767553727856,2.5022786010911373,2.5086521911621094,3.178590087890625,0.14879697799682617,0.0
100,5,42,800,0.5,300000,1,1.0192762756347655,0.08757036209106445,303.3807373046875,3.033807373046875,258.9188766354846,2.589188766354846,2.602699813718127,2.6023760986328126,3.178590087890625,0.14879697799682617,0.0
10,5,42,80,0.5,1,0,1.0054243087768555,1.0290115356445313,38.7938232421875,3.87938232421875,16.67197285114475,1.6671972851144752,1.6838575939523657,2.125640869140625,4.638887023925781,0.7630242347717285,0.0
10,5,42,80,0.5,5000,0,0.7471437454223633,0.7072422981262207,38.7938232421875,3.87938232421875,2.4235237766249966,0.24235237766249967,0.2590126865003903,0.8516972541809082,4.638887023925781,0.7630242347717285,0.0
10,5,42,80,0.5,10000,0,0.7298709869384765,0.6947299003601074,38.7938232421875,3.87938232421875,1.4706451842999897,0.14706451842999896,0.1637248272678896,0.880941104888916,4.638887023925781,0.7630242347717285,0.0
10,5,42,80,0.5,15000,0,0.7250490665435791,0.7323213577270508,38.7938232421875,3.87938232421875,1.2046364444406663,0.12046364444406663,0.13712395328195726,0.8975607872009277,4.638887023925781,0.7630242347717285,0.00019999999494757503
10,5,42,80,0.5,20000,0,0.723146390914917,0.7269611358642578,38.7938232421875,3.87938232421875,1.0996723834667392,0.10996723834667392,0.12662754718456454,0.9087823867797852,4.638887023925781,0.7630242347717285,0.0
10,5,42,80,0.5,25000,0,0.7217617511749268,0.69889235496521,38.7938232421875,3.87938232421875,1.023286578179757,0.1023286578179757,0.11898896665586634,0.912538719177246,4.638887023925781,0.7630242347717285,0.0
10,5,42,80,0.5,30000,0,0.7212732315063477,0.699757194519043,38.7938232421875,3.87938232421875,0.9963366306914665,0.09963366306914664,0.11629397190703727,0.930753517150879,4.638887023925781,0.7630242347717285,0.0
10,5,42,80,0.5,35000,0,0.7206194877624512,0.6945775985717774,38.7938232421875,3.87938232421875,0.9602718400555901,0.09602718400555901,0.11268749284344963,0.9348651885986328,4.638887023925781,0.7630242347717285,0.0
10,5,42,80,0.5,40000,0,0.7200251579284668,0.7083054542541504,38.7938232421875,3.87938232421875,0.9274847101879402,0.09274847101879402,0.10940877985668465,0.9370632171630859,4.638887023925781,0.7630242347717285,0.0
10,5,42,80,0.5,45000,0,0.7204641342163086,0.6995162963867188,38.7938232421875,3.87938232421875,0.9517015200051446,0.09517015200051446,0.11183046083840509,0.94510498046875,4.638887023925781,0.7630242347717285,0.0
10,5,42,80,0.5,50000,0,0.7206014156341553,0.7116729736328125,38.7938232421875,3.87938232421875,0.9592748629840386,0.09592748629840386,0.1125877951362945,0.951605224609375,4.638887023925781,0.7630242347717285,0.0
10,5,42,80,0.5,55000,0,0.7199526786804199,0.6875161170959473,38.7938232421875,3.87938232421875,0.923486279716272,0.0923486279716272,0.10900893680951781,0.9531238555908204,4.638887023925781,0.7630242347717285,0.0
10,5,42,80,0.5,60000,0,0.7207607746124267,0.6708905696868896,38.7938232421875,3.87938232421875,0.9680661489289761,0.09680661489289762,0.11346692373078823,0.9507737159729004,4.638887023925781,0.7630242347717285,0.0
10,5,42,80,0.5,65000,0,0.7210482120513916,0.6754286289215088,38.7938232421875,3.87938232421875,0.9839230824047647,0.09839230824047647,0.11505261707836709,0.9655540466308594,4.638887023925781,0.7630242347717285,0.0
10,5,42,80,0.5,70000,0,0.7211958408355713,0.711493968963623,38.7938232421875,3.87938232421875,0.9920672539444197,0.09920672539444197,0.1158670342323326,0.9493327140808105,4.638887023925781,0.7630242347717285,0.0
10,5,42,80,0.5,75000,0,0.7218281745910644,0.6976893901824951,38.7938232421875,3.87938232421875,1.0269509292633288,0.10269509292633287,0.1193554017642235,0.9411111831665039,4.638887023925781,0.7630242347717285,0.0
10,5,42,80,0.5,80000,0,0.7219091892242432,0.6947869777679443,38.7938232421875,3.87938232421875,1.031420227533964,0.10314202275339639,0.11980233159128702,0.9600429534912109,4.638887023925781,0.7630242347717285,0.0
10,5,42,80,0.5,85000,0,0.722415542602539,0.6996483325958252,38.7938232421875,3.87938232421875,1.0593539993619956,0.10593539993619956,0.12259570877409018,0.9481722831726074,4.638887023925781,0.7630242347717285,0.00019999999494757503
10,5,42,80,0.5,90000,0,0.7232882976531982,0.6736423969268799,38.7938232421875,3.87938232421875,1.1075008894428393,0.11075008894428393,0.12741039778217456,0.9478646278381347,4.638887023925781,0.7630242347717285,0.0
10,5,42,80,0.5,95000,0,0.7239961147308349,0.6606040477752686,38.7938232421875,3.87938232421875,1.1465487196542838,0.11465487196542838,0.131315180803319,0.9575774192810058,4.638887023925781,0.7630242347717285,0.00019999999494757503
10,5,42,80,0.5,100000,0,0.7234501361846923,0.698738956451416,38.7938232421875,3.87938232421875,1.116428963798647,0.11164289637986471,0.12830320521775535,0.9489060401916504,4.638887023925781,0.7630242347717285,0.0
10,5,42,80,0.5,105000,0,0.7249383926391602,0.6677759647369385,38.7938232421875,3.87938232421875,1.1985309463322906,0.11985309463322906,0.13651340347111968,0.9609091758728028,4.638887023925781,0.7630242347717285,0.0
10,5,42,80,0.5,110000,0,0.7262213230133057,0.6865621566772461,38.7938232421875,3.87938232421875,1.2693057962271226,0.12693057962271226,0.1435908884606029,0.9639511108398438,4.638887023925781,0.7630242347717285,0.0
10,5,42,80,0.5,115000,0,0.7259332180023194,0.6899368762969971,38.7938232421875,3.87938232421875,1.2534120351022509,0.1253412035102251,0.1420015123481157,0.9522143363952636,4.638887023925781,0.7630242347717285,0.00019999999494757503
10,5,42,80,0.5,120000,0,0.7259156703948975,0.6636744499206543,38.7938232421875,3.87938232421875,1.2524439940406893,0.12524439940406892,0.14190470824195955,0.9645843505859375,4.638887023925781,0.7630242347717285,0.00019999999494757503
10,5,42,80,0.5,125000,0,0.7257473945617676,0.6929516792297363,38.7938232421875,3.87938232421875,1.2431607959258884,0.12431607959258884,0.14097638843047947,0.9470122337341309,4.638887023925781,0.7630242347717285,0.00019999999494757503
10,5,42,80,0.5,130000,0,0.7273262977600098,0.678438949584961,38.7938232421875,3.87938232421875,1.3302634470954686,0.13302634470954686,0.1496866535474375,0.9747519493103027,4.638887023925781,0.7630242347717285,0.0
10,5,42,80,0.5,135000,0,0.7293839454650879,0.6779957771301269,38.7938232421875,3.87938232421875,1.4437767837489446,0.14437767837489446,0.1610379872127851,0.9774362564086914,4.638887023925781,0.7630242347717285,0.0
10,5,42,80,0.5,140000,0,0.7282635688781738,0.6739710807800293,38.7938232421875,3.87938232421875,1.3819694664053657,0.13819694664053656,0.15485725547842719,0.9524726867675781,4.638887023925781,0.7630242347717285,0.00039999998989515007
10,5,42,80,0.5,145000,0,0.7305964946746826,0.6495754241943359,38.7938232421875,3.87938232421875,1.510668947212082,0.1510668947212082,0.16772720355909881,0.9695969581604004,4.638887023925781,0.7630242347717285,0.00019999999494757503
10,5,42,80,0.5,150000,0,0.7307455539703369,0.6653285980224609,38.7938232421875,3.87938232421875,1.5188920351426276,0.15188920351426277,0.16854951235215337,0.9708373069763183,4.638887023925781,0.7630242347717285,0.0
10,5,42,80,0.5,155000,0,0.7315387725830078,0.6480097770690918,38.7938232421875,3.87938232421875,1.5626511738900888,0.1562651173890089,0.1729254262268995,0.9807273864746093,4.638887023925781,0.7630242347717285,0.0
10,5,42,80,0.5,160000,0,0.7303811550140381,0.6864131927490235,38.7938232421875,3.87938232421875,1.498789399837058,0.1498789399837058,0.16653924882159643,0.9595073699951172,4.638887023925781,0.7630242347717285,0.0
10,5,42,80,0.5,165000,0,0.7336920738220215,0.6509687900543213,38.7938232421875,3.87938232421875,1.6814413865476183,0.16814413865476183,0.18480444749265246,0.9666157722473144,4.638887023925781,0.7630242347717285,0.0
10,5,42,80,0.5,170000,0,0.7327836036682129,0.6491255760192871,38.7938232421875,3.87938232421875,1.6313242172409375,0.16313242172409376,0.17979273056198436,0.9735201835632324,4.638887023925781,0.7630242347717285,0.00039999998989515007
10,5,42,80,0.5,175000,0,0.7336246490478515,0.6726469993591309,38.7938232421875,3.87938232421875,1.677721793990429,0.1677721793990429,0.18443248823693353,0.984140682220459,4.638887023925781,0.7630242347717285,0.0
10,5,42,80,0.5,180000,0,0.7350108623504639,0.6674494743347168,38.7938232421875,3.87938232421875,1.7541944073073807,0.17541944073073806,0.1920797495686287,0.9929660797119141,4.638887023925781,0.7630242347717285,0.0
10,5,42,80,0.5,185000,0,0.7360574722290039,0.6523269176483154,38.7938232421875,3.87938232421875,1.8119322694274942,0.18119322694274942,0.19785353578064005,1.0109116554260253,4.638887023925781,0.7630242347717285,0.0
10,5,42,80,0.5,190000,0,0.7351822853088379,0.679724645614624,38.7938232421875,3.87938232421875,1.7636512214821423,0.17636512214821423,0.19302543098610486,0.9952520370483399,4.638887023925781,0.7630242347717285,0.0
10,5,42,80,0.5,195000,0,0.7393406391143799,0.6779032230377198,38.7938232421875,3.87938232421875,1.9930532781548251,0.19930532781548252,0.21596563665337315,1.001075553894043,4.638887023925781,0.7630242347717285,0.0
10,5,42,80,0.5,200000,0,0.7373345851898193,0.6427066326141357,38.7938232421875,3.87938232421875,1.882386192666047,0.1882386192666047,0.20489892810449534,0.9955215454101562,4.638887023925781,0.7630242347717285,0.00019999999494757503
10,5,42,80,0.5,205000,0,0.7403553009033204,0.6323163509368896,38.7938232421875,3.87938232421875,2.049028674211776,0.2049028674211776,0.22156317625906824,0.9960376739501953,4.638887023925781,0.7630242347717285,0.0
10,5,42,80,0.5,210000,0,0.7387646675109864,0.6656452655792237,38.7938232421875,3.87938232421875,1.9612789086369062,0.19612789086369062,0.21278819970158125,1.016619873046875,4.638887023925781,0.7630242347717285,0.0
10,5,42,80,0.5,215000,0,0.7391078472137451,0.6499802112579346,38.7938232421875,3.87938232421875,1.9802109508109638,0.1980210950810964,0.214681403918987,0.9951156616210938,4.638887023925781,0.7630242347717285,0.0
10,5,42,80,0.5,220000,0,0.7399670124053955,0.6647696495056152,38.7938232421875,3.87938232421875,2.027608135178376,0.2027608135178376,0.21942112235572822,1.011699390411377,4.638887023925781,0.7630242347717285,0.0
10,5,42,80,0.5,225000,0,0.7406595706939697,0.6427177429199219,38.7938232421875,3.87938232421875,2.0658141905536738,0.20658141905536737,0.223241727893258,0.9983911514282227,4.638887023925781,0.7630242347717285,0.0
10,5,42,80,0.5,230000,0,0.743035364151001,0.6610803604125977,38.7938232421875,3.87938232421875,2.196878532540673,0.21968785325406728,0.23634816209195791,1.0113759994506837,4.638887023925781,0.7630242347717285,0.00019999999494757503
10,5,42,80,0.5,235000,0,0.7421994209289551,0.6622726917266846,38.7938232421875,3.87938232421875,2.150762424252015,0.2150762424252015,0.23173655126309214,0.9989646911621094,4.638887023925781,0.7630242347717285,0.0
10,5,42,80,0.5,240000,0,0.7451813220977783,0.6297150135040284,38.7938232421875,3.87938232421875,2.3152636410583085,0.23152636410583086,0.2481866729437215,1.029207134246826,4.638887023925781,0.7630242347717285,0.0007999999797903001
10,5,42,80,0.5,245000,0,0.7445954322814942,0.6350536346435547,38.7938232421875,3.87938232421875,2.2829421178968943,0.22829421178968942,0.24495452062758005,1.0055795669555665,4.638887023925781,0.7630242347717285,0.0
10,5,42,80,0.5,250000,0,0.7435504913330078,0.639864158630371,38.7938232421875,3.87938232421875,2.2252963248994817,0.22252963248994817,0.2391899413278388,1.0229625701904297,4.638887023925781,0.7630242347717285,0.00019999999494757503
10,5,42,80,0.5,255000,0,0.745384931564331,0.6339380264282226,38.7938232421875,3.87938232421875,2.32649607402805,0.232649607402805,0.24930991624069562,1.0238906860351562,4.638887023925781,0.7630242347717285,0.00019999999494757503
10,5,42,80,0.5,260000,0,0.7460416793823242,0.6468105316162109,38.7938232421875,3.87938232421875,2.3627265890847866,0.23627265890847865,0.2529329677463693,1.0301336288452148,4.638887023925781,0.7630242347717285,0.0
10,5,42,80,0.5,265000,0,0.745935583114624,0.6603172302246094,38.7938232421875,3.87938232421875,2.356873623427255,0.2356873623427255,0.25234767118061613,1.0275851249694825,4.638887023925781,0.7630242347717285,0.0
10,5,42,80,0.5,270000,0,0.7474002838134766,0.6574223518371582,38.7938232421875,3.87938232421875,2.4376761160576024,0.24376761160576024,0.2604279204436509,1.0343816757202149,4.638887023925781,0.7630242347717285,0.00019999999494757503
10,5,42,80,0.5,275000,0,0.7468385219573974,0.664661169052124,38.7938232421875,3.87938232421875,2.406685649355836,0.2406685649355836,0.25732887377347424,1.040507984161377,4.638887023925781,0.7630242347717285,0.00019999999494757503
10,5,42,80,0.5,280000,0,0.7498157501220704,0.6319877624511718,38.7938232421875,3.87938232421875,2.5709290726185614,0.25709290726185613,0.2737532160997468,1.0421443939208985,4.638887023925781,0.7630242347717285,0.0
10,5,42,80,0.5,285000,0,0.7488897800445556,0.6260533332824707,38.7938232421875,3.87938232421875,2.519846492796681,0.2519846492796681,0.26864495811755873,1.0508895874023438,4.638887023925781,0.7630242347717285,0.0
10,5,42,80,0.5,290000,0,0.7511224269866943,0.6166097164154053,38.7938232421875,3.87938232421875,2.6430139346021377,0.26430139346021375,0.2809617022981044,1.0501147270202638,4.638887023925781,0.7630242347717285,0.0
10,5,42,80,0.5,295000,0,0.7527382850646973,0.6501168251037598,38.7938232421875,3.87938232421875,2.7321552592029974,0.27321552592029974,0.28987583475819034,1.0579877853393556,4.638887023925781,0.7630242347717285,0.0
10,5,42,80,0.5,300000,1,0.7511055946350098,0.6213645935058594,38.7938232421875,3.87938232421875,2.6420853517360214,0.26420853517360215,0.28086884401149276,1.046617603302002,4.638887023925781,0.7630242347717285,0.0
150,5,42,1200,0.5,1,0,1.0042807006835937,1.0062078857421874,449.7039794921875,2.9980265299479165,381.336628114822,2.542244187432147,2.551762009697772,2.6046272786458333,3.099813232421875,0.10270396550496419,0.0
150,5,42,1200,0.5,5000,0,0.5874628702799479,0.5660562642415364,449.7039794921875,2.9980265299479165,36.42056749123469,0.24280378327489796,0.25232160554052296,0.31960034688313804,3.099813232421875,0.10270396550496419,0.0
150,5,42,1200,0.5,10000,0,0.5685183715820312,0.5335791015625,449.7039794921875,2.9980265299479165,20.744026362832585,0.13829350908555058,0.14781133135117558,0.23182095845540365,3.099813232421875,0.10270396550496419,0.0
150,5,42,1200,0.5,15000,0,0.5643553670247395,0.5122065734863281,449.7039794921875,2.9980265299479165,17.299147023413298,0.11532764682275531,0.12484546908838032,0.21564196268717448,3.099813232421875,0.10270396550496419,0.0
150,5,42,1200,0.5,20000,0,0.5676891072591146,0.5009556579589843,449.7039794921875,2.9980265299479165,20.057811516411277,0.13371874344274184,0.14323656570836685,0.23983009338378905,3.099813232421875,0.10270396550496419,0.0
150,5,42,1200,0.5,25000,0,0.5741752115885417,0.4805170186360677,449.7039794921875,2.9980265299479165,25.425052049123394,0.16950034699415595,0.17901816925978095,0.2806995391845703,3.099813232421875,0.10270396550496419,0.0
150,5,42,1200,0.5,30000,0,0.583143056233724,0.46135538736979165,449.7039794921875,2.9980265299479165,32.84592856082446,0.21897285707216307,0.22849067933778808,0.3358039347330729,3.099813232421875,0.10270396550496419,0.0
150,5,42,1200,0.5,35000,0,0.5941026814778646,0.4327601623535156,449.7039794921875,2.9980265299479165,41.91500020168763,0.27943333467791753,0.28895115694354256,0.3972051747639974,3.099813232421875,0.10270396550496419,0.0
150,5,42,1200,0.5,40000,0,0.6081554158528646,0.394870122273763,449.7039794921875,2.9980265299479165,53.54361449805981,0.3569574299870654,0.3664752522526904,0.48061635335286457,3.099813232421875,0.10270396550496419,0.0
150,5,42,1200,0.5,45000,0,0.6271648661295572,0.35947835286458335,449.7039794921875,2.9980265299479165,69.27390294974941,0.4618260196649961,0.47134384193062107,0.5872650655110677,3.099813232421875,0.10270396550496419,0.0
150,5,42,1200,0.5,50000,0,0.6538098653157552,0.3306975301106771,449.7039794921875,2.9980265299479165,91.32259541024769,0.6088173027349846,0.6183351250006096,0.7371503702799479,3.099813232421875,0.10270396550496419,0.0
150,5,42,1200,0.5,55000,0,0.6782068888346354,0.29602228800455727,449.7039794921875,2.9980265299479165,111.51109174910187,0.7434072783273458,0.7529251005929708,0.8717994181315104,3.099813232421875,0.10270396550496419,0.0
150,5,42,1200,0.5,60000,0,0.7097269185384114,0.2727802530924479,449.7039794921875,2.9980265299479165,137.59386384557558,0.9172924256371705,0.9268102479027955,1.0447604370117187,3.099813232421875,0.10270396550496419,0.0
150,5,42,1200,0.5,65000,0,0.7373301696777343,0.24732320149739584,449.7039794921875,2.9980265299479165,160.43550820171765,1.0695700546781177,1.0790878769437426,1.1962278238932291,3.099813232421875,0.10270396550496419,0.0
150,5,42,1200,0.5,70000,0,0.7610409037272136,0.22702367146809896,449.7039794921875,2.9980265299479165,180.05610114737,1.2003740076491332,1.2098918299147583,1.3214241536458333,3.099813232421875,0.10270396550496419,0.0
150,5,42,1200,0.5,75000,0,0.7926914978027344,0.20811016082763673,449.7039794921875,2.9980265299479165,206.24691504406223,1.3749794336270815,1.3844972558927067,1.4903558349609376,3.099813232421875,0.10270396550496419,0.0
150,5,42,1200,0.5,80000,0,0.8185824584960938,0.1908208465576172,449.7039794921875,2.9980265299479165,227.6716419072717,1.5178109460484779,1.527328768314103,1.625582478841146,3.099813232421875,0.10270396550496419,0.0
150,5,42,1200,0.5,85000,0,0.8509181722005208,0.17434476216634115,449.7039794921875,2.9980265299479165,254.4293911561041,1.696195941040694,1.7057137633063189,1.7961867268880207,3.099813232421875,0.10270396550496419,0.0
150,5,42,1200,0.5,90000,0,0.8693577067057292,0.15739485422770183,449.7039794921875,2.9980265299479165,269.68807525584634,1.7979205017056423,1.8074383239712672,1.8878487141927083,3.099813232421875,0.10270396550496419,0.0
150,5,42,1200,0.5,95000,0,0.8931613159179688,0.14451839447021483,449.7039794921875,2.9980265299479165,289.3855222440384,1.929236814960256,1.9387546372258808,2.0168072509765627,3.099813232421875,0.10270396550496419,0.0
150,5,42,1200,0.5,100000,0,0.9244031778971354,0.14010523478190104,449.7039794921875,2.9980265299479165,315.2381110115696,2.101587406743797,2.1111052290094223,2.1789011637369793,3.099813232421875,0.10270396550496419,0.0
150,5,42,1200,0.5,105000,0,0.93986083984375,0.12694334665934245,449.7039794921875,2.9980265299479165,328.0293005341347,2.186862003560898,2.196379825826523,2.260359700520833,3.099813232421875,0.10270396550496419,0.0
150,5,42,1200,0.5,110000,0,0.9650348917643229,0.1203940200805664,449.7039794921875,2.9980265299479165,348.8607865815744,2.325738577210496,2.3352563994761213,2.3857208251953126,3.099813232421875,0.10270396550496419,0.0
150,5,42,1200,0.5,115000,0,0.9733716837565104,0.11156013488769531,449.7039794921875,2.9980265299479165,355.7594680736761,2.3717297871578404,2.3812476094234656,2.4256852213541666,3.099813232421875,0.10270396550496419,0.0
150,5,42,1200,0.5,120000,0,0.9769334920247396,0.10232154210408528,449.7039794921875,2.9980265299479165,358.70685848493656,2.391379056566244,2.4008968788318685,2.440091349283854,3.099813232421875,0.10270396550496419,0.0
150,5,42,1200,0.5,125000,0,1.0013991292317708,0.10043621063232422,449.7039794921875,2.9980265299479165,378.95213253648853,2.526347550243257,2.5358653725088818,2.559901123046875,3.099813232421875,0.10270396550496419,0.0
150,5,42,1200,0.5,130000,0,1.0223809814453124,0.0975869623819987,449.7039794921875,2.9980265299479165,396.3145803067117,2.6420972020447446,2.6516150243103698,2.6708721923828125,3.099813232421875,0.10270396550496419,0.0
150,5,42,1200,0.5,135000,0,1.0175785319010417,0.08821371078491211,449.7039794921875,2.9980265299479165,392.34056130529495,2.6156037420352996,2.6251215643009247,2.6342093912760416,3.099813232421875,0.10270396550496419,0.0
150,5,42,1200,0.5,140000,0,1.0159039306640625,0.08931235631306966,449.7039794921875,2.9980265299479165,390.9548315700413,2.6063655438002753,2.6158833660659,2.6204840087890626,3.099813232421875,0.10270396550496419,0.0
150,5,42,1200,0.5,145000,0,1.0111902872721354,0.08384698232014974,449.7039794921875,2.9980265299479165,387.0542995118194,2.5803619967454625,2.5898798190110877,2.596652628580729,3.099813232421875,0.10270396550496419,0.0
150,5,42,1200,0.5,150000,0,1.0427944946289063,0.08145091374715169,449.7039794921875,2.9980265299479165,413.2067284759837,2.7547115231732247,2.76422934543885,2.757179158528646,3.099813232421875,0.10270396550496419,0.0
150,5,42,1200,0.5,155000,0,1.0338020833333332,0.0789765993754069,449.7039794921875,2.9980265299479165,405.76552310198963,2.7051034873465976,2.7146213096122227,2.7049076334635416,3.099813232421875,0.10270396550496419,0.0
150,5,42,1200,0.5,160000,0,1.027957763671875,0.07746967951456706,449.7039794921875,2.9980265299479165,400.92935831339844,2.6728623887559895,2.6823802110216146,2.6679642740885416,3.099813232421875,0.10270396550496419,0.0
150,5,42,1200,0.5,165000,0,1.0328621419270834,0.07514993667602539,449.7039794921875,2.9980265299479165,404.9877231533965,2.6999181543559767,2.7094359766216014,2.6962886555989583,3.099813232421875,0.10270396550496419,0.0
150,5,42,1200,0.5,170000,0,1.0370358276367186,0.07106505711873372,449.7039794921875,2.9980265299479165,408.4414411285951,2.7229429408573007,2.732460763122926,2.712420857747396,3.099813232421875,0.10270396550496419,0.0
150,5,42,1200,0.5,175000,0,1.0482853190104167,0.06958910624186197,449.7039794921875,2.9980265299479165,417.7503765090164,2.7850025100601092,2.7945203323257344,2.7738185628255208,3.099813232421875,0.10270396550496419,0.0
150,5,42,1200,0.5,180000,0,1.0460453287760416,0.06676179885864258,449.7039794921875,2.9980265299479165,415.8967883198362,2.7726452554655747,2.7821630777312,2.7538130696614584,3.099813232421875,0.10270396550496419,0.0
150,5,42,1200,0.5,185000,0,1.04489990234375,0.06874247233072917,449.7039794921875,2.9980265299479165,414.9489498543426,2.7663263323622838,2.775844154627909,2.748174641927083,3.099813232421875,0.10270396550496419,0.0
150,5,42,1200,0.5,190000,0,1.0507865397135416,0.06849748611450196,449.7039794921875,2.9980265299479165,419.82013247611746,2.7988008831741165,2.8083187054397416,2.7756831868489584,3.099813232421875,0.10270396550496419,0.00019999999494757503
150,5,42,1200,0.5,195000,0,1.0410155232747396,0.06568675359090169,449.7039794921875,2.9980265299479165,411.734632642542,2.74489755095028,2.754415373215905,2.7252593994140626,3.099813232421875,0.10270396550496419,0.00019999999494757503
150,5,42,1200,0.5,200000,0,1.0520821126302082,0.0607688840230306,449.7039794921875,2.9980265299479165,420.8922169074251,2.8059481127161674,2.8154659349817925,2.779915974934896,3.099813232421875,0.10270396550496419,0.0
150,5,42,1200,0.5,205000,0,1.0662703450520834,0.062083104451497395,449.7039794921875,2.9980265299479165,432.6329556119714,2.8842197040798094,2.893737526345434,2.8522996012369792,3.099813232421875,0.10270396550496419,0.00019999999494757503
150,5,42,1200,0.5,210000,0,1.0492342122395832,0.06176211039225261,449.7039794921875,2.9980265299479165,418.53558407616777,2.7902372271744516,2.7997550494400767,2.767525838216146,3.099813232421875,0.10270396550496419,0.0
150,5,42,1200,0.5,215000,0,1.0463763427734376,0.056778634389241536,449.7039794921875,2.9980265299479165,416.17070185151636,2.774471345676776,2.783989167942401,2.7442657470703127,3.099813232421875,0.10270396550496419,0.00019999999494757503
150,5,42,1200,0.5,220000,0,1.0620938110351563,0.057155723571777346,449.7039794921875,2.9980265299479165,429.17688066723144,2.86117920444821,2.8706970267138345,2.829437052408854,3.099813232421875,0.10270396550496419,0.0
150,5,42,1200,0.5,225000,0,1.0684578450520834,0.057320817311604814,449.7039794921875,2.9980265299479165,434.44310821960676,2.8962873881307116,2.9058052103963368,2.862188720703125,3.099813232421875,0.10270396550496419,0.00019999999494757503
150,5,42,1200,0.5,230000,0,1.0633359781901042,0.05605813980102539,449.7039794921875,2.9980265299479165,430.204771919642,2.8680318127976134,2.877549635063238,2.8317799886067707,3.099813232421875,0.10270396550496419,0.00039999998989515007
150,5,42,1200,0.5,235000,0,1.0825802612304687,0.0522440497080485,449.7039794921875,2.9980265299479165,446.12938409225455,2.9741958939483637,2.983713716213989,2.9368302408854166,3.099813232421875,0.10270396550496419,0.0
150,5,42,1200,0.5,240000,0,1.069628702799479,0.050921697616577145,449.7039794921875,2.9980265299479165,435.4119910560039,2.902746607040026,2.912264429305651,2.8653938802083334,3.099813232421875,0.10270396550496419,0.00039999998989515007
150,5,42,1200,0.5,245000,0,1.0582979329427082,0.05231892585754395,449.7039794921875,2.9980265299479165,426.035797866175,2.8402386524411667,2.849756474706792,2.8044331868489585,3.099813232421875,0.10270396550496419,0.00039999998989515007
150,5,42,1200,0.5,250000,0,1.0645608520507812,0.05186834971110026,449.7039794921875,2.9980265299479165,431.2183529998381,2.8747890199989206,2.8843068422645457,2.8387451171875,3.099813232421875,0.10270396550496419,0.00039999998989515007
150,5,42,1200,0.5,255000,0,1.0762099202473958,0.052335408528645835,449.7039794921875,2.9980265299479165,440.8579375358951,2.9390529169059674,2.948570739171592,2.8979732259114583,3.099813232421875,0.10270396550496419,0.00019999999494757503
150,5,42,1200,0.5,260000,0,1.085353291829427,0.04760249455769857,449.7039794921875,2.9980265299479165,448.4240622955722,2.989493748637148,2.999011570902773,2.9385386149088544,3.099813232421875,0.10270396550496419,0.0012000000569969416
150,5,42,1200,0.5,265000,0,1.0722122192382812,0.0503286616007487,449.7039794921875,2.9980265299479165,437.5498466073486,2.9169989773823244,2.926516799647949,2.8795485432942707,3.099813232421875,0.10270396550496419,0.0010000000474974513
150,5,42,1200,0.5,270000,0,1.0756705729166667,0.04700116475423177,449.7039794921875,2.9980265299479165,440.4116285177737,2.9360775234518246,2.9455953457174497,2.892744344075521,3.099813232421875,0.10270396550496419,0.00139999995008111
150,5,42,1200,0.5,275000,0,1.0782332356770834,0.049128150939941405,449.7039794921875,2.9980265299479165,442.53222768497756,2.950214851233184,2.9597326734988085,2.902266438802083,3.099813232421875,0.10270396550496419,0.0015999999595806003
150,5,42,1200,0.5,280000,0,1.0655990600585938,0.05019398053487142,449.7039794921875,2.9980265299479165,432.0774683976026,2.8805164559840173,2.8900342782496424,2.8429071044921876,3.099813232421875,0.10270396550496419,0.0017999999690800905
150,5,42,1200,0.5,285000,0,1.076099650065104,0.046319678624471027,449.7039794921875,2.9980265299479165,440.7666891436576,2.9384445942910506,2.9479624165566753,2.8942661539713543,3.099813232421875,0.10270396550496419,0.0015999999595806003
150,5,42,1200,0.5,290000,0,1.0701643880208334,0.04589201291402181,449.7039794921875,2.9980265299479165,435.85526968471515,2.905701797898101,2.915219620163726,2.8652115885416665,3.099813232421875,0.10270396550496419,0.00279999990016222
150,5,42,1200,0.5,295000,0,1.0727894083658853,0.046928119659423825,449.7039794921875,2.9980265299479165,438.02746964937444,2.9201831309958295,2.9297009532614546,2.876136474609375,3.099813232421875,0.10270396550496419,0.0015999999595806003
150,5,42,1200,0.5,300000,1,1.0791902669270834,0.04553922335306804,449.7039794921875,2.9980265299479165,443.3241694508181,2.955494463005454,2.965012285271079,2.907401123046875,3.099813232421875,0.10270396550496419,0.002199999988079071
15,5,42,120,0.5,1,0,1.0078784942626953,1.0228175481160482,53.940460205078125,3.596030680338542,29.461317375231744,1.9640878250154497,2.010612127180163,2.513336435953776,4.371198527018229,0.7947228749593099,0.0
15,5,42,120,0.5,5000,0,0.6967311223347982,0.661344846089681,53.940460205078125,3.596030680338542,3.7139241567544516,0.24759494378363012,0.29411924594834365,0.911633046468099,4.371198527018229,0.7947228749593099,0.0
15,5,42,120,0.5,10000,0,0.674829610188802,0.6495579401652019,53.940460205078125,3.596030680338542,1.9015776734523442,0.12677184489682294,0.17329614706153648,0.8974654515584309,4.371198527018229,0.7947228749593099,0.0
15,5,42,120,0.5,15000,0,0.6692157745361328,0.6753566106160481,53.940460205078125,3.596030680338542,1.437033707943037,0.09580224719620248,0.14232654936091602,0.9143938700358073,4.371198527018229,0.7947228749593099,0.0
15,5,42,120,0.5,20000,0,0.6669017155965169,0.6423020680745443,53.940460205078125,3.596030680338542,1.24554571599937,0.08303638106662466,0.1295606832313382,0.9239046732584636,4.371198527018229,0.7947228749593099,0.0
15,5,42,120,0.5,25000,0,0.6664629618326823,0.6550109227498372,53.940460205078125,3.596030680338542,1.2092389150981049,0.080615927673207,0.12714022983792053,0.9335517247517904,4.371198527018229,0.7947228749593099,0.0
15,5,42,120,0.5,30000,0,0.6667505264282226,0.64117005666097,53.940460205078125,3.596030680338542,1.233034837497243,0.08220232249981621,0.12872662466452975,0.9370639165242513,4.371198527018229,0.7947228749593099,0.0
15,5,42,120,0.5,35000,0,0.6667730967203777,0.6265323003133138,53.940460205078125,3.596030680338542,1.234902525414924,0.0823268350276616,0.12885113719237515,0.9444634755452473,4.371198527018229,0.7947228749593099,0.0
15,5,42,120,0.5,40000,0,0.6662305196126302,0.6325995763142903,53.940460205078125,3.596030680338542,1.1900043600923098,0.07933362400615399,0.12585792617086752,0.9401499430338541,4.371198527018229,0.7947228749593099,0.0
15,5,42,120,0.5,45000,0,0.6663881301879883,0.6435921986897787,53.940460205078125,3.596030680338542,1.2030466089597525,0.0802031072639835,0.12672740942869704,0.9525585810343424,4.371198527018229,0.7947228749593099,0.0
15,5,42,120,0.5,50000,0,0.6676408767700195,0.6293903986612955,53.940460205078125,3.596030680338542,1.3067111800303906,0.08711407866869271,0.13363838083340623,0.9584934870402019,4.371198527018229,0.7947228749593099,0.0
15,5,42,120,0.5,55000,0,0.6668787002563477,0.6255949020385743,53.940460205078125,3.596030680338542,1.2436412004326058,0.08290941336217372,0.12943371552688726,0.9525281270345052,4.371198527018229,0.7947228749593099,0.0
15,5,42,120,0.5,60000,0,0.668162473042806,0.6186285654703776,53.940460205078125,3.596030680338542,1.34987318475347,0.08999154565023133,0.13651584781494489,0.9638834635416667,4.371198527018229,0.7947228749593099,0.0
15,5,42,120,0.5,65000,0,0.6703957875569662,0.6088518142700196,53.940460205078125,3.596030680338542,1.5346795889352762,0.10231197259568509,0.14883627476039862,0.9813775380452474,4.371198527018229,0.7947228749593099,0.0
15,5,42,120,0.5,70000,0,0.6685614903767904,0.6275870005289713,53.940460205078125,3.596030680338542,1.3828918027010602,0.09219278684673735,0.13871708901145088,0.9683385213216146,4.371198527018229,0.7947228749593099,0.0
15,5,42,120,0.5,75000,0,0.6699537913004557,0.6202899932861328,53.940460205078125,3.596030680338542,1.4981044723049948,0.09987363148699965,0.1463979336517132,0.9575501759847005,4.371198527018229,0.7947228749593099,0.0
15,5,42,120,0.5,80000,0,0.6708770116170247,0.62396240234375,53.940460205078125,3.596030680338542,1.5745007997774252,0.10496671998516167,0.15149102214987523,0.9693058013916016,4.371198527018229,0.7947228749593099,0.0
15,5,42,120,0.5,85000,0,0.6715202331542969,0.6122507095336914,53.940460205078125,3.596030680338542,1.6277272748851033,0.10851515165900688,0.15503945382372042,0.9589584986368815,4.371198527018229,0.7947228749593099,0.0
15,5,42,120,0.5,90000,0,0.6744072596232097,0.6067657470703125,53.940460205078125,3.596030680338542,1.866628234474355,0.12444188229829033,0.17096618446300388,0.9874151865641276,4.371198527018229,0.7947228749593099,0.0
15,5,42,120,0.5,95000,0,0.6736279169718424,0.6105859120686848,53.940460205078125,3.596030680338542,1.8021377598405763,0.12014251732270509,0.16666681948741863,0.9737174352010091,4.371198527018229,0.7947228749593099,0.0
15,5,42,120,0.5,100000,0,0.6734927495320638,0.630952262878418,53.940460205078125,3.596030680338542,1.7909526767053663,0.11939684511369109,0.16592114727840462,0.977821413675944,4.371198527018229,0.7947228749593099,0.0
15,5,42,120,0.5,105000,0,0.6755788803100586,0.5950143814086915,53.940460205078125,3.596030680338542,1.9635796512267802,0.13090531008178535,0.1774296122464989,0.9751574834187825,4.371198527018229,0.7947228749593099,0.0
15,5,42,120,0.5,110000,0,0.6760534286499024,0.6040725072224935,53.940460205078125,3.596030680338542,2.0028484473327097,0.13352322982218065,0.1800475319868942,0.9740954081217448,4.371198527018229,0.7947228749593099,0.0
15,5,42,120,0.5,115000,0,0.6764692942301432,0.5955567677815755,53.940460205078125,3.596030680338542,2.037261254852652,0.1358174169901768,0.18234171915489034,0.9691263198852539,4.371198527018229,0.7947228749593099,0.0
15,5,42,120,0.5,120000,0,0.6794013341267904,0.6152862548828125,53.940460205078125,3.596030680338542,2.279887068091824,0.1519924712061216,0.19851677337083515,0.9894997278849283,4.371198527018229,0.7947228749593099,0.0
15,5,42,120,0.5,125000,0,0.6791515350341797,0.5867382049560547,53.940460205078125,3.596030680338542,2.2592162347718627,0.15061441565145753,0.19713871781617107,0.9768831888834636,4.371198527018229,0.7947228749593099,0.0
15,5,42,120,0.5,130000,0,0.6802210489908854,0.6042901992797851,53.940460205078125,3.596030680338542,2.3477183366065333,0.15651455577376888,0.20303885793848242,0.9952381769816081,4.371198527018229,0.7947228749593099,0.0
15,5,42,120,0.5,135000,0,0.6815102895100912,0.5942907333374023,53.940460205078125,3.596030680338542,2.4544027749018227,0.1636268516601215,0.21015115382483504,0.99503968556722,4.371198527018229,0.7947228749593099,0.0
15,5,42,120,0.5,140000,0,0.6818921407063802,0.5925106048583985,53.940460205078125,3.596030680338542,2.486000897813426,0.16573339318756172,0.2122576953522753,1.0082566579182943,4.371198527018229,0.7947228749593099,0.0
15,5,42,120,0.5,145000,0,0.6818957010904948,0.5823370615641276,53.940460205078125,3.596030680338542,2.4862955190060774,0.16575303460040516,0.2122773367651187,1.0016820907592774,4.371198527018229,0.7947228749593099,0.0
15,5,42,120,0.5,150000,0,0.6846154530843099,0.6102855046590169,53.940460205078125,3.596030680338542,2.711354543633554,0.18075696957557028,0.2272812717402838,1.0156283060709634,4.371198527018229,0.7947228749593099,0.0
15,5,42,120,0.5,155000,0,0.6868602752685546,0.580006472269694,53.940460205078125,3.596030680338542,2.8971132055987425,0.1931408803732495,0.23966518253796304,1.0188788731892904,4.371198527018229,0.7947228749593099,0.0
15,5,42,120,0.5,160000,0,0.6869094848632813,0.6009862899780274,53.940460205078125,3.596030680338542,2.90118529136857,0.19341235275790467,0.2399366549226182,1.0110483805338542,4.371198527018229,0.7947228749593099,0.0
15,5,42,120,0.5,165000,0,0.6876630147298177,0.5899723688761394,53.940460205078125,3.596030680338542,2.963539762355637,0.19756931749037582,0.24409361965508936,1.011610221862793,4.371198527018229,0.7947228749593099,0.0
15,5,42,120,0.5,170000,0,0.6890350977579752,0.5915802637736003,53.940460205078125,3.596030680338542,3.077079404472748,0.20513862696484989,0.2516629291295634,1.0314477284749348,4.371198527018229,0.7947228749593099,0.0
15,5,42,120,0.5,175000,0,0.6892418543497721,0.6008365631103516,53.940460205078125,3.596030680338542,3.094188478017294,0.2062792318678196,0.25280353403253314,1.027812385559082,4.371198527018229,0.7947228749593099,0.0
15,5,42,120,0.5,180000,0,0.6894392649332682,0.5901498158772787,53.940460205078125,3.596030680338542,3.1105241709311358,0.20736827806207572,0.25389258022678923,1.0147878646850585,4.371198527018229,0.7947228749593099,0.0
15,5,42,120,0.5,185000,0,0.6912987391153972,0.5869644165039063,53.940460205078125,3.596030680338542,3.2643953498847935,0.21762635665898625,0.26415065882369976,1.0301959991455079,4.371198527018229,0.7947228749593099,0.0
15,5,42,120,0.5,190000,0,0.6909109115600586,0.5913150151570638,53.940460205078125,3.596030680338542,3.2323026842569575,0.2154868456171305,0.26201114778184403,1.0235464096069335,4.371198527018229,0.7947228749593099,0.0
15,5,42,120,0.5,195000,0,0.6941546758015951,0.5793722152709961,53.940460205078125,3.596030680338542,3.500723635131095,0.23338157567540635,0.2799058778401199,1.0551658630371095,4.371198527018229,0.7947228749593099,0.0
15,5,42,120,0.5,200000,0,0.6946744918823242,0.5766043345133464,53.940460205078125,3.596030680338542,3.543738329257849,0.23624922195052325,0.2827735241152368,1.0476627349853516,4.371198527018229,0.7947228749593099,0.0
15,5,42,120,0.5,205000,0,0.6970930735270182,0.5735914866129558,53.940460205078125,3.596030680338542,3.743875557642859,0.24959170384285728,0.2961160060075708,1.054057502746582,4.371198527018229,0.7947228749593099,0.0
15,5,42,120,0.5,210000,0,0.6994258244832356,0.6009508768717448,53.940460205078125,3.596030680338542,3.936910310847935,0.26246068738986233,0.3089849895545759,1.0730234781901042,4.371198527018229,0.7947228749593099,0.0
15,5,42,120,0.5,215000,0,0.6988945643107096,0.5795804341634114,53.940460205078125,3.596030680338542,3.8929486200305234,0.2595299080020349,0.30605421016674844,1.0665060043334962,4.371198527018229,0.7947228749593099,0.0
15,5,42,120,0.5,220000,0,0.699957275390625,0.5862035751342773,53.940460205078125,3.596030680338542,3.980887784943519,0.2653925189962346,0.31191682116094815,1.0723129272460938,4.371198527018229,0.7947228749593099,0.0
15,5,42,120,0.5,225000,0,0.7015462875366211,0.5700474421183268,53.940460205078125,3.596030680338542,4.1123782754413085,0.2741585516960872,0.32068285386080075,1.0778858184814453,4.371198527018229,0.7947228749593099,0.0
15,5,42,120,0.5,230000,0,0.7032633463541667,0.5830443064371745,53.940460205078125,3.596030680338542,4.254464606689012,0.2836309737792675,0.33015527594398103,1.0837159474690756,4.371198527018229,0.7947228749593099,0.0
15,5,42,120,0.5,235000,0,0.7051063537597656,0.5723035176595052,53.940460205078125,3.596030680338542,4.406973162626677,0.2937982108417785,0.340322513006492,1.1102926890055338,4.371198527018229,0.7947228749593099,0.0
15,5,42,120,0.5,240000,0,0.7078161875406901,0.5597998936971028,53.940460205078125,3.596030680338542,4.631211456788918,0.30874743045259456,0.3552717326173081,1.1077789306640624,4.371198527018229,0.7947228749593099,0.0
15,5,42,120,0.5,245000,0,0.7086897532145182,0.5750387827555339,53.940460205078125,3.596030680338542,4.703498870842438,0.3135665913894959,0.3600908935542094,1.1302355448404948,4.371198527018229,0.7947228749593099,0.0
15,5,42,120,0.5,250000,0,0.7075366338094076,0.562983512878418,53.940460205078125,3.596030680338542,4.608078432073242,0.3072052288048828,0.35372953096959636,1.1194984436035156,4.371198527018229,0.7947228749593099,0.0
15,5,42,120,0.5,255000,0,0.7076514561971029,0.5581865310668945,53.940460205078125,3.596030680338542,4.617579965536173,0.3078386643690782,0.35436296653379173,1.1320384979248046,4.371198527018229,0.7947228749593099,0.0
15,5,42,120,0.5,260000,0,0.7111916859944661,0.5544309616088867,53.940460205078125,3.596030680338542,4.910533391791063,0.32736889278607084,0.3738931949507844,1.1410137176513673,4.371198527018229,0.7947228749593099,0.0
15,5,42,120,0.5,265000,0,0.7131374994913737,0.5637617111206055,53.940460205078125,3.596030680338542,5.071549134666469,0.33810327564443127,0.3846275778091448,1.1481903076171875,4.371198527018229,0.7947228749593099,0.0
15,5,42,120,0.5,270000,0,0.7110374450683594,0.5569466272989909,53.940460205078125,3.596030680338542,4.897769980838092,0.32651799872253945,0.373042300887253,1.1095762888590495,4.371198527018229,0.7947228749593099,0.0
15,5,42,120,0.5,275000,0,0.7131853103637695,0.5665396372477214,53.940460205078125,3.596030680338542,5.075505476396323,0.33836703175975485,0.3848913339244684,1.1476324717203776,4.371198527018229,0.7947228749593099,0.0
15,5,42,120,0.5,280000,0,0.7161451975504557,0.5484184900919596,53.940460205078125,3.596030680338542,5.320435648249429,0.3546957098832953,0.40122001204800883,1.144234848022461,4.371198527018229,0.7947228749593099,0.0
15,5,42,120,0.5,285000,0,0.7151262283325195,0.5593246459960938,53.940460205078125,3.596030680338542,5.236116115131836,0.3490744076754557,0.39559870984016926,1.1706822713216145,4.371198527018229,0.7947228749593099,0.0
15,5,42,120,0.5,290000,0,0.7186225255330404,0.5568088531494141,53.940460205078125,3.596030680338542,5.525434126313144,0.36836227508754293,0.41488657725225647,1.1636948903401694,4.371198527018229,0.7947228749593099,0.0
15,5,42,120,0.5,295000,0,0.7189784367879232,0.5722721735636394,53.940460205078125,3.596030680338542,5.554885723392594,0.3703257148928396,0.41685001705755315,1.1785972595214844,4.371198527018229,0.7947228749593099,0.0
15,5,42,120,0.5,300000,1,0.718821907043457,0.5473358790079753,53.940460205078125,3.596030680338542,5.5419329131014905,0.369462194206766,0.41598649637147955,1.1589659372965495,4.371198527018229,0.7947228749593099,0.0
200,5,42,1600,0.5,1,0,1.0037061309814452,1.0067299652099608,594.783447265625,2.973917236328125,512.6367555812908,2.563183777906454,2.564165528394735,2.6139010620117187,3.0480877685546877,0.0772181797027588,0.0
200,5,42,1600,0.5,5000,0,0.5849074172973633,0.5617535400390625,594.783447265625,2.973917236328125,50.563104594867696,0.25281552297433846,0.2537972734626197,0.30545103073120117,3.0480877685546877,0.0772181797027588,0.0
200,5,42,1600,0.5,10000,0,0.56712646484375,0.526712646484375,594.783447265625,2.973917236328125,30.944826530014552,0.15472413265007276,0.155705883138354,0.22062665939331055,3.0480877685546877,0.0772181797027588,0.0
200,5,42,1600,0.5,15000,0,0.5644769287109375,0.49946746826171873,594.783447265625,2.973917236328125,28.021510879067705,0.14010755439533853,0.1410893048836198,0.2128520965576172,3.0480877685546877,0.0772181797027588,0.0
200,5,42,1600,0.5,20000,0,0.5719261169433594,0.4776763916015625,594.783447265625,2.973917236328125,36.24043202417124,0.18120216012085621,0.18218391060913747,0.25818824768066406,3.0480877685546877,0.0772181797027588,0.0
200,5,42,1600,0.5,25000,0,0.5838455200195313,0.44934585571289065,594.783447265625,2.973917236328125,49.391480289186234,0.24695740144593117,0.24793915193421243,0.3314239120483398,3.0480877685546877,0.0772181797027588,0.0
200,5,42,1600,0.5,30000,0,0.5976692199707031,0.424103889465332,594.783447265625,2.973917236328125,64.6435985452066,0.323217992726033,0.3241997432143143,0.4088562393188477,3.0480877685546877,0.0772181797027588,0.0
200,5,42,1600,0.5,35000,0,0.6076213455200196,0.3885831069946289,594.783447265625,2.973917236328125,75.62408830649281,0.37812044153246405,0.3791021920207453,0.46271308898925784,3.0480877685546877,0.0772181797027588,0.0
200,5,42,1600,0.5,40000,0,0.6254870223999024,0.351668701171875,594.783447265625,2.973917236328125,95.33584546689929,0.4766792273344964,0.47766097782277767,0.5620497131347656,3.0480877685546877,0.0772181797027588,0.0
200,5,42,1600,0.5,45000,0,0.653370132446289,0.3118871307373047,594.783447265625,2.973917236328125,126.10014831456533,0.6305007415728267,0.631482492061108,0.7214359283447266,3.0480877685546877,0.0772181797027588,0.0
200,5,42,1600,0.5,50000,0,0.6820826721191406,0.26953887939453125,594.783447265625,2.973917236328125,157.77958667534108,0.7888979333767054,0.7898796838649866,0.882714614868164,3.0480877685546877,0.0772181797027588,0.0
200,5,42,1600,0.5,55000,0,0.72695068359375,0.24207725524902343,594.783447265625,2.973917236328125,207.28385972383182,1.0364192986191592,1.0374010491074404,1.1298332977294923,3.0480877685546877,0.0772181797027588,0.0
200,5,42,1600,0.5,60000,0,0.7560231018066407,0.2104535484313965,594.783447265625,2.973917236328125,239.36036327481474,1.1968018163740737,1.1977835668623549,1.2871876525878907,3.0480877685546877,0.0772181797027588,0.0
200,5,42,1600,0.5,65000,0,0.7963819122314453,0.18197824478149413,594.783447265625,2.973917236328125,283.88949450926737,1.4194474725463369,1.420429223034618,1.5074702453613282,3.0480877685546877,0.0772181797027588,0.0
200,5,42,1600,0.5,70000,0,0.830229263305664,0.1563291358947754,594.783447265625,2.973917236328125,321.23433004971605,1.6061716502485803,1.6071534007368615,1.685877227783203,3.0480877685546877,0.0772181797027588,0.0
200,5,42,1600,0.5,75000,0,0.8730113983154297,0.1357460880279541,594.783447265625,2.973917236328125,368.4371906962,1.842185953481,1.8431677039692813,1.90994140625,3.0480877685546877,0.0772181797027588,0.0
200,5,42,1600,0.5,80000,0,0.8996225738525391,0.11832114219665528,594.783447265625,2.973917236328125,397.79812862579536,1.9889906431289768,1.989972393617258,2.0483468627929686,3.0480877685546877,0.0772181797027588,0.0
200,5,42,1600,0.5,85000,0,0.9381923675537109,0.1072099781036377,594.783447265625,2.973917236328125,440.35338204698337,2.201766910234917,2.202748660723198,2.25240234375,3.0480877685546877,0.0772181797027588,0.0
200,5,42,1600,0.5,90000,0,0.9740802764892578,0.09743289947509766,594.783447265625,2.973917236328125,479.9496285641719,2.39974814282086,2.400729893309141,2.440249481201172,3.0480877685546877,0.0772181797027588,0.0
200,5,42,1600,0.5,95000,0,0.9851369476318359,0.08369105339050292,594.783447265625,2.973917236328125,492.14879784448,2.4607439892224,2.461725739710681,2.4863438415527344,3.0480877685546877,0.0772181797027588,0.0
200,5,42,1600,0.5,100000,0,1.0193550872802735,0.08249124526977539,594.783447265625,2.973917236328125,529.9027359552927,2.6495136797764633,2.6504954302647445,2.6676666259765627,3.0480877685546877,0.0772181797027588,0.0
200,5,42,1600,0.5,105000,0,1.0296351623535156,0.07355507850646972,594.783447265625,2.973917236328125,541.2450626298935,2.7062253131494676,2.7072070636377488,2.7183697509765623,3.0480877685546877,0.0772181797027588,0.0
200,5,42,1600,0.5,110000,0,1.0467439270019532,0.06927453517913819,594.783447265625,2.973917236328125,560.1216949753655,2.800608474876827,2.801590225365109,2.805852355957031,3.0480877685546877,0.0772181797027588,0.0
200,5,42,1600,0.5,115000,0,1.0631227111816406,0.06604656219482422,594.783447265625,2.973917236328125,578.1929171576187,2.8909645857880935,2.8919463362763747,2.8898876953125,3.0480877685546877,0.0772181797027588,0.0
200,5,42,1600,0.5,120000,0,1.0664674377441405,0.06381275177001954,594.783447265625,2.973917236328125,581.8832580392561,2.9094162901962806,2.9103980406845618,2.90643310546875,3.0480877685546877,0.0772181797027588,0.0
200,5,42,1600,0.5,125000,0,1.078946533203125,0.060353021621704105,594.783447265625,2.973917236328125,595.6518323240634,2.978259161620317,2.9792409121085983,2.9597442626953123,3.0480877685546877,0.0772181797027588,0.0
200,5,42,1600,0.5,130000,0,1.076868133544922,0.05860255241394043,594.783447265625,2.973917236328125,593.3586693154509,2.9667933465772545,2.9677750970655357,2.9488821411132813,3.0480877685546877,0.0772181797027588,0.0
200,5,42,1600,0.5,135000,0,1.0964356231689454,0.05641587257385254,594.783447265625,2.973917236328125,614.9480894253513,3.0747404471267568,3.075722197615038,3.0477285766601563,3.0480877685546877,0.0772181797027588,0.0
200,5,42,1600,0.5,140000,0,1.1054508209228515,0.05468056678771973,594.783447265625,2.973917236328125,624.8948375991158,3.1244741879955793,3.1254559384838605,3.096679382324219,3.0480877685546877,0.0772181797027588,0.0
200,5,42,1600,0.5,145000,0,1.0987586975097656,0.052637462615966794,594.783447265625,2.973917236328125,617.5112096239138,3.087556048119569,3.0885377986078506,3.0572991943359376,3.0480877685546877,0.0772181797027588,0.0
200,5,42,1600,0.5,150000,0,1.0980087280273438,0.049615511894226076,594.783447265625,2.973917236328125,616.6837449599884,3.0834187247999423,3.0844004752882235,3.0490988159179686,3.0480877685546877,0.0772181797027588,0.0
200,5,42,1600,0.5,155000,0,1.1120233917236328,0.0505668306350708,594.783447265625,2.973917236328125,632.1465594574945,3.1607327972874724,3.1617145477757536,3.127891845703125,3.0480877685546877,0.0772181797027588,0.0
200,5,42,1600,0.5,160000,0,1.1084693908691405,0.048248496055603024,594.783447265625,2.973917236328125,628.2253197383034,3.1411265986915167,3.1421083491797983,3.0977374267578126,3.0480877685546877,0.0772181797027588,0.0
200,5,42,1600,0.5,165000,0,1.1057738494873046,0.047460527420043946,594.783447265625,2.973917236328125,625.2512450647373,3.1262562253236865,3.1272379758119677,3.0866799926757813,3.0480877685546877,0.0772181797027588,0.0
200,5,42,1600,0.5,170000,0,1.1142693328857423,0.047694916725158694,594.783447265625,2.973917236328125,634.6245762201233,3.1731228811006167,3.174104631588898,3.1325955200195312,3.0480877685546877,0.0772181797027588,0.00019999999494757503
200,5,42,1600,0.5,175000,0,1.116876983642578,0.04512660026550293,594.783447265625,2.973917236328125,637.501678432566,3.18750839216283,3.188490142651111,3.1487496948242186,3.0480877685546877,0.0772181797027588,0.00019999999494757503
200,5,42,1600,0.5,180000,0,1.1202883148193359,0.04283341884613037,594.783447265625,2.973917236328125,641.2655062573988,3.206327531286994,3.207309281775275,3.1610812377929687,3.0480877685546877,0.0772181797027588,0.00019999999494757503
200,5,42,1600,0.5,185000,0,1.113500213623047,0.04477643013000488,594.783447265625,2.973917236328125,633.7759830078107,3.168879915039054,3.169861665527335,3.1169073486328127,3.0480877685546877,0.0772181797027588,0.0
200,5,42,1600,0.5,190000,0,1.1242518615722656,0.04417263984680176,594.783447265625,2.973917236328125,645.6386107086298,3.228193053543149,3.2291748040314303,3.1767623901367186,3.0480877685546877,0.0772181797027588,0.00039999998989515007
200,5,42,1600,0.5,195000,0,1.1221199035644531,0.043504767417907715,594.783447265625,2.973917236328125,643.2863551065202,3.216431775532601,3.2174135260208825,3.1681478881835936,3.0480877685546877,0.0772181797027588,0.0012000000569969416
200,5,42,1600,0.5,200000,0,1.1287532043457031,0.044100861549377444,594.783447265625,2.973917236328125,650.6050822418556,3.253025411209278,3.2540071616975594,3.2014169311523437,3.0480877685546877,0.0772181797027588,0.00039999998989515007
200,5,42,1600,0.5,205000,0,1.1176296997070312,0.03849157810211182,594.783447265625,2.973917236328125,638.3321734859019,3.1916608674295093,3.1926426179177905,3.1391546630859377,3.0480877685546877,0.0772181797027588,0.0007999999797903001
200,5,42,1600,0.5,210000,0,1.1097061157226562,0.04025614738464355,594.783447265625,2.973917236328125,629.5898367476864,3.1479491837384317,3.1489309342267133,3.098701171875,3.0480877685546877,0.0772181797027588,0.00139999995008111
200,5,42,1600,0.5,215000,0,1.1216686248779297,0.038374714851379395,594.783447265625,2.973917236328125,642.7884452909434,3.213942226454717,3.2149239769429983,3.1597256469726562,3.0480877685546877,0.0772181797027588,0.0015999999595806003
200,5,42,1600,0.5,220000,0,1.1204022216796874,0.0382503867149353,594.783447265625,2.973917236328125,641.3911832404344,3.206955916202172,3.2079376666904533,3.151169738769531,3.0480877685546877,0.0772181797027588,0.0010000000474974513
200,5,42,1600,0.5,225000,0,1.1236760711669922,0.03895071744918823,594.783447265625,2.973917236328125,645.0033232397948,3.2250166161989737,3.2259983666872554,3.170210266113281,3.0480877685546877,0.0772181797027588,0.00279999990016222
200,5,42,1600,0.5,230000,0,1.1121539306640624,0.036942148208618165,594.783447265625,2.973917236328125,632.2905871319581,3.1614529356597902,3.162434686148072,3.1049423217773438,3.0480877685546877,0.0772181797027588,0.002400000113993883
200,5,42,1600,0.5,235000,0,1.1229975128173828,0.037648773193359374,594.783447265625,2.973917236328125,644.254648700532,3.22127324350266,3.2222549939909415,3.168293762207031,3.0480877685546877,0.0772181797027588,0.0034000000450760126
200,5,42,1600,0.5,240000,0,1.1161012268066406,0.036217942237854,594.783447265625,2.973917236328125,636.6457617791791,3.1832288088958958,3.184210559384177,3.1241183471679688,3.0480877685546877,0.0772181797027588,0.00419999985024333
200,5,42,1600,0.5,245000,0,1.12960693359375,0.040957798957824705,594.783447265625,2.973917236328125,651.5470282834963,3.2577351414174816,3.2587168919057627,3.196799621582031,3.0480877685546877,0.0772181797027588,0.00419999985024333
200,5,42,1600,0.5,250000,0,1.1362147521972656,0.039830832481384276,594.783447265625,2.973917236328125,658.8376401393045,3.2941882006965226,3.295169951184804,3.2312493896484376,3.0480877685546877,0.0772181797027588,0.005200000014156103
200,5,42,1600,0.5,255000,0,1.1172452545166016,0.03691233396530151,594.783447265625,2.973917236328125,637.908003145971,3.189540015729855,3.190521766218136,3.1287832641601563,3.0480877685546877,0.0772181797027588,0.0031999999191612005
200,5,42,1600,0.5,260000,0,1.1441938781738281,0.034302823543548584,594.783447265625,2.973917236328125,667.6412580855911,3.3382062904279555,3.3391880409162367,3.2704071044921874,3.0480877685546877,0.0772181797027588,0.008200000040233135
200,5,42,1600,0.5,265000,0,1.140599594116211,0.035075485706329346,594.783447265625,2.973917236328125,663.6755726550521,3.3183778632752605,3.3193596137635417,3.2503680419921874,3.0480877685546877,0.0772181797027588,0.005799999926239252
200,5,42,1600,0.5,270000,0,1.1380995178222657,0.035164639949798585,594.783447265625,2.973917236328125,660.9171606945049,3.3045858034725244,3.3055675539608056,3.235213623046875,3.0480877685546877,0.0772181797027588,0.009399999864399433
200,5,42,1600,0.5,275000,0,1.1220662689208984,0.03439515829086304,594.783447265625,2.973917236328125,643.2271783355395,3.2161358916776974,3.217117642165979,3.1564251708984377,3.0480877685546877,0.0772181797027588,0.009399999864399433
200,5,42,1600,0.5,280000,0,1.1434276580810547,0.03375169038772583,594.783447265625,2.973917236328125,666.7958636176556,3.333979318088278,3.3349610685765594,3.267266845703125,3.0480877685546877,0.0772181797027588,0.010400000028312206
200,5,42,1600,0.5,285000,0,1.1370204925537108,0.033960964679718014,594.783447265625,2.973917236328125,659.726638543752,3.2986331927187598,3.299614943207041,3.230487976074219,3.0480877685546877,0.0772181797027588,0.013199999928474426
200,5,42,1600,0.5,290000,0,1.137708740234375,0.031227264404296875,594.783447265625,2.973917236328125,660.486003623434,3.30243001811717,3.3034117686054514,3.229145812988281,3.0480877685546877,0.0772181797027588,0.012600000016391277
200,5,42,1600,0.5,295000,0,1.1436881256103515,0.03321779012680054,594.783447265625,2.973917236328125,667.0832455467139,3.3354162277335693,3.336397978221851,3.2661614990234376,3.0480877685546877,0.0772181797027588,0.0142000000923872
200,5,42,1600,0.5,300000,1,1.1331993103027345,0.034327294826507565,594.783447265625,2.973917236328125,655.5106092769452,3.277553046384726,3.278534796873007,3.212774353027344,3.0480877685546877,0.0772181797027588,0.014399999752640724
20,5,42,160,0.5,1,0,1.0119486808776856,1.0188955307006835,68.84770202636719,3.4423851013183593,42.803744433607875,2.1401872216803937,2.187365490113011,2.44809513092041,3.9572509765625,0.5086182594299317,0.0
20,5,42,160,0.5,5000,0,0.6684321880340576,0.6478526592254639,68.84770202636719,3.4423851013183593,4.9025009875634,0.24512504937816998,0.29230331781078717,0.6631902694702149,3.9572509765625,0.5086182594299317,0.0
20,5,42,160,0.5,10000,0,0.6466655254364013,0.6183090686798096,68.84770202636719,3.4423851013183593,2.5009173800560234,0.12504586900280118,0.17222413743541837,0.6299369812011719,3.9572509765625,0.5086182594299317,0.0
20,5,42,160,0.5,15000,0,0.6411987781524658,0.6304538249969482,68.84770202636719,3.4423851013183593,1.8977541434053649,0.09488770717026825,0.14206597560288542,0.6303769588470459,3.9572509765625,0.5086182594299317,0.0
20,5,42,160,0.5,20000,0,0.6401735782623291,0.6251510620117188,68.84770202636719,3.4423851013183593,1.7846406497990586,0.08923203248995293,0.13641030092257012,0.629648494720459,3.9572509765625,0.5086182594299317,0.0
20,5,42,160,0.5,25000,0,0.6416938781738282,0.6092992305755616,68.84770202636719,3.4423851013183593,1.9523800691781332,0.09761900345890666,0.14479727189152386,0.6546501159667969,3.9572509765625,0.5086182594299317,0.0
20,5,42,160,0.5,30000,0,0.6402045249938965,0.6048831462860107,68.84770202636719,3.4423851013183593,1.7880550989781483,0.08940275494890741,0.1365810233815246,0.6465909957885743,3.9572509765625,0.5086182594299317,0.0
20,5,42,160,0.5,35000,0,0.6406227588653565,0.6023900508880615,68.84770202636719,3.4423851013183593,1.834200143276803,0.09171000716384015,0.13888827559645733,0.6553671836853028,3.9572509765625,0.5086182594299317,0.0
20,5,42,160,0.5,40000,0,0.6410418033599854,0.6108668327331543,68.84770202636719,3.4423851013183593,1.8804346261517964,0.09402173130758981,0.141199999740207,0.6506599426269531,3.9572509765625,0.5086182594299317,0.0
20,5,42,160,0.5,45000,0,0.6422952175140381,0.6110074043273925,68.84770202636719,3.4423851013183593,2.0187277095441374,0.10093638547720687,0.14811465390982406,0.6641425609588623,3.9572509765625,0.5086182594299317,0.0
20,5,42,160,0.5,50000,0,0.6434968948364258,0.6083076953887939,68.84770202636719,3.4423851013183593,2.1513125073289103,0.10756562536644551,0.1547438937990627,0.665595817565918,3.9572509765625,0.5086182594299317,0.0
20,5,42,160,0.5,55000,0,0.645008659362793,0.5983671188354492,68.84770202636719,3.4423851013183593,2.3181101911100512,0.11590550955550256,0.16308377798811974,0.6728033065795899,3.9572509765625,0.5086182594299317,0.0
20,5,42,160,0.5,60000,0,0.6463137149810791,0.584370470046997,68.84770202636719,3.4423851013183593,2.4621010379245263,0.12310505189622631,0.1702833203288435,0.6800419807434082,3.9572509765625,0.5086182594299317,0.0
20,5,42,160,0.5,65000,0,0.6466312408447266,0.5868514537811279,68.84770202636719,3.4423851013183593,2.497134654386116,0.1248567327193058,0.172035001151923,0.6758841037750244,3.9572509765625,0.5086182594299317,0.0
20,5,42,160,0.5,70000,0,0.6482362747192383,0.5839829444885254,68.84770202636719,3.4423851013183593,2.6742230355390717,0.13371115177695359,0.18088942020957077,0.6826568603515625,3.9572509765625,0.5086182594299317,0.0
20,5,42,160,0.5,75000,0,0.6488941669464111,0.5900632858276367,68.84770202636719,3.4423851013183593,2.746810331877967,0.13734051659389834,0.18451878502651553,0.6849462032318115,3.9572509765625,0.5086182594299317,0.0
20,5,42,160,0.5,80000,0,0.6502970218658447,0.5806180000305176,68.84770202636719,3.4423851013183593,2.9015916798732064,0.14507958399366033,0.19225785242627752,0.6881003379821777,3.9572509765625,0.5086182594299317,0.0
20,5,42,160,0.5,85000,0,0.6515173435211181,0.5741176605224609,68.84770202636719,3.4423851013183593,3.0362335649138004,0.15181167824569003,0.19898994667830722,0.6964008331298828,3.9572509765625,0.5086182594299317,0.0
20,5,42,160,0.5,90000,0,0.6542197227478027,0.5669487476348877,68.84770202636719,3.4423851013183593,3.3343954729673015,0.16671977364836507,0.21389804208098226,0.704003381729126,3.9572509765625,0.5086182594299317,0.0
20,5,42,160,0.5,95000,0,0.6549512386322022,0.5772947311401367,68.84770202636719,3.4423851013183593,3.415105896474955,0.17075529482374777,0.21793356325636495,0.7105212211608887,3.9572509765625,0.5086182594299317,0.0
20,5,42,160,0.5,100000,0,0.6576613903045654,0.5769053936004639,68.84770202636719,3.4423851013183593,3.7141253626427755,0.18570626813213878,0.23288453656475597,0.7209527969360352,3.9572509765625,0.5086182594299317,0.0
20,5,42,160,0.5,105000,0,0.6593209266662597,0.5600206851959229,68.84770202636719,3.4423851013183593,3.897227172781399,0.19486135863906995,0.24203962707168714,0.7254806995391846,3.9572509765625,0.5086182594299317,0.0
20,5,42,160,0.5,110000,0,0.6610156536102295,0.5646859645843506,68.84770202636719,3.4423851013183593,4.084211669351717,0.20421058346758586,0.25138885190020305,0.7321640014648437,3.9572509765625,0.5086182594299317,0.0
20,5,42,160,0.5,115000,0,0.6592486381530762,0.5598336219787597,68.84770202636719,3.4423851013183593,3.889251356208973,0.19446256781044866,0.24164083624306584,0.7108537197113037,3.9572509765625,0.5086182594299317,0.0
20,5,42,160,0.5,120000,0,0.6636334419250488,0.5618074893951416,68.84770202636719,3.4423851013183593,4.373040398909524,0.21865201994547617,0.26583028837809336,0.7499431610107422,3.9572509765625,0.5086182594299317,0.0
20,5,42,160,0.5,125000,0,0.663364028930664,0.569307279586792,68.84770202636719,3.4423851013183593,4.343315225008325,0.21716576125041626,0.26434402968303344,0.7448887825012207,3.9572509765625,0.5086182594299317,0.0
20,5,42,160,0.5,130000,0,0.6643573760986328,0.5543118000030518,68.84770202636719,3.4423851013183593,4.452914308673755,0.22264571543368775,0.2698239838663049,0.752427053451538,3.9572509765625,0.5086182594299317,0.0
20,5,42,160,0.5,135000,0,0.6674426078796387,0.55381760597229,68.84770202636719,3.4423851013183593,4.7933175302233195,0.23966587651116597,0.2868441449437832,0.7676170349121094,3.9572509765625,0.5086182594299317,0.0
20,5,42,160,0.5,140000,0,0.6702392578125,0.5590644359588623,68.84770202636719,3.4423851013183593,5.101880618595871,0.25509403092979355,0.30227229936241073,0.7755696773529053,3.9572509765625,0.5086182594299317,0.0
20,5,42,160,0.5,145000,0,0.6723960399627685,0.5512238502502441,68.84770202636719,3.4423851013183593,5.33984510367992,0.266992255183996,0.3141705236166132,0.7865876197814942,3.9572509765625,0.5086182594299317,0.0
20,5,42,160,0.5,150000,0,0.6744530677795411,0.555148696899414,68.84770202636719,3.4423851013183593,5.566803382781444,0.2783401691390722,0.3255184375716894,0.8023357391357422,3.9572509765625,0.5086182594299317,0.0
20,5,42,160,0.5,155000,0,0.6760328769683838,0.5294980049133301,68.84770202636719,3.4423851013183593,5.741108645882406,0.2870554322941203,0.33423370072673747,0.8037550926208497,3.9572509765625,0.5086182594299317,0.0
20,5,42,160,0.5,160000,0,0.6787461757659912,0.5684113502502441,68.84770202636719,3.4423851013183593,6.040475344170133,0.30202376720850665,0.34920203564112384,0.8133232116699218,3.9572509765625,0.5086182594299317,0.0
20,5,42,160,0.5,165000,0,0.6801190853118897,0.5412329196929931,68.84770202636719,3.4423851013183593,6.1919527259335325,0.30959763629667664,0.3567759047292938,0.8190292358398438,3.9572509765625,0.5086182594299317,0.0
20,5,42,160,0.5,170000,0,0.6812480449676513,0.5322950839996338,68.84770202636719,3.4423851013183593,6.316514357311334,0.3158257178655667,0.36300398629818387,0.8339554786682128,3.9572509765625,0.5086182594299317,0.0
20,5,42,160,0.5,175000,0,0.6824727535247803,0.5331748008728028,68.84770202636719,3.4423851013183593,6.451640262882705,0.32258201314413526,0.36976028157675245,0.8366534233093261,3.9572509765625,0.5086182594299317,0.0
20,5,42,160,0.5,180000,0,0.6858204364776611,0.5210503101348877,68.84770202636719,3.4423851013183593,6.821000538795488,0.3410500269397744,0.38822829537239156,0.8519972801208496,3.9572509765625,0.5086182594299317,0.0
20,5,42,160,0.5,185000,0,0.6904438018798829,0.5357590198516846,68.84770202636719,3.4423851013183593,7.331110828403581,0.36655554142017904,0.41373380985279623,0.8725289344787598,3.9572509765625,0.5086182594299317,0.0
20,5,42,160,0.5,190000,0,0.6902092456817627,0.5384744167327881,68.84770202636719,3.4423851013183593,7.305231513285008,0.36526157566425044,0.4124398440968676,0.8757213592529297,3.9572509765625,0.5086182594299317,0.0
20,5,42,160,0.5,195000,0,0.6954339027404786,0.5249070644378662,68.84770202636719,3.4423851013183593,7.881684182166396,0.39408420910831976,0.44126247754093695,0.8910340309143067,3.9572509765625,0.5086182594299317,0.0
20,5,42,160,0.5,200000,0,0.695815896987915,0.5221611022949219,68.84770202636719,3.4423851013183593,7.923830795993382,0.3961915397996691,0.4433698082322863,0.8929533958435059,3.9572509765625,0.5086182594299317,0.0
20,5,42,160,0.5,205000,0,0.698831844329834,0.5074228763580322,68.84770202636719,3.4423851013183593,8.256589649812241,0.4128294824906121,0.46000775092322926,0.9236729621887207,3.9572509765625,0.5086182594299317,0.0
20,5,42,160,0.5,210000,0,0.6994917869567872,0.5270348072052002,68.84770202636719,3.4423851013183593,8.329403173138346,0.4164701586569173,0.46364842708953447,0.9254956245422363,3.9572509765625,0.5086182594299317,0.0
20,5,42,160,0.5,215000,0,0.7004518508911133,0.521012544631958,68.84770202636719,3.4423851013183593,8.435330014081117,0.42176650070405586,0.46894476913667305,0.923954963684082,3.9572509765625,0.5086182594299317,0.0
20,5,42,160,0.5,220000,0,0.7036736488342286,0.5085445404052734,68.84770202636719,3.4423851013183593,8.79080100519758,0.43954005025987897,0.48671831869249615,0.9379281997680664,3.9572509765625,0.5086182594299317,0.0
20,5,42,160,0.5,225000,0,0.7082993507385253,0.5125455856323242,68.84770202636719,3.4423851013183593,9.301169088349255,0.46505845441746274,0.5122367228500799,0.9676746368408203,3.9572509765625,0.5086182594299317,0.0
20,5,42,160,0.5,230000,0,0.7074972152709961,0.5094313144683837,68.84770202636719,3.4423851013183593,9.212666986514577,0.46063334932572886,0.507811617758346,0.9625232696533204,3.9572509765625,0.5086182594299317,0.0
20,5,42,160,0.5,235000,0,0.7111790657043457,0.5051986694335937,68.84770202636719,3.4423851013183593,9.618897000250286,0.4809448500125143,0.5281231184451315,0.9651263236999512,3.9572509765625,0.5086182594299317,0.0
20,5,42,160,0.5,240000,0,0.7131345272064209,0.5061470031738281,68.84770202636719,3.4423851013183593,9.834649151845696,0.4917324575922848,0.538910726024902,1.0005444526672362,3.9572509765625,0.5086182594299317,0.0
20,5,42,160,0.5,245000,0,0.7151458263397217,0.49280147552490233,68.84770202636719,3.4423851013183593,10.056562043023092,0.5028281021511546,0.5500063705837718,1.0018436431884765,3.9572509765625,0.5086182594299317,0.0
20,5,42,160,0.5,250000,0,0.7183954238891601,0.49584236145019533,68.84770202636719,3.4423851013183593,10.415100251198737,0.5207550125599368,0.567933280992554,1.0243374824523925,3.9572509765625,0.5086182594299317,0.0
20,5,42,160,0.5,255000,0,0.7187669277191162,0.505472469329834,68.84770202636719,3.4423851013183593,10.456089424626029,0.5228044712313015,0.5699827396639187,1.0111458778381348,3.9572509765625,0.5086182594299317,0.0
20,5,42,160,0.5,260000,0,0.720667028427124,0.4933962345123291,68.84770202636719,3.4423851013183593,10.665733447566694,0.5332866723783347,0.5804649408109519,1.0087364196777344,3.9572509765625,0.5086182594299317,0.0
20,5,42,160,0.5,265000,0,0.7229176044464112,0.4952738285064697,68.84770202636719,3.4423851013183593,10.914046502042538,0.5457023251021269,0.5928805935347441,1.0363475799560546,3.9572509765625,0.5086182594299317,0.0
20,5,42,160,0.5,270000,0,0.7266592025756836,0.4928297519683838,68.84770202636719,3.4423851013183593,11.326868664963769,0.5663434332481885,0.6135217016808057,1.0399572372436523,3.9572509765625,0.5086182594299317,0.0
20,5,42,160,0.5,275000,0,0.7313145637512207,0.4949670314788818,68.84770202636719,3.4423851013183593,11.840509147790925,0.5920254573895463,0.6392037258221634,1.0784055709838867,3.9572509765625,0.5086182594299317,0.0
20,5,42,160,0.5,280000,0,0.7347686290740967,0.5108580112457275,68.84770202636719,3.4423851013183593,12.22160692157513,0.6110803460787565,0.6582586145113737,1.0930139541625976,3.9572509765625,0.5086182594299317,0.0
20,5,42,160,0.5,285000,0,0.7373789787292481,0.4660792350769043,68.84770202636719,3.4423851013183593,12.509614920667701,0.6254807460333851,0.6726590144660023,1.1063596725463867,3.9572509765625,0.5086182594299317,0.0
20,5,42,160,0.5,290000,0,0.7416949272155762,0.48249144554138185,68.84770202636719,3.4423851013183593,12.985806945472092,0.6492903472736046,0.6964686157062218,1.1272791862487792,3.9572509765625,0.5086182594299317,0.0
20,5,42,160,0.5,295000,0,0.7388768196105957,0.4866783142089844,68.84770202636719,3.4423851013183593,12.674876365372882,0.6337438182686441,0.6809220867012613,1.1071440696716308,3.9572509765625,0.5086182594299317,0.0
20,5,42,160,0.5,300000,1,0.7410765647888183,0.4816147327423096,68.84770202636719,3.4423851013183593,12.917581095002944,0.6458790547501472,0.6930573231827644,1.1343720436096192,3.9572509765625,0.5086182594299317,0.0
30,5,42,240,0.5,1,0,1.0114624659220377,1.0155659357706706,97.58765411376953,3.2529218037923178,69.8090471629508,2.326968238765027,2.343957374507214,2.619140625,3.678760274251302,0.4276058514912923,0.0
30,5,42,240,0.5,5000,0,0.6332782745361328,0.615399169921875,97.58765411376953,3.2529218037923178,7.219689430042138,0.24065631433473791,0.2576454500769254,0.6059487660725912,3.678760274251302,0.4276058514912923,0.0
30,5,42,240,0.5,10000,0,0.6108662287394205,0.5983198801676433,97.58765411376953,3.2529218037923178,3.5105033142603617,0.11701677714201206,0.13400591288419955,0.555435307820638,3.678760274251302,0.4276058514912923,0.0
30,5,42,240,0.5,15000,0,0.6058265686035156,0.5860153198242187,97.58765411376953,3.2529218037923178,2.676441240056519,0.08921470800188397,0.10620384374407148,0.5560214996337891,3.678760274251302,0.4276058514912923,0.0
30,5,42,240,0.5,20000,0,0.6039746602376302,0.581068738301595,97.58765411376953,3.2529218037923178,2.369951022217947,0.0789983674072649,0.0959875031494524,0.560568364461263,3.678760274251302,0.4276058514912923,0.0
30,5,42,240,0.5,25000,0,0.6037115097045899,0.5700021743774414,97.58765411376953,3.2529218037923178,2.326399696633146,0.07754665655443821,0.0945357922966257,0.567620595296224,3.678760274251302,0.4276058514912923,0.0
30,5,42,240,0.5,30000,0,0.603946304321289,0.569027328491211,97.58765411376953,3.2529218037923178,2.365258127506465,0.07884193758354882,0.09583107332573633,0.5741898854573567,3.678760274251302,0.4276058514912923,0.0
30,5,42,240,0.5,35000,0,0.6052972793579101,0.5692699432373047,97.58765411376953,3.2529218037923178,2.588844046170692,0.08629480153902307,0.10328393728121057,0.5808290481567383,3.678760274251302,0.4276058514912923,0.0
30,5,42,240,0.5,40000,0,0.606474494934082,0.5608074188232421,97.58765411376953,3.2529218037923178,2.7836728319952897,0.092789094399843,0.10977823014203049,0.5853815078735352,3.678760274251302,0.4276058514912923,0.0
30,5,42,240,0.5,45000,0,0.6083158493041992,0.5639474232991536,97.58765411376953,3.2529218037923178,3.088416367048879,0.10294721223496263,0.11993634797715012,0.5978306452433269,3.678760274251302,0.4276058514912923,0.0
30,5,42,240,0.5,50000,0,0.6111178080240885,0.5582138697306315,97.58765411376953,3.2529218037923178,3.552139602092936,0.11840465340309786,0.13539378914528535,0.6173597971598307,3.678760274251302,0.4276058514912923,0.0
30,5,42,240,0.5,55000,0,0.614146359761556,0.5627192815144857,97.58765411376953,3.2529218037923178,4.053363906087043,0.13511213020290141,0.15210126594508894,0.6313483556111653,3.678760274251302,0.4276058514912923,0.0
30,5,42,240,0.5,60000,0,0.6141112645467123,0.5379082997639973,97.58765411376953,3.2529218037923178,4.047555659717673,0.13491852199058912,0.15190765773277662,0.6306301752726237,3.678760274251302,0.4276058514912923,0.0
30,5,42,240,0.5,65000,0,0.6175950368245443,0.5351051966349284,97.58765411376953,3.2529218037923178,4.624118811546296,0.15413729371820986,0.17112642946039738,0.650632667541504,3.678760274251302,0.4276058514912923,0.0
30,5,42,240,0.5,70000,0,0.6209135055541992,0.5473935445149739,97.58765411376953,3.2529218037923178,5.1733242812003795,0.17244414270667932,0.18943327844886682,0.6603020350138347,3.678760274251302,0.4276058514912923,0.0
30,5,42,240,0.5,75000,0,0.6236307144165039,0.5303363164265951,97.58765411376953,3.2529218037923178,5.62302144303726,0.187434048101242,0.2044231838434295,0.6821962356567383,3.678760274251302,0.4276058514912923,0.0
30,5,42,240,0.5,80000,0,0.6254553476969401,0.5230185826619466,97.58765411376953,3.2529218037923178,5.9249976433170275,0.1974999214439009,0.2144890571860884,0.6850659688313802,3.678760274251302,0.4276058514912923,0.0
30,5,42,240,0.5,85000,0,0.6293449401855469,0.5230182647705078,97.58765411376953,3.2529218037923178,6.56872390488418,0.21895746349613934,0.23594659923832684,0.7046071370442708,3.678760274251302,0.4276058514912923,0.0
30,5,42,240,0.5,90000,0,0.6329292297363281,0.5152796745300293,97.58765411376953,3.2529218037923178,7.16192263191202,0.23873075439706734,0.25571989013925484,0.7221527099609375,3.678760274251302,0.4276058514912923,0.0
30,5,42,240,0.5,95000,0,0.6358042399088542,0.5127031326293945,97.58765411376953,3.2529218037923178,7.637735858040159,0.2545911952680053,0.2715803310101928,0.7409872690836589,3.678760274251302,0.4276058514912923,0.0
30,5,42,240,0.5,100000,0,0.6395259221394857,0.5073046048482259,97.58765411376953,3.2529218037923178,8.253673027829223,0.2751224342609741,0.29211157000316157,0.7560771306355795,3.678760274251302,0.4276058514912923,0.0
30,5,42,240,0.5,105000,0,0.6435349782307943,0.49816265106201174,97.58765411376953,3.2529218037923178,8.917170475860217,0.29723901586200724,0.31422815160419476,0.7693543116251628,3.678760274251302,0.4276058514912923,0.0
30,5,42,240,0.5,110000,0,0.6467094421386719,0.49618330001831057,97.58765411376953,3.2529218037923178,9.442543195466087,0.31475143984886955,0.3317405755910571,0.7935850143432617,3.678760274251302,0.4276058514912923,0.0
30,5,42,240,0.5,115000,0,0.6498215993245443,0.49884525934855145,97.58765411376953,3.2529218037923178,9.95760417332923,0.33192013911097434,0.3489092748531618,0.8037789662679037,3.678760274251302,0.4276058514912923,0.0
30,5,42,240,0.5,120000,0,0.6536582946777344,0.49347060521443686,97.58765411376953,3.2529218037923178,10.592575976600529,0.3530858658866843,0.3700750016288718,0.8311536153157552,3.678760274251302,0.4276058514912923,0.0
30,5,42,240,0.5,125000,0,0.6566998799641927,0.47879645029703777,97.58765411376953,3.2529218037923178,11.095957328612243,0.3698652442870748,0.38685438002926226,0.8333993911743164,3.678760274251302,0.4276058514912923,0.0
30,5,42,240,0.5,130000,0,0.6603017807006836,0.47431551615397133,97.58765411376953,3.2529218037923178,11.692070701010223,0.3897356900336741,0.4067248257758616,0.8622109095255533,3.678760274251302,0.4276058514912923,0.0
30,5,42,240,0.5,135000,0,0.666217295328776,0.4863696734110514,97.58765411376953,3.2529218037923178,12.671086401997371,0.4223695467332457,0.4393586824754332,0.8930459340413411,3.678760274251302,0.4276058514912923,0.0
30,5,42,240,0.5,140000,0,0.6683715184529623,0.4680936813354492,97.58765411376953,3.2529218037923178,13.027609611659017,0.4342536537219672,0.45124278946415475,0.9047856012980143,3.678760274251302,0.4276058514912923,0.0
30,5,42,240,0.5,145000,0,0.6719980239868164,0.46976795196533205,97.58765411376953,3.2529218037923178,13.627795069826817,0.4542598356608939,0.4712489714030814,0.9194471359252929,3.678760274251302,0.4276058514912923,0.0
30,5,42,240,0.5,150000,0,0.6731948216756185,0.4600386619567871,97.58765411376953,3.2529218037923178,13.825864688770565,0.46086215629235217,0.4778512920345397,0.9180723190307617,3.678760274251302,0.4276058514912923,0.0
30,5,42,240,0.5,155000,0,0.683124860127767,0.45721619923909507,97.58765411376953,3.2529218037923178,15.469282745737544,0.5156427581912515,0.532631893933439,0.9655539194742838,3.678760274251302,0.4276058514912923,0.0
30,5,42,240,0.5,160000,0,0.6835645039876302,0.4549941380818685,97.58765411376953,3.2529218037923178,15.542043658136407,0.5180681219378802,0.5350572576800677,0.9790273030598958,3.678760274251302,0.4276058514912923,0.0
30,5,42,240,0.5,165000,0,0.6874066034952799,0.4554431915283203,97.58765411376953,3.2529218037923178,16.177909847171094,0.5392636615723698,0.5562527973145573,0.9928029378255209,3.678760274251302,0.4276058514912923,0.0
30,5,42,240,0.5,170000,0,0.6942096710205078,0.44971338907877606,97.58765411376953,3.2529218037923178,17.30381525706467,0.5767938419021557,0.5937829776443432,1.0294649124145507,3.678760274251302,0.4276058514912923,0.0
30,5,42,240,0.5,175000,0,0.69661865234375,0.4489683787027995,97.58765411376953,3.2529218037923178,17.702500863831474,0.5900833621277158,0.6070724978699034,1.0453020731608074,3.678760274251302,0.4276058514912923,0.0
30,5,42,240,0.5,180000,0,0.6996519088745117,0.4471346219380697,97.58765411376953,3.2529218037923178,18.20450380954901,0.6068167936516337,0.6238059293938212,1.0586817423502604,3.678760274251302,0.4276058514912923,0.0
30,5,42,240,0.5,185000,0,0.7076957702636719,0.4437912623087565,97.58765411376953,3.2529218037923178,19.535760190718932,0.6511920063572977,0.6681811420994852,1.1011231740315754,3.678760274251302,0.4276058514912923,0.0
30,5,42,240,0.5,190000,0,0.707274055480957,0.4412308057149251,97.58765411376953,3.2529218037923178,19.46596653461748,0.648865551153916,0.6658546868961035,1.1059672037760417,3.678760274251302,0.4276058514912923,0.0
30,5,42,240,0.5,195000,0,0.7178920110066732,0.4309835433959961,97.58765411376953,3.2529218037923178,21.2232346381724,0.7074411546057466,0.7244302903479342,1.1462955474853516,3.678760274251302,0.4276058514912923,0.0
30,5,42,240,0.5,200000,0,0.7215863545735677,0.43516709009806315,97.58765411376953,3.2529218037923178,21.834647268217225,0.7278215756072408,0.7448107113494283,1.1656270345052084,3.678760274251302,0.4276058514912923,0.0
30,5,42,240,0.5,205000,0,0.7253150304158529,0.42066920598347984,97.58765411376953,3.2529218037923178,22.451741878405997,0.7483913959468665,0.7653805316890541,1.2069173177083334,3.678760274251302,0.4276058514912923,0.0
30,5,42,240,0.5,210000,0,0.7274576822916666,0.41337725321451824,97.58765411376953,3.2529218037923178,22.806350050315416,0.7602116683438472,0.7772008040860346,1.1928924560546874,3.678760274251302,0.4276058514912923,0.0
30,5,42,240,0.5,215000,0,0.7307442347208659,0.40986274083455404,97.58765411376953,3.2529218037923178,23.35027338287273,0.7783424460957576,0.7953315818379452,1.221062469482422,3.678760274251302,0.4276058514912923,0.0
30,5,42,240,0.5,220000,0,0.7378542582194011,0.41142813364664715,97.58765411376953,3.2529218037923178,24.52697990412736,0.8175659968042452,0.8345551325464328,1.2675975799560546,3.678760274251302,0.4276058514912923,0.0
30,5,42,240,0.5,225000,0,0.7408305486043294,0.4121606190999349,97.58765411376953,3.2529218037923178,25.019554971680122,0.8339851657226708,0.8509743014648582,1.2865381876627604,3.678760274251302,0.4276058514912923,0.0
30,5,42,240,0.5,230000,0,0.7500436782836915,0.4089731852213542,97.58765411376953,3.2529218037923178,26.54432486549318,0.8848108288497727,0.9017999645919602,1.3240683237711588,3.678760274251302,0.4276058514912923,0.0
30,5,42,240,0.5,235000,0,0.7497576395670573,0.40394843419392906,97.58765411376953,3.2529218037923178,26.496985553145763,0.8832328517715254,0.900221987513713,1.3163228352864584,3.678760274251302,0.4276058514912923,0.0
30,5,42,240,0.5,240000,0,0.7600658416748047,0.40875352223714195,97.58765411376953,3.2529218037923178,28.20298956917975,0.9400996523059917,0.9570887880481791,1.3793809254964193,3.678760274251302,0.4276058514912923,0.0
30,5,42,240,0.5,245000,0,0.7654516220092773,0.4020416259765625,97.58765411376953,3.2529218037923178,29.094334420982932,0.9698111473660977,0.9868002831082853,1.410195032755534,3.678760274251302,0.4276058514912923,0.0
30,5,42,240,0.5,250000,0,0.7610485076904296,0.393839963277181,97.58765411376953,3.2529218037923178,28.365620467522007,0.9455206822507336,0.962509817992921,1.3728785196940103,3.678760274251302,0.4276058514912923,0.0
30,5,42,240,0.5,255000,0,0.7669087092081706,0.3910930633544922,97.58765411376953,3.2529218037923178,29.335481867166138,0.9778493955722046,0.994838531314392,1.4241912841796875,3.678760274251302,0.4276058514912923,0.0
30,5,42,240,0.5,260000,0,0.7693650563557942,0.40091031392415366,97.58765411376953,3.2529218037923178,29.742006502094483,0.9914002167364828,1.0083893524786702,1.4162588755289713,3.678760274251302,0.4276058514912923,0.0
30,5,42,240,0.5,265000,0,0.7770291010538737,0.3863376617431641,97.58765411376953,3.2529218037923178,31.01040334737567,1.0336801115791892,1.0506692473213766,1.4629872639973958,3.678760274251302,0.4276058514912923,0.0
30,5,42,240,0.5,270000,0,0.7811052958170573,0.39098262786865234,97.58765411376953,3.2529218037923178,31.68501222324369,1.056167074108123,1.0731562098503105,1.470818328857422,3.678760274251302,0.4276058514912923,0.0
30,5,42,240,0.5,275000,0,0.7830560684204102,0.3887131690979004,97.58765411376953,3.2529218037923178,32.00786443945975,1.0669288146486584,1.0839179503908458,1.481880823771159,3.678760274251302,0.4276058514912923,0.0
30,5,42,240,0.5,280000,0,0.793450927734375,0.38274364471435546,97.58765411376953,3.2529218037923178,33.72821019426448,1.1242736731421492,1.1412628088843368,1.5494253794352213,3.678760274251302,0.4276058514912923,0.0
30,5,42,240,0.5,285000,0,0.7980393727620443,0.37484633127848305,97.58765411376953,3.2529218037923178,34.48759631831726,1.1495865439439086,1.1665756796860962,1.5748297373453777,3.678760274251302,0.4276058514912923,0.0
30,5,42,240,0.5,290000,0,0.8008318583170573,0.3690926551818848,97.58765411376953,3.2529218037923178,34.94975174772901,1.1649917249243003,1.1819808606664879,1.5796693166097004,3.678760274251302,0.4276058514912923,0.0
30,5,42,240,0.5,295000,0,0.7990486780802409,0.38405348459879557,97.58765411376953,3.2529218037923178,34.654636012363795,1.1551545337454598,1.1721436694876473,1.5730888366699218,3.678760274251302,0.4276058514912923,0.0
30,5,42,240,0.5,300000,1,0.8047315597534179,0.36425625483194984,97.58765411376953,3.2529218037923178,35.595151036782994,1.1865050345594332,1.2034941703016206,1.6083553314208985,3.678760274251302,0.4276058514912923,0.0
40,5,42,320,0.5,1,0,1.0128890037536622,1.0032569885253906,127.1410903930664,3.17852725982666,96.36930002399222,2.4092325005998054,2.4259774957169933,2.62670955657959,3.534256362915039,0.35871171951293945,0.0
40,5,42,320,0.5,5000,0,0.6212570667266846,0.60305814743042,127.1410903930664,3.17852725982666,9.949359813073329,0.2487339953268332,0.26547899044402073,0.5484744548797608,3.534256362915039,0.35871171951293945,0.0
40,5,42,320,0.5,10000,0,0.5982306480407715,0.572244930267334,127.1410903930664,3.17852725982666,4.868206980608818,0.12170517451522045,0.13845016963240794,0.4795526027679443,3.534256362915039,0.35871171951293945,0.0
40,5,42,320,0.5,15000,0,0.5929047107696533,0.5705339908599854,127.1410903930664,3.17852725982666,3.692952520946534,0.09232381302366335,0.10906880814085085,0.47695002555847166,3.534256362915039,0.35871171951293945,0.0
40,5,42,320,0.5,20000,0,0.5922163963317871,0.5596159934997559,127.1410903930664,3.17852725982666,3.5410647739505237,0.08852661934876309,0.1052716144659506,0.48475065231323244,3.534256362915039,0.35871171951293945,0.0
40,5,42,320,0.5,25000,0,0.5924836158752441,0.5530769348144531,127.1410903930664,3.17852725982666,3.600031101222129,0.09000077753055322,0.10674577264774072,0.4988522529602051,3.534256362915039,0.35871171951293945,0.0
40,5,42,320,0.5,30000,0,0.5942848205566407,0.5458232879638671,127.1410903930664,3.17852725982666,3.9974961344765063,0.09993740336191266,0.11668239847910016,0.5079695701599121,3.534256362915039,0.35871171951293945,0.0
40,5,42,320,0.5,35000,0,0.5951425552368164,0.5387866973876954,127.1410903930664,3.17852725982666,4.186769206382593,0.10466923015956482,0.12141422527675232,0.5208832263946533,3.534256362915039,0.35871171951293945,0.0
40,5,42,320,0.5,40000,0,0.597600793838501,0.5374309062957764,127.1410903930664,3.17852725982666,4.729219432976663,0.11823048582441657,0.13497548094160408,0.536731481552124,3.534256362915039,0.35871171951293945,0.0
40,5,42,320,0.5,45000,0,0.6012011051177979,0.5361724376678467,127.1410903930664,3.17852725982666,5.52368652332558,0.13809216308313949,0.154837158200327,0.5593120098114014,3.534256362915039,0.35871171951293945,0.0
40,5,42,320,0.5,50000,0,0.6037830352783203,0.5334518909454345,127.1410903930664,3.17852725982666,6.093431298981471,0.15233578247453677,0.1690807775917243,0.5733777046203613,3.534256362915039,0.35871171951293945,0.0
40,5,42,320,0.5,55000,0,0.607078742980957,0.5264791488647461,127.1410903930664,3.17852725982666,6.8206826686646025,0.17051706671661507,0.18726206183380256,0.5916108131408692,3.534256362915039,0.35871171951293945,0.0
40,5,42,320,0.5,60000,0,0.6106040954589844,0.5189575672149658,127.1410903930664,3.17852725982666,7.598608883483365,0.18996522208708413,0.20671021720427163,0.6116578102111816,3.534256362915039,0.35871171951293945,0.0
40,5,42,320,0.5,65000,0,0.6128304481506348,0.5069856643676758,127.1410903930664,3.17852725982666,8.089889722225564,0.2022472430556391,0.2189922381728266,0.6207159042358399,3.534256362915039,0.35871171951293945,0.0
40,5,42,320,0.5,70000,0,0.6180094718933106,0.5067296028137207,127.1410903930664,3.17852725982666,9.232725328511009,0.23081813321277522,0.24756312832996272,0.6492354393005371,3.534256362915039,0.35871171951293945,0.0
40,5,42,320,0.5,75000,0,0.6222075462341309,0.5037993907928466,127.1410903930664,3.17852725982666,10.159098535683057,0.25397746339207644,0.2707224585092639,0.6695271492004394,3.534256362915039,0.35871171951293945,0.0
40,5,42,320,0.5,80000,0,0.6258636951446533,0.4833230972290039,127.1410903930664,3.17852725982666,10.965887105195975,0.2741471776298994,0.2908921727470869,0.6854262828826905,3.534256362915039,0.35871171951293945,0.0
40,5,42,320,0.5,85000,0,0.6295393943786621,0.4770993709564209,127.1410903930664,3.17852725982666,11.776989770744109,0.2944247442686027,0.31116973938579023,0.7063563346862793,3.534256362915039,0.35871171951293945,0.0
40,5,42,320,0.5,90000,0,0.6347712993621826,0.46941514015197755,127.1410903930664,3.17852725982666,12.931494480695562,0.32328736201738906,0.3400323571345766,0.7390205383300781,3.534256362915039,0.35871171951293945,0.0
40,5,42,320,0.5,95000,0,0.6412003993988037,0.4791785717010498,127.1410903930664,3.17852725982666,14.350179700784082,0.35875449251960206,0.37549948763678953,0.7732199668884278,3.534256362915039,0.35871171951293945,0.0
40,5,42,320,0.5,100000,0,0.6449522018432617,0.4704277038574219,127.1410903930664,3.17852725982666,15.178075774313186,0.37945189435782967,0.39619688947501713,0.7842183589935303,3.534256362915039,0.35871171951293945,0.0
40,5,42,320,0.5,105000,0,0.6503819465637207,0.45114521980285643,127.1410903930664,3.17852725982666,16.376237031703937,0.40940592579259844,0.4261509209097859,0.8168449401855469,3.534256362915039,0.35871171951293945,0.0
40,5,42,320,0.5,110000,0,0.6545287609100342,0.4470347881317139,127.1410903930664,3.17852725982666,17.29129888951536,0.432282472237884,0.4490274673550715,0.8403506278991699,3.534256362915039,0.35871171951293945,0.0
40,5,42,320,0.5,115000,0,0.6621554851531982,0.4568469524383545,127.1410903930664,3.17852725982666,18.974259319410038,0.47435648298525096,0.4911014781024384,0.866661548614502,3.534256362915039,0.35871171951293945,0.0
40,5,42,320,0.5,120000,0,0.6659822463989258,0.4446608066558838,127.1410903930664,3.17852725982666,19.818696268469296,0.4954674067117324,0.5122124018289199,0.9028443336486817,3.534256362915039,0.35871171951293945,0.0
40,5,42,320,0.5,125000,0,0.6708363056182861,0.44092540740966796,127.1410903930664,3.17852725982666,20.88982318090109,0.5222455795225273,0.5389905746397148,0.9068556785583496,3.534256362915039,0.35871171951293945,0.0
40,5,42,320,0.5,130000,0,0.6763785362243653,0.42461791038513186,127.1410903930664,3.17852725982666,22.11280627377252,0.552820156844313,0.5695651519615005,0.9521276473999023,3.534256362915039,0.35871171951293945,0.0
40,5,42,320,0.5,135000,0,0.6828845977783203,0.41755971908569334,127.1410903930664,3.17852725982666,23.548474301180164,0.5887118575295041,0.6054568526466916,0.9728123664855957,3.534256362915039,0.35871171951293945,0.0
40,5,42,320,0.5,140000,0,0.6889593124389648,0.4137227535247803,127.1410903930664,3.17852725982666,24.888958638991284,0.6222239659747821,0.6389689610919695,1.0113526344299317,3.534256362915039,0.35871171951293945,0.0
40,5,42,320,0.5,145000,0,0.6910747528076172,0.4135007381439209,127.1410903930664,3.17852725982666,25.35576487437271,0.6338941218593177,0.6506391169765052,1.0247529029846192,3.534256362915039,0.35871171951293945,0.0
40,5,42,320,0.5,150000,0,0.6978302478790284,0.4075810432434082,127.1410903930664,3.17852725982666,26.846474453878443,0.6711618613469611,0.6879068564641486,1.063117504119873,3.534256362915039,0.35871171951293945,0.0
40,5,42,320,0.5,155000,0,0.7066708564758301,0.3994282722473145,127.1410903930664,3.17852725982666,28.797298158818307,0.7199324539704577,0.7366774490876452,1.0997386932373048,3.534256362915039,0.35871171951293945,0.0
40,5,42,320,0.5,160000,0,0.7132560729980468,0.400531530380249,127.1410903930664,3.17852725982666,30.250433014075867,0.7562608253518966,0.7730058204690842,1.1412211418151856,3.534256362915039,0.35871171951293945,0.0
40,5,42,320,0.5,165000,0,0.7185282707214355,0.3931563854217529,127.1410903930664,3.17852725982666,31.413828970734016,0.7853457242683504,0.8020907193855379,1.158925724029541,3.534256362915039,0.35871171951293945,0.0
40,5,42,320,0.5,170000,0,0.7277628898620605,0.39061341285705564,127.1410903930664,3.17852725982666,33.4515974940617,0.8362899373515426,0.8530349324687301,1.2284489631652833,3.534256362915039,0.35871171951293945,0.0
40,5,42,320,0.5,175000,0,0.727923583984375,0.38147788047790526,127.1410903930664,3.17852725982666,33.48705725903409,0.8371764314758522,0.8539214265930397,1.2181952476501465,3.534256362915039,0.35871171951293945,0.0
40,5,42,320,0.5,180000,0,0.7420490741729736,0.37993011474609373,127.1410903930664,3.17852725982666,36.60407582196228,0.9151018955490571,0.9318468906662446,1.2905258178710937,3.534256362915039,0.35871171951293945,0.0
40,5,42,320,0.5,185000,0,0.7448959827423096,0.3766383409500122,127.1410903930664,3.17852725982666,37.23229238217357,0.9308073095543392,0.9475523046715267,1.2996254920959474,3.534256362915039,0.35871171951293945,0.0
40,5,42,320,0.5,190000,0,0.7477034568786621,0.3757606029510498,127.1410903930664,3.17852725982666,37.85180709501623,0.9462951773754057,0.9630401724925932,1.3236732482910156,3.534256362915039,0.35871171951293945,0.0
40,5,42,320,0.5,195000,0,0.7574607849121093,0.3607086420059204,127.1410903930664,3.17852725982666,40.00491981526599,1.0001229953816497,1.0168679904988374,1.3595623970031738,3.534256362915039,0.35871171951293945,0.0
40,5,42,320,0.5,200000,0,0.7626736640930176,0.36344478130340574,127.1410903930664,3.17852725982666,41.15522617322216,1.028880654330554,1.0456256494477416,1.401010799407959,3.534256362915039,0.35871171951293945,0.0
40,5,42,320,0.5,205000,0,0.7730014801025391,0.35847561359405516,127.1410903930664,3.17852725982666,43.43422632021665,1.0858556580054164,1.1026006531226038,1.4422113418579101,3.534256362915039,0.35871171951293945,0.0
40,5,42,320,0.5,210000,0,0.7700103759765625,0.3596846342086792,127.1410903930664,3.17852725982666,42.77419067119931,1.0693547667799828,1.0860997618971702,1.4304604530334473,3.534256362915039,0.35871171951293945,0.0
40,5,42,320,0.5,215000,0,0.7859241485595703,0.3463758945465088,127.1410903930664,3.17852725982666,46.28582275512446,1.1571455688781114,1.173890563995299,1.5061284065246583,3.534256362915039,0.35871171951293945,0.0
40,5,42,320,0.5,220000,0,0.7848988533020019,0.34486985206604004,127.1410903930664,3.17852725982666,46.05957472354095,1.1514893680885236,1.1682343632057113,1.501711940765381,3.534256362915039,0.35871171951293945,0.0
40,5,42,320,0.5,225000,0,0.7895871162414551,0.34157257080078124,127.1410903930664,3.17852725982666,47.09411599715699,1.1773528999289247,1.1940978950461123,1.528801441192627,3.534256362915039,0.35871171951293945,0.0
40,5,42,320,0.5,230000,0,0.794642162322998,0.3475279092788696,127.1410903930664,3.17852725982666,48.20959392126787,1.2052398480316966,1.2219848431488842,1.552581787109375,3.534256362915039,0.35871171951293945,0.0
40,5,42,320,0.5,235000,0,0.8026724815368652,0.3304507493972778,127.1410903930664,3.17852725982666,49.98161412882615,1.2495403532206537,1.2662853483378413,1.6004522323608399,3.534256362915039,0.35871171951293945,0.0
40,5,42,320,0.5,240000,0,0.8106428146362304,0.33326144218444825,127.1410903930664,3.17852725982666,51.74039742708612,1.293509935677153,1.3102549307943405,1.6441509246826171,3.534256362915039,0.35871171951293945,0.0
40,5,42,320,0.5,245000,0,0.8196895599365235,0.3282883882522583,127.1410903930664,3.17852725982666,53.73670853973391,1.3434177134933478,1.3601627086105352,1.683385467529297,3.534256362915039,0.35871171951293945,0.0
40,5,42,320,0.5,250000,0,0.818545150756836,0.3158458948135376,127.1410903930664,3.17852725982666,53.48417608889193,1.3371044022222982,1.3538493973394856,1.6795246124267578,3.534256362915039,0.35871171951293945,0.0
40,5,42,320,0.5,255000,0,0.8261465072631836,0.3311384916305542,127.1410903930664,3.17852725982666,55.161538716126245,1.3790384679031562,1.3957834630203436,1.733916664123535,3.534256362915039,0.35871171951293945,0.0
40,5,42,320,0.5,260000,0,0.8334100723266602,0.3195556879043579,127.1410903930664,3.17852725982666,56.764362181620385,1.4191090545405096,1.435854049657697,1.7480039596557617,3.534256362915039,0.35871171951293945,0.0
40,5,42,320,0.5,265000,0,0.8435444831848145,0.3143336772918701,127.1410903930664,3.17852725982666,59.00068434442258,1.4750171086105646,1.491762103727752,1.8006006240844727,3.534256362915039,0.35871171951293945,0.0
40,5,42,320,0.5,270000,0,0.8412195205688476,0.30956885814666746,127.1410903930664,3.17852725982666,58.487643626166175,1.4621910906541544,1.4789360857713418,1.8056270599365234,3.534256362915039,0.35871171951293945,0.0
40,5,42,320,0.5,275000,0,0.8424519538879395,0.3110197067260742,127.1410903930664,3.17852725982666,58.75960003135211,1.4689900007838026,1.4857349959009902,1.7949468612670898,3.534256362915039,0.35871171951293945,0.0
40,5,42,320,0.5,280000,0,0.8459261894226074,0.3060350179672241,127.1410903930664,3.17852725982666,59.52624646336659,1.4881561615841647,1.5049011567013522,1.8216684341430665,3.534256362915039,0.35871171951293945,0.0
40,5,42,320,0.5,285000,0,0.856730842590332,0.3048971176147461,127.1410903930664,3.17852725982666,61.91046846487856,1.547761711621964,1.5645067067391516,1.8665483474731446,3.534256362915039,0.35871171951293945,0.0
40,5,42,320,0.5,290000,0,0.8503867149353027,0.3023254156112671,127.1410903930664,3.17852725982666,60.510533779265074,1.5127633444816269,1.5295083395988143,1.8367649078369142,3.534256362915039,0.35871171951293945,0.0
40,5,42,320,0.5,295000,0,0.8678509712219238,0.3122788190841675,127.1410903930664,3.17852725982666,64.36430524533932,1.609107631133483,1.6258526262506705,1.9274545669555665,3.534256362915039,0.35871171951293945,0.0
40,5,42,320,0.5,300000,1,0.8620738983154297,0.2997643709182739,127.1410903930664,3.17852725982666,63.08950038911803,1.5772375097279507,1.5939825048451381,1.9023456573486328,3.534256362915039,0.35871171951293945,0.0
50,5,42,400,0.5,1,0,1.0113723754882813,1.0147612762451172,156.6236114501953,3.1324722290039064,122.34604078302999,2.4469208156606,2.464144326402787,2.6133163452148436,3.4012493896484375,0.2749810791015625,0.0
50,5,42,400,0.5,5000,0,0.613310432434082,0.594053955078125,156.6236114501953,3.1324722290039064,12.547509092366283,0.25095018184732565,0.2681736925895132,0.4724768829345703,3.4012493896484375,0.2749810791015625,0.0
50,5,42,400,0.5,10000,0,0.5884187698364258,0.5683145904541016,156.6236114501953,3.1324722290039064,5.681572641390545,0.1136314528278109,0.1308549635699984,0.38866119384765624,3.4012493896484375,0.2749810791015625,0.0
50,5,42,400,0.5,15000,0,0.5840564727783203,0.5600263977050781,156.6236114501953,3.1324722290039064,4.478308124055673,0.08956616248111345,0.10678967322330095,0.3870802688598633,3.4012493896484375,0.2749810791015625,0.0
50,5,42,400,0.5,20000,0,0.5824076843261718,0.5462202835083008,156.6236114501953,3.1324722290039064,4.023518224460133,0.08047036448920267,0.09769387523139017,0.3888248443603516,3.4012493896484375,0.2749810791015625,0.0
50,5,42,400,0.5,25000,0,0.5829481887817383,0.5381450271606445,156.6236114501953,3.1324722290039064,4.172607070125991,0.08345214140251983,0.10067565214470733,0.3991943359375,3.4012493896484375,0.2749810791015625,0.0
50,5,42,400,0.5,30000,0,0.5851983261108399,0.5357559204101563,156.6236114501953,3.1324722290039064,4.79326870118291,0.0958653740236582,0.1130888847658457,0.4180975341796875,3.4012493896484375,0.2749810791015625,0.0
50,5,42,400,0.5,35000,0,0.58779052734375,0.5316956329345703,156.6236114501953,3.1324722290039064,5.508282769185655,0.1101656553837131,0.1273891661259006,0.4299428939819336,3.4012493896484375,0.2749810791015625,0.0
50,5,42,400,0.5,40000,0,0.5906890487670898,0.5213859176635742,156.6236114501953,3.1324722290039064,6.307789986365947,0.12615579972731894,0.14337931046950644,0.45034645080566404,3.4012493896484375,0.2749810791015625,0.0
50,5,42,400,0.5,45000,0,0.5937694931030273,0.5162797546386719,156.6236114501953,3.1324722290039064,7.15747750596563,0.1431495501193126,0.1603730608615001,0.4690948486328125,3.4012493896484375,0.2749810791015625,0.0
50,5,42,400,0.5,50000,0,0.5992631149291993,0.5031330490112305,156.6236114501953,3.1324722290039064,8.672798477243077,0.17345596954486153,0.19067948028704904,0.5034116744995117,3.4012493896484375,0.2749810791015625,0.0
50,5,42,400,0.5,55000,0,0.6046596145629883,0.5010775375366211,156.6236114501953,3.1324722290039064,10.161329964360306,0.2032265992872061,0.2204501100293936,0.5310239791870117,3.4012493896484375,0.2749810791015625,0.0
50,5,42,400,0.5,60000,0,0.6092495727539062,0.4862959289550781,156.6236114501953,3.1324722290039064,11.42739088447118,0.2285478176894236,0.2457713284316111,0.5595581817626953,3.4012493896484375,0.2749810791015625,0.0
50,5,42,400,0.5,65000,0,0.6159910202026367,0.46927963256835936,156.6236114501953,3.1324722290039064,13.286903064060738,0.26573806128121474,0.2829615720234023,0.5963821792602539,3.4012493896484375,0.2749810791015625,0.0
50,5,42,400,0.5,70000,0,0.6241279983520508,0.47283336639404294,156.6236114501953,3.1324722290039064,15.531348354031678,0.3106269670806336,0.32785047782282106,0.6372676467895508,3.4012493896484375,0.2749810791015625,0.0
50,5,42,400,0.5,75000,0,0.6304107666015625,0.4618759918212891,156.6236114501953,3.1324722290039064,17.264341775749443,0.34528683551498884,0.3625103462571764,0.6759596252441407,3.4012493896484375,0.2749810791015625,0.0
50,5,42,400,0.5,80000,0,0.6353946685791015,0.44643157958984375,156.6236114501953,3.1324722290039064,18.63906530502055,0.37278130610041105,0.3900048168425985,0.6975210571289062,3.4012493896484375,0.2749810791015625,0.0
50,5,42,400,0.5,85000,0,0.6440719604492188,0.4439766311645508,156.6236114501953,3.1324722290039064,21.03254682973005,0.420650936594601,0.43787444733678854,0.7416294097900391,3.4012493896484375,0.2749810791015625,0.0
50,5,42,400,0.5,90000,0,0.6530681610107422,0.4258405685424805,156.6236114501953,3.1324722290039064,23.513993824816225,0.4702798764963245,0.487503387238512,0.7942652130126953,3.4012493896484375,0.2749810791015625,0.0
50,5,42,400,0.5,95000,0,0.6595103454589843,0.42255191802978515,156.6236114501953,3.1324722290039064,25.290959459536822,0.5058191891907364,0.523042699932924,0.83041015625,3.4012493896484375,0.2749810791015625,0.0
50,5,42,400,0.5,100000,0,0.6670967102050781,0.4338118362426758,156.6236114501953,3.1324722290039064,27.3835275246972,0.547670550493944,0.5648940612361315,0.8640998840332031,3.4012493896484375,0.2749810791015625,0.0
50,5,42,400,0.5,105000,0,0.6759129333496093,0.4048407363891602,156.6236114501953,3.1324722290039064,29.815330848821986,0.5963066169764397,0.6135301277186272,0.9218896484375,3.4012493896484375,0.2749810791015625,0.0
50,5,42,400,0.5,110000,0,0.6791972351074219,0.4001819610595703,156.6236114501953,3.1324722290039064,30.72124892747584,0.6144249785495168,0.6316484892917044,0.9343595886230469,3.4012493896484375,0.2749810791015625,0.0
50,5,42,400,0.5,115000,0,0.6905867767333984,0.3924842834472656,156.6236114501953,3.1324722290039064,33.862857837804796,0.6772571567560959,0.6944806674982834,0.9967447662353516,3.4012493896484375,0.2749810791015625,0.0
50,5,42,400,0.5,120000,0,0.70211669921875,0.3812613677978516,156.6236114501953,3.1324722290039064,37.04318839059616,0.7408637678119231,0.7580872785541106,1.0523214721679688,3.4012493896484375,0.2749810791015625,0.0
50,5,42,400,0.5,125000,0,0.7073276519775391,0.38041374206542966,156.6236114501953,3.1324722290039064,38.480539967676094,0.7696107993535218,0.7868343100957094,1.0806916809082032,3.4012493896484375,0.2749810791015625,0.0
50,5,42,400,0.5,130000,0,0.7176001739501953,0.369586181640625,156.6236114501953,3.1324722290039064,41.31403824360689,0.8262807648721378,0.8435042756143253,1.137019271850586,3.4012493896484375,0.2749810791015625,0.0
50,5,42,400,0.5,135000,0,0.7262252807617188,0.3642092132568359,156.6236114501953,3.1324722290039064,43.69312541861842,0.8738625083723685,0.891086019114556,1.177635726928711,3.4012493896484375,0.2749810791015625,0.0
50,5,42,400,0.5,140000,0,0.7339633941650391,0.35337242126464846,156.6236114501953,3.1324722290039064,45.827550737505845,0.9165510147501169,0.9337745254923044,1.2260462951660156,3.4012493896484375,0.2749810791015625,0.0
50,5,42,400,0.5,145000,0,0.7454110717773438,0.35295345306396486,156.6236114501953,3.1324722290039064,48.98519545846327,0.9797039091692653,0.9969274199114528,1.2716028594970703,3.4012493896484375,0.2749810791015625,0.0
50,5,42,400,0.5,150000,0,0.7495580291748047,0.3476023483276367,156.6236114501953,3.1324722290039064,50.129062238922984,1.0025812447784597,1.019804755520647,1.296452178955078,3.4012493896484375,0.2749810791015625,0.0
50,5,42,400,0.5,155000,0,0.7606517791748046,0.33458354949951175,156.6236114501953,3.1324722290039064,53.189082123259055,1.0637816424651811,1.0810051532073686,1.35421630859375,3.4012493896484375,0.2749810791015625,0.0
50,5,42,400,0.5,160000,0,0.7656266021728516,0.33271541595458987,156.6236114501953,3.1324722290039064,54.56130137239265,1.091226027447853,1.1084495381900406,1.3835313415527344,3.4012493896484375,0.2749810791015625,0.0
50,5,42,400,0.5,165000,0,0.7709905242919922,0.32183094024658204,156.6236114501953,3.1324722290039064,56.04084691313409,1.1208169382626818,1.1380404490048692,1.4053024291992187,3.4012493896484375,0.2749810791015625,0.0
50,5,42,400,0.5,170000,0,0.7851602172851563,0.32647228240966797,156.6236114501953,3.1324722290039064,59.94931269918655,1.198986253983731,1.2162097647259185,1.481911163330078,3.4012493896484375,0.2749810791015625,0.0
50,5,42,400,0.5,175000,0,0.78671630859375,0.31943353652954104,156.6236114501953,3.1324722290039064,60.378533688134326,1.2075706737626866,1.224794184504874,1.4848393249511718,3.4012493896484375,0.2749810791015625,0.0
50,5,42,400,0.5,180000,0,0.8027131652832031,0.30598730087280274,156.6236114501953,3.1324722290039064,64.79099111295469,1.2958198222590938,1.3130433330012812,1.5722850036621094,3.4012493896484375,0.2749810791015625,0.0
50,5,42,400,0.5,185000,0,0.8086910247802734,0.3027344703674316,156.6236114501953,3.1324722290039064,66.43988070635658,1.3287976141271316,1.346021124869319,1.6070022583007812,3.4012493896484375,0.2749810791015625,0.0
50,5,42,400,0.5,190000,0,0.8174273681640625,0.3043628692626953,156.6236114501953,3.1324722290039064,68.84965057414541,1.3769930114829083,1.3942165222250957,1.6495970153808595,3.4012493896484375,0.2749810791015625,0.0
50,5,42,400,0.5,195000,0,0.8268544006347657,0.29813619613647463,156.6236114501953,3.1324722290039064,71.44993513172363,1.4289987026344726,1.4462222133766602,1.6943919372558593,3.4012493896484375,0.2749810791015625,0.0
50,5,42,400,0.5,200000,0,0.8323473358154296,0.2986183738708496,156.6236114501953,3.1324722290039064,72.9650667036629,1.459301334073258,1.4765248448154455,1.728984375,3.4012493896484375,0.2749810791015625,0.0
50,5,42,400,0.5,205000,0,0.8431544494628906,0.2845745086669922,156.6236114501953,3.1324722290039064,75.94602288651453,1.5189204577302906,1.536143968472478,1.786163330078125,3.4012493896484375,0.2749810791015625,0.0
50,5,42,400,0.5,210000,0,0.8498603820800781,0.291764030456543,156.6236114501953,3.1324722290039064,77.79573891144852,1.5559147782289704,1.573138288971158,1.8142634582519532,3.4012493896484375,0.2749810791015625,0.0
50,5,42,400,0.5,215000,0,0.8527571105957031,0.28977758407592774,156.6236114501953,3.1324722290039064,78.59475158591258,1.5718950317182516,1.589118542460439,1.8274736022949218,3.4012493896484375,0.2749810791015625,0.0
50,5,42,400,0.5,220000,0,0.8639722442626954,0.2748262596130371,156.6236114501953,3.1324722290039064,81.68825306435613,1.6337650612871226,1.65098857202931,1.8884912109375,3.4012493896484375,0.2749810791015625,0.0
50,5,42,400,0.5,225000,0,0.8676179504394531,0.276772518157959,156.6236114501953,3.1324722290039064,82.69385832797985,1.653877166559597,1.6711006773017845,1.9044271850585937,3.4012493896484375,0.2749810791015625,0.0
50,5,42,400,0.5,230000,0,0.8772489929199219,0.26751491546630857,156.6236114501953,3.1324722290039064,85.35041553335401,1.7070083106670801,1.7242318214092678,1.9603141784667968,3.4012493896484375,0.2749810791015625,0.0
50,5,42,400,0.5,235000,0,0.8678741455078125,0.2643556976318359,156.6236114501953,3.1324722290039064,82.76452532547381,1.6552905065094763,1.6725140172516637,1.9017965698242187,3.4012493896484375,0.2749810791015625,0.0
50,5,42,400,0.5,240000,0,0.8831140899658203,0.2716596031188965,156.6236114501953,3.1324722290039064,86.96820154656055,1.739364030931211,1.7565875416733985,1.9814768981933595,3.4012493896484375,0.2749810791015625,0.0
50,5,42,400,0.5,245000,0,0.8866078186035157,0.2625862503051758,156.6236114501953,3.1324722290039064,87.93188642334451,1.7586377284668901,1.7758612392090776,1.9802755737304687,3.4012493896484375,0.2749810791015625,0.0
50,5,42,400,0.5,250000,0,0.8920450592041016,0.25001174926757813,156.6236114501953,3.1324722290039064,89.43165560452422,1.7886331120904844,1.805856622832672,2.0109072875976564,3.4012493896484375,0.2749810791015625,0.0
50,5,42,400,0.5,255000,0,0.8834902954101562,0.26213836669921875,156.6236114501953,3.1324722290039064,87.07197133948571,1.7414394267897142,1.7586629375319018,1.972120819091797,3.4012493896484375,0.2749810791015625,0.0
50,5,42,400,0.5,260000,0,0.8947869110107421,0.24934200286865235,156.6236114501953,3.1324722290039064,90.18794820605419,1.8037589641210838,1.8209824748632712,2.0263026428222655,3.4012493896484375,0.2749810791015625,0.0
50,5,42,400,0.5,265000,0,0.8988961029052734,0.25247457504272464,156.6236114501953,3.1324722290039064,91.32139802291667,1.8264279604583333,1.8436514712005208,2.050941925048828,3.4012493896484375,0.2749810791015625,0.0
50,5,42,400,0.5,270000,0,0.90281005859375,0.2551116371154785,156.6236114501953,3.1324722290039064,92.40099529463708,1.8480199058927418,1.8652434166349292,2.0702333068847656,3.4012493896484375,0.2749810791015625,0.0
50,5,42,400,0.5,275000,0,0.8955580139160156,0.25430801391601565,156.6236114501953,3.1324722290039064,90.40064366277585,1.808012873255517,1.8252363839977044,2.037447814941406,3.4012493896484375,0.2749810791015625,0.0
50,5,42,400,0.5,280000,0,0.9071044921875,0.247630615234375,156.6236114501953,3.1324722290039064,93.58554084405327,1.8717108168810654,1.8889343276232529,2.0851971435546877,3.4012493896484375,0.2749810791015625,0.0
50,5,42,400,0.5,285000,0,0.9194427490234375,0.23790971755981447,156.6236114501953,3.1324722290039064,96.98883650656722,1.9397767301313444,1.957000240873532,2.1444891357421874,3.4012493896484375,0.2749810791015625,0.0
50,5,42,400,0.5,290000,0,0.9111543273925782,0.234820613861084,156.6236114501953,3.1324722290039064,94.70261814035285,1.8940523628070571,1.9112758735492446,2.094637451171875,3.4012493896484375,0.2749810791015625,0.0
50,5,42,400,0.5,295000,0,0.9124208068847657,0.2386152458190918,156.6236114501953,3.1324722290039064,95.05195469735094,1.9010390939470188,1.9182626046892062,2.093966827392578,3.4012493896484375,0.2749810791015625,0.0
50,5,42,400,0.5,300000,1,0.9050159454345703,0.23087862014770508,156.6236114501953,3.1324722290039064,93.00945119056999,1.8601890238113998,1.8774125345535873,2.064319915771484,3.4012493896484375,0.2749810791015625,0.0
5,5,42,40,0.5,1,0,1.0106748580932616,1.0032562255859374,24.252391815185547,4.8504783630371096,3.625333592038462,0.7250667184076924,0.7841811745844502,0.7385393619537354,4.8504791259765625,9.399517161791034e-15,0.0
5,5,42,40,0.5,5000,0,0.9223472595214843,0.8633024215698242,24.252391815185547,4.8504783630371096,1.1889689005203294,0.23779378010406588,0.2969082362808237,0.21677818298339843,4.8504791259765625,9.399517161791034e-15,0.00279999990016222
5,5,42,40,0.5,10000,0,0.9151983261108398,0.8455190658569336,24.252391815185547,4.8504783630371096,0.9917778840618148,0.19835557681236296,0.25747003298912075,0.17299672365188598,4.8504791259765625,9.399517161791034e-15,0.004000000189989805
5,5,42,40,0.5,15000,0,0.9117132186889648,0.9207027435302735,24.252391815185547,4.8504783630371096,0.895647197774629,0.1791294395549258,0.2382438957316836,0.15239479541778564,4.8504791259765625,9.399517161791034e-15,0.003800000064074993
5,5,42,40,0.5,20000,0,0.9101450920104981,0.9036495208740234,24.252391815185547,4.8504783630371096,0.8523931239288487,0.17047862478576975,0.22959308096252756,0.14308222532272338,4.8504791259765625,9.399517161791034e-15,0.004800000227987766
5,5,42,40,0.5,25000,0,0.9085737228393554,0.872721004486084,24.252391815185547,4.8504783630371096,0.809049611506726,0.16180992230134522,0.22092437847810303,0.13487298488616944,4.8504791259765625,9.399517161791034e-15,0.004800000227987766
5,5,42,40,0.5,30000,0,0.9079702377319336,0.8342891693115234,24.252391815185547,4.8504783630371096,0.7924035141220571,0.15848070282441143,0.21759515900116924,0.13023728132247925,4.8504791259765625,9.399517161791034e-15,0.003599999938160181
5,5,42,40,0.5,35000,0,0.9066855430603027,0.8882336616516113,24.252391815185547,4.8504783630371096,0.7569674240669286,0.15139348481338571,0.21050794099014353,0.12576429843902587,4.8504791259765625,9.399517161791034e-15,0.0031999999191612005
5,5,42,40,0.5,40000,0,0.9058462142944336,0.8513064384460449,24.252391815185547,4.8504783630371096,0.7338159855267143,0.14676319710534286,0.20587765328210067,0.12205014228820801,4.8504791259765625,9.399517161791034e-15,0.0026000000070780516
5,5,42,40,0.5,45000,0,0.9046403884887695,0.8655771255493164,24.252391815185547,4.8504783630371096,0.7005553573137355,0.1401110714627471,0.1992255276395049,0.1161993384361267,4.8504791259765625,9.399517161791034e-15,0.003000000026077032
5,5,42,40,0.5,50000,0,0.9037341117858887,0.9031466484069824,24.252391815185547,4.8504783630371096,0.6755572752267405,0.1351114550453481,0.19422591122210592,0.11160293817520142,4.8504791259765625,9.399517161791034e-15,0.0034000000450760126
5,5,42,40,0.5,55000,0,0.9032995223999023,0.8432505607604981,24.252391815185547,4.8504783630371096,0.6635698754508361,0.13271397509016722,0.19182843126692503,0.11094082593917846,4.8504791259765625,9.399517161791034e-15,0.004399999976158142
5,5,42,40,0.5,60000,0,0.902470874786377,0.8813841819763184,24.252391815185547,4.8504783630371096,0.6407130581032696,0.12814261162065393,0.18725706779741175,0.1065223217010498,4.8504791259765625,9.399517161791034e-15,0.002199999988079071
5,5,42,40,0.5,65000,0,0.9016856193542481,0.8736996650695801,24.252391815185547,4.8504783630371096,0.6190531393508429,0.12381062787016858,0.1829250840469264,0.10471625328063965,4.8504791259765625,9.399517161791034e-15,0.002400000113993883
5,5,42,40,0.5,70000,0,0.9011688232421875,0.8990880966186523,24.252391815185547,4.8504783630371096,0.6047982086100845,0.1209596417220169,0.1800740978987747,0.1026180624961853,4.8504791259765625,9.399517161791034e-15,0.004600000102072954
5,5,42,40,0.5,75000,0,0.9006278991699219,0.8647799491882324,24.252391815185547,4.8504783630371096,0.5898777496395056,0.11797554992790112,0.17709000610465891,0.10035778284072876,4.8504791259765625,9.399517161791034e-15,0.003599999938160181
5,5,42,40,0.5,80000,0,0.9003986358642578,0.8959232330322265,24.252391815185547,4.8504783630371096,0.5835539161830035,0.1167107832366007,0.1758252394133585,0.10062073469161988,4.8504791259765625,9.399517161791034e-15,0.005799999926239252
5,5,42,40,0.5,85000,0,0.8993539810180664,0.87464599609375,24.252391815185547,4.8504783630371096,0.5547389113233869,0.11094778226467739,0.1700622384414352,0.09680598974227905,4.8504791259765625,9.399517161791034e-15,0.003599999938160181
5,5,42,40,0.5,90000,0,0.8995100021362304,0.8361159324645996,24.252391815185547,4.8504783630371096,0.5590424851731512,0.11180849703463025,0.17092295321138806,0.097609144449234,4.8504791259765625,9.399517161791034e-15,0.004999999888241291
5,5,42,40,0.5,95000,0,0.8988788604736329,0.9028261184692383,24.252391815185547,4.8504783630371096,0.5416335293432333,0.10832670586864665,0.16744116204540446,0.09675100445747375,4.8504791259765625,9.399517161791034e-15,0.004600000102072954
5,5,42,40,0.5,100000,0,0.8983713150024414,0.924045181274414,24.252391815185547,4.8504783630371096,0.5276337615996773,0.10552675231993547,0.16464120849669328,0.09507930278778076,4.8504791259765625,9.399517161791034e-15,0.004800000227987766
5,5,42,40,0.5,105000,0,0.8992276191711426,0.8279680252075196,24.252391815185547,4.8504783630371096,0.5512534373924929,0.11025068747849857,0.1693651436552564,0.09884071350097656,4.8504791259765625,9.399517161791034e-15,0.004399999976158142
5,5,42,40,0.5,110000,0,0.898377513885498,0.8736461639404297,24.252391815185547,4.8504783630371096,0.5278047471132687,0.10556094942265375,0.16467540559941157,0.09584993720054627,4.8504791259765625,9.399517161791034e-15,0.004800000227987766
5,5,42,40,0.5,115000,0,0.8991313934326172,0.8696703910827637,24.252391815185547,4.8504783630371096,0.5485992161122901,0.10971984322245802,0.16883429939921585,0.09856372475624084,4.8504791259765625,9.399517161791034e-15,0.005400000140070915
5,5,42,40,0.5,120000,0,0.8983018875122071,0.8793854713439941,24.252391815185547,4.8504783630371096,0.5257187238474614,0.10514374476949229,0.1642582009462501,0.09726414084434509,4.8504791259765625,9.399517161791034e-15,0.005799999926239252
5,5,42,40,0.5,125000,0,0.8987590789794921,0.8658988952636719,24.252391815185547,4.8504783630371096,0.5383295631113825,0.1076659126222765,0.1667803687990343,0.0974646508693695,4.8504791259765625,9.399517161791034e-15,0.003800000064074993
5,5,42,40,0.5,130000,0,0.8977742195129395,0.8558432579040527,24.252391815185547,4.8504783630371096,0.5111639108213275,0.1022327821642655,0.16134723834102332,0.09568689465522766,4.8504791259765625,9.399517161791034e-15,0.002199999988079071
5,5,42,40,0.5,135000,0,0.8983076095581055,0.8728436470031739,24.252391815185547,4.8504783630371096,0.5258765566292354,0.10517531132584708,0.16428976750260488,0.09663906693458557,4.8504791259765625,9.399517161791034e-15,0.0026000000070780516
5,5,42,40,0.5,140000,0,0.8990143775939942,0.8800622940063476,24.252391815185547,4.8504783630371096,0.5453715357249678,0.10907430714499355,0.16818876332175137,0.09914969205856324,4.8504791259765625,9.399517161791034e-15,0.006000000052154064
5,5,42,40,0.5,145000,0,0.8981961250305176,0.8718510627746582,24.252391815185547,4.8504783630371096,0.5228014479309628,0.10456028958619257,0.16367474576295038,0.09672061204910279,4.8504791259765625,9.399517161791034e-15,0.004600000102072954
5,5,42,40,0.5,150000,0,0.8985472679138183,0.8850530624389649,24.252391815185547,4.8504783630371096,0.5324871196392991,0.10649742392785981,0.16561188010461764,0.0992937982082367,4.8504791259765625,9.399517161791034e-15,0.004600000102072954
5,5,42,40,0.5,155000,0,0.8975242614746094,0.8133935928344727,24.252391815185547,4.8504783630371096,0.5042692488040679,0.10085384976081357,0.1599683059375714,0.09383012652397156,4.8504791259765625,9.399517161791034e-15,0.0034000000450760126
5,5,42,40,0.5,160000,0,0.8983819961547852,0.8779086112976074,24.252391815185547,4.8504783630371096,0.5279283827923287,0.10558567655846574,0.16470013273522355,0.09784956574440003,4.8504791259765625,9.399517161791034e-15,0.004600000102072954
5,5,42,40,0.5,165000,0,0.8983235359191895,0.8370361328125,24.252391815185547,4.8504783630371096,0.5263158578718468,0.10526317157436935,0.16437762775112716,0.09713414311408997,4.8504791259765625,9.399517161791034e-15,0.00419999985024333
5,5,42,40,0.5,170000,0,0.899233055114746,0.8472984313964844,24.252391815185547,4.8504783630371096,0.5514033785351806,0.11028067570703612,0.16939513188379393,0.10175316333770752,4.8504791259765625,9.399517161791034e-15,0.004399999976158142
5,5,42,40,0.5,175000,0,0.8986016273498535,0.8678353309631348,24.252391815185547,4.8504783630371096,0.5339865310661729,0.10679730621323458,0.1659117623899924,0.10264072418212891,4.8504791259765625,9.399517161791034e-15,0.003599999938160181
5,5,42,40,0.5,180000,0,0.9001751899719238,0.8389020919799804,24.252391815185547,4.8504783630371096,0.5773905460546409,0.11547810921092819,0.174592565387686,0.10746103525161743,4.8504791259765625,9.399517161791034e-15,0.005799999926239252
5,5,42,40,0.5,185000,0,0.8994696617126465,0.860590648651123,24.252391815185547,4.8504783630371096,0.5579297640616296,0.11158595281232593,0.17070040898908373,0.10370472669601441,4.8504791259765625,9.399517161791034e-15,0.002400000113993883
5,5,42,40,0.5,190000,0,0.8994851112365723,0.8633264541625977,24.252391815185547,4.8504783630371096,0.5583559125724236,0.11167118251448471,0.17078563869124253,0.10197477340698242,4.8504791259765625,9.399517161791034e-15,0.004999999888241291
5,5,42,40,0.5,195000,0,0.899229907989502,0.8328262329101562,24.252391815185547,4.8504783630371096,0.5513165705052039,0.11026331410104077,0.1693777702777986,0.1036080002784729,4.8504791259765625,9.399517161791034e-15,0.004399999976158142
5,5,42,40,0.5,200000,0,0.8999712944030762,0.8092884063720703,24.252391815185547,4.8504783630371096,0.5717664379306804,0.11435328758613608,0.1734677437628939,0.10746902227401733,4.8504791259765625,9.399517161791034e-15,0.00419999985024333
5,5,42,40,0.5,205000,0,0.8996410369873047,0.8581219673156738,24.252391815185547,4.8504783630371096,0.5626568558758294,0.11253137117516587,0.17164582735192369,0.10437830686569213,4.8504791259765625,9.399517161791034e-15,0.00279999990016222
5,5,42,40,0.5,210000,0,0.9007246017456054,0.8420855522155761,24.252391815185547,4.8504783630371096,0.5925451236515222,0.11850902473030445,0.17762348090706226,0.11136088371276856,4.8504791259765625,9.399517161791034e-15,0.004600000102072954
5,5,42,40,0.5,215000,0,0.9002866744995117,0.8637726783752442,24.252391815185547,4.8504783630371096,0.5804656547529135,0.11609313095058268,0.1752075871273405,0.11238974332809448,4.8504791259765625,9.399517161791034e-15,0.004800000227987766
5,5,42,40,0.5,220000,0,0.9014554977416992,0.8529779434204101,24.252391815185547,4.8504783630371096,0.6127056309770751,0.12254112619541502,0.18165558237217283,0.11597892045974731,4.8504791259765625,9.399517161791034e-15,0.004999999888241291
5,5,42,40,0.5,225000,0,0.9013807296752929,0.8717352867126464,24.252391815185547,4.8504783630371096,0.6106432826285335,0.1221286565257067,0.18124311270246451,0.1164660930633545,4.8504791259765625,9.399517161791034e-15,0.004000000189989805
5,5,42,40,0.5,230000,0,0.9010906219482422,0.861961555480957,24.252391815185547,4.8504783630371096,0.6026411605924764,0.12052823211849528,0.1796426882952531,0.11357085704803467,4.8504791259765625,9.399517161791034e-15,0.00559999980032444
5,5,42,40,0.5,235000,0,0.9017862319946289,0.8702538490295411,24.252391815185547,4.8504783630371096,0.6218283657637436,0.12436567315274871,0.18348012932950652,0.11897374391555786,4.8504791259765625,9.399517161791034e-15,0.00419999985024333
5,5,42,40,0.5,240000,0,0.9026961326599121,0.7990363597869873,24.252391815185547,4.8504783630371096,0.6469264086125293,0.12938528172250585,0.18849973789926366,0.12235625982284545,4.8504791259765625,9.399517161791034e-15,0.00419999985024333
5,5,42,40,0.5,245000,0,0.9018435478210449,0.827238941192627,24.252391815185547,4.8504783630371096,0.62340932412787,0.124681864825574,0.18379632100233181,0.11902403831481934,4.8504791259765625,9.399517161791034e-15,0.005200000014156103
5,5,42,40,0.5,250000,0,0.9036215782165528,0.791303300857544,24.252391815185547,4.8504783630371096,0.6724532305184745,0.1344906461036949,0.19360510228045272,0.12675198316574096,4.8504791259765625,9.399517161791034e-15,0.004999999888241291
5,5,42,40,0.5,255000,0,0.9032806396484375,0.8570345878601074,24.252391815185547,4.8504783630371096,0.6630490272709721,0.13260980545419443,0.19172426163095224,0.12448573112487793,4.8504791259765625,9.399517161791034e-15,0.004600000102072954
5,5,42,40,0.5,260000,0,0.9041160583496094,0.8354195594787598,24.252391815185547,4.8504783630371096,0.686092613410306,0.1372185226820612,0.196332978858819,0.12928935289382934,4.8504791259765625,9.399517161791034e-15,0.004800000227987766
5,5,42,40,0.5,265000,0,0.9035991668701172,0.8388910293579102,24.252391815185547,4.8504783630371096,0.6718350521231855,0.1343670104246371,0.19348146660139492,0.13083605766296386,4.8504791259765625,9.399517161791034e-15,0.004800000227987766
5,5,42,40,0.5,270000,0,0.9044337272644043,0.8287531852722168,24.252391815185547,4.8504783630371096,0.6948549633452501,0.13897099266905003,0.19808544884580784,0.1330841064453125,4.8504791259765625,9.399517161791034e-15,0.004000000189989805
5,5,42,40,0.5,275000,0,0.9050201416015625,0.8780656814575195,24.252391815185547,4.8504783630371096,0.7110301929309522,0.14220603858619044,0.20132049476294825,0.1333780527114868,4.8504791259765625,9.399517161791034e-15,0.004999999888241291
5,5,42,40,0.5,280000,0,0.9044745445251465,0.8370875358581543,24.252391815185547,4.8504783630371096,0.6959808371885856,0.13919616743771712,0.19831062361447493,0.13365498781204224,4.8504791259765625,9.399517161791034e-15,0.003800000064074993
5,5,42,40,0.5,285000,0,0.9048257827758789,0.848695182800293,24.252391815185547,4.8504783630371096,0.7056691394432839,0.14113382788865678,0.2002482840654146,0.13611211776733398,4.8504791259765625,9.399517161791034e-15,0.004800000227987766
5,5,42,40,0.5,290000,0,0.9077030181884765,0.7893062114715577,24.252391815185547,4.8504783630371096,0.7850327232131065,0.1570065446426213,0.2161210008193791,0.14902853965759277,4.8504791259765625,9.399517161791034e-15,0.003000000026077032
5,5,42,40,0.5,295000,0,0.9076472282409668,0.8113402366638184,24.252391815185547,4.8504783630371096,0.7834938535907909,0.1566987707181582,0.215813226894916,0.1487646222114563,4.8504791259765625,9.399517161791034e-15,0.005799999926239252
5,5,42,40,0.5,300000,1,0.9055912017822265,0.8314854621887207,24.252391815185547,4.8504783630371096,0.7267819045522224,0.14535638091044448,0.2044708370872023,0.14153362512588502,4.8504791259765625,9.399517161791034e-15,0.006200000178068876
8,5,42,64,0.5,1,0,1.0103408098220825,0.9655689001083374,33.34353256225586,4.167941570281982,11.246085455266105,1.405760681908263,1.4794963958670033,1.751090168952942,4.732622146606445,0.568010151386261,0.0
8,5,42,64,0.5,5000,0,0.8089513778686523,0.7539834976196289,33.34353256225586,4.167941570281982,2.358116409305758,0.29476455116321976,0.36850026512196,0.678087055683136,4.732622146606445,0.568010151386261,0.00019999999494757503
8,5,42,64,0.5,10000,0,0.7890488505363464,0.755041241645813,33.34353256225586,4.167941570281982,1.479753303803676,0.1849691629754595,0.25870487693419975,0.679345428943634,4.732622146606445,0.568010151386261,0.00019999999494757503
8,5,42,64,0.5,15000,0,0.7838027477264404,0.7445729374885559,33.34353256225586,4.167941570281982,1.248225765669737,0.15602822070871714,0.22976393466745737,0.6872574687004089,4.732622146606445,0.568010151386261,0.00019999999494757503
8,5,42,64,0.5,20000,0,0.7819318771362305,0.7373523712158203,33.34353256225586,4.167941570281982,1.165658176429858,0.14570727205373224,0.21944298601247247,0.6924306154251099,4.732622146606445,0.568010151386261,0.0006000000284984708
8,5,42,64,0.5,25000,0,0.7809318900108337,0.7480735182762146,33.34353256225586,4.167941570281982,1.1215255000988549,0.14019068751235686,0.2139264014710971,0.7063585519790649,4.732622146606445,0.568010151386261,0.00019999999494757503
8,5,42,64,0.5,30000,0,0.7786769866943359,0.7406208515167236,33.34353256225586,4.167941570281982,1.0220093006425657,0.1277511625803207,0.20148687653906094,0.7061307430267334,4.732622146606445,0.568010151386261,0.00039999998989515007
8,5,42,64,0.5,35000,0,0.7776954174041748,0.7406185269355774,33.34353256225586,4.167941570281982,0.9786894631377123,0.12233618289221404,0.19607189685095427,0.7092533111572266,4.732622146606445,0.568010151386261,0.00039999998989515007
8,5,42,64,0.5,40000,0,0.7765929698944092,0.7247345447540283,33.34353256225586,4.167941570281982,0.9300348776088256,0.1162543597011032,0.18999007365984344,0.7031509876251221,4.732622146606445,0.568010151386261,0.0
8,5,42,64,0.5,45000,0,0.7768571972846985,0.7413578033447266,33.34353256225586,4.167941570281982,0.9416960896357267,0.11771201120446584,0.19144772516320607,0.7107783555984497,4.732622146606445,0.568010151386261,0.00039999998989515007
8,5,42,64,0.5,50000,0,0.7762706279754639,0.7470650672912598,33.34353256225586,4.167941570281982,0.9158088828780535,0.11447611035975669,0.18821182431849692,0.6992061734199524,4.732622146606445,0.568010151386261,0.0
8,5,42,64,0.5,55000,0,0.7754807472229004,0.7389366626739502,33.34353256225586,4.167941570281982,0.8809488824764102,0.11011861030955128,0.1838543242682915,0.7067774534225464,4.732622146606445,0.568010151386261,0.0
8,5,42,64,0.5,60000,0,0.7758914828300476,0.736243486404419,33.34353256225586,4.167941570281982,0.8990759774634114,0.11238449718292642,0.18612021114166666,0.7065988183021545,4.732622146606445,0.568010151386261,0.00019999999494757503
8,5,42,64,0.5,65000,0,0.7750210762023926,0.7302244901657104,33.34353256225586,4.167941570281982,0.8606621089254389,0.10758276361567987,0.1813184775744201,0.7087762355804443,4.732622146606445,0.568010151386261,0.0
8,5,42,64,0.5,70000,0,0.7744924426078796,0.7410555481910706,33.34353256225586,4.167941570281982,0.8373317932325435,0.10466647415406793,0.17840218811280817,0.7090911865234375,4.732622146606445,0.568010151386261,0.00019999999494757503
8,5,42,64,0.5,75000,0,0.7754475474357605,0.7556236982345581,33.34353256225586,4.167941570281982,0.879483668152254,0.10993545851903175,0.18367117247777198,0.7072401642799377,4.732622146606445,0.568010151386261,0.00019999999494757503
8,5,42,64,0.5,80000,0,0.7743417620658875,0.7193173170089722,33.34353256225586,4.167941570281982,0.8306817720270345,0.10383522150337932,0.17757093546211955,0.7093015909194946,4.732622146606445,0.568010151386261,0.00039999998989515007
8,5,42,64,0.5,85000,0,0.7750378251075745,0.7496591806411743,33.34353256225586,4.167941570281982,0.8614012924534222,0.10767516155667778,0.181410875515418,0.7090767621994019,4.732622146606445,0.568010151386261,0.00019999999494757503
8,5,42,64,0.5,90000,0,0.7765325307846069,0.7162884473800659,33.34353256225586,4.167941570281982,0.9273675035968054,0.11592093794960068,0.1896566519083409,0.7218983769416809,4.732622146606445,0.568010151386261,0.00019999999494757503
8,5,42,64,0.5,95000,0,0.7748364210128784,0.7160505652427673,33.34353256225586,4.167941570281982,0.8525126762930526,0.10656408453663158,0.1802997984953718,0.7107803225517273,4.732622146606445,0.568010151386261,0.0
8,5,42,64,0.5,100000,0,0.7754696011543274,0.7553299069404602,33.34353256225586,4.167941570281982,0.8804569703065397,0.11005712128831746,0.1837928352470577,0.7140203714370728,4.732622146606445,0.568010151386261,0.00019999999494757503
8,5,42,64,0.5,105000,0,0.7772402763366699,0.7100065350532532,33.34353256225586,4.167941570281982,0.9586026111103223,0.11982532638879029,0.19356104034753052,0.7284472584724426,4.732622146606445,0.568010151386261,0.0006000000284984708
8,5,42,64,0.5,110000,0,0.7769777178764343,0.6943939328193665,33.34353256225586,4.167941570281982,0.9470150543815805,0.11837688179769756,0.1921125957564378,0.7235857248306274,4.732622146606445,0.568010151386261,0.0
8,5,42,64,0.5,115000,0,0.7762538194656372,0.7276172041893005,33.34353256225586,4.167941570281982,0.9150670688037081,0.11438338360046352,0.18811909755920375,0.7268645763397217,4.732622146606445,0.568010151386261,0.00039999998989515007
8,5,42,64,0.5,120000,0,0.7772737145423889,0.7242075800895691,33.34353256225586,4.167941570281982,0.9600783476199339,0.12000979345249174,0.19374550741123198,0.7197368741035461,4.732622146606445,0.568010151386261,0.00019999999494757503
8,5,42,64,0.5,125000,0,0.7771333456039429,0.7270451784133911,33.34353256225586,4.167941570281982,0.9538834109352123,0.11923542636690154,0.19297114032564178,0.7237579226493835,4.732622146606445,0.568010151386261,0.00019999999494757503
8,5,42,64,0.5,130000,0,0.7758223414421082,0.7171560525894165,33.34353256225586,4.167941570281982,0.896024543682401,0.11200306796030013,0.18573878191904036,0.7251460552215576,4.732622146606445,0.568010151386261,0.00019999999494757503
8,5,42,64,0.5,135000,0,0.7769303917884827,0.7298718094825745,33.34353256225586,4.167941570281982,0.9449264005694147,0.11811580007117684,0.19185151402991707,0.7381205558776855,4.732622146606445,0.568010151386261,0.0
8,5,42,64,0.5,140000,0,0.776891827583313,0.7203401327133179,33.34353256225586,4.167941570281982,0.943224437072594,0.11790305463407424,0.19163876859281448,0.7319162487983704,4.732622146606445,0.568010151386261,0.00019999999494757503
8,5,42,64,0.5,145000,0,0.778213620185852,0.7125684022903442,33.34353256225586,4.167941570281982,1.0015594332170892,0.12519492915213615,0.19893064311087638,0.7337107062339783,4.732622146606445,0.568010151386261,0.0
8,5,42,64,0.5,150000,0,0.7792006731033325,0.7566803097724915,33.34353256225586,4.167941570281982,1.0451212809873383,0.13064016012341728,0.20437587408215752,0.7404555678367615,4.732622146606445,0.568010151386261,0.00019999999494757503
8,5,42,64,0.5,155000,0,0.7786504030227661,0.7000345587730408,33.34353256225586,4.167941570281982,1.0208360769646987,0.12760450962058734,0.20134022357932757,0.7385363578796387,4.732622146606445,0.568010151386261,0.00019999999494757503
8,5,42,64,0.5,160000,0,0.7795881032943726,0.7137115597724915,33.34353256225586,4.167941570281982,1.062219832346429,0.13277747904330361,0.20651319300204385,0.7390837073326111,4.732622146606445,0.568010151386261,0.00019999999494757503
8,5,42,64,0.5,165000,0,0.779845654964447,0.7133321762084961,33.34353256225586,4.167941570281982,1.0735864231806787,0.13419830289758483,0.20793401685632507,0.7471259832382202,4.732622146606445,0.568010151386261,0.0
8,5,42,64,0.5,170000,0,0.7809524536132812,0.7023588418960571,33.34353256225586,4.167941570281982,1.1224330385940675,0.14030412982425844,0.21403984378299867,0.7393432855606079,4.732622146606445,0.568010151386261,0.00039999998989515007
8,5,42,64,0.5,175000,0,0.78119295835495,0.7046840190887451,33.34353256225586,4.167941570281982,1.1330472931685165,0.14163091164606456,0.2153666256048048,0.7367057204246521,4.732622146606445,0.568010151386261,0.00019999999494757503
8,5,42,64,0.5,180000,0,0.7813863754272461,0.741715669631958,33.34353256225586,4.167941570281982,1.141583416116255,0.14269792701453188,0.2164336409732721,0.739353597164154,4.732622146606445,0.568010151386261,0.0006000000284984708
8,5,42,64,0.5,185000,0,0.7816228866577148,0.6934275031089783,33.34353256225586,4.167941570281982,1.1520214240843885,0.14400267801054856,0.2177383919692888,0.7485186457633972,4.732622146606445,0.568010151386261,0.0
8,5,42,64,0.5,190000,0,0.782655656337738,0.709227442741394,33.34353256225586,4.167941570281982,1.1976009009150062,0.14970011261437577,0.223435826573116,0.7509217262268066,4.732622146606445,0.568010151386261,0.00019999999494757503
8,5,42,64,0.5,195000,0,0.7843109369277954,0.7317160367965698,33.34353256225586,4.167941570281982,1.270653803960144,0.158831725495018,0.23256743945375824,0.7622964382171631,4.732622146606445,0.568010151386261,0.0
8,5,42,64,0.5,200000,0,0.7834587097167969,0.697776198387146,33.34353256225586,4.167941570281982,1.2330422520628588,0.15413028150785735,0.22786599546659758,0.747239887714386,4.732622146606445,0.568010151386261,0.0
8,5,42,64,0.5,205000,0,0.7838238477706909,0.6952247619628906,33.34353256225586,4.167941570281982,1.2491569790822155,0.15614462238527693,0.22988033634401717,0.7519503831863403,4.732622146606445,0.568010151386261,0.0006000000284984708
8,5,42,64,0.5,210000,0,0.7827852964401245,0.6879920959472656,33.34353256225586,4.167941570281982,1.2033223392543917,0.15041529240679896,0.2241510063655392,0.7653406262397766,4.732622146606445,0.568010151386261,0.00019999999494757503
8,5,42,64,0.5,215000,0,0.7848581075668335,0.7112589478492737,33.34353256225586,4.167941570281982,1.2948022195719062,0.16185027744648828,0.2355859914052285,0.7727971076965332,4.732622146606445,0.568010151386261,0.00019999999494757503
8,5,42,64,0.5,220000,0,0.7865647673606873,0.7110604047775269,33.34353256225586,4.167941570281982,1.3701226535818947,0.17126533169773683,0.24500104565647707,0.7660589218139648,4.732622146606445,0.568010151386261,0.00019999999494757503
8,5,42,64,0.5,225000,0,0.7861337661743164,0.7086211442947388,33.34353256225586,4.167941570281982,1.3511011728314912,0.1688876466039364,0.24262336056267664,0.7754862308502197,4.732622146606445,0.568010151386261,0.0007999999797903001
8,5,42,64,0.5,230000,0,0.7884398102760315,0.6786491274833679,33.34353256225586,4.167941570281982,1.4528743810671827,0.18160929763339784,0.25534501159213807,0.7743006944656372,4.732622146606445,0.568010151386261,0.00039999998989515007
8,5,42,64,0.5,235000,0,0.7865932583808899,0.7117704153060913,33.34353256225586,4.167941570281982,1.3713800547433763,0.17142250684292204,0.24515822080166227,0.7796294093132019,4.732622146606445,0.568010151386261,0.0
8,5,42,64,0.5,240000,0,0.7877580523490906,0.6997372508049011,33.34353256225586,4.167941570281982,1.422786191767905,0.17784827397098812,0.25158398792972836,0.7910714149475098,4.732622146606445,0.568010151386261,0.00019999999494757503
8,5,42,64,0.5,245000,0,0.787398099899292,0.7069764137268066,33.34353256225586,4.167941570281982,1.4069003222821195,0.17586254028526493,0.24959825424400517,0.7852497100830078,4.732622146606445,0.568010151386261,0.00019999999494757503
8,5,42,64,0.5,250000,0,0.7883293628692627,0.6836551427841187,33.34353256225586,4.167941570281982,1.4479999786566609,0.1809999973320826,0.25473571129082284,0.7787465453147888,4.732622146606445,0.568010151386261,0.00039999998989515007
8,5,42,64,0.5,255000,0,0.7909626364707947,0.7175151109695435,33.34353256225586,4.167941570281982,1.564214886424871,0.19552686080310888,0.2692625747618491,0.796579122543335,4.732622146606445,0.568010151386261,0.00039999998989515007
8,5,42,64,0.5,260000,0,0.7903593182563782,0.6718466281890869,33.34353256225586,4.167941570281982,1.5375884961392217,0.1921985620174027,0.26593427597614294,0.801026463508606,4.732622146606445,0.568010151386261,0.00019999999494757503
8,5,42,64,0.5,265000,0,0.7921308279037476,0.7089793086051941,33.34353256225586,4.167941570281982,1.6157709645920804,0.20197137057401005,0.2757070845327503,0.80706387758255,4.732622146606445,0.568010151386261,0.00039999998989515007
8,5,42,64,0.5,270000,0,0.7908812165260315,0.7075189352035522,33.34353256225586,4.167941570281982,1.5606215600930966,0.19507769501163708,0.2688134089703773,0.7958625555038452,4.732622146606445,0.568010151386261,0.0
8,5,42,64,0.5,275000,0,0.7931182384490967,0.6859230995178223,33.34353256225586,4.167941570281982,1.6593485956405019,0.20741857445506273,0.28115428841380297,0.8225095272064209,4.732622146606445,0.568010151386261,0.00039999998989515007
8,5,42,64,0.5,280000,0,0.7928082346916199,0.685939371585846,33.34353256225586,4.167941570281982,1.645667124006863,0.20570839050085787,0.2794441044595981,0.8204789161682129,4.732622146606445,0.568010151386261,0.0007999999797903001
8,5,42,64,0.5,285000,0,0.7920421361923218,0.6888024210929871,33.34353256225586,4.167941570281982,1.6118567116040339,0.20148208895050423,0.27521780290924447,0.7964282035827637,4.732622146606445,0.568010151386261,0.0006000000284984708
8,5,42,64,0.5,290000,0,0.7942792177200317,0.6863026022911072,33.34353256225586,4.167941570281982,1.7105863776978012,0.21382329721222515,0.2875590111709654,0.8107849359512329,4.732622146606445,0.568010151386261,0.0
8,5,42,64,0.5,295000,0,0.7935730218887329,0.6965392827987671,33.34353256225586,4.167941570281982,1.6794196643897195,0.20992745804871493,0.28366317200745517,0.8226428627967834,4.732622146606445,0.568010151386261,0.00019999999494757503
8,5,42,64,0.5,300000,1,0.7936516404151917,0.6626055240631104,33.34353256225586,4.167941570281982,1.682889355042434,0.21036116938030425,0.2840968833390445,0.817247211933136,4.732622146606445,0.568010151386261,0.0010000000474974513
