seed,folder,d,step,mem
42,d20,20,1,0.0
42,d20,20,10000,
42,d20,20,20000,
42,d20,20,30000,
42,d20,20,40000,
42,d20,20,50000,
42,d20,20,60000,
42,d20,20,70000,
42,d20,20,80000,
42,d20,20,90000,
42,d20,20,100000,0.0
42,d20,20,110000,
42,d20,20,120000,
42,d20,20,130000,
42,d20,20,140000,
42,d20,20,150000,
42,d20,20,160000,
42,d20,20,170000,
42,d20,20,180000,
42,d20,20,190000,
42,d20,20,200000,0.0003000000142492354
42,d20,20,210000,
42,d20,20,220000,
42,d20,20,230000,
42,d20,20,240000,
42,d20,20,250000,
42,d20,20,260000,
42,d20,20,270000,
42,d20,20,280000,
42,d20,20,290000,
42,d20,20,300000,0.0008999999845400453
42,d20,20,310000,
42,d20,20,320000,
42,d20,20,330000,
42,d20,20,340000,
42,d20,20,350000,
42,d20,20,360000,
42,d20,20,370000,
42,d20,20,380000,
42,d20,20,390000,
42,d20,20,400000,0.002199999988079071
42,d20,20,410000,
42,d20,20,420000,
42,d20,20,430000,
42,d20,20,440000,
42,d20,20,450000,
42,d20,20,460000,
42,d20,20,470000,
42,d20,20,480000,
42,d20,20,490000,
42,d20,20,500000,0.003100000089034438
42,d20,20,510000,
42,d20,20,520000,
42,d20,20,530000,
42,d20,20,540000,
42,d20,20,550000,
42,d20,20,560000,
42,d20,20,570000,
42,d20,20,580000,
42,d20,20,590000,
42,d20,20,600000,0.004100000020116568
42,d20,20,610000,
42,d20,20,620000,
42,d20,20,630000,
42,d20,20,640000,
42,d20,20,650000,
42,d20,20,660000,
42,d20,20,670000,
42,d20,20,680000,
42,d20,20,690000,
42,d20,20,700000,0.004800000227987766
42,d20,20,710000,
42,d20,20,720000,
42,d20,20,730000,
42,d20,20,740000,
42,d20,20,750000,
42,d20,20,760000,
42,d20,20,770000,
42,d20,20,780000,
42,d20,20,790000,
42,d20,20,800000,0.005400000140070915
42,d20,20,810000,
42,d20,20,820000,
42,d20,20,830000,
42,d20,20,840000,
42,d20,20,850000,
42,d20,20,860000,
42,d20,20,870000,
42,d20,20,880000,
42,d20,20,890000,
42,d20,20,900000,0.006200000178068876
42,d20,20,910000,
42,d20,20,920000,
42,d20,20,930000,
42,d20,20,940000,
42,d20,20,950000,
42,d20,20,960000,
42,d20,20,970000,
42,d20,20,980000,
42,d20,20,990000,
42,d20,20,1000000,0.007799999788403511
42,d20,20,1010000,
42,d20,20,1020000,
42,d20,20,1030000,
42,d20,20,1040000,
42,d20,20,1050000,
42,d20,20,1060000,
42,d20,20,1070000,
42,d20,20,1080000,
42,d20,20,1090000,
42,d20,20,1100000,0.006099999882280827
42,d20,20,1110000,
42,d20,20,1120000,
42,d20,20,1130000,
42,d20,20,1140000,
42,d20,20,1150000,
42,d20,20,1160000,
42,d20,20,1170000,
42,d20,20,1180000,
42,d20,20,1190000,
42,d20,20,1200000,0.0071000000461936
42,d20,20,1210000,
42,d20,20,1220000,
42,d20,20,1230000,
42,d20,20,1240000,
42,d20,20,1250000,
42,d20,20,1260000,
42,d20,20,1270000,
42,d20,20,1280000,
42,d20,20,1290000,
42,d20,20,1300000,0.007499999832361937
42,d20,20,1310000,
42,d20,20,1320000,
42,d20,20,1330000,
42,d20,20,1340000,
42,d20,20,1350000,
42,d20,20,1360000,
42,d20,20,1370000,
42,d20,20,1380000,
42,d20,20,1390000,
42,d20,20,1400000,0.007000000216066837
42,d20,20,1410000,
42,d20,20,1420000,
42,d20,20,1430000,
42,d20,20,1440000,
42,d20,20,1450000,
42,d20,20,1460000,
42,d20,20,1470000,
42,d20,20,1480000,
42,d20,20,1490000,
42,d20,20,1500000,0.009399999864399433
42,d20,20,1510000,
42,d20,20,1520000,
42,d20,20,1530000,
42,d20,20,1540000,
42,d20,20,1550000,
42,d20,20,1560000,
42,d20,20,1570000,
42,d20,20,1580000,
42,d20,20,1590000,
42,d20,20,1600000,0.008500000461935997
42,d20,20,1610000,
42,d20,20,1620000,
42,d20,20,1630000,
42,d20,20,1640000,
42,d20,20,1650000,
42,d20,20,1660000,
42,d20,20,1670000,
42,d20,20,1680000,
42,d20,20,1690000,
42,d20,20,1700000,0.008999999612569809
42,d20,20,1710000,
42,d20,20,1720000,
42,d20,20,1730000,
42,d20,20,1740000,
42,d20,20,1750000,
42,d20,20,1760000,
42,d20,20,1770000,
42,d20,20,1780000,
42,d20,20,1790000,
42,d20,20,1800000,0.008200000040233135
42,d20,20,1810000,
42,d20,20,1820000,
42,d20,20,1830000,
42,d20,20,1840000,
42,d20,20,1850000,
42,d20,20,1860000,
42,d20,20,1870000,
42,d20,20,1880000,
42,d20,20,1890000,
42,d20,20,1900000,0.010200000368058681
42,d20,20,1910000,
42,d20,20,1920000,
42,d20,20,1930000,
42,d20,20,1940000,
42,d20,20,1950000,
42,d20,20,1960000,
42,d20,20,1970000,
42,d20,20,1980000,
42,d20,20,1990000,
42,d20,20,2000000,0.00839999970048666
42,d20,20,2010000,
42,d20,20,2020000,
42,d20,20,2030000,
42,d20,20,2040000,
42,d20,20,2050000,
42,d20,20,2060000,
42,d20,20,2070000,
42,d20,20,2080000,
42,d20,20,2090000,
42,d20,20,2100000,0.010499999858438969
42,d20,20,2110000,
42,d20,20,2120000,
42,d20,20,2130000,
42,d20,20,2140000,
42,d20,20,2150000,
42,d20,20,2160000,
42,d20,20,2170000,
42,d20,20,2180000,
42,d20,20,2190000,
42,d20,20,2200000,0.009800000116229057
42,d20,20,2210000,
42,d20,20,2220000,
42,d20,20,2230000,
42,d20,20,2240000,
42,d20,20,2250000,
42,d20,20,2260000,
42,d20,20,2270000,
42,d20,20,2280000,
42,d20,20,2290000,
42,d20,20,2300000,0.009800000116229057
42,d20,20,2310000,
42,d20,20,2320000,
42,d20,20,2330000,
42,d20,20,2340000,
42,d20,20,2350000,
42,d20,20,2360000,
42,d20,20,2370000,
42,d20,20,2380000,
42,d20,20,2390000,
42,d20,20,2400000,0.00989999994635582
42,d20,20,2410000,
42,d20,20,2420000,
42,d20,20,2430000,
42,d20,20,2440000,
42,d20,20,2450000,
42,d20,20,2460000,
42,d20,20,2470000,
42,d20,20,2480000,
42,d20,20,2490000,
42,d20,20,2500000,0.009700000286102295
42,d20,20,2510000,
42,d20,20,2520000,
42,d20,20,2530000,
42,d20,20,2540000,
42,d20,20,2550000,
42,d20,20,2560000,
42,d20,20,2570000,
42,d20,20,2580000,
42,d20,20,2590000,
42,d20,20,2600000,0.012299999594688416
42,d20,20,2610000,
42,d20,20,2620000,
42,d20,20,2630000,
42,d20,20,2640000,
42,d20,20,2650000,
42,d20,20,2660000,
42,d20,20,2670000,
42,d20,20,2680000,
42,d20,20,2690000,
42,d20,20,2700000,0.009200000204145908
42,d20,20,2710000,
42,d20,20,2720000,
42,d20,20,2730000,
42,d20,20,2740000,
42,d20,20,2750000,
42,d20,20,2760000,
42,d20,20,2770000,
42,d20,20,2780000,
42,d20,20,2790000,
42,d20,20,2800000,0.011300000362098217
42,d20,20,2810000,
42,d20,20,2820000,
42,d20,20,2830000,
42,d20,20,2840000,
42,d20,20,2850000,
42,d20,20,2860000,
42,d20,20,2870000,
42,d20,20,2880000,
42,d20,20,2890000,
42,d20,20,2900000,0.010999999940395355
42,d20,20,2910000,
42,d20,20,2920000,
42,d20,20,2930000,
42,d20,20,2940000,
42,d20,20,2950000,
42,d20,20,2960000,
42,d20,20,2970000,
42,d20,20,2980000,
42,d20,20,2990000,
42,d20,20,3000000,0.012000000104308128
42,d20,20,3010000,
42,d20,20,3020000,
42,d20,20,3030000,
42,d20,20,3040000,
42,d20,20,3050000,
42,d20,20,3060000,
42,d20,20,3070000,
42,d20,20,3080000,
42,d20,20,3090000,
42,d20,20,3100000,0.010599999688565731
42,d20,20,3110000,
42,d20,20,3120000,
42,d20,20,3130000,
42,d20,20,3140000,
42,d20,20,3150000,
42,d20,20,3160000,
42,d20,20,3170000,
42,d20,20,3180000,
42,d20,20,3190000,
42,d20,20,3200000,0.010900000110268593
42,d20,20,3210000,
42,d20,20,3220000,
42,d20,20,3230000,
42,d20,20,3240000,
42,d20,20,3250000,
42,d20,20,3260000,
42,d20,20,3270000,
42,d20,20,3280000,
42,d20,20,3290000,
42,d20,20,3300000,0.010599999688565731
42,d20,20,3310000,
42,d20,20,3320000,
42,d20,20,3330000,
42,d20,20,3340000,
42,d20,20,3350000,
42,d20,20,3360000,
42,d20,20,3370000,
42,d20,20,3380000,
42,d20,20,3390000,
42,d20,20,3400000,0.008799999952316284
42,d20,20,3410000,
42,d20,20,3420000,
42,d20,20,3430000,
42,d20,20,3440000,
42,d20,20,3450000,
42,d20,20,3460000,
42,d20,20,3470000,
42,d20,20,3480000,
42,d20,20,3490000,
42,d20,20,3500000,0.013299999758601189
42,d20,20,3510000,
42,d20,20,3520000,
42,d20,20,3530000,
42,d20,20,3540000,
42,d20,20,3550000,
42,d20,20,3560000,
42,d20,20,3570000,
42,d20,20,3580000,
42,d20,20,3590000,
42,d20,20,3600000,0.013799999840557575
42,d20,20,3610000,
42,d20,20,3620000,
42,d20,20,3630000,
42,d20,20,3640000,
42,d20,20,3650000,
42,d20,20,3660000,
42,d20,20,3670000,
42,d20,20,3680000,
42,d20,20,3690000,
42,d20,20,3700000,0.011900000274181366
42,d20,20,3710000,
42,d20,20,3720000,
42,d20,20,3730000,
42,d20,20,3740000,
42,d20,20,3750000,
42,d20,20,3760000,
42,d20,20,3770000,
42,d20,20,3780000,
42,d20,20,3790000,
42,d20,20,3800000,0.013199999928474426
42,d20,20,3810000,
42,d20,20,3820000,
42,d20,20,3830000,
42,d20,20,3840000,
42,d20,20,3850000,
42,d20,20,3860000,
42,d20,20,3870000,
42,d20,20,3880000,
42,d20,20,3890000,
42,d20,20,3900000,0.011599999852478504
42,d20,20,3910000,
42,d20,20,3920000,
42,d20,20,3930000,
42,d20,20,3940000,
42,d20,20,3950000,
42,d20,20,3960000,
42,d20,20,3970000,
42,d20,20,3980000,
42,d20,20,3990000,
42,d20,20,4000000,0.012500000186264515
42,d20,20,4010000,
42,d20,20,4020000,
42,d20,20,4030000,
42,d20,20,4040000,
42,d20,20,4050000,
42,d20,20,4060000,
42,d20,20,4070000,
42,d20,20,4080000,
42,d20,20,4090000,
42,d20,20,4100000,0.010999999940395355
42,d20,20,4110000,
42,d20,20,4120000,
42,d20,20,4130000,
42,d20,20,4140000,
42,d20,20,4150000,
42,d20,20,4160000,
42,d20,20,4170000,
42,d20,20,4180000,
42,d20,20,4190000,
42,d20,20,4200000,0.013299999758601189
42,d20,20,4210000,
42,d20,20,4220000,
42,d20,20,4230000,
42,d20,20,4240000,
42,d20,20,4250000,
42,d20,20,4260000,
42,d20,20,4270000,
42,d20,20,4280000,
42,d20,20,4290000,
42,d20,20,4300000,0.010999999940395355
42,d20,20,4310000,
42,d20,20,4320000,
42,d20,20,4330000,
42,d20,20,4340000,
42,d20,20,4350000,
42,d20,20,4360000,
42,d20,20,4370000,
42,d20,20,4380000,
42,d20,20,4390000,
42,d20,20,4400000,0.014999999664723873
42,d20,20,4410000,
42,d20,20,4420000,
42,d20,20,4430000,
42,d20,20,4440000,
42,d20,20,4450000,
42,d20,20,4460000,
42,d20,20,4470000,
42,d20,20,4480000,
42,d20,20,4490000,
42,d20,20,4500000,0.01360000018030405
42,d20,20,4510000,
42,d20,20,4520000,
42,d20,20,4530000,
42,d20,20,4540000,
42,d20,20,4550000,
42,d20,20,4560000,
42,d20,20,4570000,
42,d20,20,4580000,
42,d20,20,4590000,
42,d20,20,4600000,0.013299999758601189
42,d20,20,4610000,
42,d20,20,4620000,
42,d20,20,4630000,
42,d20,20,4640000,
42,d20,20,4650000,
42,d20,20,4660000,
42,d20,20,4670000,
42,d20,20,4680000,
42,d20,20,4690000,
42,d20,20,4700000,0.011699999682605267
42,d20,20,4710000,
42,d20,20,4720000,
42,d20,20,4730000,
42,d20,20,4740000,
42,d20,20,4750000,
42,d20,20,4760000,
42,d20,20,4770000,
42,d20,20,4780000,
42,d20,20,4790000,
42,d20,20,4800000,0.010900000110268593
42,d20,20,4810000,
42,d20,20,4820000,
42,d20,20,4830000,
42,d20,20,4840000,
42,d20,20,4850000,
42,d20,20,4860000,
42,d20,20,4870000,
42,d20,20,4880000,
42,d20,20,4890000,
42,d20,20,4900000,0.012799999676644802
42,d20,20,4910000,
42,d20,20,4920000,
42,d20,20,4930000,
42,d20,20,4940000,
42,d20,20,4950000,
42,d20,20,4960000,
42,d20,20,4970000,
42,d20,20,4980000,
42,d20,20,4990000,
42,d20,20,5000000,0.010300000198185444
43,d20,20,1,0.0
43,d20,20,10000,
43,d20,20,20000,
43,d20,20,30000,
43,d20,20,40000,
43,d20,20,50000,
43,d20,20,60000,
43,d20,20,70000,
43,d20,20,80000,
43,d20,20,90000,
43,d20,20,100000,0.0
43,d20,20,110000,
43,d20,20,120000,
43,d20,20,130000,
43,d20,20,140000,
43,d20,20,150000,
43,d20,20,160000,
43,d20,20,170000,
43,d20,20,180000,
43,d20,20,190000,
43,d20,20,200000,9.999999747378752e-05
43,d20,20,210000,
43,d20,20,220000,
43,d20,20,230000,
43,d20,20,240000,
43,d20,20,250000,
43,d20,20,260000,
43,d20,20,270000,
43,d20,20,280000,
43,d20,20,290000,
43,d20,20,300000,0.0013000000035390258
43,d20,20,310000,
43,d20,20,320000,
43,d20,20,330000,
43,d20,20,340000,
43,d20,20,350000,
43,d20,20,360000,
43,d20,20,370000,
43,d20,20,380000,
43,d20,20,390000,
43,d20,20,400000,0.0015999999595806003
43,d20,20,410000,
43,d20,20,420000,
43,d20,20,430000,
43,d20,20,440000,
43,d20,20,450000,
43,d20,20,460000,
43,d20,20,470000,
43,d20,20,480000,
43,d20,20,490000,
43,d20,20,500000,0.0032999999821186066
43,d20,20,510000,
43,d20,20,520000,
43,d20,20,530000,
43,d20,20,540000,
43,d20,20,550000,
43,d20,20,560000,
43,d20,20,570000,
43,d20,20,580000,
43,d20,20,590000,
43,d20,20,600000,0.0035000001080334187
43,d20,20,610000,
43,d20,20,620000,
43,d20,20,630000,
43,d20,20,640000,
43,d20,20,650000,
43,d20,20,660000,
43,d20,20,670000,
43,d20,20,680000,
43,d20,20,690000,
43,d20,20,700000,0.00570000009611249
43,d20,20,710000,
43,d20,20,720000,
43,d20,20,730000,
43,d20,20,740000,
43,d20,20,750000,
43,d20,20,760000,
43,d20,20,770000,
43,d20,20,780000,
43,d20,20,790000,
43,d20,20,800000,0.005900000222027302
43,d20,20,810000,
43,d20,20,820000,
43,d20,20,830000,
43,d20,20,840000,
43,d20,20,850000,
43,d20,20,860000,
43,d20,20,870000,
43,d20,20,880000,
43,d20,20,890000,
43,d20,20,900000,0.007000000216066837
43,d20,20,910000,
43,d20,20,920000,
43,d20,20,930000,
43,d20,20,940000,
43,d20,20,950000,
43,d20,20,960000,
43,d20,20,970000,
43,d20,20,980000,
43,d20,20,990000,
43,d20,20,1000000,0.007199999876320362
43,d20,20,1010000,
43,d20,20,1020000,
43,d20,20,1030000,
43,d20,20,1040000,
43,d20,20,1050000,
43,d20,20,1060000,
43,d20,20,1070000,
43,d20,20,1080000,
43,d20,20,1090000,
43,d20,20,1100000,0.007400000002235174
43,d20,20,1110000,
43,d20,20,1120000,
43,d20,20,1130000,
43,d20,20,1140000,
43,d20,20,1150000,
43,d20,20,1160000,
43,d20,20,1170000,
43,d20,20,1180000,
43,d20,20,1190000,
43,d20,20,1200000,0.008999999612569809
43,d20,20,1210000,
43,d20,20,1220000,
43,d20,20,1230000,
43,d20,20,1240000,
43,d20,20,1250000,
43,d20,20,1260000,
43,d20,20,1270000,
43,d20,20,1280000,
43,d20,20,1290000,
43,d20,20,1300000,0.008500000461935997
43,d20,20,1310000,
43,d20,20,1320000,
43,d20,20,1330000,
43,d20,20,1340000,
43,d20,20,1350000,
43,d20,20,1360000,
43,d20,20,1370000,
43,d20,20,1380000,
43,d20,20,1390000,
43,d20,20,1400000,0.007799999788403511
43,d20,20,1410000,
43,d20,20,1420000,
43,d20,20,1430000,
43,d20,20,1440000,
43,d20,20,1450000,
43,d20,20,1460000,
43,d20,20,1470000,
43,d20,20,1480000,
43,d20,20,1490000,
43,d20,20,1500000,0.009700000286102295
43,d20,20,1510000,
43,d20,20,1520000,
43,d20,20,1530000,
43,d20,20,1540000,
43,d20,20,1550000,
43,d20,20,1560000,
43,d20,20,1570000,
43,d20,20,1580000,
43,d20,20,1590000,
43,d20,20,1600000,0.009600000455975533
43,d20,20,1610000,
43,d20,20,1620000,
43,d20,20,1630000,
43,d20,20,1640000,
43,d20,20,1650000,
43,d20,20,1660000,
43,d20,20,1670000,
43,d20,20,1680000,
43,d20,20,1690000,
43,d20,20,1700000,0.008999999612569809
43,d20,20,1710000,
43,d20,20,1720000,
43,d20,20,1730000,
43,d20,20,1740000,
43,d20,20,1750000,
43,d20,20,1760000,
43,d20,20,1770000,
43,d20,20,1780000,
43,d20,20,1790000,
43,d20,20,1800000,0.00989999994635582
43,d20,20,1810000,
43,d20,20,1820000,
43,d20,20,1830000,
43,d20,20,1840000,
43,d20,20,1850000,
43,d20,20,1860000,
43,d20,20,1870000,
43,d20,20,1880000,
43,d20,20,1890000,
43,d20,20,1900000,0.010999999940395355
43,d20,20,1910000,
43,d20,20,1920000,
43,d20,20,1930000,
43,d20,20,1940000,
43,d20,20,1950000,
43,d20,20,1960000,
43,d20,20,1970000,
43,d20,20,1980000,
43,d20,20,1990000,
43,d20,20,2000000,0.010099999606609344
43,d20,20,2010000,
43,d20,20,2020000,
43,d20,20,2030000,
43,d20,20,2040000,
43,d20,20,2050000,
43,d20,20,2060000,
43,d20,20,2070000,
43,d20,20,2080000,
43,d20,20,2090000,
43,d20,20,2100000,0.010599999688565731
43,d20,20,2110000,
43,d20,20,2120000,
43,d20,20,2130000,
43,d20,20,2140000,
43,d20,20,2150000,
43,d20,20,2160000,
43,d20,20,2170000,
43,d20,20,2180000,
43,d20,20,2190000,
43,d20,20,2200000,0.010700000450015068
43,d20,20,2210000,
43,d20,20,2220000,
43,d20,20,2230000,
43,d20,20,2240000,
43,d20,20,2250000,
43,d20,20,2260000,
43,d20,20,2270000,
43,d20,20,2280000,
43,d20,20,2290000,
43,d20,20,2300000,0.007600000128149986
43,d20,20,2310000,
43,d20,20,2320000,
43,d20,20,2330000,
43,d20,20,2340000,
43,d20,20,2350000,
43,d20,20,2360000,
43,d20,20,2370000,
43,d20,20,2380000,
43,d20,20,2390000,
43,d20,20,2400000,0.009700000286102295
43,d20,20,2410000,
43,d20,20,2420000,
43,d20,20,2430000,
43,d20,20,2440000,
43,d20,20,2450000,
43,d20,20,2460000,
43,d20,20,2470000,
43,d20,20,2480000,
43,d20,20,2490000,
43,d20,20,2500000,0.011099999770522118
43,d20,20,2510000,
43,d20,20,2520000,
43,d20,20,2530000,
43,d20,20,2540000,
43,d20,20,2550000,
43,d20,20,2560000,
43,d20,20,2570000,
43,d20,20,2580000,
43,d20,20,2590000,
43,d20,20,2600000,0.01119999960064888
43,d20,20,2610000,
43,d20,20,2620000,
43,d20,20,2630000,
43,d20,20,2640000,
43,d20,20,2650000,
43,d20,20,2660000,
43,d20,20,2670000,
43,d20,20,2680000,
43,d20,20,2690000,
43,d20,20,2700000,0.010700000450015068
43,d20,20,2710000,
43,d20,20,2720000,
43,d20,20,2730000,
43,d20,20,2740000,
43,d20,20,2750000,
43,d20,20,2760000,
43,d20,20,2770000,
43,d20,20,2780000,
43,d20,20,2790000,
43,d20,20,2800000,0.01269999984651804
43,d20,20,2810000,
43,d20,20,2820000,
43,d20,20,2830000,
43,d20,20,2840000,
43,d20,20,2850000,
43,d20,20,2860000,
43,d20,20,2870000,
43,d20,20,2880000,
43,d20,20,2890000,
43,d20,20,2900000,0.009100000374019146
43,d20,20,2910000,
43,d20,20,2920000,
43,d20,20,2930000,
43,d20,20,2940000,
43,d20,20,2950000,
43,d20,20,2960000,
43,d20,20,2970000,
43,d20,20,2980000,
43,d20,20,2990000,
43,d20,20,3000000,0.00989999994635582
43,d20,20,3010000,
43,d20,20,3020000,
43,d20,20,3030000,
43,d20,20,3040000,
43,d20,20,3050000,
43,d20,20,3060000,
43,d20,20,3070000,
43,d20,20,3080000,
43,d20,20,3090000,
43,d20,20,3100000,0.01209999993443489
43,d20,20,3110000,
43,d20,20,3120000,
43,d20,20,3130000,
43,d20,20,3140000,
43,d20,20,3150000,
43,d20,20,3160000,
43,d20,20,3170000,
43,d20,20,3180000,
43,d20,20,3190000,
43,d20,20,3200000,0.008999999612569809
43,d20,20,3210000,
43,d20,20,3220000,
43,d20,20,3230000,
43,d20,20,3240000,
43,d20,20,3250000,
43,d20,20,3260000,
43,d20,20,3270000,
43,d20,20,3280000,
43,d20,20,3290000,
43,d20,20,3300000,0.010099999606609344
43,d20,20,3310000,
43,d20,20,3320000,
43,d20,20,3330000,
43,d20,20,3340000,
43,d20,20,3350000,
43,d20,20,3360000,
43,d20,20,3370000,
43,d20,20,3380000,
43,d20,20,3390000,
43,d20,20,3400000,0.013299999758601189
43,d20,20,3410000,
43,d20,20,3420000,
43,d20,20,3430000,
43,d20,20,3440000,
43,d20,20,3450000,
43,d20,20,3460000,
43,d20,20,3470000,
43,d20,20,3480000,
43,d20,20,3490000,
43,d20,20,3500000,0.013100000098347664
43,d20,20,3510000,
43,d20,20,3520000,
43,d20,20,3530000,
43,d20,20,3540000,
43,d20,20,3550000,
43,d20,20,3560000,
43,d20,20,3570000,
43,d20,20,3580000,
43,d20,20,3590000,
43,d20,20,3600000,0.012600000016391277
43,d20,20,3610000,
43,d20,20,3620000,
43,d20,20,3630000,
43,d20,20,3640000,
43,d20,20,3650000,
43,d20,20,3660000,
43,d20,20,3670000,
43,d20,20,3680000,
43,d20,20,3690000,
43,d20,20,3700000,0.01119999960064888
43,d20,20,3710000,
43,d20,20,3720000,
43,d20,20,3730000,
43,d20,20,3740000,
43,d20,20,3750000,
43,d20,20,3760000,
43,d20,20,3770000,
43,d20,20,3780000,
43,d20,20,3790000,
43,d20,20,3800000,0.013399999588727951
43,d20,20,3810000,
43,d20,20,3820000,
43,d20,20,3830000,
43,d20,20,3840000,
43,d20,20,3850000,
43,d20,20,3860000,
43,d20,20,3870000,
43,d20,20,3880000,
43,d20,20,3890000,
43,d20,20,3900000,0.010099999606609344
43,d20,20,3910000,
43,d20,20,3920000,
43,d20,20,3930000,
43,d20,20,3940000,
43,d20,20,3950000,
43,d20,20,3960000,
43,d20,20,3970000,
43,d20,20,3980000,
43,d20,20,3990000,
43,d20,20,4000000,0.012000000104308128
43,d20,20,4010000,
43,d20,20,4020000,
43,d20,20,4030000,
43,d20,20,4040000,
43,d20,20,4050000,
43,d20,20,4060000,
43,d20,20,4070000,
43,d20,20,4080000,
43,d20,20,4090000,
43,d20,20,4100000,0.014299999922513962
43,d20,20,4110000,
43,d20,20,4120000,
43,d20,20,4130000,
43,d20,20,4140000,
43,d20,20,4150000,
43,d20,20,4160000,
43,d20,20,4170000,
43,d20,20,4180000,
43,d20,20,4190000,
43,d20,20,4200000,0.01209999993443489
43,d20,20,4210000,
43,d20,20,4220000,
43,d20,20,4230000,
43,d20,20,4240000,
43,d20,20,4250000,
43,d20,20,4260000,
43,d20,20,4270000,
43,d20,20,4280000,
43,d20,20,4290000,
43,d20,20,4300000,0.012199999764561653
43,d20,20,4310000,
43,d20,20,4320000,
43,d20,20,4330000,
43,d20,20,4340000,
43,d20,20,4350000,
43,d20,20,4360000,
43,d20,20,4370000,
43,d20,20,4380000,
43,d20,20,4390000,
43,d20,20,4400000,0.012299999594688416
43,d20,20,4410000,
43,d20,20,4420000,
43,d20,20,4430000,
43,d20,20,4440000,
43,d20,20,4450000,
43,d20,20,4460000,
43,d20,20,4470000,
43,d20,20,4480000,
43,d20,20,4490000,
43,d20,20,4500000,0.01209999993443489
43,d20,20,4510000,
43,d20,20,4520000,
43,d20,20,4530000,
43,d20,20,4540000,
43,d20,20,4550000,
43,d20,20,4560000,
43,d20,20,4570000,
43,d20,20,4580000,
43,d20,20,4590000,
43,d20,20,4600000,0.012000000104308128
43,d20,20,4610000,
43,d20,20,4620000,
43,d20,20,4630000,
43,d20,20,4640000,
43,d20,20,4650000,
43,d20,20,4660000,
43,d20,20,4670000,
43,d20,20,4680000,
43,d20,20,4690000,
43,d20,20,4700000,0.013199999928474426
43,d20,20,4710000,
43,d20,20,4720000,
43,d20,20,4730000,
43,d20,20,4740000,
43,d20,20,4750000,
43,d20,20,4760000,
43,d20,20,4770000,
43,d20,20,4780000,
43,d20,20,4790000,
43,d20,20,4800000,0.011099999770522118
43,d20,20,4810000,
43,d20,20,4820000,
43,d20,20,4830000,
43,d20,20,4840000,
43,d20,20,4850000,
43,d20,20,4860000,
43,d20,20,4870000,
43,d20,20,4880000,
43,d20,20,4890000,
43,d20,20,4900000,0.014499999582767487
43,d20,20,4910000,
43,d20,20,4920000,
43,d20,20,4930000,
43,d20,20,4940000,
43,d20,20,4950000,
43,d20,20,4960000,
43,d20,20,4970000,
43,d20,20,4980000,
43,d20,20,4990000,
43,d20,20,5000000,0.012000000104308128
44,d20,20,1,0.0
44,d20,20,10000,
44,d20,20,20000,
44,d20,20,30000,
44,d20,20,40000,
44,d20,20,50000,
44,d20,20,60000,
44,d20,20,70000,
44,d20,20,80000,
44,d20,20,90000,
44,d20,20,100000,0.0
44,d20,20,110000,
44,d20,20,120000,
44,d20,20,130000,
44,d20,20,140000,
44,d20,20,150000,
44,d20,20,160000,
44,d20,20,170000,
44,d20,20,180000,
44,d20,20,190000,
44,d20,20,200000,9.999999747378752e-05
44,d20,20,210000,
44,d20,20,220000,
44,d20,20,230000,
44,d20,20,240000,
44,d20,20,250000,
44,d20,20,260000,
44,d20,20,270000,
44,d20,20,280000,
44,d20,20,290000,
44,d20,20,300000,0.0013000000035390258
44,d20,20,310000,
44,d20,20,320000,
44,d20,20,330000,
44,d20,20,340000,
44,d20,20,350000,
44,d20,20,360000,
44,d20,20,370000,
44,d20,20,380000,
44,d20,20,390000,
44,d20,20,400000,0.0020000000949949026
44,d20,20,410000,
44,d20,20,420000,
44,d20,20,430000,
44,d20,20,440000,
44,d20,20,450000,
44,d20,20,460000,
44,d20,20,470000,
44,d20,20,480000,
44,d20,20,490000,
44,d20,20,500000,0.0017000000225380063
44,d20,20,510000,
44,d20,20,520000,
44,d20,20,530000,
44,d20,20,540000,
44,d20,20,550000,
44,d20,20,560000,
44,d20,20,570000,
44,d20,20,580000,
44,d20,20,590000,
44,d20,20,600000,0.0031999999191612005
44,d20,20,610000,
44,d20,20,620000,
44,d20,20,630000,
44,d20,20,640000,
44,d20,20,650000,
44,d20,20,660000,
44,d20,20,670000,
44,d20,20,680000,
44,d20,20,690000,
44,d20,20,700000,0.004000000189989805
44,d20,20,710000,
44,d20,20,720000,
44,d20,20,730000,
44,d20,20,740000,
44,d20,20,750000,
44,d20,20,760000,
44,d20,20,770000,
44,d20,20,780000,
44,d20,20,790000,
44,d20,20,800000,0.00430000014603138
44,d20,20,810000,
44,d20,20,820000,
44,d20,20,830000,
44,d20,20,840000,
44,d20,20,850000,
44,d20,20,860000,
44,d20,20,870000,
44,d20,20,880000,
44,d20,20,890000,
44,d20,20,900000,0.006500000134110451
44,d20,20,910000,
44,d20,20,920000,
44,d20,20,930000,
44,d20,20,940000,
44,d20,20,950000,
44,d20,20,960000,
44,d20,20,970000,
44,d20,20,980000,
44,d20,20,990000,
44,d20,20,1000000,0.007199999876320362
44,d20,20,1010000,
44,d20,20,1020000,
44,d20,20,1030000,
44,d20,20,1040000,
44,d20,20,1050000,
44,d20,20,1060000,
44,d20,20,1070000,
44,d20,20,1080000,
44,d20,20,1090000,
44,d20,20,1100000,0.007899999618530273
44,d20,20,1110000,
44,d20,20,1120000,
44,d20,20,1130000,
44,d20,20,1140000,
44,d20,20,1150000,
44,d20,20,1160000,
44,d20,20,1170000,
44,d20,20,1180000,
44,d20,20,1190000,
44,d20,20,1200000,0.007400000002235174
44,d20,20,1210000,
44,d20,20,1220000,
44,d20,20,1230000,
44,d20,20,1240000,
44,d20,20,1250000,
44,d20,20,1260000,
44,d20,20,1270000,
44,d20,20,1280000,
44,d20,20,1290000,
44,d20,20,1300000,0.007799999788403511
44,d20,20,1310000,
44,d20,20,1320000,
44,d20,20,1330000,
44,d20,20,1340000,
44,d20,20,1350000,
44,d20,20,1360000,
44,d20,20,1370000,
44,d20,20,1380000,
44,d20,20,1390000,
44,d20,20,1400000,0.007600000128149986
44,d20,20,1410000,
44,d20,20,1420000,
44,d20,20,1430000,
44,d20,20,1440000,
44,d20,20,1450000,
44,d20,20,1460000,
44,d20,20,1470000,
44,d20,20,1480000,
44,d20,20,1490000,
44,d20,20,1500000,0.008500000461935997
44,d20,20,1510000,
44,d20,20,1520000,
44,d20,20,1530000,
44,d20,20,1540000,
44,d20,20,1550000,
44,d20,20,1560000,
44,d20,20,1570000,
44,d20,20,1580000,
44,d20,20,1590000,
44,d20,20,1600000,0.006300000008195639
44,d20,20,1610000,
44,d20,20,1620000,
44,d20,20,1630000,
44,d20,20,1640000,
44,d20,20,1650000,
44,d20,20,1660000,
44,d20,20,1670000,
44,d20,20,1680000,
44,d20,20,1690000,
44,d20,20,1700000,0.007600000128149986
44,d20,20,1710000,
44,d20,20,1720000,
44,d20,20,1730000,
44,d20,20,1740000,
44,d20,20,1750000,
44,d20,20,1760000,
44,d20,20,1770000,
44,d20,20,1780000,
44,d20,20,1790000,
44,d20,20,1800000,0.00989999994635582
44,d20,20,1810000,
44,d20,20,1820000,
44,d20,20,1830000,
44,d20,20,1840000,
44,d20,20,1850000,
44,d20,20,1860000,
44,d20,20,1870000,
44,d20,20,1880000,
44,d20,20,1890000,
44,d20,20,1900000,0.009600000455975533
44,d20,20,1910000,
44,d20,20,1920000,
44,d20,20,1930000,
44,d20,20,1940000,
44,d20,20,1950000,
44,d20,20,1960000,
44,d20,20,1970000,
44,d20,20,1980000,
44,d20,20,1990000,
44,d20,20,2000000,0.011300000362098217
44,d20,20,2010000,
44,d20,20,2020000,
44,d20,20,2030000,
44,d20,20,2040000,
44,d20,20,2050000,
44,d20,20,2060000,
44,d20,20,2070000,
44,d20,20,2080000,
44,d20,20,2090000,
44,d20,20,2100000,0.011099999770522118
44,d20,20,2110000,
44,d20,20,2120000,
44,d20,20,2130000,
44,d20,20,2140000,
44,d20,20,2150000,
44,d20,20,2160000,
44,d20,20,2170000,
44,d20,20,2180000,
44,d20,20,2190000,
44,d20,20,2200000,0.010700000450015068
44,d20,20,2210000,
44,d20,20,2220000,
44,d20,20,2230000,
44,d20,20,2240000,
44,d20,20,2250000,
44,d20,20,2260000,
44,d20,20,2270000,
44,d20,20,2280000,
44,d20,20,2290000,
44,d20,20,2300000,0.009399999864399433
44,d20,20,2310000,
44,d20,20,2320000,
44,d20,20,2330000,
44,d20,20,2340000,
44,d20,20,2350000,
44,d20,20,2360000,
44,d20,20,2370000,
44,d20,20,2380000,
44,d20,20,2390000,
44,d20,20,2400000,0.009399999864399433
44,d20,20,2410000,
44,d20,20,2420000,
44,d20,20,2430000,
44,d20,20,2440000,
44,d20,20,2450000,
44,d20,20,2460000,
44,d20,20,2470000,
44,d20,20,2480000,
44,d20,20,2490000,
44,d20,20,2500000,0.010200000368058681
44,d20,20,2510000,
44,d20,20,2520000,
44,d20,20,2530000,
44,d20,20,2540000,
44,d20,20,2550000,
44,d20,20,2560000,
44,d20,20,2570000,
44,d20,20,2580000,
44,d20,20,2590000,
44,d20,20,2600000,0.010700000450015068
44,d20,20,2610000,
44,d20,20,2620000,
44,d20,20,2630000,
44,d20,20,2640000,
44,d20,20,2650000,
44,d20,20,2660000,
44,d20,20,2670000,
44,d20,20,2680000,
44,d20,20,2690000,
44,d20,20,2700000,0.009600000455975533
44,d20,20,2710000,
44,d20,20,2720000,
44,d20,20,2730000,
44,d20,20,2740000,
44,d20,20,2750000,
44,d20,20,2760000,
44,d20,20,2770000,
44,d20,20,2780000,
44,d20,20,2790000,
44,d20,20,2800000,0.011900000274181366
44,d20,20,2810000,
44,d20,20,2820000,
44,d20,20,2830000,
44,d20,20,2840000,
44,d20,20,2850000,
44,d20,20,2860000,
44,d20,20,2870000,
44,d20,20,2880000,
44,d20,20,2890000,
44,d20,20,2900000,0.011599999852478504
44,d20,20,2910000,
44,d20,20,2920000,
44,d20,20,2930000,
44,d20,20,2940000,
44,d20,20,2950000,
44,d20,20,2960000,
44,d20,20,2970000,
44,d20,20,2980000,
44,d20,20,2990000,
44,d20,20,3000000,0.010300000198185444
44,d20,20,3010000,
44,d20,20,3020000,
44,d20,20,3030000,
44,d20,20,3040000,
44,d20,20,3050000,
44,d20,20,3060000,
44,d20,20,3070000,
44,d20,20,3080000,
44,d20,20,3090000,
44,d20,20,3100000,0.013399999588727951
44,d20,20,3110000,
44,d20,20,3120000,
44,d20,20,3130000,
44,d20,20,3140000,
44,d20,20,3150000,
44,d20,20,3160000,
44,d20,20,3170000,
44,d20,20,3180000,
44,d20,20,3190000,
44,d20,20,3200000,0.010999999940395355
44,d20,20,3210000,
44,d20,20,3220000,
44,d20,20,3230000,
44,d20,20,3240000,
44,d20,20,3250000,
44,d20,20,3260000,
44,d20,20,3270000,
44,d20,20,3280000,
44,d20,20,3290000,
44,d20,20,3300000,0.008500000461935997
44,d20,20,3310000,
44,d20,20,3320000,
44,d20,20,3330000,
44,d20,20,3340000,
44,d20,20,3350000,
44,d20,20,3360000,
44,d20,20,3370000,
44,d20,20,3380000,
44,d20,20,3390000,
44,d20,20,3400000,0.010499999858438969
44,d20,20,3410000,
44,d20,20,3420000,
44,d20,20,3430000,
44,d20,20,3440000,
44,d20,20,3450000,
44,d20,20,3460000,
44,d20,20,3470000,
44,d20,20,3480000,
44,d20,20,3490000,
44,d20,20,3500000,0.01209999993443489
44,d20,20,3510000,
44,d20,20,3520000,
44,d20,20,3530000,
44,d20,20,3540000,
44,d20,20,3550000,
44,d20,20,3560000,
44,d20,20,3570000,
44,d20,20,3580000,
44,d20,20,3590000,
44,d20,20,3600000,0.011900000274181366
44,d20,20,3610000,
44,d20,20,3620000,
44,d20,20,3630000,
44,d20,20,3640000,
44,d20,20,3650000,
44,d20,20,3660000,
44,d20,20,3670000,
44,d20,20,3680000,
44,d20,20,3690000,
44,d20,20,3700000,0.01140000019222498
44,d20,20,3710000,
44,d20,20,3720000,
44,d20,20,3730000,
44,d20,20,3740000,
44,d20,20,3750000,
44,d20,20,3760000,
44,d20,20,3770000,
44,d20,20,3780000,
44,d20,20,3790000,
44,d20,20,3800000,0.011699999682605267
44,d20,20,3810000,
44,d20,20,3820000,
44,d20,20,3830000,
44,d20,20,3840000,
44,d20,20,3850000,
44,d20,20,3860000,
44,d20,20,3870000,
44,d20,20,3880000,
44,d20,20,3890000,
44,d20,20,3900000,0.010200000368058681
44,d20,20,3910000,
44,d20,20,3920000,
44,d20,20,3930000,
44,d20,20,3940000,
44,d20,20,3950000,
44,d20,20,3960000,
44,d20,20,3970000,
44,d20,20,3980000,
44,d20,20,3990000,
44,d20,20,4000000,0.01119999960064888
44,d20,20,4010000,
44,d20,20,4020000,
44,d20,20,4030000,
44,d20,20,4040000,
44,d20,20,4050000,
44,d20,20,4060000,
44,d20,20,4070000,
44,d20,20,4080000,
44,d20,20,4090000,
44,d20,20,4100000,0.010700000450015068
44,d20,20,4110000,
44,d20,20,4120000,
44,d20,20,4130000,
44,d20,20,4140000,
44,d20,20,4150000,
44,d20,20,4160000,
44,d20,20,4170000,
44,d20,20,4180000,
44,d20,20,4190000,
44,d20,20,4200000,0.010999999940395355
44,d20,20,4210000,
44,d20,20,4220000,
44,d20,20,4230000,
44,d20,20,4240000,
44,d20,20,4250000,
44,d20,20,4260000,
44,d20,20,4270000,
44,d20,20,4280000,
44,d20,20,4290000,
44,d20,20,4300000,0.013000000268220901
44,d20,20,4310000,
44,d20,20,4320000,
44,d20,20,4330000,
44,d20,20,4340000,
44,d20,20,4350000,
44,d20,20,4360000,
44,d20,20,4370000,
44,d20,20,4380000,
44,d20,20,4390000,
44,d20,20,4400000,0.013100000098347664
44,d20,20,4410000,
44,d20,20,4420000,
44,d20,20,4430000,
44,d20,20,4440000,
44,d20,20,4450000,
44,d20,20,4460000,
44,d20,20,4470000,
44,d20,20,4480000,
44,d20,20,4490000,
44,d20,20,4500000,0.010900000110268593
44,d20,20,4510000,
44,d20,20,4520000,
44,d20,20,4530000,
44,d20,20,4540000,
44,d20,20,4550000,
44,d20,20,4560000,
44,d20,20,4570000,
44,d20,20,4580000,
44,d20,20,4590000,
44,d20,20,4600000,0.011800000444054604
44,d20,20,4610000,
44,d20,20,4620000,
44,d20,20,4630000,
44,d20,20,4640000,
44,d20,20,4650000,
44,d20,20,4660000,
44,d20,20,4670000,
44,d20,20,4680000,
44,d20,20,4690000,
44,d20,20,4700000,0.008799999952316284
44,d20,20,4710000,
44,d20,20,4720000,
44,d20,20,4730000,
44,d20,20,4740000,
44,d20,20,4750000,
44,d20,20,4760000,
44,d20,20,4770000,
44,d20,20,4780000,
44,d20,20,4790000,
44,d20,20,4800000,0.013299999758601189
44,d20,20,4810000,
44,d20,20,4820000,
44,d20,20,4830000,
44,d20,20,4840000,
44,d20,20,4850000,
44,d20,20,4860000,
44,d20,20,4870000,
44,d20,20,4880000,
44,d20,20,4890000,
44,d20,20,4900000,0.01080000028014183
44,d20,20,4910000,
44,d20,20,4920000,
44,d20,20,4930000,
44,d20,20,4940000,
44,d20,20,4950000,
44,d20,20,4960000,
44,d20,20,4970000,
44,d20,20,4980000,
44,d20,20,4990000,
44,d20,20,5000000,0.012900000438094139
45,d20,20,1,0.0
45,d20,20,10000,
45,d20,20,20000,
45,d20,20,30000,
45,d20,20,40000,
45,d20,20,50000,
45,d20,20,60000,
45,d20,20,70000,
45,d20,20,80000,
45,d20,20,90000,
45,d20,20,100000,0.0
45,d20,20,110000,
45,d20,20,120000,
45,d20,20,130000,
45,d20,20,140000,
45,d20,20,150000,
45,d20,20,160000,
45,d20,20,170000,
45,d20,20,180000,
45,d20,20,190000,
45,d20,20,200000,0.00019999999494757503
45,d20,20,210000,
45,d20,20,220000,
45,d20,20,230000,
45,d20,20,240000,
45,d20,20,250000,
45,d20,20,260000,
45,d20,20,270000,
45,d20,20,280000,
45,d20,20,290000,
45,d20,20,300000,0.0006000000284984708
45,d20,20,310000,
45,d20,20,320000,
45,d20,20,330000,
45,d20,20,340000,
45,d20,20,350000,
45,d20,20,360000,
45,d20,20,370000,
45,d20,20,380000,
45,d20,20,390000,
45,d20,20,400000,0.002400000113993883
45,d20,20,410000,
45,d20,20,420000,
45,d20,20,430000,
45,d20,20,440000,
45,d20,20,450000,
45,d20,20,460000,
45,d20,20,470000,
45,d20,20,480000,
45,d20,20,490000,
45,d20,20,500000,0.0032999999821186066
45,d20,20,510000,
45,d20,20,520000,
45,d20,20,530000,
45,d20,20,540000,
45,d20,20,550000,
45,d20,20,560000,
45,d20,20,570000,
45,d20,20,580000,
45,d20,20,590000,
45,d20,20,600000,0.00419999985024333
45,d20,20,610000,
45,d20,20,620000,
45,d20,20,630000,
45,d20,20,640000,
45,d20,20,650000,
45,d20,20,660000,
45,d20,20,670000,
45,d20,20,680000,
45,d20,20,690000,
45,d20,20,700000,0.0038999998942017555
45,d20,20,710000,
45,d20,20,720000,
45,d20,20,730000,
45,d20,20,740000,
45,d20,20,750000,
45,d20,20,760000,
45,d20,20,770000,
45,d20,20,780000,
45,d20,20,790000,
45,d20,20,800000,0.007300000172108412
45,d20,20,810000,
45,d20,20,820000,
45,d20,20,830000,
45,d20,20,840000,
45,d20,20,850000,
45,d20,20,860000,
45,d20,20,870000,
45,d20,20,880000,
45,d20,20,890000,
45,d20,20,900000,0.006000000052154064
45,d20,20,910000,
45,d20,20,920000,
45,d20,20,930000,
45,d20,20,940000,
45,d20,20,950000,
45,d20,20,960000,
45,d20,20,970000,
45,d20,20,980000,
45,d20,20,990000,
45,d20,20,1000000,0.005799999926239252
45,d20,20,1010000,
45,d20,20,1020000,
45,d20,20,1030000,
45,d20,20,1040000,
45,d20,20,1050000,
45,d20,20,1060000,
45,d20,20,1070000,
45,d20,20,1080000,
45,d20,20,1090000,
45,d20,20,1100000,0.007300000172108412
45,d20,20,1110000,
45,d20,20,1120000,
45,d20,20,1130000,
45,d20,20,1140000,
45,d20,20,1150000,
45,d20,20,1160000,
45,d20,20,1170000,
45,d20,20,1180000,
45,d20,20,1190000,
45,d20,20,1200000,0.008200000040233135
45,d20,20,1210000,
45,d20,20,1220000,
45,d20,20,1230000,
45,d20,20,1240000,
45,d20,20,1250000,
45,d20,20,1260000,
45,d20,20,1270000,
45,d20,20,1280000,
45,d20,20,1290000,
45,d20,20,1300000,0.008700000122189522
45,d20,20,1310000,
45,d20,20,1320000,
45,d20,20,1330000,
45,d20,20,1340000,
45,d20,20,1350000,
45,d20,20,1360000,
45,d20,20,1370000,
45,d20,20,1380000,
45,d20,20,1390000,
45,d20,20,1400000,0.007400000002235174
45,d20,20,1410000,
45,d20,20,1420000,
45,d20,20,1430000,
45,d20,20,1440000,
45,d20,20,1450000,
45,d20,20,1460000,
45,d20,20,1470000,
45,d20,20,1480000,
45,d20,20,1490000,
45,d20,20,1500000,0.008500000461935997
45,d20,20,1510000,
45,d20,20,1520000,
45,d20,20,1530000,
45,d20,20,1540000,
45,d20,20,1550000,
45,d20,20,1560000,
45,d20,20,1570000,
45,d20,20,1580000,
45,d20,20,1590000,
45,d20,20,1600000,0.007699999958276749
45,d20,20,1610000,
45,d20,20,1620000,
45,d20,20,1630000,
45,d20,20,1640000,
45,d20,20,1650000,
45,d20,20,1660000,
45,d20,20,1670000,
45,d20,20,1680000,
45,d20,20,1690000,
45,d20,20,1700000,0.009100000374019146
45,d20,20,1710000,
45,d20,20,1720000,
45,d20,20,1730000,
45,d20,20,1740000,
45,d20,20,1750000,
45,d20,20,1760000,
45,d20,20,1770000,
45,d20,20,1780000,
45,d20,20,1790000,
45,d20,20,1800000,0.009399999864399433
45,d20,20,1810000,
45,d20,20,1820000,
45,d20,20,1830000,
45,d20,20,1840000,
45,d20,20,1850000,
45,d20,20,1860000,
45,d20,20,1870000,
45,d20,20,1880000,
45,d20,20,1890000,
45,d20,20,1900000,0.00839999970048666
45,d20,20,1910000,
45,d20,20,1920000,
45,d20,20,1930000,
45,d20,20,1940000,
45,d20,20,1950000,
45,d20,20,1960000,
45,d20,20,1970000,
45,d20,20,1980000,
45,d20,20,1990000,
45,d20,20,2000000,0.008500000461935997
45,d20,20,2010000,
45,d20,20,2020000,
45,d20,20,2030000,
45,d20,20,2040000,
45,d20,20,2050000,
45,d20,20,2060000,
45,d20,20,2070000,
45,d20,20,2080000,
45,d20,20,2090000,
45,d20,20,2100000,0.010499999858438969
45,d20,20,2110000,
45,d20,20,2120000,
45,d20,20,2130000,
45,d20,20,2140000,
45,d20,20,2150000,
45,d20,20,2160000,
45,d20,20,2170000,
45,d20,20,2180000,
45,d20,20,2190000,
45,d20,20,2200000,0.009200000204145908
45,d20,20,2210000,
45,d20,20,2220000,
45,d20,20,2230000,
45,d20,20,2240000,
45,d20,20,2250000,
45,d20,20,2260000,
45,d20,20,2270000,
45,d20,20,2280000,
45,d20,20,2290000,
45,d20,20,2300000,0.011300000362098217
45,d20,20,2310000,
45,d20,20,2320000,
45,d20,20,2330000,
45,d20,20,2340000,
45,d20,20,2350000,
45,d20,20,2360000,
45,d20,20,2370000,
45,d20,20,2380000,
45,d20,20,2390000,
45,d20,20,2400000,0.009399999864399433
45,d20,20,2410000,
45,d20,20,2420000,
45,d20,20,2430000,
45,d20,20,2440000,
45,d20,20,2450000,
45,d20,20,2460000,
45,d20,20,2470000,
45,d20,20,2480000,
45,d20,20,2490000,
45,d20,20,2500000,0.011300000362098217
45,d20,20,2510000,
45,d20,20,2520000,
45,d20,20,2530000,
45,d20,20,2540000,
45,d20,20,2550000,
45,d20,20,2560000,
45,d20,20,2570000,
45,d20,20,2580000,
45,d20,20,2590000,
45,d20,20,2600000,0.010099999606609344
45,d20,20,2610000,
45,d20,20,2620000,
45,d20,20,2630000,
45,d20,20,2640000,
45,d20,20,2650000,
45,d20,20,2660000,
45,d20,20,2670000,
45,d20,20,2680000,
45,d20,20,2690000,
45,d20,20,2700000,0.010400000028312206
45,d20,20,2710000,
45,d20,20,2720000,
45,d20,20,2730000,
45,d20,20,2740000,
45,d20,20,2750000,
45,d20,20,2760000,
45,d20,20,2770000,
45,d20,20,2780000,
45,d20,20,2790000,
45,d20,20,2800000,0.01119999960064888
45,d20,20,2810000,
45,d20,20,2820000,
45,d20,20,2830000,
45,d20,20,2840000,
45,d20,20,2850000,
45,d20,20,2860000,
45,d20,20,2870000,
45,d20,20,2880000,
45,d20,20,2890000,
45,d20,20,2900000,0.01080000028014183
45,d20,20,2910000,
45,d20,20,2920000,
45,d20,20,2930000,
45,d20,20,2940000,
45,d20,20,2950000,
45,d20,20,2960000,
45,d20,20,2970000,
45,d20,20,2980000,
45,d20,20,2990000,
45,d20,20,3000000,0.011599999852478504
45,d20,20,3010000,
45,d20,20,3020000,
45,d20,20,3030000,
45,d20,20,3040000,
45,d20,20,3050000,
45,d20,20,3060000,
45,d20,20,3070000,
45,d20,20,3080000,
45,d20,20,3090000,
45,d20,20,3100000,0.010700000450015068
45,d20,20,3110000,
45,d20,20,3120000,
45,d20,20,3130000,
45,d20,20,3140000,
45,d20,20,3150000,
45,d20,20,3160000,
45,d20,20,3170000,
45,d20,20,3180000,
45,d20,20,3190000,
45,d20,20,3200000,0.011099999770522118
45,d20,20,3210000,
45,d20,20,3220000,
45,d20,20,3230000,
45,d20,20,3240000,
45,d20,20,3250000,
45,d20,20,3260000,
45,d20,20,3270000,
45,d20,20,3280000,
45,d20,20,3290000,
45,d20,20,3300000,0.010900000110268593
45,d20,20,3310000,
45,d20,20,3320000,
45,d20,20,3330000,
45,d20,20,3340000,
45,d20,20,3350000,
45,d20,20,3360000,
45,d20,20,3370000,
45,d20,20,3380000,
45,d20,20,3390000,
45,d20,20,3400000,0.011500000022351742
45,d20,20,3410000,
45,d20,20,3420000,
45,d20,20,3430000,
45,d20,20,3440000,
45,d20,20,3450000,
45,d20,20,3460000,
45,d20,20,3470000,
45,d20,20,3480000,
45,d20,20,3490000,
45,d20,20,3500000,0.01269999984651804
45,d20,20,3510000,
45,d20,20,3520000,
45,d20,20,3530000,
45,d20,20,3540000,
45,d20,20,3550000,
45,d20,20,3560000,
45,d20,20,3570000,
45,d20,20,3580000,
45,d20,20,3590000,
45,d20,20,3600000,0.01080000028014183
45,d20,20,3610000,
45,d20,20,3620000,
45,d20,20,3630000,
45,d20,20,3640000,
45,d20,20,3650000,
45,d20,20,3660000,
45,d20,20,3670000,
45,d20,20,3680000,
45,d20,20,3690000,
45,d20,20,3700000,0.008500000461935997
45,d20,20,3710000,
45,d20,20,3720000,
45,d20,20,3730000,
45,d20,20,3740000,
45,d20,20,3750000,
45,d20,20,3760000,
45,d20,20,3770000,
45,d20,20,3780000,
45,d20,20,3790000,
45,d20,20,3800000,0.012000000104308128
45,d20,20,3810000,
45,d20,20,3820000,
45,d20,20,3830000,
45,d20,20,3840000,
45,d20,20,3850000,
45,d20,20,3860000,
45,d20,20,3870000,
45,d20,20,3880000,
45,d20,20,3890000,
45,d20,20,3900000,0.011599999852478504
45,d20,20,3910000,
45,d20,20,3920000,
45,d20,20,3930000,
45,d20,20,3940000,
45,d20,20,3950000,
45,d20,20,3960000,
45,d20,20,3970000,
45,d20,20,3980000,
45,d20,20,3990000,
45,d20,20,4000000,0.01119999960064888
45,d20,20,4010000,
45,d20,20,4020000,
45,d20,20,4030000,
45,d20,20,4040000,
45,d20,20,4050000,
45,d20,20,4060000,
45,d20,20,4070000,
45,d20,20,4080000,
45,d20,20,4090000,
45,d20,20,4100000,0.011500000022351742
45,d20,20,4110000,
45,d20,20,4120000,
45,d20,20,4130000,
45,d20,20,4140000,
45,d20,20,4150000,
45,d20,20,4160000,
45,d20,20,4170000,
45,d20,20,4180000,
45,d20,20,4190000,
45,d20,20,4200000,0.011099999770522118
45,d20,20,4210000,
45,d20,20,4220000,
45,d20,20,4230000,
45,d20,20,4240000,
45,d20,20,4250000,
45,d20,20,4260000,
45,d20,20,4270000,
45,d20,20,4280000,
45,d20,20,4290000,
45,d20,20,4300000,0.014399999752640724
45,d20,20,4310000,
45,d20,20,4320000,
45,d20,20,4330000,
45,d20,20,4340000,
45,d20,20,4350000,
45,d20,20,4360000,
45,d20,20,4370000,
45,d20,20,4380000,
45,d20,20,4390000,
45,d20,20,4400000,0.011500000022351742
45,d20,20,4410000,
45,d20,20,4420000,
45,d20,20,4430000,
45,d20,20,4440000,
45,d20,20,4450000,
45,d20,20,4460000,
45,d20,20,4470000,
45,d20,20,4480000,
45,d20,20,4490000,
45,d20,20,4500000,0.009999999776482582
45,d20,20,4510000,
45,d20,20,4520000,
45,d20,20,4530000,
45,d20,20,4540000,
45,d20,20,4550000,
45,d20,20,4560000,
45,d20,20,4570000,
45,d20,20,4580000,
45,d20,20,4590000,
45,d20,20,4600000,0.013000000268220901
45,d20,20,4610000,
45,d20,20,4620000,
45,d20,20,4630000,
45,d20,20,4640000,
45,d20,20,4650000,
45,d20,20,4660000,
45,d20,20,4670000,
45,d20,20,4680000,
45,d20,20,4690000,
45,d20,20,4700000,0.012600000016391277
45,d20,20,4710000,
45,d20,20,4720000,
45,d20,20,4730000,
45,d20,20,4740000,
45,d20,20,4750000,
45,d20,20,4760000,
45,d20,20,4770000,
45,d20,20,4780000,
45,d20,20,4790000,
45,d20,20,4800000,0.011900000274181366
45,d20,20,4810000,
45,d20,20,4820000,
45,d20,20,4830000,
45,d20,20,4840000,
45,d20,20,4850000,
45,d20,20,4860000,
45,d20,20,4870000,
45,d20,20,4880000,
45,d20,20,4890000,
45,d20,20,4900000,0.01140000019222498
45,d20,20,4910000,
45,d20,20,4920000,
45,d20,20,4930000,
45,d20,20,4940000,
45,d20,20,4950000,
45,d20,20,4960000,
45,d20,20,4970000,
45,d20,20,4980000,
45,d20,20,4990000,
45,d20,20,5000000,0.011300000362098217
46,d20,20,1,0.0
46,d20,20,10000,
46,d20,20,20000,
46,d20,20,30000,
46,d20,20,40000,
46,d20,20,50000,
46,d20,20,60000,
46,d20,20,70000,
46,d20,20,80000,
46,d20,20,90000,
46,d20,20,100000,0.0
46,d20,20,110000,
46,d20,20,120000,
46,d20,20,130000,
46,d20,20,140000,
46,d20,20,150000,
46,d20,20,160000,
46,d20,20,170000,
46,d20,20,180000,
46,d20,20,190000,
46,d20,20,200000,0.0003000000142492354
46,d20,20,210000,
46,d20,20,220000,
46,d20,20,230000,
46,d20,20,240000,
46,d20,20,250000,
46,d20,20,260000,
46,d20,20,270000,
46,d20,20,280000,
46,d20,20,290000,
46,d20,20,300000,0.0012000000569969416
46,d20,20,310000,
46,d20,20,320000,
46,d20,20,330000,
46,d20,20,340000,
46,d20,20,350000,
46,d20,20,360000,
46,d20,20,370000,
46,d20,20,380000,
46,d20,20,390000,
46,d20,20,400000,0.0026000000070780516
46,d20,20,410000,
46,d20,20,420000,
46,d20,20,430000,
46,d20,20,440000,
46,d20,20,450000,
46,d20,20,460000,
46,d20,20,470000,
46,d20,20,480000,
46,d20,20,490000,
46,d20,20,500000,0.0027000000700354576
46,d20,20,510000,
46,d20,20,520000,
46,d20,20,530000,
46,d20,20,540000,
46,d20,20,550000,
46,d20,20,560000,
46,d20,20,570000,
46,d20,20,580000,
46,d20,20,590000,
46,d20,20,600000,0.0038999998942017555
46,d20,20,610000,
46,d20,20,620000,
46,d20,20,630000,
46,d20,20,640000,
46,d20,20,650000,
46,d20,20,660000,
46,d20,20,670000,
46,d20,20,680000,
46,d20,20,690000,
46,d20,20,700000,0.0052999998442828655
46,d20,20,710000,
46,d20,20,720000,
46,d20,20,730000,
46,d20,20,740000,
46,d20,20,750000,
46,d20,20,760000,
46,d20,20,770000,
46,d20,20,780000,
46,d20,20,790000,
46,d20,20,800000,0.005100000184029341
46,d20,20,810000,
46,d20,20,820000,
46,d20,20,830000,
46,d20,20,840000,
46,d20,20,850000,
46,d20,20,860000,
46,d20,20,870000,
46,d20,20,880000,
46,d20,20,890000,
46,d20,20,900000,0.006500000134110451
46,d20,20,910000,
46,d20,20,920000,
46,d20,20,930000,
46,d20,20,940000,
46,d20,20,950000,
46,d20,20,960000,
46,d20,20,970000,
46,d20,20,980000,
46,d20,20,990000,
46,d20,20,1000000,0.005499999970197678
46,d20,20,1010000,
46,d20,20,1020000,
46,d20,20,1030000,
46,d20,20,1040000,
46,d20,20,1050000,
46,d20,20,1060000,
46,d20,20,1070000,
46,d20,20,1080000,
46,d20,20,1090000,
46,d20,20,1100000,0.006200000178068876
46,d20,20,1110000,
46,d20,20,1120000,
46,d20,20,1130000,
46,d20,20,1140000,
46,d20,20,1150000,
46,d20,20,1160000,
46,d20,20,1170000,
46,d20,20,1180000,
46,d20,20,1190000,
46,d20,20,1200000,0.007600000128149986
46,d20,20,1210000,
46,d20,20,1220000,
46,d20,20,1230000,
46,d20,20,1240000,
46,d20,20,1250000,
46,d20,20,1260000,
46,d20,20,1270000,
46,d20,20,1280000,
46,d20,20,1290000,
46,d20,20,1300000,0.00839999970048666
46,d20,20,1310000,
46,d20,20,1320000,
46,d20,20,1330000,
46,d20,20,1340000,
46,d20,20,1350000,
46,d20,20,1360000,
46,d20,20,1370000,
46,d20,20,1380000,
46,d20,20,1390000,
46,d20,20,1400000,0.008299999870359898
46,d20,20,1410000,
46,d20,20,1420000,
46,d20,20,1430000,
46,d20,20,1440000,
46,d20,20,1450000,
46,d20,20,1460000,
46,d20,20,1470000,
46,d20,20,1480000,
46,d20,20,1490000,
46,d20,20,1500000,0.007199999876320362
46,d20,20,1510000,
46,d20,20,1520000,
46,d20,20,1530000,
46,d20,20,1540000,
46,d20,20,1550000,
46,d20,20,1560000,
46,d20,20,1570000,
46,d20,20,1580000,
46,d20,20,1590000,
46,d20,20,1600000,0.010300000198185444
46,d20,20,1610000,
46,d20,20,1620000,
46,d20,20,1630000,
46,d20,20,1640000,
46,d20,20,1650000,
46,d20,20,1660000,
46,d20,20,1670000,
46,d20,20,1680000,
46,d20,20,1690000,
46,d20,20,1700000,0.009600000455975533
46,d20,20,1710000,
46,d20,20,1720000,
46,d20,20,1730000,
46,d20,20,1740000,
46,d20,20,1750000,
46,d20,20,1760000,
46,d20,20,1770000,
46,d20,20,1780000,
46,d20,20,1790000,
46,d20,20,1800000,0.008200000040233135
46,d20,20,1810000,
46,d20,20,1820000,
46,d20,20,1830000,
46,d20,20,1840000,
46,d20,20,1850000,
46,d20,20,1860000,
46,d20,20,1870000,
46,d20,20,1880000,
46,d20,20,1890000,
46,d20,20,1900000,0.009999999776482582
46,d20,20,1910000,
46,d20,20,1920000,
46,d20,20,1930000,
46,d20,20,1940000,
46,d20,20,1950000,
46,d20,20,1960000,
46,d20,20,1970000,
46,d20,20,1980000,
46,d20,20,1990000,
46,d20,20,2000000,0.010999999940395355
46,d20,20,2010000,
46,d20,20,2020000,
46,d20,20,2030000,
46,d20,20,2040000,
46,d20,20,2050000,
46,d20,20,2060000,
46,d20,20,2070000,
46,d20,20,2080000,
46,d20,20,2090000,
46,d20,20,2100000,0.011099999770522118
46,d20,20,2110000,
46,d20,20,2120000,
46,d20,20,2130000,
46,d20,20,2140000,
46,d20,20,2150000,
46,d20,20,2160000,
46,d20,20,2170000,
46,d20,20,2180000,
46,d20,20,2190000,
46,d20,20,2200000,0.010499999858438969
46,d20,20,2210000,
46,d20,20,2220000,
46,d20,20,2230000,
46,d20,20,2240000,
46,d20,20,2250000,
46,d20,20,2260000,
46,d20,20,2270000,
46,d20,20,2280000,
46,d20,20,2290000,
46,d20,20,2300000,0.011599999852478504
46,d20,20,2310000,
46,d20,20,2320000,
46,d20,20,2330000,
46,d20,20,2340000,
46,d20,20,2350000,
46,d20,20,2360000,
46,d20,20,2370000,
46,d20,20,2380000,
46,d20,20,2390000,
46,d20,20,2400000,0.010999999940395355
46,d20,20,2410000,
46,d20,20,2420000,
46,d20,20,2430000,
46,d20,20,2440000,
46,d20,20,2450000,
46,d20,20,2460000,
46,d20,20,2470000,
46,d20,20,2480000,
46,d20,20,2490000,
46,d20,20,2500000,0.01119999960064888
46,d20,20,2510000,
46,d20,20,2520000,
46,d20,20,2530000,
46,d20,20,2540000,
46,d20,20,2550000,
46,d20,20,2560000,
46,d20,20,2570000,
46,d20,20,2580000,
46,d20,20,2590000,
46,d20,20,2600000,0.01119999960064888
46,d20,20,2610000,
46,d20,20,2620000,
46,d20,20,2630000,
46,d20,20,2640000,
46,d20,20,2650000,
46,d20,20,2660000,
46,d20,20,2670000,
46,d20,20,2680000,
46,d20,20,2690000,
46,d20,20,2700000,0.01269999984651804
46,d20,20,2710000,
46,d20,20,2720000,
46,d20,20,2730000,
46,d20,20,2740000,
46,d20,20,2750000,
46,d20,20,2760000,
46,d20,20,2770000,
46,d20,20,2780000,
46,d20,20,2790000,
46,d20,20,2800000,0.009100000374019146
46,d20,20,2810000,
46,d20,20,2820000,
46,d20,20,2830000,
46,d20,20,2840000,
46,d20,20,2850000,
46,d20,20,2860000,
46,d20,20,2870000,
46,d20,20,2880000,
46,d20,20,2890000,
46,d20,20,2900000,0.012000000104308128
46,d20,20,2910000,
46,d20,20,2920000,
46,d20,20,2930000,
46,d20,20,2940000,
46,d20,20,2950000,
46,d20,20,2960000,
46,d20,20,2970000,
46,d20,20,2980000,
46,d20,20,2990000,
46,d20,20,3000000,0.01140000019222498
46,d20,20,3010000,
46,d20,20,3020000,
46,d20,20,3030000,
46,d20,20,3040000,
46,d20,20,3050000,
46,d20,20,3060000,
46,d20,20,3070000,
46,d20,20,3080000,
46,d20,20,3090000,
46,d20,20,3100000,0.01119999960064888
46,d20,20,3110000,
46,d20,20,3120000,
46,d20,20,3130000,
46,d20,20,3140000,
46,d20,20,3150000,
46,d20,20,3160000,
46,d20,20,3170000,
46,d20,20,3180000,
46,d20,20,3190000,
46,d20,20,3200000,0.011800000444054604
46,d20,20,3210000,
46,d20,20,3220000,
46,d20,20,3230000,
46,d20,20,3240000,
46,d20,20,3250000,
46,d20,20,3260000,
46,d20,20,3270000,
46,d20,20,3280000,
46,d20,20,3290000,
46,d20,20,3300000,0.00930000003427267
46,d20,20,3310000,
46,d20,20,3320000,
46,d20,20,3330000,
46,d20,20,3340000,
46,d20,20,3350000,
46,d20,20,3360000,
46,d20,20,3370000,
46,d20,20,3380000,
46,d20,20,3390000,
46,d20,20,3400000,0.01209999993443489
46,d20,20,3410000,
46,d20,20,3420000,
46,d20,20,3430000,
46,d20,20,3440000,
46,d20,20,3450000,
46,d20,20,3460000,
46,d20,20,3470000,
46,d20,20,3480000,
46,d20,20,3490000,
46,d20,20,3500000,0.013399999588727951
46,d20,20,3510000,
46,d20,20,3520000,
46,d20,20,3530000,
46,d20,20,3540000,
46,d20,20,3550000,
46,d20,20,3560000,
46,d20,20,3570000,
46,d20,20,3580000,
46,d20,20,3590000,
46,d20,20,3600000,0.010300000198185444
46,d20,20,3610000,
46,d20,20,3620000,
46,d20,20,3630000,
46,d20,20,3640000,
46,d20,20,3650000,
46,d20,20,3660000,
46,d20,20,3670000,
46,d20,20,3680000,
46,d20,20,3690000,
46,d20,20,3700000,0.010200000368058681
46,d20,20,3710000,
46,d20,20,3720000,
46,d20,20,3730000,
46,d20,20,3740000,
46,d20,20,3750000,
46,d20,20,3760000,
46,d20,20,3770000,
46,d20,20,3780000,
46,d20,20,3790000,
46,d20,20,3800000,0.009700000286102295
46,d20,20,3810000,
46,d20,20,3820000,
46,d20,20,3830000,
46,d20,20,3840000,
46,d20,20,3850000,
46,d20,20,3860000,
46,d20,20,3870000,
46,d20,20,3880000,
46,d20,20,3890000,
46,d20,20,3900000,0.011099999770522118
46,d20,20,3910000,
46,d20,20,3920000,
46,d20,20,3930000,
46,d20,20,3940000,
46,d20,20,3950000,
46,d20,20,3960000,
46,d20,20,3970000,
46,d20,20,3980000,
46,d20,20,3990000,
46,d20,20,4000000,0.00989999994635582
46,d20,20,4010000,
46,d20,20,4020000,
46,d20,20,4030000,
46,d20,20,4040000,
46,d20,20,4050000,
46,d20,20,4060000,
46,d20,20,4070000,
46,d20,20,4080000,
46,d20,20,4090000,
46,d20,20,4100000,0.014100000262260437
46,d20,20,4110000,
46,d20,20,4120000,
46,d20,20,4130000,
46,d20,20,4140000,
46,d20,20,4150000,
46,d20,20,4160000,
46,d20,20,4170000,
46,d20,20,4180000,
46,d20,20,4190000,
46,d20,20,4200000,0.011800000444054604
46,d20,20,4210000,
46,d20,20,4220000,
46,d20,20,4230000,
46,d20,20,4240000,
46,d20,20,4250000,
46,d20,20,4260000,
46,d20,20,4270000,
46,d20,20,4280000,
46,d20,20,4290000,
46,d20,20,4300000,0.012500000186264515
46,d20,20,4310000,
46,d20,20,4320000,
46,d20,20,4330000,
46,d20,20,4340000,
46,d20,20,4350000,
46,d20,20,4360000,
46,d20,20,4370000,
46,d20,20,4380000,
46,d20,20,4390000,
46,d20,20,4400000,0.009999999776482582
46,d20,20,4410000,
46,d20,20,4420000,
46,d20,20,4430000,
46,d20,20,4440000,
46,d20,20,4450000,
46,d20,20,4460000,
46,d20,20,4470000,
46,d20,20,4480000,
46,d20,20,4490000,
46,d20,20,4500000,0.012500000186264515
46,d20,20,4510000,
46,d20,20,4520000,
46,d20,20,4530000,
46,d20,20,4540000,
46,d20,20,4550000,
46,d20,20,4560000,
46,d20,20,4570000,
46,d20,20,4580000,
46,d20,20,4590000,
46,d20,20,4600000,0.01269999984651804
46,d20,20,4610000,
46,d20,20,4620000,
46,d20,20,4630000,
46,d20,20,4640000,
46,d20,20,4650000,
46,d20,20,4660000,
46,d20,20,4670000,
46,d20,20,4680000,
46,d20,20,4690000,
46,d20,20,4700000,0.012000000104308128
46,d20,20,4710000,
46,d20,20,4720000,
46,d20,20,4730000,
46,d20,20,4740000,
46,d20,20,4750000,
46,d20,20,4760000,
46,d20,20,4770000,
46,d20,20,4780000,
46,d20,20,4790000,
46,d20,20,4800000,0.012900000438094139
46,d20,20,4810000,
46,d20,20,4820000,
46,d20,20,4830000,
46,d20,20,4840000,
46,d20,20,4850000,
46,d20,20,4860000,
46,d20,20,4870000,
46,d20,20,4880000,
46,d20,20,4890000,
46,d20,20,4900000,0.00989999994635582
46,d20,20,4910000,
46,d20,20,4920000,
46,d20,20,4930000,
46,d20,20,4940000,
46,d20,20,4950000,
46,d20,20,4960000,
46,d20,20,4970000,
46,d20,20,4980000,
46,d20,20,4990000,
46,d20,20,5000000,0.012500000186264515
42,d40,40,1,0.0
42,d40,40,10000,
42,d40,40,20000,
42,d40,40,30000,
42,d40,40,40000,
42,d40,40,50000,
42,d40,40,60000,
42,d40,40,70000,
42,d40,40,80000,
42,d40,40,90000,
42,d40,40,100000,0.00019999999494757503
42,d40,40,110000,
42,d40,40,120000,
42,d40,40,130000,
42,d40,40,140000,
42,d40,40,150000,
42,d40,40,160000,
42,d40,40,170000,
42,d40,40,180000,
42,d40,40,190000,
42,d40,40,200000,0.003100000089034438
42,d40,40,210000,
42,d40,40,220000,
42,d40,40,230000,
42,d40,40,240000,
42,d40,40,250000,
42,d40,40,260000,
42,d40,40,270000,
42,d40,40,280000,
42,d40,40,290000,
42,d40,40,300000,0.008200000040233135
42,d40,40,310000,
42,d40,40,320000,
42,d40,40,330000,
42,d40,40,340000,
42,d40,40,350000,
42,d40,40,360000,
42,d40,40,370000,
42,d40,40,380000,
42,d40,40,390000,
42,d40,40,400000,0.012299999594688416
42,d40,40,410000,
42,d40,40,420000,
42,d40,40,430000,
42,d40,40,440000,
42,d40,40,450000,
42,d40,40,460000,
42,d40,40,470000,
42,d40,40,480000,
42,d40,40,490000,
42,d40,40,500000,0.018300000578165054
42,d40,40,510000,
42,d40,40,520000,
42,d40,40,530000,
42,d40,40,540000,
42,d40,40,550000,
42,d40,40,560000,
42,d40,40,570000,
42,d40,40,580000,
42,d40,40,590000,
42,d40,40,600000,0.022600000724196434
42,d40,40,610000,
42,d40,40,620000,
42,d40,40,630000,
42,d40,40,640000,
42,d40,40,650000,
42,d40,40,660000,
42,d40,40,670000,
42,d40,40,680000,
42,d40,40,690000,
42,d40,40,700000,0.028200000524520874
42,d40,40,710000,
42,d40,40,720000,
42,d40,40,730000,
42,d40,40,740000,
42,d40,40,750000,
42,d40,40,760000,
42,d40,40,770000,
42,d40,40,780000,
42,d40,40,790000,
42,d40,40,800000,0.034299999475479126
42,d40,40,810000,
42,d40,40,820000,
42,d40,40,830000,
42,d40,40,840000,
42,d40,40,850000,
42,d40,40,860000,
42,d40,40,870000,
42,d40,40,880000,
42,d40,40,890000,
42,d40,40,900000,0.03579999879002571
42,d40,40,910000,
42,d40,40,920000,
42,d40,40,930000,
42,d40,40,940000,
42,d40,40,950000,
42,d40,40,960000,
42,d40,40,970000,
42,d40,40,980000,
42,d40,40,990000,
42,d40,40,1000000,0.03590000048279762
42,d40,40,1010000,
42,d40,40,1020000,
42,d40,40,1030000,
42,d40,40,1040000,
42,d40,40,1050000,
42,d40,40,1060000,
42,d40,40,1070000,
42,d40,40,1080000,
42,d40,40,1090000,
42,d40,40,1100000,0.03880000114440918
42,d40,40,1110000,
42,d40,40,1120000,
42,d40,40,1130000,
42,d40,40,1140000,
42,d40,40,1150000,
42,d40,40,1160000,
42,d40,40,1170000,
42,d40,40,1180000,
42,d40,40,1190000,
42,d40,40,1200000,0.039799999445676804
42,d40,40,1210000,
42,d40,40,1220000,
42,d40,40,1230000,
42,d40,40,1240000,
42,d40,40,1250000,
42,d40,40,1260000,
42,d40,40,1270000,
42,d40,40,1280000,
42,d40,40,1290000,
42,d40,40,1300000,0.045499999076128006
42,d40,40,1310000,
42,d40,40,1320000,
42,d40,40,1330000,
42,d40,40,1340000,
42,d40,40,1350000,
42,d40,40,1360000,
42,d40,40,1370000,
42,d40,40,1380000,
42,d40,40,1390000,
42,d40,40,1400000,0.04780000075697899
42,d40,40,1410000,
42,d40,40,1420000,
42,d40,40,1430000,
42,d40,40,1440000,
42,d40,40,1450000,
42,d40,40,1460000,
42,d40,40,1470000,
42,d40,40,1480000,
42,d40,40,1490000,
42,d40,40,1500000,0.051600001752376556
42,d40,40,1510000,
42,d40,40,1520000,
42,d40,40,1530000,
42,d40,40,1540000,
42,d40,40,1550000,
42,d40,40,1560000,
42,d40,40,1570000,
42,d40,40,1580000,
42,d40,40,1590000,
42,d40,40,1600000,0.05380000174045563
42,d40,40,1610000,
42,d40,40,1620000,
42,d40,40,1630000,
42,d40,40,1640000,
42,d40,40,1650000,
42,d40,40,1660000,
42,d40,40,1670000,
42,d40,40,1680000,
42,d40,40,1690000,
42,d40,40,1700000,0.05260000005364418
42,d40,40,1710000,
42,d40,40,1720000,
42,d40,40,1730000,
42,d40,40,1740000,
42,d40,40,1750000,
42,d40,40,1760000,
42,d40,40,1770000,
42,d40,40,1780000,
42,d40,40,1790000,
42,d40,40,1800000,0.055399999022483826
42,d40,40,1810000,
42,d40,40,1820000,
42,d40,40,1830000,
42,d40,40,1840000,
42,d40,40,1850000,
42,d40,40,1860000,
42,d40,40,1870000,
42,d40,40,1880000,
42,d40,40,1890000,
42,d40,40,1900000,0.05770000070333481
42,d40,40,1910000,
42,d40,40,1920000,
42,d40,40,1930000,
42,d40,40,1940000,
42,d40,40,1950000,
42,d40,40,1960000,
42,d40,40,1970000,
42,d40,40,1980000,
42,d40,40,1990000,
42,d40,40,2000000,0.05700000002980232
42,d40,40,2010000,
42,d40,40,2020000,
42,d40,40,2030000,
42,d40,40,2040000,
42,d40,40,2050000,
42,d40,40,2060000,
42,d40,40,2070000,
42,d40,40,2080000,
42,d40,40,2090000,
42,d40,40,2100000,0.06159999966621399
42,d40,40,2110000,
42,d40,40,2120000,
42,d40,40,2130000,
42,d40,40,2140000,
42,d40,40,2150000,
42,d40,40,2160000,
42,d40,40,2170000,
42,d40,40,2180000,
42,d40,40,2190000,
42,d40,40,2200000,0.06440000236034393
42,d40,40,2210000,
42,d40,40,2220000,
42,d40,40,2230000,
42,d40,40,2240000,
42,d40,40,2250000,
42,d40,40,2260000,
42,d40,40,2270000,
42,d40,40,2280000,
42,d40,40,2290000,
42,d40,40,2300000,0.06120000034570694
42,d40,40,2310000,
42,d40,40,2320000,
42,d40,40,2330000,
42,d40,40,2340000,
42,d40,40,2350000,
42,d40,40,2360000,
42,d40,40,2370000,
42,d40,40,2380000,
42,d40,40,2390000,
42,d40,40,2400000,0.065700002014637
42,d40,40,2410000,
42,d40,40,2420000,
42,d40,40,2430000,
42,d40,40,2440000,
42,d40,40,2450000,
42,d40,40,2460000,
42,d40,40,2470000,
42,d40,40,2480000,
42,d40,40,2490000,
42,d40,40,2500000,0.06629999727010727
42,d40,40,2510000,
42,d40,40,2520000,
42,d40,40,2530000,
42,d40,40,2540000,
42,d40,40,2550000,
42,d40,40,2560000,
42,d40,40,2570000,
42,d40,40,2580000,
42,d40,40,2590000,
42,d40,40,2600000,0.06669999659061432
42,d40,40,2610000,
42,d40,40,2620000,
42,d40,40,2630000,
42,d40,40,2640000,
42,d40,40,2650000,
42,d40,40,2660000,
42,d40,40,2670000,
42,d40,40,2680000,
42,d40,40,2690000,
42,d40,40,2700000,0.06800000369548798
42,d40,40,2710000,
42,d40,40,2720000,
42,d40,40,2730000,
42,d40,40,2740000,
42,d40,40,2750000,
42,d40,40,2760000,
42,d40,40,2770000,
42,d40,40,2780000,
42,d40,40,2790000,
42,d40,40,2800000,0.06599999964237213
42,d40,40,2810000,
42,d40,40,2820000,
42,d40,40,2830000,
42,d40,40,2840000,
42,d40,40,2850000,
42,d40,40,2860000,
42,d40,40,2870000,
42,d40,40,2880000,
42,d40,40,2890000,
42,d40,40,2900000,0.06319999694824219
42,d40,40,2910000,
42,d40,40,2920000,
42,d40,40,2930000,
42,d40,40,2940000,
42,d40,40,2950000,
42,d40,40,2960000,
42,d40,40,2970000,
42,d40,40,2980000,
42,d40,40,2990000,
42,d40,40,3000000,0.06419999897480011
42,d40,40,3010000,
42,d40,40,3020000,
42,d40,40,3030000,
42,d40,40,3040000,
42,d40,40,3050000,
42,d40,40,3060000,
42,d40,40,3070000,
42,d40,40,3080000,
42,d40,40,3090000,
42,d40,40,3100000,0.07119999825954437
42,d40,40,3110000,
42,d40,40,3120000,
42,d40,40,3130000,
42,d40,40,3140000,
42,d40,40,3150000,
42,d40,40,3160000,
42,d40,40,3170000,
42,d40,40,3180000,
42,d40,40,3190000,
42,d40,40,3200000,0.06369999796152115
42,d40,40,3210000,
42,d40,40,3220000,
42,d40,40,3230000,
42,d40,40,3240000,
42,d40,40,3250000,
42,d40,40,3260000,
42,d40,40,3270000,
42,d40,40,3280000,
42,d40,40,3290000,
42,d40,40,3300000,0.07090000063180923
42,d40,40,3310000,
42,d40,40,3320000,
42,d40,40,3330000,
42,d40,40,3340000,
42,d40,40,3350000,
42,d40,40,3360000,
42,d40,40,3370000,
42,d40,40,3380000,
42,d40,40,3390000,
42,d40,40,3400000,0.07039999961853027
42,d40,40,3410000,
42,d40,40,3420000,
42,d40,40,3430000,
42,d40,40,3440000,
42,d40,40,3450000,
42,d40,40,3460000,
42,d40,40,3470000,
42,d40,40,3480000,
42,d40,40,3490000,
42,d40,40,3500000,0.06949999928474426
42,d40,40,3510000,
42,d40,40,3520000,
42,d40,40,3530000,
42,d40,40,3540000,
42,d40,40,3550000,
42,d40,40,3560000,
42,d40,40,3570000,
42,d40,40,3580000,
42,d40,40,3590000,
42,d40,40,3600000,0.06430000066757202
42,d40,40,3610000,
42,d40,40,3620000,
42,d40,40,3630000,
42,d40,40,3640000,
42,d40,40,3650000,
42,d40,40,3660000,
42,d40,40,3670000,
42,d40,40,3680000,
42,d40,40,3690000,
42,d40,40,3700000,0.06480000168085098
42,d40,40,3710000,
42,d40,40,3720000,
42,d40,40,3730000,
42,d40,40,3740000,
42,d40,40,3750000,
42,d40,40,3760000,
42,d40,40,3770000,
42,d40,40,3780000,
42,d40,40,3790000,
42,d40,40,3800000,0.0722000002861023
42,d40,40,3810000,
42,d40,40,3820000,
42,d40,40,3830000,
42,d40,40,3840000,
42,d40,40,3850000,
42,d40,40,3860000,
42,d40,40,3870000,
42,d40,40,3880000,
42,d40,40,3890000,
42,d40,40,3900000,0.06790000200271606
42,d40,40,3910000,
42,d40,40,3920000,
42,d40,40,3930000,
42,d40,40,3940000,
42,d40,40,3950000,
42,d40,40,3960000,
42,d40,40,3970000,
42,d40,40,3980000,
42,d40,40,3990000,
42,d40,40,4000000,0.06880000233650208
42,d40,40,4010000,
42,d40,40,4020000,
42,d40,40,4030000,
42,d40,40,4040000,
42,d40,40,4050000,
42,d40,40,4060000,
42,d40,40,4070000,
42,d40,40,4080000,
42,d40,40,4090000,
42,d40,40,4100000,0.06830000132322311
42,d40,40,4110000,
42,d40,40,4120000,
42,d40,40,4130000,
42,d40,40,4140000,
42,d40,40,4150000,
42,d40,40,4160000,
42,d40,40,4170000,
42,d40,40,4180000,
42,d40,40,4190000,
42,d40,40,4200000,0.07190000265836716
42,d40,40,4210000,
42,d40,40,4220000,
42,d40,40,4230000,
42,d40,40,4240000,
42,d40,40,4250000,
42,d40,40,4260000,
42,d40,40,4270000,
42,d40,40,4280000,
42,d40,40,4290000,
42,d40,40,4300000,0.0714000016450882
42,d40,40,4310000,
42,d40,40,4320000,
42,d40,40,4330000,
42,d40,40,4340000,
42,d40,40,4350000,
42,d40,40,4360000,
42,d40,40,4370000,
42,d40,40,4380000,
42,d40,40,4390000,
42,d40,40,4400000,0.07410000264644623
42,d40,40,4410000,
42,d40,40,4420000,
42,d40,40,4430000,
42,d40,40,4440000,
42,d40,40,4450000,
42,d40,40,4460000,
42,d40,40,4470000,
42,d40,40,4480000,
42,d40,40,4490000,
42,d40,40,4500000,0.07699999958276749
42,d40,40,4510000,
42,d40,40,4520000,
42,d40,40,4530000,
42,d40,40,4540000,
42,d40,40,4550000,
42,d40,40,4560000,
42,d40,40,4570000,
42,d40,40,4580000,
42,d40,40,4590000,
42,d40,40,4600000,0.07530000060796738
42,d40,40,4610000,
42,d40,40,4620000,
42,d40,40,4630000,
42,d40,40,4640000,
42,d40,40,4650000,
42,d40,40,4660000,
42,d40,40,4670000,
42,d40,40,4680000,
42,d40,40,4690000,
42,d40,40,4700000,0.07209999859333038
42,d40,40,4710000,
42,d40,40,4720000,
42,d40,40,4730000,
42,d40,40,4740000,
42,d40,40,4750000,
42,d40,40,4760000,
42,d40,40,4770000,
42,d40,40,4780000,
42,d40,40,4790000,
42,d40,40,4800000,0.06960000097751617
42,d40,40,4810000,
42,d40,40,4820000,
42,d40,40,4830000,
42,d40,40,4840000,
42,d40,40,4850000,
42,d40,40,4860000,
42,d40,40,4870000,
42,d40,40,4880000,
42,d40,40,4890000,
42,d40,40,4900000,0.0722000002861023
42,d40,40,4910000,
42,d40,40,4920000,
42,d40,40,4930000,
42,d40,40,4940000,
42,d40,40,4950000,
42,d40,40,4960000,
42,d40,40,4970000,
42,d40,40,4980000,
42,d40,40,4990000,
42,d40,40,5000000,0.07329999655485153
43,d40,40,1,0.0
43,d40,40,10000,
43,d40,40,20000,
43,d40,40,30000,
43,d40,40,40000,
43,d40,40,50000,
43,d40,40,60000,
43,d40,40,70000,
43,d40,40,80000,
43,d40,40,90000,
43,d40,40,100000,9.999999747378752e-05
43,d40,40,110000,
43,d40,40,120000,
43,d40,40,130000,
43,d40,40,140000,
43,d40,40,150000,
43,d40,40,160000,
43,d40,40,170000,
43,d40,40,180000,
43,d40,40,190000,
43,d40,40,200000,0.0026000000070780516
43,d40,40,210000,
43,d40,40,220000,
43,d40,40,230000,
43,d40,40,240000,
43,d40,40,250000,
43,d40,40,260000,
43,d40,40,270000,
43,d40,40,280000,
43,d40,40,290000,
43,d40,40,300000,0.008999999612569809
43,d40,40,310000,
43,d40,40,320000,
43,d40,40,330000,
43,d40,40,340000,
43,d40,40,350000,
43,d40,40,360000,
43,d40,40,370000,
43,d40,40,380000,
43,d40,40,390000,
43,d40,40,400000,0.014399999752640724
43,d40,40,410000,
43,d40,40,420000,
43,d40,40,430000,
43,d40,40,440000,
43,d40,40,450000,
43,d40,40,460000,
43,d40,40,470000,
43,d40,40,480000,
43,d40,40,490000,
43,d40,40,500000,0.015799999237060547
43,d40,40,510000,
43,d40,40,520000,
43,d40,40,530000,
43,d40,40,540000,
43,d40,40,550000,
43,d40,40,560000,
43,d40,40,570000,
43,d40,40,580000,
43,d40,40,590000,
43,d40,40,600000,0.021800000220537186
43,d40,40,610000,
43,d40,40,620000,
43,d40,40,630000,
43,d40,40,640000,
43,d40,40,650000,
43,d40,40,660000,
43,d40,40,670000,
43,d40,40,680000,
43,d40,40,690000,
43,d40,40,700000,0.02500000037252903
43,d40,40,710000,
43,d40,40,720000,
43,d40,40,730000,
43,d40,40,740000,
43,d40,40,750000,
43,d40,40,760000,
43,d40,40,770000,
43,d40,40,780000,
43,d40,40,790000,
43,d40,40,800000,0.029600000008940697
43,d40,40,810000,
43,d40,40,820000,
43,d40,40,830000,
43,d40,40,840000,
43,d40,40,850000,
43,d40,40,860000,
43,d40,40,870000,
43,d40,40,880000,
43,d40,40,890000,
43,d40,40,900000,0.03530000150203705
43,d40,40,910000,
43,d40,40,920000,
43,d40,40,930000,
43,d40,40,940000,
43,d40,40,950000,
43,d40,40,960000,
43,d40,40,970000,
43,d40,40,980000,
43,d40,40,990000,
43,d40,40,1000000,0.036400001496076584
43,d40,40,1010000,
43,d40,40,1020000,
43,d40,40,1030000,
43,d40,40,1040000,
43,d40,40,1050000,
43,d40,40,1060000,
43,d40,40,1070000,
43,d40,40,1080000,
43,d40,40,1090000,
43,d40,40,1100000,0.04450000077486038
43,d40,40,1110000,
43,d40,40,1120000,
43,d40,40,1130000,
43,d40,40,1140000,
43,d40,40,1150000,
43,d40,40,1160000,
43,d40,40,1170000,
43,d40,40,1180000,
43,d40,40,1190000,
43,d40,40,1200000,0.04969999939203262
43,d40,40,1210000,
43,d40,40,1220000,
43,d40,40,1230000,
43,d40,40,1240000,
43,d40,40,1250000,
43,d40,40,1260000,
43,d40,40,1270000,
43,d40,40,1280000,
43,d40,40,1290000,
43,d40,40,1300000,0.041099999099969864
43,d40,40,1310000,
43,d40,40,1320000,
43,d40,40,1330000,
43,d40,40,1340000,
43,d40,40,1350000,
43,d40,40,1360000,
43,d40,40,1370000,
43,d40,40,1380000,
43,d40,40,1390000,
43,d40,40,1400000,0.05000000074505806
43,d40,40,1410000,
43,d40,40,1420000,
43,d40,40,1430000,
43,d40,40,1440000,
43,d40,40,1450000,
43,d40,40,1460000,
43,d40,40,1470000,
43,d40,40,1480000,
43,d40,40,1490000,
43,d40,40,1500000,0.048500001430511475
43,d40,40,1510000,
43,d40,40,1520000,
43,d40,40,1530000,
43,d40,40,1540000,
43,d40,40,1550000,
43,d40,40,1560000,
43,d40,40,1570000,
43,d40,40,1580000,
43,d40,40,1590000,
43,d40,40,1600000,0.0478999987244606
43,d40,40,1610000,
43,d40,40,1620000,
43,d40,40,1630000,
43,d40,40,1640000,
43,d40,40,1650000,
43,d40,40,1660000,
43,d40,40,1670000,
43,d40,40,1680000,
43,d40,40,1690000,
43,d40,40,1700000,0.052299998700618744
43,d40,40,1710000,
43,d40,40,1720000,
43,d40,40,1730000,
43,d40,40,1740000,
43,d40,40,1750000,
43,d40,40,1760000,
43,d40,40,1770000,
43,d40,40,1780000,
43,d40,40,1790000,
43,d40,40,1800000,0.05730000138282776
43,d40,40,1810000,
43,d40,40,1820000,
43,d40,40,1830000,
43,d40,40,1840000,
43,d40,40,1850000,
43,d40,40,1860000,
43,d40,40,1870000,
43,d40,40,1880000,
43,d40,40,1890000,
43,d40,40,1900000,0.06459999829530716
43,d40,40,1910000,
43,d40,40,1920000,
43,d40,40,1930000,
43,d40,40,1940000,
43,d40,40,1950000,
43,d40,40,1960000,
43,d40,40,1970000,
43,d40,40,1980000,
43,d40,40,1990000,
43,d40,40,2000000,0.058800000697374344
43,d40,40,2010000,
43,d40,40,2020000,
43,d40,40,2030000,
43,d40,40,2040000,
43,d40,40,2050000,
43,d40,40,2060000,
43,d40,40,2070000,
43,d40,40,2080000,
43,d40,40,2090000,
43,d40,40,2100000,0.058400001376867294
43,d40,40,2110000,
43,d40,40,2120000,
43,d40,40,2130000,
43,d40,40,2140000,
43,d40,40,2150000,
43,d40,40,2160000,
43,d40,40,2170000,
43,d40,40,2180000,
43,d40,40,2190000,
43,d40,40,2200000,0.05999999865889549
43,d40,40,2210000,
43,d40,40,2220000,
43,d40,40,2230000,
43,d40,40,2240000,
43,d40,40,2250000,
43,d40,40,2260000,
43,d40,40,2270000,
43,d40,40,2280000,
43,d40,40,2290000,
43,d40,40,2300000,0.06509999930858612
43,d40,40,2310000,
43,d40,40,2320000,
43,d40,40,2330000,
43,d40,40,2340000,
43,d40,40,2350000,
43,d40,40,2360000,
43,d40,40,2370000,
43,d40,40,2380000,
43,d40,40,2390000,
43,d40,40,2400000,0.05790000036358833
43,d40,40,2410000,
43,d40,40,2420000,
43,d40,40,2430000,
43,d40,40,2440000,
43,d40,40,2450000,
43,d40,40,2460000,
43,d40,40,2470000,
43,d40,40,2480000,
43,d40,40,2490000,
43,d40,40,2500000,0.0649000033736229
43,d40,40,2510000,
43,d40,40,2520000,
43,d40,40,2530000,
43,d40,40,2540000,
43,d40,40,2550000,
43,d40,40,2560000,
43,d40,40,2570000,
43,d40,40,2580000,
43,d40,40,2590000,
43,d40,40,2600000,0.06260000169277191
43,d40,40,2610000,
43,d40,40,2620000,
43,d40,40,2630000,
43,d40,40,2640000,
43,d40,40,2650000,
43,d40,40,2660000,
43,d40,40,2670000,
43,d40,40,2680000,
43,d40,40,2690000,
43,d40,40,2700000,0.06719999760389328
43,d40,40,2710000,
43,d40,40,2720000,
43,d40,40,2730000,
43,d40,40,2740000,
43,d40,40,2750000,
43,d40,40,2760000,
43,d40,40,2770000,
43,d40,40,2780000,
43,d40,40,2790000,
43,d40,40,2800000,0.06480000168085098
43,d40,40,2810000,
43,d40,40,2820000,
43,d40,40,2830000,
43,d40,40,2840000,
43,d40,40,2850000,
43,d40,40,2860000,
43,d40,40,2870000,
43,d40,40,2880000,
43,d40,40,2890000,
43,d40,40,2900000,0.06830000132322311
43,d40,40,2910000,
43,d40,40,2920000,
43,d40,40,2930000,
43,d40,40,2940000,
43,d40,40,2950000,
43,d40,40,2960000,
43,d40,40,2970000,
43,d40,40,2980000,
43,d40,40,2990000,
43,d40,40,3000000,0.06769999861717224
43,d40,40,3010000,
43,d40,40,3020000,
43,d40,40,3030000,
43,d40,40,3040000,
43,d40,40,3050000,
43,d40,40,3060000,
43,d40,40,3070000,
43,d40,40,3080000,
43,d40,40,3090000,
43,d40,40,3100000,0.06650000065565109
43,d40,40,3110000,
43,d40,40,3120000,
43,d40,40,3130000,
43,d40,40,3140000,
43,d40,40,3150000,
43,d40,40,3160000,
43,d40,40,3170000,
43,d40,40,3180000,
43,d40,40,3190000,
43,d40,40,3200000,0.0697999969124794
43,d40,40,3210000,
43,d40,40,3220000,
43,d40,40,3230000,
43,d40,40,3240000,
43,d40,40,3250000,
43,d40,40,3260000,
43,d40,40,3270000,
43,d40,40,3280000,
43,d40,40,3290000,
43,d40,40,3300000,0.06849999725818634
43,d40,40,3310000,
43,d40,40,3320000,
43,d40,40,3330000,
43,d40,40,3340000,
43,d40,40,3350000,
43,d40,40,3360000,
43,d40,40,3370000,
43,d40,40,3380000,
43,d40,40,3390000,
43,d40,40,3400000,0.06949999928474426
43,d40,40,3410000,
43,d40,40,3420000,
43,d40,40,3430000,
43,d40,40,3440000,
43,d40,40,3450000,
43,d40,40,3460000,
43,d40,40,3470000,
43,d40,40,3480000,
43,d40,40,3490000,
43,d40,40,3500000,0.0722000002861023
43,d40,40,3510000,
43,d40,40,3520000,
43,d40,40,3530000,
43,d40,40,3540000,
43,d40,40,3550000,
43,d40,40,3560000,
43,d40,40,3570000,
43,d40,40,3580000,
43,d40,40,3590000,
43,d40,40,3600000,0.07050000131130219
43,d40,40,3610000,
43,d40,40,3620000,
43,d40,40,3630000,
43,d40,40,3640000,
43,d40,40,3650000,
43,d40,40,3660000,
43,d40,40,3670000,
43,d40,40,3680000,
43,d40,40,3690000,
43,d40,40,3700000,0.06880000233650208
43,d40,40,3710000,
43,d40,40,3720000,
43,d40,40,3730000,
43,d40,40,3740000,
43,d40,40,3750000,
43,d40,40,3760000,
43,d40,40,3770000,
43,d40,40,3780000,
43,d40,40,3790000,
43,d40,40,3800000,0.07859999686479568
43,d40,40,3810000,
43,d40,40,3820000,
43,d40,40,3830000,
43,d40,40,3840000,
43,d40,40,3850000,
43,d40,40,3860000,
43,d40,40,3870000,
43,d40,40,3880000,
43,d40,40,3890000,
43,d40,40,3900000,0.0714000016450882
43,d40,40,3910000,
43,d40,40,3920000,
43,d40,40,3930000,
43,d40,40,3940000,
43,d40,40,3950000,
43,d40,40,3960000,
43,d40,40,3970000,
43,d40,40,3980000,
43,d40,40,3990000,
43,d40,40,4000000,0.06989999860525131
43,d40,40,4010000,
43,d40,40,4020000,
43,d40,40,4030000,
43,d40,40,4040000,
43,d40,40,4050000,
43,d40,40,4060000,
43,d40,40,4070000,
43,d40,40,4080000,
43,d40,40,4090000,
43,d40,40,4100000,0.07079999893903732
43,d40,40,4110000,
43,d40,40,4120000,
43,d40,40,4130000,
43,d40,40,4140000,
43,d40,40,4150000,
43,d40,40,4160000,
43,d40,40,4170000,
43,d40,40,4180000,
43,d40,40,4190000,
43,d40,40,4200000,0.06719999760389328
43,d40,40,4210000,
43,d40,40,4220000,
43,d40,40,4230000,
43,d40,40,4240000,
43,d40,40,4250000,
43,d40,40,4260000,
43,d40,40,4270000,
43,d40,40,4280000,
43,d40,40,4290000,
43,d40,40,4300000,0.06650000065565109
43,d40,40,4310000,
43,d40,40,4320000,
43,d40,40,4330000,
43,d40,40,4340000,
43,d40,40,4350000,
43,d40,40,4360000,
43,d40,40,4370000,
43,d40,40,4380000,
43,d40,40,4390000,
43,d40,40,4400000,0.07440000027418137
43,d40,40,4410000,
43,d40,40,4420000,
43,d40,40,4430000,
43,d40,40,4440000,
43,d40,40,4450000,
43,d40,40,4460000,
43,d40,40,4470000,
43,d40,40,4480000,
43,d40,40,4490000,
43,d40,40,4500000,0.07580000162124634
43,d40,40,4510000,
43,d40,40,4520000,
43,d40,40,4530000,
43,d40,40,4540000,
43,d40,40,4550000,
43,d40,40,4560000,
43,d40,40,4570000,
43,d40,40,4580000,
43,d40,40,4590000,
43,d40,40,4600000,0.07209999859333038
43,d40,40,4610000,
43,d40,40,4620000,
43,d40,40,4630000,
43,d40,40,4640000,
43,d40,40,4650000,
43,d40,40,4660000,
43,d40,40,4670000,
43,d40,40,4680000,
43,d40,40,4690000,
43,d40,40,4700000,0.07580000162124634
43,d40,40,4710000,
43,d40,40,4720000,
43,d40,40,4730000,
43,d40,40,4740000,
43,d40,40,4750000,
43,d40,40,4760000,
43,d40,40,4770000,
43,d40,40,4780000,
43,d40,40,4790000,
43,d40,40,4800000,0.06849999725818634
43,d40,40,4810000,
43,d40,40,4820000,
43,d40,40,4830000,
43,d40,40,4840000,
43,d40,40,4850000,
43,d40,40,4860000,
43,d40,40,4870000,
43,d40,40,4880000,
43,d40,40,4890000,
43,d40,40,4900000,0.06849999725818634
43,d40,40,4910000,
43,d40,40,4920000,
43,d40,40,4930000,
43,d40,40,4940000,
43,d40,40,4950000,
43,d40,40,4960000,
43,d40,40,4970000,
43,d40,40,4980000,
43,d40,40,4990000,
43,d40,40,5000000,0.07249999791383743
44,d40,40,1,0.0
44,d40,40,10000,
44,d40,40,20000,
44,d40,40,30000,
44,d40,40,40000,
44,d40,40,50000,
44,d40,40,60000,
44,d40,40,70000,
44,d40,40,80000,
44,d40,40,90000,
44,d40,40,100000,0.00019999999494757503
44,d40,40,110000,
44,d40,40,120000,
44,d40,40,130000,
44,d40,40,140000,
44,d40,40,150000,
44,d40,40,160000,
44,d40,40,170000,
44,d40,40,180000,
44,d40,40,190000,
44,d40,40,200000,0.0020000000949949026
44,d40,40,210000,
44,d40,40,220000,
44,d40,40,230000,
44,d40,40,240000,
44,d40,40,250000,
44,d40,40,260000,
44,d40,40,270000,
44,d40,40,280000,
44,d40,40,290000,
44,d40,40,300000,0.007799999788403511
44,d40,40,310000,
44,d40,40,320000,
44,d40,40,330000,
44,d40,40,340000,
44,d40,40,350000,
44,d40,40,360000,
44,d40,40,370000,
44,d40,40,380000,
44,d40,40,390000,
44,d40,40,400000,0.014600000344216824
44,d40,40,410000,
44,d40,40,420000,
44,d40,40,430000,
44,d40,40,440000,
44,d40,40,450000,
44,d40,40,460000,
44,d40,40,470000,
44,d40,40,480000,
44,d40,40,490000,
44,d40,40,500000,0.020099999383091927
44,d40,40,510000,
44,d40,40,520000,
44,d40,40,530000,
44,d40,40,540000,
44,d40,40,550000,
44,d40,40,560000,
44,d40,40,570000,
44,d40,40,580000,
44,d40,40,590000,
44,d40,40,600000,0.023600000888109207
44,d40,40,610000,
44,d40,40,620000,
44,d40,40,630000,
44,d40,40,640000,
44,d40,40,650000,
44,d40,40,660000,
44,d40,40,670000,
44,d40,40,680000,
44,d40,40,690000,
44,d40,40,700000,0.027699999511241913
44,d40,40,710000,
44,d40,40,720000,
44,d40,40,730000,
44,d40,40,740000,
44,d40,40,750000,
44,d40,40,760000,
44,d40,40,770000,
44,d40,40,780000,
44,d40,40,790000,
44,d40,40,800000,0.02850000001490116
44,d40,40,810000,
44,d40,40,820000,
44,d40,40,830000,
44,d40,40,840000,
44,d40,40,850000,
44,d40,40,860000,
44,d40,40,870000,
44,d40,40,880000,
44,d40,40,890000,
44,d40,40,900000,0.040699999779462814
44,d40,40,910000,
44,d40,40,920000,
44,d40,40,930000,
44,d40,40,940000,
44,d40,40,950000,
44,d40,40,960000,
44,d40,40,970000,
44,d40,40,980000,
44,d40,40,990000,
44,d40,40,1000000,0.03610000014305115
44,d40,40,1010000,
44,d40,40,1020000,
44,d40,40,1030000,
44,d40,40,1040000,
44,d40,40,1050000,
44,d40,40,1060000,
44,d40,40,1070000,
44,d40,40,1080000,
44,d40,40,1090000,
44,d40,40,1100000,0.04529999941587448
44,d40,40,1110000,
44,d40,40,1120000,
44,d40,40,1130000,
44,d40,40,1140000,
44,d40,40,1150000,
44,d40,40,1160000,
44,d40,40,1170000,
44,d40,40,1180000,
44,d40,40,1190000,
44,d40,40,1200000,0.04520000144839287
44,d40,40,1210000,
44,d40,40,1220000,
44,d40,40,1230000,
44,d40,40,1240000,
44,d40,40,1250000,
44,d40,40,1260000,
44,d40,40,1270000,
44,d40,40,1280000,
44,d40,40,1290000,
44,d40,40,1300000,0.050599999725818634
44,d40,40,1310000,
44,d40,40,1320000,
44,d40,40,1330000,
44,d40,40,1340000,
44,d40,40,1350000,
44,d40,40,1360000,
44,d40,40,1370000,
44,d40,40,1380000,
44,d40,40,1390000,
44,d40,40,1400000,0.04910000041127205
44,d40,40,1410000,
44,d40,40,1420000,
44,d40,40,1430000,
44,d40,40,1440000,
44,d40,40,1450000,
44,d40,40,1460000,
44,d40,40,1470000,
44,d40,40,1480000,
44,d40,40,1490000,
44,d40,40,1500000,0.053199999034404755
44,d40,40,1510000,
44,d40,40,1520000,
44,d40,40,1530000,
44,d40,40,1540000,
44,d40,40,1550000,
44,d40,40,1560000,
44,d40,40,1570000,
44,d40,40,1580000,
44,d40,40,1590000,
44,d40,40,1600000,0.052799999713897705
44,d40,40,1610000,
44,d40,40,1620000,
44,d40,40,1630000,
44,d40,40,1640000,
44,d40,40,1650000,
44,d40,40,1660000,
44,d40,40,1670000,
44,d40,40,1680000,
44,d40,40,1690000,
44,d40,40,1700000,0.057100001722574234
44,d40,40,1710000,
44,d40,40,1720000,
44,d40,40,1730000,
44,d40,40,1740000,
44,d40,40,1750000,
44,d40,40,1760000,
44,d40,40,1770000,
44,d40,40,1780000,
44,d40,40,1790000,
44,d40,40,1800000,0.05730000138282776
44,d40,40,1810000,
44,d40,40,1820000,
44,d40,40,1830000,
44,d40,40,1840000,
44,d40,40,1850000,
44,d40,40,1860000,
44,d40,40,1870000,
44,d40,40,1880000,
44,d40,40,1890000,
44,d40,40,1900000,0.05900000035762787
44,d40,40,1910000,
44,d40,40,1920000,
44,d40,40,1930000,
44,d40,40,1940000,
44,d40,40,1950000,
44,d40,40,1960000,
44,d40,40,1970000,
44,d40,40,1980000,
44,d40,40,1990000,
44,d40,40,2000000,0.0608999989926815
44,d40,40,2010000,
44,d40,40,2020000,
44,d40,40,2030000,
44,d40,40,2040000,
44,d40,40,2050000,
44,d40,40,2060000,
44,d40,40,2070000,
44,d40,40,2080000,
44,d40,40,2090000,
44,d40,40,2100000,0.0625
44,d40,40,2110000,
44,d40,40,2120000,
44,d40,40,2130000,
44,d40,40,2140000,
44,d40,40,2150000,
44,d40,40,2160000,
44,d40,40,2170000,
44,d40,40,2180000,
44,d40,40,2190000,
44,d40,40,2200000,0.05939999967813492
44,d40,40,2210000,
44,d40,40,2220000,
44,d40,40,2230000,
44,d40,40,2240000,
44,d40,40,2250000,
44,d40,40,2260000,
44,d40,40,2270000,
44,d40,40,2280000,
44,d40,40,2290000,
44,d40,40,2300000,0.065700002014637
44,d40,40,2310000,
44,d40,40,2320000,
44,d40,40,2330000,
44,d40,40,2340000,
44,d40,40,2350000,
44,d40,40,2360000,
44,d40,40,2370000,
44,d40,40,2380000,
44,d40,40,2390000,
44,d40,40,2400000,0.06509999930858612
44,d40,40,2410000,
44,d40,40,2420000,
44,d40,40,2430000,
44,d40,40,2440000,
44,d40,40,2450000,
44,d40,40,2460000,
44,d40,40,2470000,
44,d40,40,2480000,
44,d40,40,2490000,
44,d40,40,2500000,0.06549999862909317
44,d40,40,2510000,
44,d40,40,2520000,
44,d40,40,2530000,
44,d40,40,2540000,
44,d40,40,2550000,
44,d40,40,2560000,
44,d40,40,2570000,
44,d40,40,2580000,
44,d40,40,2590000,
44,d40,40,2600000,0.06390000134706497
44,d40,40,2610000,
44,d40,40,2620000,
44,d40,40,2630000,
44,d40,40,2640000,
44,d40,40,2650000,
44,d40,40,2660000,
44,d40,40,2670000,
44,d40,40,2680000,
44,d40,40,2690000,
44,d40,40,2700000,0.06469999998807907
44,d40,40,2710000,
44,d40,40,2720000,
44,d40,40,2730000,
44,d40,40,2740000,
44,d40,40,2750000,
44,d40,40,2760000,
44,d40,40,2770000,
44,d40,40,2780000,
44,d40,40,2790000,
44,d40,40,2800000,0.07010000199079514
44,d40,40,2810000,
44,d40,40,2820000,
44,d40,40,2830000,
44,d40,40,2840000,
44,d40,40,2850000,
44,d40,40,2860000,
44,d40,40,2870000,
44,d40,40,2880000,
44,d40,40,2890000,
44,d40,40,2900000,0.06909999996423721
44,d40,40,2910000,
44,d40,40,2920000,
44,d40,40,2930000,
44,d40,40,2940000,
44,d40,40,2950000,
44,d40,40,2960000,
44,d40,40,2970000,
44,d40,40,2980000,
44,d40,40,2990000,
44,d40,40,3000000,0.06300000101327896
44,d40,40,3010000,
44,d40,40,3020000,
44,d40,40,3030000,
44,d40,40,3040000,
44,d40,40,3050000,
44,d40,40,3060000,
44,d40,40,3070000,
44,d40,40,3080000,
44,d40,40,3090000,
44,d40,40,3100000,0.06989999860525131
44,d40,40,3110000,
44,d40,40,3120000,
44,d40,40,3130000,
44,d40,40,3140000,
44,d40,40,3150000,
44,d40,40,3160000,
44,d40,40,3170000,
44,d40,40,3180000,
44,d40,40,3190000,
44,d40,40,3200000,0.066600002348423
44,d40,40,3210000,
44,d40,40,3220000,
44,d40,40,3230000,
44,d40,40,3240000,
44,d40,40,3250000,
44,d40,40,3260000,
44,d40,40,3270000,
44,d40,40,3280000,
44,d40,40,3290000,
44,d40,40,3300000,0.07410000264644623
44,d40,40,3310000,
44,d40,40,3320000,
44,d40,40,3330000,
44,d40,40,3340000,
44,d40,40,3350000,
44,d40,40,3360000,
44,d40,40,3370000,
44,d40,40,3380000,
44,d40,40,3390000,
44,d40,40,3400000,0.0706000030040741
44,d40,40,3410000,
44,d40,40,3420000,
44,d40,40,3430000,
44,d40,40,3440000,
44,d40,40,3450000,
44,d40,40,3460000,
44,d40,40,3470000,
44,d40,40,3480000,
44,d40,40,3490000,
44,d40,40,3500000,0.0632999986410141
44,d40,40,3510000,
44,d40,40,3520000,
44,d40,40,3530000,
44,d40,40,3540000,
44,d40,40,3550000,
44,d40,40,3560000,
44,d40,40,3570000,
44,d40,40,3580000,
44,d40,40,3590000,
44,d40,40,3600000,0.07670000195503235
44,d40,40,3610000,
44,d40,40,3620000,
44,d40,40,3630000,
44,d40,40,3640000,
44,d40,40,3650000,
44,d40,40,3660000,
44,d40,40,3670000,
44,d40,40,3680000,
44,d40,40,3690000,
44,d40,40,3700000,0.07090000063180923
44,d40,40,3710000,
44,d40,40,3720000,
44,d40,40,3730000,
44,d40,40,3740000,
44,d40,40,3750000,
44,d40,40,3760000,
44,d40,40,3770000,
44,d40,40,3780000,
44,d40,40,3790000,
44,d40,40,3800000,0.06930000334978104
44,d40,40,3810000,
44,d40,40,3820000,
44,d40,40,3830000,
44,d40,40,3840000,
44,d40,40,3850000,
44,d40,40,3860000,
44,d40,40,3870000,
44,d40,40,3880000,
44,d40,40,3890000,
44,d40,40,3900000,0.07370000332593918
44,d40,40,3910000,
44,d40,40,3920000,
44,d40,40,3930000,
44,d40,40,3940000,
44,d40,40,3950000,
44,d40,40,3960000,
44,d40,40,3970000,
44,d40,40,3980000,
44,d40,40,3990000,
44,d40,40,4000000,0.07020000368356705
44,d40,40,4010000,
44,d40,40,4020000,
44,d40,40,4030000,
44,d40,40,4040000,
44,d40,40,4050000,
44,d40,40,4060000,
44,d40,40,4070000,
44,d40,40,4080000,
44,d40,40,4090000,
44,d40,40,4100000,0.066600002348423
44,d40,40,4110000,
44,d40,40,4120000,
44,d40,40,4130000,
44,d40,40,4140000,
44,d40,40,4150000,
44,d40,40,4160000,
44,d40,40,4170000,
44,d40,40,4180000,
44,d40,40,4190000,
44,d40,40,4200000,0.06949999928474426
44,d40,40,4210000,
44,d40,40,4220000,
44,d40,40,4230000,
44,d40,40,4240000,
44,d40,40,4250000,
44,d40,40,4260000,
44,d40,40,4270000,
44,d40,40,4280000,
44,d40,40,4290000,
44,d40,40,4300000,0.06949999928474426
44,d40,40,4310000,
44,d40,40,4320000,
44,d40,40,4330000,
44,d40,40,4340000,
44,d40,40,4350000,
44,d40,40,4360000,
44,d40,40,4370000,
44,d40,40,4380000,
44,d40,40,4390000,
44,d40,40,4400000,0.07440000027418137
44,d40,40,4410000,
44,d40,40,4420000,
44,d40,40,4430000,
44,d40,40,4440000,
44,d40,40,4450000,
44,d40,40,4460000,
44,d40,40,4470000,
44,d40,40,4480000,
44,d40,40,4490000,
44,d40,40,4500000,0.07199999690055847
44,d40,40,4510000,
44,d40,40,4520000,
44,d40,40,4530000,
44,d40,40,4540000,
44,d40,40,4550000,
44,d40,40,4560000,
44,d40,40,4570000,
44,d40,40,4580000,
44,d40,40,4590000,
44,d40,40,4600000,0.0763000026345253
44,d40,40,4610000,
44,d40,40,4620000,
44,d40,40,4630000,
44,d40,40,4640000,
44,d40,40,4650000,
44,d40,40,4660000,
44,d40,40,4670000,
44,d40,40,4680000,
44,d40,40,4690000,
44,d40,40,4700000,0.07580000162124634
44,d40,40,4710000,
44,d40,40,4720000,
44,d40,40,4730000,
44,d40,40,4740000,
44,d40,40,4750000,
44,d40,40,4760000,
44,d40,40,4770000,
44,d40,40,4780000,
44,d40,40,4790000,
44,d40,40,4800000,0.0681999996304512
44,d40,40,4810000,
44,d40,40,4820000,
44,d40,40,4830000,
44,d40,40,4840000,
44,d40,40,4850000,
44,d40,40,4860000,
44,d40,40,4870000,
44,d40,40,4880000,
44,d40,40,4890000,
44,d40,40,4900000,0.06909999996423721
44,d40,40,4910000,
44,d40,40,4920000,
44,d40,40,4930000,
44,d40,40,4940000,
44,d40,40,4950000,
44,d40,40,4960000,
44,d40,40,4970000,
44,d40,40,4980000,
44,d40,40,4990000,
44,d40,40,5000000,0.06920000165700912
45,d40,40,1,0.0
45,d40,40,10000,
45,d40,40,20000,
45,d40,40,30000,
45,d40,40,40000,
45,d40,40,50000,
45,d40,40,60000,
45,d40,40,70000,
45,d40,40,80000,
45,d40,40,90000,
45,d40,40,100000,0.0
45,d40,40,110000,
45,d40,40,120000,
45,d40,40,130000,
45,d40,40,140000,
45,d40,40,150000,
45,d40,40,160000,
45,d40,40,170000,
45,d40,40,180000,
45,d40,40,190000,
45,d40,40,200000,0.002099999925121665
45,d40,40,210000,
45,d40,40,220000,
45,d40,40,230000,
45,d40,40,240000,
45,d40,40,250000,
45,d40,40,260000,
45,d40,40,270000,
45,d40,40,280000,
45,d40,40,290000,
45,d40,40,300000,0.00800000037997961
45,d40,40,310000,
45,d40,40,320000,
45,d40,40,330000,
45,d40,40,340000,
45,d40,40,350000,
45,d40,40,360000,
45,d40,40,370000,
45,d40,40,380000,
45,d40,40,390000,
45,d40,40,400000,0.012600000016391277
45,d40,40,410000,
45,d40,40,420000,
45,d40,40,430000,
45,d40,40,440000,
45,d40,40,450000,
45,d40,40,460000,
45,d40,40,470000,
45,d40,40,480000,
45,d40,40,490000,
45,d40,40,500000,0.01860000006854534
45,d40,40,510000,
45,d40,40,520000,
45,d40,40,530000,
45,d40,40,540000,
45,d40,40,550000,
45,d40,40,560000,
45,d40,40,570000,
45,d40,40,580000,
45,d40,40,590000,
45,d40,40,600000,0.023600000888109207
45,d40,40,610000,
45,d40,40,620000,
45,d40,40,630000,
45,d40,40,640000,
45,d40,40,650000,
45,d40,40,660000,
45,d40,40,670000,
45,d40,40,680000,
45,d40,40,690000,
45,d40,40,700000,0.026499999687075615
45,d40,40,710000,
45,d40,40,720000,
45,d40,40,730000,
45,d40,40,740000,
45,d40,40,750000,
45,d40,40,760000,
45,d40,40,770000,
45,d40,40,780000,
45,d40,40,790000,
45,d40,40,800000,0.029500000178813934
45,d40,40,810000,
45,d40,40,820000,
45,d40,40,830000,
45,d40,40,840000,
45,d40,40,850000,
45,d40,40,860000,
45,d40,40,870000,
45,d40,40,880000,
45,d40,40,890000,
45,d40,40,900000,0.03519999980926514
45,d40,40,910000,
45,d40,40,920000,
45,d40,40,930000,
45,d40,40,940000,
45,d40,40,950000,
45,d40,40,960000,
45,d40,40,970000,
45,d40,40,980000,
45,d40,40,990000,
45,d40,40,1000000,0.0414000004529953
45,d40,40,1010000,
45,d40,40,1020000,
45,d40,40,1030000,
45,d40,40,1040000,
45,d40,40,1050000,
45,d40,40,1060000,
45,d40,40,1070000,
45,d40,40,1080000,
45,d40,40,1090000,
45,d40,40,1100000,0.039900001138448715
45,d40,40,1110000,
45,d40,40,1120000,
45,d40,40,1130000,
45,d40,40,1140000,
45,d40,40,1150000,
45,d40,40,1160000,
45,d40,40,1170000,
45,d40,40,1180000,
45,d40,40,1190000,
45,d40,40,1200000,0.04340000078082085
45,d40,40,1210000,
45,d40,40,1220000,
45,d40,40,1230000,
45,d40,40,1240000,
45,d40,40,1250000,
45,d40,40,1260000,
45,d40,40,1270000,
45,d40,40,1280000,
45,d40,40,1290000,
45,d40,40,1300000,0.05090000107884407
45,d40,40,1310000,
45,d40,40,1320000,
45,d40,40,1330000,
45,d40,40,1340000,
45,d40,40,1350000,
45,d40,40,1360000,
45,d40,40,1370000,
45,d40,40,1380000,
45,d40,40,1390000,
45,d40,40,1400000,0.04430000111460686
45,d40,40,1410000,
45,d40,40,1420000,
45,d40,40,1430000,
45,d40,40,1440000,
45,d40,40,1450000,
45,d40,40,1460000,
45,d40,40,1470000,
45,d40,40,1480000,
45,d40,40,1490000,
45,d40,40,1500000,0.0494999997317791
45,d40,40,1510000,
45,d40,40,1520000,
45,d40,40,1530000,
45,d40,40,1540000,
45,d40,40,1550000,
45,d40,40,1560000,
45,d40,40,1570000,
45,d40,40,1580000,
45,d40,40,1590000,
45,d40,40,1600000,0.0544000007212162
45,d40,40,1610000,
45,d40,40,1620000,
45,d40,40,1630000,
45,d40,40,1640000,
45,d40,40,1650000,
45,d40,40,1660000,
45,d40,40,1670000,
45,d40,40,1680000,
45,d40,40,1690000,
45,d40,40,1700000,0.0494999997317791
45,d40,40,1710000,
45,d40,40,1720000,
45,d40,40,1730000,
45,d40,40,1740000,
45,d40,40,1750000,
45,d40,40,1760000,
45,d40,40,1770000,
45,d40,40,1780000,
45,d40,40,1790000,
45,d40,40,1800000,0.05609999969601631
45,d40,40,1810000,
45,d40,40,1820000,
45,d40,40,1830000,
45,d40,40,1840000,
45,d40,40,1850000,
45,d40,40,1860000,
45,d40,40,1870000,
45,d40,40,1880000,
45,d40,40,1890000,
45,d40,40,1900000,0.06499999761581421
45,d40,40,1910000,
45,d40,40,1920000,
45,d40,40,1930000,
45,d40,40,1940000,
45,d40,40,1950000,
45,d40,40,1960000,
45,d40,40,1970000,
45,d40,40,1980000,
45,d40,40,1990000,
45,d40,40,2000000,0.06120000034570694
45,d40,40,2010000,
45,d40,40,2020000,
45,d40,40,2030000,
45,d40,40,2040000,
45,d40,40,2050000,
45,d40,40,2060000,
45,d40,40,2070000,
45,d40,40,2080000,
45,d40,40,2090000,
45,d40,40,2100000,0.05959999933838844
45,d40,40,2110000,
45,d40,40,2120000,
45,d40,40,2130000,
45,d40,40,2140000,
45,d40,40,2150000,
45,d40,40,2160000,
45,d40,40,2170000,
45,d40,40,2180000,
45,d40,40,2190000,
45,d40,40,2200000,0.06279999762773514
45,d40,40,2210000,
45,d40,40,2220000,
45,d40,40,2230000,
45,d40,40,2240000,
45,d40,40,2250000,
45,d40,40,2260000,
45,d40,40,2270000,
45,d40,40,2280000,
45,d40,40,2290000,
45,d40,40,2300000,0.05959999933838844
45,d40,40,2310000,
45,d40,40,2320000,
45,d40,40,2330000,
45,d40,40,2340000,
45,d40,40,2350000,
45,d40,40,2360000,
45,d40,40,2370000,
45,d40,40,2380000,
45,d40,40,2390000,
45,d40,40,2400000,0.0617000013589859
45,d40,40,2410000,
45,d40,40,2420000,
45,d40,40,2430000,
45,d40,40,2440000,
45,d40,40,2450000,
45,d40,40,2460000,
45,d40,40,2470000,
45,d40,40,2480000,
45,d40,40,2490000,
45,d40,40,2500000,0.05829999968409538
45,d40,40,2510000,
45,d40,40,2520000,
45,d40,40,2530000,
45,d40,40,2540000,
45,d40,40,2550000,
45,d40,40,2560000,
45,d40,40,2570000,
45,d40,40,2580000,
45,d40,40,2590000,
45,d40,40,2600000,0.06849999725818634
45,d40,40,2610000,
45,d40,40,2620000,
45,d40,40,2630000,
45,d40,40,2640000,
45,d40,40,2650000,
45,d40,40,2660000,
45,d40,40,2670000,
45,d40,40,2680000,
45,d40,40,2690000,
45,d40,40,2700000,0.06589999794960022
45,d40,40,2710000,
45,d40,40,2720000,
45,d40,40,2730000,
45,d40,40,2740000,
45,d40,40,2750000,
45,d40,40,2760000,
45,d40,40,2770000,
45,d40,40,2780000,
45,d40,40,2790000,
45,d40,40,2800000,0.06710000336170197
45,d40,40,2810000,
45,d40,40,2820000,
45,d40,40,2830000,
45,d40,40,2840000,
45,d40,40,2850000,
45,d40,40,2860000,
45,d40,40,2870000,
45,d40,40,2880000,
45,d40,40,2890000,
45,d40,40,2900000,0.07209999859333038
45,d40,40,2910000,
45,d40,40,2920000,
45,d40,40,2930000,
45,d40,40,2940000,
45,d40,40,2950000,
45,d40,40,2960000,
45,d40,40,2970000,
45,d40,40,2980000,
45,d40,40,2990000,
45,d40,40,3000000,0.06700000166893005
45,d40,40,3010000,
45,d40,40,3020000,
45,d40,40,3030000,
45,d40,40,3040000,
45,d40,40,3050000,
45,d40,40,3060000,
45,d40,40,3070000,
45,d40,40,3080000,
45,d40,40,3090000,
45,d40,40,3100000,0.066600002348423
45,d40,40,3110000,
45,d40,40,3120000,
45,d40,40,3130000,
45,d40,40,3140000,
45,d40,40,3150000,
45,d40,40,3160000,
45,d40,40,3170000,
45,d40,40,3180000,
45,d40,40,3190000,
45,d40,40,3200000,0.06629999727010727
45,d40,40,3210000,
45,d40,40,3220000,
45,d40,40,3230000,
45,d40,40,3240000,
45,d40,40,3250000,
45,d40,40,3260000,
45,d40,40,3270000,
45,d40,40,3280000,
45,d40,40,3290000,
45,d40,40,3300000,0.07620000094175339
45,d40,40,3310000,
45,d40,40,3320000,
45,d40,40,3330000,
45,d40,40,3340000,
45,d40,40,3350000,
45,d40,40,3360000,
45,d40,40,3370000,
45,d40,40,3380000,
45,d40,40,3390000,
45,d40,40,3400000,0.07069999724626541
45,d40,40,3410000,
45,d40,40,3420000,
45,d40,40,3430000,
45,d40,40,3440000,
45,d40,40,3450000,
45,d40,40,3460000,
45,d40,40,3470000,
45,d40,40,3480000,
45,d40,40,3490000,
45,d40,40,3500000,0.06960000097751617
45,d40,40,3510000,
45,d40,40,3520000,
45,d40,40,3530000,
45,d40,40,3540000,
45,d40,40,3550000,
45,d40,40,3560000,
45,d40,40,3570000,
45,d40,40,3580000,
45,d40,40,3590000,
45,d40,40,3600000,0.07050000131130219
45,d40,40,3610000,
45,d40,40,3620000,
45,d40,40,3630000,
45,d40,40,3640000,
45,d40,40,3650000,
45,d40,40,3660000,
45,d40,40,3670000,
45,d40,40,3680000,
45,d40,40,3690000,
45,d40,40,3700000,0.06780000030994415
45,d40,40,3710000,
45,d40,40,3720000,
45,d40,40,3730000,
45,d40,40,3740000,
45,d40,40,3750000,
45,d40,40,3760000,
45,d40,40,3770000,
45,d40,40,3780000,
45,d40,40,3790000,
45,d40,40,3800000,0.06949999928474426
45,d40,40,3810000,
45,d40,40,3820000,
45,d40,40,3830000,
45,d40,40,3840000,
45,d40,40,3850000,
45,d40,40,3860000,
45,d40,40,3870000,
45,d40,40,3880000,
45,d40,40,3890000,
45,d40,40,3900000,0.0771000012755394
45,d40,40,3910000,
45,d40,40,3920000,
45,d40,40,3930000,
45,d40,40,3940000,
45,d40,40,3950000,
45,d40,40,3960000,
45,d40,40,3970000,
45,d40,40,3980000,
45,d40,40,3990000,
45,d40,40,4000000,0.0689999982714653
45,d40,40,4010000,
45,d40,40,4020000,
45,d40,40,4030000,
45,d40,40,4040000,
45,d40,40,4050000,
45,d40,40,4060000,
45,d40,40,4070000,
45,d40,40,4080000,
45,d40,40,4090000,
45,d40,40,4100000,0.07559999823570251
45,d40,40,4110000,
45,d40,40,4120000,
45,d40,40,4130000,
45,d40,40,4140000,
45,d40,40,4150000,
45,d40,40,4160000,
45,d40,40,4170000,
45,d40,40,4180000,
45,d40,40,4190000,
45,d40,40,4200000,0.06610000133514404
45,d40,40,4210000,
45,d40,40,4220000,
45,d40,40,4230000,
45,d40,40,4240000,
45,d40,40,4250000,
45,d40,40,4260000,
45,d40,40,4270000,
45,d40,40,4280000,
45,d40,40,4290000,
45,d40,40,4300000,0.07339999824762344
45,d40,40,4310000,
45,d40,40,4320000,
45,d40,40,4330000,
45,d40,40,4340000,
45,d40,40,4350000,
45,d40,40,4360000,
45,d40,40,4370000,
45,d40,40,4380000,
45,d40,40,4390000,
45,d40,40,4400000,0.07490000128746033
45,d40,40,4410000,
45,d40,40,4420000,
45,d40,40,4430000,
45,d40,40,4440000,
45,d40,40,4450000,
45,d40,40,4460000,
45,d40,40,4470000,
45,d40,40,4480000,
45,d40,40,4490000,
45,d40,40,4500000,0.07440000027418137
45,d40,40,4510000,
45,d40,40,4520000,
45,d40,40,4530000,
45,d40,40,4540000,
45,d40,40,4550000,
45,d40,40,4560000,
45,d40,40,4570000,
45,d40,40,4580000,
45,d40,40,4590000,
45,d40,40,4600000,0.07490000128746033
45,d40,40,4610000,
45,d40,40,4620000,
45,d40,40,4630000,
45,d40,40,4640000,
45,d40,40,4650000,
45,d40,40,4660000,
45,d40,40,4670000,
45,d40,40,4680000,
45,d40,40,4690000,
45,d40,40,4700000,0.0738999992609024
45,d40,40,4710000,
45,d40,40,4720000,
45,d40,40,4730000,
45,d40,40,4740000,
45,d40,40,4750000,
45,d40,40,4760000,
45,d40,40,4770000,
45,d40,40,4780000,
45,d40,40,4790000,
45,d40,40,4800000,0.0714000016450882
45,d40,40,4810000,
45,d40,40,4820000,
45,d40,40,4830000,
45,d40,40,4840000,
45,d40,40,4850000,
45,d40,40,4860000,
45,d40,40,4870000,
45,d40,40,4880000,
45,d40,40,4890000,
45,d40,40,4900000,0.07819999754428864
45,d40,40,4910000,
45,d40,40,4920000,
45,d40,40,4930000,
45,d40,40,4940000,
45,d40,40,4950000,
45,d40,40,4960000,
45,d40,40,4970000,
45,d40,40,4980000,
45,d40,40,4990000,
45,d40,40,5000000,0.07360000163316727
46,d40,40,1,0.0
46,d40,40,10000,
46,d40,40,20000,
46,d40,40,30000,
46,d40,40,40000,
46,d40,40,50000,
46,d40,40,60000,
46,d40,40,70000,
46,d40,40,80000,
46,d40,40,90000,
46,d40,40,100000,9.999999747378752e-05
46,d40,40,110000,
46,d40,40,120000,
46,d40,40,130000,
46,d40,40,140000,
46,d40,40,150000,
46,d40,40,160000,
46,d40,40,170000,
46,d40,40,180000,
46,d40,40,190000,
46,d40,40,200000,0.002199999988079071
46,d40,40,210000,
46,d40,40,220000,
46,d40,40,230000,
46,d40,40,240000,
46,d40,40,250000,
46,d40,40,260000,
46,d40,40,270000,
46,d40,40,280000,
46,d40,40,290000,
46,d40,40,300000,0.008700000122189522
46,d40,40,310000,
46,d40,40,320000,
46,d40,40,330000,
46,d40,40,340000,
46,d40,40,350000,
46,d40,40,360000,
46,d40,40,370000,
46,d40,40,380000,
46,d40,40,390000,
46,d40,40,400000,0.013100000098347664
46,d40,40,410000,
46,d40,40,420000,
46,d40,40,430000,
46,d40,40,440000,
46,d40,40,450000,
46,d40,40,460000,
46,d40,40,470000,
46,d40,40,480000,
46,d40,40,490000,
46,d40,40,500000,0.016200000420212746
46,d40,40,510000,
46,d40,40,520000,
46,d40,40,530000,
46,d40,40,540000,
46,d40,40,550000,
46,d40,40,560000,
46,d40,40,570000,
46,d40,40,580000,
46,d40,40,590000,
46,d40,40,600000,0.02500000037252903
46,d40,40,610000,
46,d40,40,620000,
46,d40,40,630000,
46,d40,40,640000,
46,d40,40,650000,
46,d40,40,660000,
46,d40,40,670000,
46,d40,40,680000,
46,d40,40,690000,
46,d40,40,700000,0.02500000037252903
46,d40,40,710000,
46,d40,40,720000,
46,d40,40,730000,
46,d40,40,740000,
46,d40,40,750000,
46,d40,40,760000,
46,d40,40,770000,
46,d40,40,780000,
46,d40,40,790000,
46,d40,40,800000,0.03060000017285347
46,d40,40,810000,
46,d40,40,820000,
46,d40,40,830000,
46,d40,40,840000,
46,d40,40,850000,
46,d40,40,860000,
46,d40,40,870000,
46,d40,40,880000,
46,d40,40,890000,
46,d40,40,900000,0.03920000046491623
46,d40,40,910000,
46,d40,40,920000,
46,d40,40,930000,
46,d40,40,940000,
46,d40,40,950000,
46,d40,40,960000,
46,d40,40,970000,
46,d40,40,980000,
46,d40,40,990000,
46,d40,40,1000000,0.03909999877214432
46,d40,40,1010000,
46,d40,40,1020000,
46,d40,40,1030000,
46,d40,40,1040000,
46,d40,40,1050000,
46,d40,40,1060000,
46,d40,40,1070000,
46,d40,40,1080000,
46,d40,40,1090000,
46,d40,40,1100000,0.04100000113248825
46,d40,40,1110000,
46,d40,40,1120000,
46,d40,40,1130000,
46,d40,40,1140000,
46,d40,40,1150000,
46,d40,40,1160000,
46,d40,40,1170000,
46,d40,40,1180000,
46,d40,40,1190000,
46,d40,40,1200000,0.0478999987244606
46,d40,40,1210000,
46,d40,40,1220000,
46,d40,40,1230000,
46,d40,40,1240000,
46,d40,40,1250000,
46,d40,40,1260000,
46,d40,40,1270000,
46,d40,40,1280000,
46,d40,40,1290000,
46,d40,40,1300000,0.04560000076889992
46,d40,40,1310000,
46,d40,40,1320000,
46,d40,40,1330000,
46,d40,40,1340000,
46,d40,40,1350000,
46,d40,40,1360000,
46,d40,40,1370000,
46,d40,40,1380000,
46,d40,40,1390000,
46,d40,40,1400000,0.04879999905824661
46,d40,40,1410000,
46,d40,40,1420000,
46,d40,40,1430000,
46,d40,40,1440000,
46,d40,40,1450000,
46,d40,40,1460000,
46,d40,40,1470000,
46,d40,40,1480000,
46,d40,40,1490000,
46,d40,40,1500000,0.0471000000834465
46,d40,40,1510000,
46,d40,40,1520000,
46,d40,40,1530000,
46,d40,40,1540000,
46,d40,40,1550000,
46,d40,40,1560000,
46,d40,40,1570000,
46,d40,40,1580000,
46,d40,40,1590000,
46,d40,40,1600000,0.05079999938607216
46,d40,40,1610000,
46,d40,40,1620000,
46,d40,40,1630000,
46,d40,40,1640000,
46,d40,40,1650000,
46,d40,40,1660000,
46,d40,40,1670000,
46,d40,40,1680000,
46,d40,40,1690000,
46,d40,40,1700000,0.05510000139474869
46,d40,40,1710000,
46,d40,40,1720000,
46,d40,40,1730000,
46,d40,40,1740000,
46,d40,40,1750000,
46,d40,40,1760000,
46,d40,40,1770000,
46,d40,40,1780000,
46,d40,40,1790000,
46,d40,40,1800000,0.05649999901652336
46,d40,40,1810000,
46,d40,40,1820000,
46,d40,40,1830000,
46,d40,40,1840000,
46,d40,40,1850000,
46,d40,40,1860000,
46,d40,40,1870000,
46,d40,40,1880000,
46,d40,40,1890000,
46,d40,40,1900000,0.060499999672174454
46,d40,40,1910000,
46,d40,40,1920000,
46,d40,40,1930000,
46,d40,40,1940000,
46,d40,40,1950000,
46,d40,40,1960000,
46,d40,40,1970000,
46,d40,40,1980000,
46,d40,40,1990000,
46,d40,40,2000000,0.05950000137090683
46,d40,40,2010000,
46,d40,40,2020000,
46,d40,40,2030000,
46,d40,40,2040000,
46,d40,40,2050000,
46,d40,40,2060000,
46,d40,40,2070000,
46,d40,40,2080000,
46,d40,40,2090000,
46,d40,40,2100000,0.05990000069141388
46,d40,40,2110000,
46,d40,40,2120000,
46,d40,40,2130000,
46,d40,40,2140000,
46,d40,40,2150000,
46,d40,40,2160000,
46,d40,40,2170000,
46,d40,40,2180000,
46,d40,40,2190000,
46,d40,40,2200000,0.059700001031160355
46,d40,40,2210000,
46,d40,40,2220000,
46,d40,40,2230000,
46,d40,40,2240000,
46,d40,40,2250000,
46,d40,40,2260000,
46,d40,40,2270000,
46,d40,40,2280000,
46,d40,40,2290000,
46,d40,40,2300000,0.06199999898672104
46,d40,40,2310000,
46,d40,40,2320000,
46,d40,40,2330000,
46,d40,40,2340000,
46,d40,40,2350000,
46,d40,40,2360000,
46,d40,40,2370000,
46,d40,40,2380000,
46,d40,40,2390000,
46,d40,40,2400000,0.06040000170469284
46,d40,40,2410000,
46,d40,40,2420000,
46,d40,40,2430000,
46,d40,40,2440000,
46,d40,40,2450000,
46,d40,40,2460000,
46,d40,40,2470000,
46,d40,40,2480000,
46,d40,40,2490000,
46,d40,40,2500000,0.06840000301599503
46,d40,40,2510000,
46,d40,40,2520000,
46,d40,40,2530000,
46,d40,40,2540000,
46,d40,40,2550000,
46,d40,40,2560000,
46,d40,40,2570000,
46,d40,40,2580000,
46,d40,40,2590000,
46,d40,40,2600000,0.06300000101327896
46,d40,40,2610000,
46,d40,40,2620000,
46,d40,40,2630000,
46,d40,40,2640000,
46,d40,40,2650000,
46,d40,40,2660000,
46,d40,40,2670000,
46,d40,40,2680000,
46,d40,40,2690000,
46,d40,40,2700000,0.06599999964237213
46,d40,40,2710000,
46,d40,40,2720000,
46,d40,40,2730000,
46,d40,40,2740000,
46,d40,40,2750000,
46,d40,40,2760000,
46,d40,40,2770000,
46,d40,40,2780000,
46,d40,40,2790000,
46,d40,40,2800000,0.061500001698732376
46,d40,40,2810000,
46,d40,40,2820000,
46,d40,40,2830000,
46,d40,40,2840000,
46,d40,40,2850000,
46,d40,40,2860000,
46,d40,40,2870000,
46,d40,40,2880000,
46,d40,40,2890000,
46,d40,40,2900000,0.06279999762773514
46,d40,40,2910000,
46,d40,40,2920000,
46,d40,40,2930000,
46,d40,40,2940000,
46,d40,40,2950000,
46,d40,40,2960000,
46,d40,40,2970000,
46,d40,40,2980000,
46,d40,40,2990000,
46,d40,40,3000000,0.0697999969124794
46,d40,40,3010000,
46,d40,40,3020000,
46,d40,40,3030000,
46,d40,40,3040000,
46,d40,40,3050000,
46,d40,40,3060000,
46,d40,40,3070000,
46,d40,40,3080000,
46,d40,40,3090000,
46,d40,40,3100000,0.06989999860525131
46,d40,40,3110000,
46,d40,40,3120000,
46,d40,40,3130000,
46,d40,40,3140000,
46,d40,40,3150000,
46,d40,40,3160000,
46,d40,40,3170000,
46,d40,40,3180000,
46,d40,40,3190000,
46,d40,40,3200000,0.07280000299215317
46,d40,40,3210000,
46,d40,40,3220000,
46,d40,40,3230000,
46,d40,40,3240000,
46,d40,40,3250000,
46,d40,40,3260000,
46,d40,40,3270000,
46,d40,40,3280000,
46,d40,40,3290000,
46,d40,40,3300000,0.06549999862909317
46,d40,40,3310000,
46,d40,40,3320000,
46,d40,40,3330000,
46,d40,40,3340000,
46,d40,40,3350000,
46,d40,40,3360000,
46,d40,40,3370000,
46,d40,40,3380000,
46,d40,40,3390000,
46,d40,40,3400000,0.07050000131130219
46,d40,40,3410000,
46,d40,40,3420000,
46,d40,40,3430000,
46,d40,40,3440000,
46,d40,40,3450000,
46,d40,40,3460000,
46,d40,40,3470000,
46,d40,40,3480000,
46,d40,40,3490000,
46,d40,40,3500000,0.06809999793767929
46,d40,40,3510000,
46,d40,40,3520000,
46,d40,40,3530000,
46,d40,40,3540000,
46,d40,40,3550000,
46,d40,40,3560000,
46,d40,40,3570000,
46,d40,40,3580000,
46,d40,40,3590000,
46,d40,40,3600000,0.07240000367164612
46,d40,40,3610000,
46,d40,40,3620000,
46,d40,40,3630000,
46,d40,40,3640000,
46,d40,40,3650000,
46,d40,40,3660000,
46,d40,40,3670000,
46,d40,40,3680000,
46,d40,40,3690000,
46,d40,40,3700000,0.06669999659061432
46,d40,40,3710000,
46,d40,40,3720000,
46,d40,40,3730000,
46,d40,40,3740000,
46,d40,40,3750000,
46,d40,40,3760000,
46,d40,40,3770000,
46,d40,40,3780000,
46,d40,40,3790000,
46,d40,40,3800000,0.06960000097751617
46,d40,40,3810000,
46,d40,40,3820000,
46,d40,40,3830000,
46,d40,40,3840000,
46,d40,40,3850000,
46,d40,40,3860000,
46,d40,40,3870000,
46,d40,40,3880000,
46,d40,40,3890000,
46,d40,40,3900000,0.06729999929666519
46,d40,40,3910000,
46,d40,40,3920000,
46,d40,40,3930000,
46,d40,40,3940000,
46,d40,40,3950000,
46,d40,40,3960000,
46,d40,40,3970000,
46,d40,40,3980000,
46,d40,40,3990000,
46,d40,40,4000000,0.07360000163316727
46,d40,40,4010000,
46,d40,40,4020000,
46,d40,40,4030000,
46,d40,40,4040000,
46,d40,40,4050000,
46,d40,40,4060000,
46,d40,40,4070000,
46,d40,40,4080000,
46,d40,40,4090000,
46,d40,40,4100000,0.07090000063180923
46,d40,40,4110000,
46,d40,40,4120000,
46,d40,40,4130000,
46,d40,40,4140000,
46,d40,40,4150000,
46,d40,40,4160000,
46,d40,40,4170000,
46,d40,40,4180000,
46,d40,40,4190000,
46,d40,40,4200000,0.0681999996304512
46,d40,40,4210000,
46,d40,40,4220000,
46,d40,40,4230000,
46,d40,40,4240000,
46,d40,40,4250000,
46,d40,40,4260000,
46,d40,40,4270000,
46,d40,40,4280000,
46,d40,40,4290000,
46,d40,40,4300000,0.07159999758005142
46,d40,40,4310000,
46,d40,40,4320000,
46,d40,40,4330000,
46,d40,40,4340000,
46,d40,40,4350000,
46,d40,40,4360000,
46,d40,40,4370000,
46,d40,40,4380000,
46,d40,40,4390000,
46,d40,40,4400000,0.07370000332593918
46,d40,40,4410000,
46,d40,40,4420000,
46,d40,40,4430000,
46,d40,40,4440000,
46,d40,40,4450000,
46,d40,40,4460000,
46,d40,40,4470000,
46,d40,40,4480000,
46,d40,40,4490000,
46,d40,40,4500000,0.07320000231266022
46,d40,40,4510000,
46,d40,40,4520000,
46,d40,40,4530000,
46,d40,40,4540000,
46,d40,40,4550000,
46,d40,40,4560000,
46,d40,40,4570000,
46,d40,40,4580000,
46,d40,40,4590000,
46,d40,40,4600000,0.07599999755620956
46,d40,40,4610000,
46,d40,40,4620000,
46,d40,40,4630000,
46,d40,40,4640000,
46,d40,40,4650000,
46,d40,40,4660000,
46,d40,40,4670000,
46,d40,40,4680000,
46,d40,40,4690000,
46,d40,40,4700000,0.07190000265836716
46,d40,40,4710000,
46,d40,40,4720000,
46,d40,40,4730000,
46,d40,40,4740000,
46,d40,40,4750000,
46,d40,40,4760000,
46,d40,40,4770000,
46,d40,40,4780000,
46,d40,40,4790000,
46,d40,40,4800000,0.07819999754428864
46,d40,40,4810000,
46,d40,40,4820000,
46,d40,40,4830000,
46,d40,40,4840000,
46,d40,40,4850000,
46,d40,40,4860000,
46,d40,40,4870000,
46,d40,40,4880000,
46,d40,40,4890000,
46,d40,40,4900000,0.07329999655485153
46,d40,40,4910000,
46,d40,40,4920000,
46,d40,40,4930000,
46,d40,40,4940000,
46,d40,40,4950000,
46,d40,40,4960000,
46,d40,40,4970000,
46,d40,40,4980000,
46,d40,40,4990000,
46,d40,40,5000000,0.07699999958276749
42,d60,60,1,0.0
42,d60,60,10000,
42,d60,60,20000,
42,d60,60,30000,
42,d60,60,40000,
42,d60,60,50000,
42,d60,60,60000,
42,d60,60,70000,
42,d60,60,80000,
42,d60,60,90000,
42,d60,60,100000,0.0007999999797903001
42,d60,60,110000,
42,d60,60,120000,
42,d60,60,130000,
42,d60,60,140000,
42,d60,60,150000,
42,d60,60,160000,
42,d60,60,170000,
42,d60,60,180000,
42,d60,60,190000,
42,d60,60,200000,0.00930000003427267
42,d60,60,210000,
42,d60,60,220000,
42,d60,60,230000,
42,d60,60,240000,
42,d60,60,250000,
42,d60,60,260000,
42,d60,60,270000,
42,d60,60,280000,
42,d60,60,290000,
42,d60,60,300000,0.02329999953508377
42,d60,60,310000,
42,d60,60,320000,
42,d60,60,330000,
42,d60,60,340000,
42,d60,60,350000,
42,d60,60,360000,
42,d60,60,370000,
42,d60,60,380000,
42,d60,60,390000,
42,d60,60,400000,0.03909999877214432
42,d60,60,410000,
42,d60,60,420000,
42,d60,60,430000,
42,d60,60,440000,
42,d60,60,450000,
42,d60,60,460000,
42,d60,60,470000,
42,d60,60,480000,
42,d60,60,490000,
42,d60,60,500000,0.052400000393390656
42,d60,60,510000,
42,d60,60,520000,
42,d60,60,530000,
42,d60,60,540000,
42,d60,60,550000,
42,d60,60,560000,
42,d60,60,570000,
42,d60,60,580000,
42,d60,60,590000,
42,d60,60,600000,0.06210000067949295
42,d60,60,610000,
42,d60,60,620000,
42,d60,60,630000,
42,d60,60,640000,
42,d60,60,650000,
42,d60,60,660000,
42,d60,60,670000,
42,d60,60,680000,
42,d60,60,690000,
42,d60,60,700000,0.08290000259876251
42,d60,60,710000,
42,d60,60,720000,
42,d60,60,730000,
42,d60,60,740000,
42,d60,60,750000,
42,d60,60,760000,
42,d60,60,770000,
42,d60,60,780000,
42,d60,60,790000,
42,d60,60,800000,0.0997999981045723
42,d60,60,810000,
42,d60,60,820000,
42,d60,60,830000,
42,d60,60,840000,
42,d60,60,850000,
42,d60,60,860000,
42,d60,60,870000,
42,d60,60,880000,
42,d60,60,890000,
42,d60,60,900000,0.11710000038146973
42,d60,60,910000,
42,d60,60,920000,
42,d60,60,930000,
42,d60,60,940000,
42,d60,60,950000,
42,d60,60,960000,
42,d60,60,970000,
42,d60,60,980000,
42,d60,60,990000,
42,d60,60,1000000,0.12139999866485596
42,d60,60,1010000,
42,d60,60,1020000,
42,d60,60,1030000,
42,d60,60,1040000,
42,d60,60,1050000,
42,d60,60,1060000,
42,d60,60,1070000,
42,d60,60,1080000,
42,d60,60,1090000,
42,d60,60,1100000,0.1412000060081482
42,d60,60,1110000,
42,d60,60,1120000,
42,d60,60,1130000,
42,d60,60,1140000,
42,d60,60,1150000,
42,d60,60,1160000,
42,d60,60,1170000,
42,d60,60,1180000,
42,d60,60,1190000,
42,d60,60,1200000,0.15320000052452087
42,d60,60,1210000,
42,d60,60,1220000,
42,d60,60,1230000,
42,d60,60,1240000,
42,d60,60,1250000,
42,d60,60,1260000,
42,d60,60,1270000,
42,d60,60,1280000,
42,d60,60,1290000,
42,d60,60,1300000,0.14839999377727509
42,d60,60,1310000,
42,d60,60,1320000,
42,d60,60,1330000,
42,d60,60,1340000,
42,d60,60,1350000,
42,d60,60,1360000,
42,d60,60,1370000,
42,d60,60,1380000,
42,d60,60,1390000,
42,d60,60,1400000,0.1704999953508377
42,d60,60,1410000,
42,d60,60,1420000,
42,d60,60,1430000,
42,d60,60,1440000,
42,d60,60,1450000,
42,d60,60,1460000,
42,d60,60,1470000,
42,d60,60,1480000,
42,d60,60,1490000,
42,d60,60,1500000,0.17839999496936798
42,d60,60,1510000,
42,d60,60,1520000,
42,d60,60,1530000,
42,d60,60,1540000,
42,d60,60,1550000,
42,d60,60,1560000,
42,d60,60,1570000,
42,d60,60,1580000,
42,d60,60,1590000,
42,d60,60,1600000,0.19709999859333038
42,d60,60,1610000,
42,d60,60,1620000,
42,d60,60,1630000,
42,d60,60,1640000,
42,d60,60,1650000,
42,d60,60,1660000,
42,d60,60,1670000,
42,d60,60,1680000,
42,d60,60,1690000,
42,d60,60,1700000,0.20180000364780426
42,d60,60,1710000,
42,d60,60,1720000,
42,d60,60,1730000,
42,d60,60,1740000,
42,d60,60,1750000,
42,d60,60,1760000,
42,d60,60,1770000,
42,d60,60,1780000,
42,d60,60,1790000,
42,d60,60,1800000,0.20800000429153442
42,d60,60,1810000,
42,d60,60,1820000,
42,d60,60,1830000,
42,d60,60,1840000,
42,d60,60,1850000,
42,d60,60,1860000,
42,d60,60,1870000,
42,d60,60,1880000,
42,d60,60,1890000,
42,d60,60,1900000,0.20640000700950623
42,d60,60,1910000,
42,d60,60,1920000,
42,d60,60,1930000,
42,d60,60,1940000,
42,d60,60,1950000,
42,d60,60,1960000,
42,d60,60,1970000,
42,d60,60,1980000,
42,d60,60,1990000,
42,d60,60,2000000,0.21719999611377716
42,d60,60,2010000,
42,d60,60,2020000,
42,d60,60,2030000,
42,d60,60,2040000,
42,d60,60,2050000,
42,d60,60,2060000,
42,d60,60,2070000,
42,d60,60,2080000,
42,d60,60,2090000,
42,d60,60,2100000,0.22599999606609344
42,d60,60,2110000,
42,d60,60,2120000,
42,d60,60,2130000,
42,d60,60,2140000,
42,d60,60,2150000,
42,d60,60,2160000,
42,d60,60,2170000,
42,d60,60,2180000,
42,d60,60,2190000,
42,d60,60,2200000,0.22789999842643738
42,d60,60,2210000,
42,d60,60,2220000,
42,d60,60,2230000,
42,d60,60,2240000,
42,d60,60,2250000,
42,d60,60,2260000,
42,d60,60,2270000,
42,d60,60,2280000,
42,d60,60,2290000,
42,d60,60,2300000,0.23029999434947968
42,d60,60,2310000,
42,d60,60,2320000,
42,d60,60,2330000,
42,d60,60,2340000,
42,d60,60,2350000,
42,d60,60,2360000,
42,d60,60,2370000,
42,d60,60,2380000,
42,d60,60,2390000,
42,d60,60,2400000,0.25769999623298645
42,d60,60,2410000,
42,d60,60,2420000,
42,d60,60,2430000,
42,d60,60,2440000,
42,d60,60,2450000,
42,d60,60,2460000,
42,d60,60,2470000,
42,d60,60,2480000,
42,d60,60,2490000,
42,d60,60,2500000,0.24580000340938568
42,d60,60,2510000,
42,d60,60,2520000,
42,d60,60,2530000,
42,d60,60,2540000,
42,d60,60,2550000,
42,d60,60,2560000,
42,d60,60,2570000,
42,d60,60,2580000,
42,d60,60,2590000,
42,d60,60,2600000,0.24529999494552612
42,d60,60,2610000,
42,d60,60,2620000,
42,d60,60,2630000,
42,d60,60,2640000,
42,d60,60,2650000,
42,d60,60,2660000,
42,d60,60,2670000,
42,d60,60,2680000,
42,d60,60,2690000,
42,d60,60,2700000,0.2476000040769577
42,d60,60,2710000,
42,d60,60,2720000,
42,d60,60,2730000,
42,d60,60,2740000,
42,d60,60,2750000,
42,d60,60,2760000,
42,d60,60,2770000,
42,d60,60,2780000,
42,d60,60,2790000,
42,d60,60,2800000,0.2500999867916107
42,d60,60,2810000,
42,d60,60,2820000,
42,d60,60,2830000,
42,d60,60,2840000,
42,d60,60,2850000,
42,d60,60,2860000,
42,d60,60,2870000,
42,d60,60,2880000,
42,d60,60,2890000,
42,d60,60,2900000,0.24400000274181366
42,d60,60,2910000,
42,d60,60,2920000,
42,d60,60,2930000,
42,d60,60,2940000,
42,d60,60,2950000,
42,d60,60,2960000,
42,d60,60,2970000,
42,d60,60,2980000,
42,d60,60,2990000,
42,d60,60,3000000,0.26840001344680786
42,d60,60,3010000,
42,d60,60,3020000,
42,d60,60,3030000,
42,d60,60,3040000,
42,d60,60,3050000,
42,d60,60,3060000,
42,d60,60,3070000,
42,d60,60,3080000,
42,d60,60,3090000,
42,d60,60,3100000,0.24770000576972961
42,d60,60,3110000,
42,d60,60,3120000,
42,d60,60,3130000,
42,d60,60,3140000,
42,d60,60,3150000,
42,d60,60,3160000,
42,d60,60,3170000,
42,d60,60,3180000,
42,d60,60,3190000,
42,d60,60,3200000,0.25380000472068787
42,d60,60,3210000,
42,d60,60,3220000,
42,d60,60,3230000,
42,d60,60,3240000,
42,d60,60,3250000,
42,d60,60,3260000,
42,d60,60,3270000,
42,d60,60,3280000,
42,d60,60,3290000,
42,d60,60,3300000,0.2538999915122986
42,d60,60,3310000,
42,d60,60,3320000,
42,d60,60,3330000,
42,d60,60,3340000,
42,d60,60,3350000,
42,d60,60,3360000,
42,d60,60,3370000,
42,d60,60,3380000,
42,d60,60,3390000,
42,d60,60,3400000,0.26499998569488525
42,d60,60,3410000,
42,d60,60,3420000,
42,d60,60,3430000,
42,d60,60,3440000,
42,d60,60,3450000,
42,d60,60,3460000,
42,d60,60,3470000,
42,d60,60,3480000,
42,d60,60,3490000,
42,d60,60,3500000,0.2612999975681305
42,d60,60,3510000,
42,d60,60,3520000,
42,d60,60,3530000,
42,d60,60,3540000,
42,d60,60,3550000,
42,d60,60,3560000,
42,d60,60,3570000,
42,d60,60,3580000,
42,d60,60,3590000,
42,d60,60,3600000,0.2581999897956848
42,d60,60,3610000,
42,d60,60,3620000,
42,d60,60,3630000,
42,d60,60,3640000,
42,d60,60,3650000,
42,d60,60,3660000,
42,d60,60,3670000,
42,d60,60,3680000,
42,d60,60,3690000,
42,d60,60,3700000,0.2615000009536743
42,d60,60,3710000,
42,d60,60,3720000,
42,d60,60,3730000,
42,d60,60,3740000,
42,d60,60,3750000,
42,d60,60,3760000,
42,d60,60,3770000,
42,d60,60,3780000,
42,d60,60,3790000,
42,d60,60,3800000,0.2531999945640564
42,d60,60,3810000,
42,d60,60,3820000,
42,d60,60,3830000,
42,d60,60,3840000,
42,d60,60,3850000,
42,d60,60,3860000,
42,d60,60,3870000,
42,d60,60,3880000,
42,d60,60,3890000,
42,d60,60,3900000,0.272599995136261
42,d60,60,3910000,
42,d60,60,3920000,
42,d60,60,3930000,
42,d60,60,3940000,
42,d60,60,3950000,
42,d60,60,3960000,
42,d60,60,3970000,
42,d60,60,3980000,
42,d60,60,3990000,
42,d60,60,4000000,0.26660001277923584
42,d60,60,4010000,
42,d60,60,4020000,
42,d60,60,4030000,
42,d60,60,4040000,
42,d60,60,4050000,
42,d60,60,4060000,
42,d60,60,4070000,
42,d60,60,4080000,
42,d60,60,4090000,
42,d60,60,4100000,0.24940000474452972
42,d60,60,4110000,
42,d60,60,4120000,
42,d60,60,4130000,
42,d60,60,4140000,
42,d60,60,4150000,
42,d60,60,4160000,
42,d60,60,4170000,
42,d60,60,4180000,
42,d60,60,4190000,
42,d60,60,4200000,0.25929999351501465
42,d60,60,4210000,
42,d60,60,4220000,
42,d60,60,4230000,
42,d60,60,4240000,
42,d60,60,4250000,
42,d60,60,4260000,
42,d60,60,4270000,
42,d60,60,4280000,
42,d60,60,4290000,
42,d60,60,4300000,0.26330000162124634
42,d60,60,4310000,
42,d60,60,4320000,
42,d60,60,4330000,
42,d60,60,4340000,
42,d60,60,4350000,
42,d60,60,4360000,
42,d60,60,4370000,
42,d60,60,4380000,
42,d60,60,4390000,
42,d60,60,4400000,0.2621999979019165
42,d60,60,4410000,
42,d60,60,4420000,
42,d60,60,4430000,
42,d60,60,4440000,
42,d60,60,4450000,
42,d60,60,4460000,
42,d60,60,4470000,
42,d60,60,4480000,
42,d60,60,4490000,
42,d60,60,4500000,0.2669999897480011
42,d60,60,4510000,
42,d60,60,4520000,
42,d60,60,4530000,
42,d60,60,4540000,
42,d60,60,4550000,
42,d60,60,4560000,
42,d60,60,4570000,
42,d60,60,4580000,
42,d60,60,4590000,
42,d60,60,4600000,0.2662999927997589
42,d60,60,4610000,
42,d60,60,4620000,
42,d60,60,4630000,
42,d60,60,4640000,
42,d60,60,4650000,
42,d60,60,4660000,
42,d60,60,4670000,
42,d60,60,4680000,
42,d60,60,4690000,
42,d60,60,4700000,0.26919999718666077
42,d60,60,4710000,
42,d60,60,4720000,
42,d60,60,4730000,
42,d60,60,4740000,
42,d60,60,4750000,
42,d60,60,4760000,
42,d60,60,4770000,
42,d60,60,4780000,
42,d60,60,4790000,
42,d60,60,4800000,0.2621999979019165
42,d60,60,4810000,
42,d60,60,4820000,
42,d60,60,4830000,
42,d60,60,4840000,
42,d60,60,4850000,
42,d60,60,4860000,
42,d60,60,4870000,
42,d60,60,4880000,
42,d60,60,4890000,
42,d60,60,4900000,0.259799987077713
42,d60,60,4910000,
42,d60,60,4920000,
42,d60,60,4930000,
42,d60,60,4940000,
42,d60,60,4950000,
42,d60,60,4960000,
42,d60,60,4970000,
42,d60,60,4980000,
42,d60,60,4990000,
42,d60,60,5000000,0.27079999446868896
43,d60,60,1,0.0
43,d60,60,10000,
43,d60,60,20000,
43,d60,60,30000,
43,d60,60,40000,
43,d60,60,50000,
43,d60,60,60000,
43,d60,60,70000,
43,d60,60,80000,
43,d60,60,90000,
43,d60,60,100000,0.0007999999797903001
43,d60,60,110000,
43,d60,60,120000,
43,d60,60,130000,
43,d60,60,140000,
43,d60,60,150000,
43,d60,60,160000,
43,d60,60,170000,
43,d60,60,180000,
43,d60,60,190000,
43,d60,60,200000,0.009499999694526196
43,d60,60,210000,
43,d60,60,220000,
43,d60,60,230000,
43,d60,60,240000,
43,d60,60,250000,
43,d60,60,260000,
43,d60,60,270000,
43,d60,60,280000,
43,d60,60,290000,
43,d60,60,300000,0.023900000378489494
43,d60,60,310000,
43,d60,60,320000,
43,d60,60,330000,
43,d60,60,340000,
43,d60,60,350000,
43,d60,60,360000,
43,d60,60,370000,
43,d60,60,380000,
43,d60,60,390000,
43,d60,60,400000,0.03790000081062317
43,d60,60,410000,
43,d60,60,420000,
43,d60,60,430000,
43,d60,60,440000,
43,d60,60,450000,
43,d60,60,460000,
43,d60,60,470000,
43,d60,60,480000,
43,d60,60,490000,
43,d60,60,500000,0.048500001430511475
43,d60,60,510000,
43,d60,60,520000,
43,d60,60,530000,
43,d60,60,540000,
43,d60,60,550000,
43,d60,60,560000,
43,d60,60,570000,
43,d60,60,580000,
43,d60,60,590000,
43,d60,60,600000,0.07320000231266022
43,d60,60,610000,
43,d60,60,620000,
43,d60,60,630000,
43,d60,60,640000,
43,d60,60,650000,
43,d60,60,660000,
43,d60,60,670000,
43,d60,60,680000,
43,d60,60,690000,
43,d60,60,700000,0.08240000158548355
43,d60,60,710000,
43,d60,60,720000,
43,d60,60,730000,
43,d60,60,740000,
43,d60,60,750000,
43,d60,60,760000,
43,d60,60,770000,
43,d60,60,780000,
43,d60,60,790000,
43,d60,60,800000,0.09780000150203705
43,d60,60,810000,
43,d60,60,820000,
43,d60,60,830000,
43,d60,60,840000,
43,d60,60,850000,
43,d60,60,860000,
43,d60,60,870000,
43,d60,60,880000,
43,d60,60,890000,
43,d60,60,900000,0.10540000349283218
43,d60,60,910000,
43,d60,60,920000,
43,d60,60,930000,
43,d60,60,940000,
43,d60,60,950000,
43,d60,60,960000,
43,d60,60,970000,
43,d60,60,980000,
43,d60,60,990000,
43,d60,60,1000000,0.1225999966263771
43,d60,60,1010000,
43,d60,60,1020000,
43,d60,60,1030000,
43,d60,60,1040000,
43,d60,60,1050000,
43,d60,60,1060000,
43,d60,60,1070000,
43,d60,60,1080000,
43,d60,60,1090000,
43,d60,60,1100000,0.13109999895095825
43,d60,60,1110000,
43,d60,60,1120000,
43,d60,60,1130000,
43,d60,60,1140000,
43,d60,60,1150000,
43,d60,60,1160000,
43,d60,60,1170000,
43,d60,60,1180000,
43,d60,60,1190000,
43,d60,60,1200000,0.14309999346733093
43,d60,60,1210000,
43,d60,60,1220000,
43,d60,60,1230000,
43,d60,60,1240000,
43,d60,60,1250000,
43,d60,60,1260000,
43,d60,60,1270000,
43,d60,60,1280000,
43,d60,60,1290000,
43,d60,60,1300000,0.15790000557899475
43,d60,60,1310000,
43,d60,60,1320000,
43,d60,60,1330000,
43,d60,60,1340000,
43,d60,60,1350000,
43,d60,60,1360000,
43,d60,60,1370000,
43,d60,60,1380000,
43,d60,60,1390000,
43,d60,60,1400000,0.1670999974012375
43,d60,60,1410000,
43,d60,60,1420000,
43,d60,60,1430000,
43,d60,60,1440000,
43,d60,60,1450000,
43,d60,60,1460000,
43,d60,60,1470000,
43,d60,60,1480000,
43,d60,60,1490000,
43,d60,60,1500000,0.18129999935626984
43,d60,60,1510000,
43,d60,60,1520000,
43,d60,60,1530000,
43,d60,60,1540000,
43,d60,60,1550000,
43,d60,60,1560000,
43,d60,60,1570000,
43,d60,60,1580000,
43,d60,60,1590000,
43,d60,60,1600000,0.1889999955892563
43,d60,60,1610000,
43,d60,60,1620000,
43,d60,60,1630000,
43,d60,60,1640000,
43,d60,60,1650000,
43,d60,60,1660000,
43,d60,60,1670000,
43,d60,60,1680000,
43,d60,60,1690000,
43,d60,60,1700000,0.20020000636577606
43,d60,60,1710000,
43,d60,60,1720000,
43,d60,60,1730000,
43,d60,60,1740000,
43,d60,60,1750000,
43,d60,60,1760000,
43,d60,60,1770000,
43,d60,60,1780000,
43,d60,60,1790000,
43,d60,60,1800000,0.210099995136261
43,d60,60,1810000,
43,d60,60,1820000,
43,d60,60,1830000,
43,d60,60,1840000,
43,d60,60,1850000,
43,d60,60,1860000,
43,d60,60,1870000,
43,d60,60,1880000,
43,d60,60,1890000,
43,d60,60,1900000,0.21809999644756317
43,d60,60,1910000,
43,d60,60,1920000,
43,d60,60,1930000,
43,d60,60,1940000,
43,d60,60,1950000,
43,d60,60,1960000,
43,d60,60,1970000,
43,d60,60,1980000,
43,d60,60,1990000,
43,d60,60,2000000,0.21709999442100525
43,d60,60,2010000,
43,d60,60,2020000,
43,d60,60,2030000,
43,d60,60,2040000,
43,d60,60,2050000,
43,d60,60,2060000,
43,d60,60,2070000,
43,d60,60,2080000,
43,d60,60,2090000,
43,d60,60,2100000,0.22020000219345093
43,d60,60,2110000,
43,d60,60,2120000,
43,d60,60,2130000,
43,d60,60,2140000,
43,d60,60,2150000,
43,d60,60,2160000,
43,d60,60,2170000,
43,d60,60,2180000,
43,d60,60,2190000,
43,d60,60,2200000,0.22669999301433563
43,d60,60,2210000,
43,d60,60,2220000,
43,d60,60,2230000,
43,d60,60,2240000,
43,d60,60,2250000,
43,d60,60,2260000,
43,d60,60,2270000,
43,d60,60,2280000,
43,d60,60,2290000,
43,d60,60,2300000,0.2290000021457672
43,d60,60,2310000,
43,d60,60,2320000,
43,d60,60,2330000,
43,d60,60,2340000,
43,d60,60,2350000,
43,d60,60,2360000,
43,d60,60,2370000,
43,d60,60,2380000,
43,d60,60,2390000,
43,d60,60,2400000,0.22370000183582306
43,d60,60,2410000,
43,d60,60,2420000,
43,d60,60,2430000,
43,d60,60,2440000,
43,d60,60,2450000,
43,d60,60,2460000,
43,d60,60,2470000,
43,d60,60,2480000,
43,d60,60,2490000,
43,d60,60,2500000,0.23720000684261322
43,d60,60,2510000,
43,d60,60,2520000,
43,d60,60,2530000,
43,d60,60,2540000,
43,d60,60,2550000,
43,d60,60,2560000,
43,d60,60,2570000,
43,d60,60,2580000,
43,d60,60,2590000,
43,d60,60,2600000,0.2451999932527542
43,d60,60,2610000,
43,d60,60,2620000,
43,d60,60,2630000,
43,d60,60,2640000,
43,d60,60,2650000,
43,d60,60,2660000,
43,d60,60,2670000,
43,d60,60,2680000,
43,d60,60,2690000,
43,d60,60,2700000,0.24570000171661377
43,d60,60,2710000,
43,d60,60,2720000,
43,d60,60,2730000,
43,d60,60,2740000,
43,d60,60,2750000,
43,d60,60,2760000,
43,d60,60,2770000,
43,d60,60,2780000,
43,d60,60,2790000,
43,d60,60,2800000,0.2476000040769577
43,d60,60,2810000,
43,d60,60,2820000,
43,d60,60,2830000,
43,d60,60,2840000,
43,d60,60,2850000,
43,d60,60,2860000,
43,d60,60,2870000,
43,d60,60,2880000,
43,d60,60,2890000,
43,d60,60,2900000,0.2515999972820282
43,d60,60,2910000,
43,d60,60,2920000,
43,d60,60,2930000,
43,d60,60,2940000,
43,d60,60,2950000,
43,d60,60,2960000,
43,d60,60,2970000,
43,d60,60,2980000,
43,d60,60,2990000,
43,d60,60,3000000,0.25290000438690186
43,d60,60,3010000,
43,d60,60,3020000,
43,d60,60,3030000,
43,d60,60,3040000,
43,d60,60,3050000,
43,d60,60,3060000,
43,d60,60,3070000,
43,d60,60,3080000,
43,d60,60,3090000,
43,d60,60,3100000,0.2443999946117401
43,d60,60,3110000,
43,d60,60,3120000,
43,d60,60,3130000,
43,d60,60,3140000,
43,d60,60,3150000,
43,d60,60,3160000,
43,d60,60,3170000,
43,d60,60,3180000,
43,d60,60,3190000,
43,d60,60,3200000,0.24809999763965607
43,d60,60,3210000,
43,d60,60,3220000,
43,d60,60,3230000,
43,d60,60,3240000,
43,d60,60,3250000,
43,d60,60,3260000,
43,d60,60,3270000,
43,d60,60,3280000,
43,d60,60,3290000,
43,d60,60,3300000,0.2685000002384186
43,d60,60,3310000,
43,d60,60,3320000,
43,d60,60,3330000,
43,d60,60,3340000,
43,d60,60,3350000,
43,d60,60,3360000,
43,d60,60,3370000,
43,d60,60,3380000,
43,d60,60,3390000,
43,d60,60,3400000,0.25870001316070557
43,d60,60,3410000,
43,d60,60,3420000,
43,d60,60,3430000,
43,d60,60,3440000,
43,d60,60,3450000,
43,d60,60,3460000,
43,d60,60,3470000,
43,d60,60,3480000,
43,d60,60,3490000,
43,d60,60,3500000,0.2574999928474426
43,d60,60,3510000,
43,d60,60,3520000,
43,d60,60,3530000,
43,d60,60,3540000,
43,d60,60,3550000,
43,d60,60,3560000,
43,d60,60,3570000,
43,d60,60,3580000,
43,d60,60,3590000,
43,d60,60,3600000,0.2612999975681305
43,d60,60,3610000,
43,d60,60,3620000,
43,d60,60,3630000,
43,d60,60,3640000,
43,d60,60,3650000,
43,d60,60,3660000,
43,d60,60,3670000,
43,d60,60,3680000,
43,d60,60,3690000,
43,d60,60,3700000,0.2630999982357025
43,d60,60,3710000,
43,d60,60,3720000,
43,d60,60,3730000,
43,d60,60,3740000,
43,d60,60,3750000,
43,d60,60,3760000,
43,d60,60,3770000,
43,d60,60,3780000,
43,d60,60,3790000,
43,d60,60,3800000,0.25769999623298645
43,d60,60,3810000,
43,d60,60,3820000,
43,d60,60,3830000,
43,d60,60,3840000,
43,d60,60,3850000,
43,d60,60,3860000,
43,d60,60,3870000,
43,d60,60,3880000,
43,d60,60,3890000,
43,d60,60,3900000,0.26489999890327454
43,d60,60,3910000,
43,d60,60,3920000,
43,d60,60,3930000,
43,d60,60,3940000,
43,d60,60,3950000,
43,d60,60,3960000,
43,d60,60,3970000,
43,d60,60,3980000,
43,d60,60,3990000,
43,d60,60,4000000,0.26249998807907104
43,d60,60,4010000,
43,d60,60,4020000,
43,d60,60,4030000,
43,d60,60,4040000,
43,d60,60,4050000,
43,d60,60,4060000,
43,d60,60,4070000,
43,d60,60,4080000,
43,d60,60,4090000,
43,d60,60,4100000,0.25429999828338623
43,d60,60,4110000,
43,d60,60,4120000,
43,d60,60,4130000,
43,d60,60,4140000,
43,d60,60,4150000,
43,d60,60,4160000,
43,d60,60,4170000,
43,d60,60,4180000,
43,d60,60,4190000,
43,d60,60,4200000,0.25760000944137573
43,d60,60,4210000,
43,d60,60,4220000,
43,d60,60,4230000,
43,d60,60,4240000,
43,d60,60,4250000,
43,d60,60,4260000,
43,d60,60,4270000,
43,d60,60,4280000,
43,d60,60,4290000,
43,d60,60,4300000,0.2685999870300293
43,d60,60,4310000,
43,d60,60,4320000,
43,d60,60,4330000,
43,d60,60,4340000,
43,d60,60,4350000,
43,d60,60,4360000,
43,d60,60,4370000,
43,d60,60,4380000,
43,d60,60,4390000,
43,d60,60,4400000,0.26829999685287476
43,d60,60,4410000,
43,d60,60,4420000,
43,d60,60,4430000,
43,d60,60,4440000,
43,d60,60,4450000,
43,d60,60,4460000,
43,d60,60,4470000,
43,d60,60,4480000,
43,d60,60,4490000,
43,d60,60,4500000,0.2687000036239624
43,d60,60,4510000,
43,d60,60,4520000,
43,d60,60,4530000,
43,d60,60,4540000,
43,d60,60,4550000,
43,d60,60,4560000,
43,d60,60,4570000,
43,d60,60,4580000,
43,d60,60,4590000,
43,d60,60,4600000,0.2745000123977661
43,d60,60,4610000,
43,d60,60,4620000,
43,d60,60,4630000,
43,d60,60,4640000,
43,d60,60,4650000,
43,d60,60,4660000,
43,d60,60,4670000,
43,d60,60,4680000,
43,d60,60,4690000,
43,d60,60,4700000,0.2671000063419342
43,d60,60,4710000,
43,d60,60,4720000,
43,d60,60,4730000,
43,d60,60,4740000,
43,d60,60,4750000,
43,d60,60,4760000,
43,d60,60,4770000,
43,d60,60,4780000,
43,d60,60,4790000,
43,d60,60,4800000,0.2540999948978424
43,d60,60,4810000,
43,d60,60,4820000,
43,d60,60,4830000,
43,d60,60,4840000,
43,d60,60,4850000,
43,d60,60,4860000,
43,d60,60,4870000,
43,d60,60,4880000,
43,d60,60,4890000,
43,d60,60,4900000,0.2736999988555908
43,d60,60,4910000,
43,d60,60,4920000,
43,d60,60,4930000,
43,d60,60,4940000,
43,d60,60,4950000,
43,d60,60,4960000,
43,d60,60,4970000,
43,d60,60,4980000,
43,d60,60,4990000,
43,d60,60,5000000,0.2612000107765198
44,d60,60,1,0.0
44,d60,60,10000,
44,d60,60,20000,
44,d60,60,30000,
44,d60,60,40000,
44,d60,60,50000,
44,d60,60,60000,
44,d60,60,70000,
44,d60,60,80000,
44,d60,60,90000,
44,d60,60,100000,0.0006000000284984708
44,d60,60,110000,
44,d60,60,120000,
44,d60,60,130000,
44,d60,60,140000,
44,d60,60,150000,
44,d60,60,160000,
44,d60,60,170000,
44,d60,60,180000,
44,d60,60,190000,
44,d60,60,200000,0.009100000374019146
44,d60,60,210000,
44,d60,60,220000,
44,d60,60,230000,
44,d60,60,240000,
44,d60,60,250000,
44,d60,60,260000,
44,d60,60,270000,
44,d60,60,280000,
44,d60,60,290000,
44,d60,60,300000,0.02329999953508377
44,d60,60,310000,
44,d60,60,320000,
44,d60,60,330000,
44,d60,60,340000,
44,d60,60,350000,
44,d60,60,360000,
44,d60,60,370000,
44,d60,60,380000,
44,d60,60,390000,
44,d60,60,400000,0.040300000458955765
44,d60,60,410000,
44,d60,60,420000,
44,d60,60,430000,
44,d60,60,440000,
44,d60,60,450000,
44,d60,60,460000,
44,d60,60,470000,
44,d60,60,480000,
44,d60,60,490000,
44,d60,60,500000,0.05130000039935112
44,d60,60,510000,
44,d60,60,520000,
44,d60,60,530000,
44,d60,60,540000,
44,d60,60,550000,
44,d60,60,560000,
44,d60,60,570000,
44,d60,60,580000,
44,d60,60,590000,
44,d60,60,600000,0.06040000170469284
44,d60,60,610000,
44,d60,60,620000,
44,d60,60,630000,
44,d60,60,640000,
44,d60,60,650000,
44,d60,60,660000,
44,d60,60,670000,
44,d60,60,680000,
44,d60,60,690000,
44,d60,60,700000,0.08449999988079071
44,d60,60,710000,
44,d60,60,720000,
44,d60,60,730000,
44,d60,60,740000,
44,d60,60,750000,
44,d60,60,760000,
44,d60,60,770000,
44,d60,60,780000,
44,d60,60,790000,
44,d60,60,800000,0.09939999878406525
44,d60,60,810000,
44,d60,60,820000,
44,d60,60,830000,
44,d60,60,840000,
44,d60,60,850000,
44,d60,60,860000,
44,d60,60,870000,
44,d60,60,880000,
44,d60,60,890000,
44,d60,60,900000,0.10689999908208847
44,d60,60,910000,
44,d60,60,920000,
44,d60,60,930000,
44,d60,60,940000,
44,d60,60,950000,
44,d60,60,960000,
44,d60,60,970000,
44,d60,60,980000,
44,d60,60,990000,
44,d60,60,1000000,0.12049999833106995
44,d60,60,1010000,
44,d60,60,1020000,
44,d60,60,1030000,
44,d60,60,1040000,
44,d60,60,1050000,
44,d60,60,1060000,
44,d60,60,1070000,
44,d60,60,1080000,
44,d60,60,1090000,
44,d60,60,1100000,0.14190000295639038
44,d60,60,1110000,
44,d60,60,1120000,
44,d60,60,1130000,
44,d60,60,1140000,
44,d60,60,1150000,
44,d60,60,1160000,
44,d60,60,1170000,
44,d60,60,1180000,
44,d60,60,1190000,
44,d60,60,1200000,0.14069999754428864
44,d60,60,1210000,
44,d60,60,1220000,
44,d60,60,1230000,
44,d60,60,1240000,
44,d60,60,1250000,
44,d60,60,1260000,
44,d60,60,1270000,
44,d60,60,1280000,
44,d60,60,1290000,
44,d60,60,1300000,0.1615999937057495
44,d60,60,1310000,
44,d60,60,1320000,
44,d60,60,1330000,
44,d60,60,1340000,
44,d60,60,1350000,
44,d60,60,1360000,
44,d60,60,1370000,
44,d60,60,1380000,
44,d60,60,1390000,
44,d60,60,1400000,0.15780000388622284
44,d60,60,1410000,
44,d60,60,1420000,
44,d60,60,1430000,
44,d60,60,1440000,
44,d60,60,1450000,
44,d60,60,1460000,
44,d60,60,1470000,
44,d60,60,1480000,
44,d60,60,1490000,
44,d60,60,1500000,0.1768999993801117
44,d60,60,1510000,
44,d60,60,1520000,
44,d60,60,1530000,
44,d60,60,1540000,
44,d60,60,1550000,
44,d60,60,1560000,
44,d60,60,1570000,
44,d60,60,1580000,
44,d60,60,1590000,
44,d60,60,1600000,0.19259999692440033
44,d60,60,1610000,
44,d60,60,1620000,
44,d60,60,1630000,
44,d60,60,1640000,
44,d60,60,1650000,
44,d60,60,1660000,
44,d60,60,1670000,
44,d60,60,1680000,
44,d60,60,1690000,
44,d60,60,1700000,0.19099999964237213
44,d60,60,1710000,
44,d60,60,1720000,
44,d60,60,1730000,
44,d60,60,1740000,
44,d60,60,1750000,
44,d60,60,1760000,
44,d60,60,1770000,
44,d60,60,1780000,
44,d60,60,1790000,
44,d60,60,1800000,0.21080000698566437
44,d60,60,1810000,
44,d60,60,1820000,
44,d60,60,1830000,
44,d60,60,1840000,
44,d60,60,1850000,
44,d60,60,1860000,
44,d60,60,1870000,
44,d60,60,1880000,
44,d60,60,1890000,
44,d60,60,1900000,0.20509999990463257
44,d60,60,1910000,
44,d60,60,1920000,
44,d60,60,1930000,
44,d60,60,1940000,
44,d60,60,1950000,
44,d60,60,1960000,
44,d60,60,1970000,
44,d60,60,1980000,
44,d60,60,1990000,
44,d60,60,2000000,0.21070000529289246
44,d60,60,2010000,
44,d60,60,2020000,
44,d60,60,2030000,
44,d60,60,2040000,
44,d60,60,2050000,
44,d60,60,2060000,
44,d60,60,2070000,
44,d60,60,2080000,
44,d60,60,2090000,
44,d60,60,2100000,0.22499999403953552
44,d60,60,2110000,
44,d60,60,2120000,
44,d60,60,2130000,
44,d60,60,2140000,
44,d60,60,2150000,
44,d60,60,2160000,
44,d60,60,2170000,
44,d60,60,2180000,
44,d60,60,2190000,
44,d60,60,2200000,0.22750000655651093
44,d60,60,2210000,
44,d60,60,2220000,
44,d60,60,2230000,
44,d60,60,2240000,
44,d60,60,2250000,
44,d60,60,2260000,
44,d60,60,2270000,
44,d60,60,2280000,
44,d60,60,2290000,
44,d60,60,2300000,0.2401999980211258
44,d60,60,2310000,
44,d60,60,2320000,
44,d60,60,2330000,
44,d60,60,2340000,
44,d60,60,2350000,
44,d60,60,2360000,
44,d60,60,2370000,
44,d60,60,2380000,
44,d60,60,2390000,
44,d60,60,2400000,0.2402999997138977
44,d60,60,2410000,
44,d60,60,2420000,
44,d60,60,2430000,
44,d60,60,2440000,
44,d60,60,2450000,
44,d60,60,2460000,
44,d60,60,2470000,
44,d60,60,2480000,
44,d60,60,2490000,
44,d60,60,2500000,0.23839999735355377
44,d60,60,2510000,
44,d60,60,2520000,
44,d60,60,2530000,
44,d60,60,2540000,
44,d60,60,2550000,
44,d60,60,2560000,
44,d60,60,2570000,
44,d60,60,2580000,
44,d60,60,2590000,
44,d60,60,2600000,0.24079999327659607
44,d60,60,2610000,
44,d60,60,2620000,
44,d60,60,2630000,
44,d60,60,2640000,
44,d60,60,2650000,
44,d60,60,2660000,
44,d60,60,2670000,
44,d60,60,2680000,
44,d60,60,2690000,
44,d60,60,2700000,0.24449999630451202
44,d60,60,2710000,
44,d60,60,2720000,
44,d60,60,2730000,
44,d60,60,2740000,
44,d60,60,2750000,
44,d60,60,2760000,
44,d60,60,2770000,
44,d60,60,2780000,
44,d60,60,2790000,
44,d60,60,2800000,0.25040000677108765
44,d60,60,2810000,
44,d60,60,2820000,
44,d60,60,2830000,
44,d60,60,2840000,
44,d60,60,2850000,
44,d60,60,2860000,
44,d60,60,2870000,
44,d60,60,2880000,
44,d60,60,2890000,
44,d60,60,2900000,0.2337000072002411
44,d60,60,2910000,
44,d60,60,2920000,
44,d60,60,2930000,
44,d60,60,2940000,
44,d60,60,2950000,
44,d60,60,2960000,
44,d60,60,2970000,
44,d60,60,2980000,
44,d60,60,2990000,
44,d60,60,3000000,0.24199999868869781
44,d60,60,3010000,
44,d60,60,3020000,
44,d60,60,3030000,
44,d60,60,3040000,
44,d60,60,3050000,
44,d60,60,3060000,
44,d60,60,3070000,
44,d60,60,3080000,
44,d60,60,3090000,
44,d60,60,3100000,0.2493000030517578
44,d60,60,3110000,
44,d60,60,3120000,
44,d60,60,3130000,
44,d60,60,3140000,
44,d60,60,3150000,
44,d60,60,3160000,
44,d60,60,3170000,
44,d60,60,3180000,
44,d60,60,3190000,
44,d60,60,3200000,0.2547999918460846
44,d60,60,3210000,
44,d60,60,3220000,
44,d60,60,3230000,
44,d60,60,3240000,
44,d60,60,3250000,
44,d60,60,3260000,
44,d60,60,3270000,
44,d60,60,3280000,
44,d60,60,3290000,
44,d60,60,3300000,0.2535000145435333
44,d60,60,3310000,
44,d60,60,3320000,
44,d60,60,3330000,
44,d60,60,3340000,
44,d60,60,3350000,
44,d60,60,3360000,
44,d60,60,3370000,
44,d60,60,3380000,
44,d60,60,3390000,
44,d60,60,3400000,0.2678000032901764
44,d60,60,3410000,
44,d60,60,3420000,
44,d60,60,3430000,
44,d60,60,3440000,
44,d60,60,3450000,
44,d60,60,3460000,
44,d60,60,3470000,
44,d60,60,3480000,
44,d60,60,3490000,
44,d60,60,3500000,0.2522999942302704
44,d60,60,3510000,
44,d60,60,3520000,
44,d60,60,3530000,
44,d60,60,3540000,
44,d60,60,3550000,
44,d60,60,3560000,
44,d60,60,3570000,
44,d60,60,3580000,
44,d60,60,3590000,
44,d60,60,3600000,0.2630000114440918
44,d60,60,3610000,
44,d60,60,3620000,
44,d60,60,3630000,
44,d60,60,3640000,
44,d60,60,3650000,
44,d60,60,3660000,
44,d60,60,3670000,
44,d60,60,3680000,
44,d60,60,3690000,
44,d60,60,3700000,0.2606000006198883
44,d60,60,3710000,
44,d60,60,3720000,
44,d60,60,3730000,
44,d60,60,3740000,
44,d60,60,3750000,
44,d60,60,3760000,
44,d60,60,3770000,
44,d60,60,3780000,
44,d60,60,3790000,
44,d60,60,3800000,0.2596000134944916
44,d60,60,3810000,
44,d60,60,3820000,
44,d60,60,3830000,
44,d60,60,3840000,
44,d60,60,3850000,
44,d60,60,3860000,
44,d60,60,3870000,
44,d60,60,3880000,
44,d60,60,3890000,
44,d60,60,3900000,0.26179999113082886
44,d60,60,3910000,
44,d60,60,3920000,
44,d60,60,3930000,
44,d60,60,3940000,
44,d60,60,3950000,
44,d60,60,3960000,
44,d60,60,3970000,
44,d60,60,3980000,
44,d60,60,3990000,
44,d60,60,4000000,0.2718000113964081
44,d60,60,4010000,
44,d60,60,4020000,
44,d60,60,4030000,
44,d60,60,4040000,
44,d60,60,4050000,
44,d60,60,4060000,
44,d60,60,4070000,
44,d60,60,4080000,
44,d60,60,4090000,
44,d60,60,4100000,0.2606000006198883
44,d60,60,4110000,
44,d60,60,4120000,
44,d60,60,4130000,
44,d60,60,4140000,
44,d60,60,4150000,
44,d60,60,4160000,
44,d60,60,4170000,
44,d60,60,4180000,
44,d60,60,4190000,
44,d60,60,4200000,0.2678000032901764
44,d60,60,4210000,
44,d60,60,4220000,
44,d60,60,4230000,
44,d60,60,4240000,
44,d60,60,4250000,
44,d60,60,4260000,
44,d60,60,4270000,
44,d60,60,4280000,
44,d60,60,4290000,
44,d60,60,4300000,0.27129998803138733
44,d60,60,4310000,
44,d60,60,4320000,
44,d60,60,4330000,
44,d60,60,4340000,
44,d60,60,4350000,
44,d60,60,4360000,
44,d60,60,4370000,
44,d60,60,4380000,
44,d60,60,4390000,
44,d60,60,4400000,0.2540999948978424
44,d60,60,4410000,
44,d60,60,4420000,
44,d60,60,4430000,
44,d60,60,4440000,
44,d60,60,4450000,
44,d60,60,4460000,
44,d60,60,4470000,
44,d60,60,4480000,
44,d60,60,4490000,
44,d60,60,4500000,0.26989999413490295
44,d60,60,4510000,
44,d60,60,4520000,
44,d60,60,4530000,
44,d60,60,4540000,
44,d60,60,4550000,
44,d60,60,4560000,
44,d60,60,4570000,
44,d60,60,4580000,
44,d60,60,4590000,
44,d60,60,4600000,0.263700008392334
44,d60,60,4610000,
44,d60,60,4620000,
44,d60,60,4630000,
44,d60,60,4640000,
44,d60,60,4650000,
44,d60,60,4660000,
44,d60,60,4670000,
44,d60,60,4680000,
44,d60,60,4690000,
44,d60,60,4700000,0.27140000462532043
44,d60,60,4710000,
44,d60,60,4720000,
44,d60,60,4730000,
44,d60,60,4740000,
44,d60,60,4750000,
44,d60,60,4760000,
44,d60,60,4770000,
44,d60,60,4780000,
44,d60,60,4790000,
44,d60,60,4800000,0.2635999917984009
44,d60,60,4810000,
44,d60,60,4820000,
44,d60,60,4830000,
44,d60,60,4840000,
44,d60,60,4850000,
44,d60,60,4860000,
44,d60,60,4870000,
44,d60,60,4880000,
44,d60,60,4890000,
44,d60,60,4900000,0.2651999890804291
44,d60,60,4910000,
44,d60,60,4920000,
44,d60,60,4930000,
44,d60,60,4940000,
44,d60,60,4950000,
44,d60,60,4960000,
44,d60,60,4970000,
44,d60,60,4980000,
44,d60,60,4990000,
44,d60,60,5000000,0.2597000002861023
45,d60,60,1,0.0
45,d60,60,10000,
45,d60,60,20000,
45,d60,60,30000,
45,d60,60,40000,
45,d60,60,50000,
45,d60,60,60000,
45,d60,60,70000,
45,d60,60,80000,
45,d60,60,90000,
45,d60,60,100000,0.0006000000284984708
45,d60,60,110000,
45,d60,60,120000,
45,d60,60,130000,
45,d60,60,140000,
45,d60,60,150000,
45,d60,60,160000,
45,d60,60,170000,
45,d60,60,180000,
45,d60,60,190000,
45,d60,60,200000,0.00559999980032444
45,d60,60,210000,
45,d60,60,220000,
45,d60,60,230000,
45,d60,60,240000,
45,d60,60,250000,
45,d60,60,260000,
45,d60,60,270000,
45,d60,60,280000,
45,d60,60,290000,
45,d60,60,300000,0.023499999195337296
45,d60,60,310000,
45,d60,60,320000,
45,d60,60,330000,
45,d60,60,340000,
45,d60,60,350000,
45,d60,60,360000,
45,d60,60,370000,
45,d60,60,380000,
45,d60,60,390000,
45,d60,60,400000,0.03629999980330467
45,d60,60,410000,
45,d60,60,420000,
45,d60,60,430000,
45,d60,60,440000,
45,d60,60,450000,
45,d60,60,460000,
45,d60,60,470000,
45,d60,60,480000,
45,d60,60,490000,
45,d60,60,500000,0.054499998688697815
45,d60,60,510000,
45,d60,60,520000,
45,d60,60,530000,
45,d60,60,540000,
45,d60,60,550000,
45,d60,60,560000,
45,d60,60,570000,
45,d60,60,580000,
45,d60,60,590000,
45,d60,60,600000,0.060100000351667404
45,d60,60,610000,
45,d60,60,620000,
45,d60,60,630000,
45,d60,60,640000,
45,d60,60,650000,
45,d60,60,660000,
45,d60,60,670000,
45,d60,60,680000,
45,d60,60,690000,
45,d60,60,700000,0.07959999889135361
45,d60,60,710000,
45,d60,60,720000,
45,d60,60,730000,
45,d60,60,740000,
45,d60,60,750000,
45,d60,60,760000,
45,d60,60,770000,
45,d60,60,780000,
45,d60,60,790000,
45,d60,60,800000,0.09269999712705612
45,d60,60,810000,
45,d60,60,820000,
45,d60,60,830000,
45,d60,60,840000,
45,d60,60,850000,
45,d60,60,860000,
45,d60,60,870000,
45,d60,60,880000,
45,d60,60,890000,
45,d60,60,900000,0.10830000042915344
45,d60,60,910000,
45,d60,60,920000,
45,d60,60,930000,
45,d60,60,940000,
45,d60,60,950000,
45,d60,60,960000,
45,d60,60,970000,
45,d60,60,980000,
45,d60,60,990000,
45,d60,60,1000000,0.11919999867677689
45,d60,60,1010000,
45,d60,60,1020000,
45,d60,60,1030000,
45,d60,60,1040000,
45,d60,60,1050000,
45,d60,60,1060000,
45,d60,60,1070000,
45,d60,60,1080000,
45,d60,60,1090000,
45,d60,60,1100000,0.1395999938249588
45,d60,60,1110000,
45,d60,60,1120000,
45,d60,60,1130000,
45,d60,60,1140000,
45,d60,60,1150000,
45,d60,60,1160000,
45,d60,60,1170000,
45,d60,60,1180000,
45,d60,60,1190000,
45,d60,60,1200000,0.14300000667572021
45,d60,60,1210000,
45,d60,60,1220000,
45,d60,60,1230000,
45,d60,60,1240000,
45,d60,60,1250000,
45,d60,60,1260000,
45,d60,60,1270000,
45,d60,60,1280000,
45,d60,60,1290000,
45,d60,60,1300000,0.1664000004529953
45,d60,60,1310000,
45,d60,60,1320000,
45,d60,60,1330000,
45,d60,60,1340000,
45,d60,60,1350000,
45,d60,60,1360000,
45,d60,60,1370000,
45,d60,60,1380000,
45,d60,60,1390000,
45,d60,60,1400000,0.1745000034570694
45,d60,60,1410000,
45,d60,60,1420000,
45,d60,60,1430000,
45,d60,60,1440000,
45,d60,60,1450000,
45,d60,60,1460000,
45,d60,60,1470000,
45,d60,60,1480000,
45,d60,60,1490000,
45,d60,60,1500000,0.18230000138282776
45,d60,60,1510000,
45,d60,60,1520000,
45,d60,60,1530000,
45,d60,60,1540000,
45,d60,60,1550000,
45,d60,60,1560000,
45,d60,60,1570000,
45,d60,60,1580000,
45,d60,60,1590000,
45,d60,60,1600000,0.19249999523162842
45,d60,60,1610000,
45,d60,60,1620000,
45,d60,60,1630000,
45,d60,60,1640000,
45,d60,60,1650000,
45,d60,60,1660000,
45,d60,60,1670000,
45,d60,60,1680000,
45,d60,60,1690000,
45,d60,60,1700000,0.19660000503063202
45,d60,60,1710000,
45,d60,60,1720000,
45,d60,60,1730000,
45,d60,60,1740000,
45,d60,60,1750000,
45,d60,60,1760000,
45,d60,60,1770000,
45,d60,60,1780000,
45,d60,60,1790000,
45,d60,60,1800000,0.20389999449253082
45,d60,60,1810000,
45,d60,60,1820000,
45,d60,60,1830000,
45,d60,60,1840000,
45,d60,60,1850000,
45,d60,60,1860000,
45,d60,60,1870000,
45,d60,60,1880000,
45,d60,60,1890000,
45,d60,60,1900000,0.20829999446868896
45,d60,60,1910000,
45,d60,60,1920000,
45,d60,60,1930000,
45,d60,60,1940000,
45,d60,60,1950000,
45,d60,60,1960000,
45,d60,60,1970000,
45,d60,60,1980000,
45,d60,60,1990000,
45,d60,60,2000000,0.21400000154972076
45,d60,60,2010000,
45,d60,60,2020000,
45,d60,60,2030000,
45,d60,60,2040000,
45,d60,60,2050000,
45,d60,60,2060000,
45,d60,60,2070000,
45,d60,60,2080000,
45,d60,60,2090000,
45,d60,60,2100000,0.2176000028848648
45,d60,60,2110000,
45,d60,60,2120000,
45,d60,60,2130000,
45,d60,60,2140000,
45,d60,60,2150000,
45,d60,60,2160000,
45,d60,60,2170000,
45,d60,60,2180000,
45,d60,60,2190000,
45,d60,60,2200000,0.23000000417232513
45,d60,60,2210000,
45,d60,60,2220000,
45,d60,60,2230000,
45,d60,60,2240000,
45,d60,60,2250000,
45,d60,60,2260000,
45,d60,60,2270000,
45,d60,60,2280000,
45,d60,60,2290000,
45,d60,60,2300000,0.24449999630451202
45,d60,60,2310000,
45,d60,60,2320000,
45,d60,60,2330000,
45,d60,60,2340000,
45,d60,60,2350000,
45,d60,60,2360000,
45,d60,60,2370000,
45,d60,60,2380000,
45,d60,60,2390000,
45,d60,60,2400000,0.24130000174045563
45,d60,60,2410000,
45,d60,60,2420000,
45,d60,60,2430000,
45,d60,60,2440000,
45,d60,60,2450000,
45,d60,60,2460000,
45,d60,60,2470000,
45,d60,60,2480000,
45,d60,60,2490000,
45,d60,60,2500000,0.23430000245571136
45,d60,60,2510000,
45,d60,60,2520000,
45,d60,60,2530000,
45,d60,60,2540000,
45,d60,60,2550000,
45,d60,60,2560000,
45,d60,60,2570000,
45,d60,60,2580000,
45,d60,60,2590000,
45,d60,60,2600000,0.2386000007390976
45,d60,60,2610000,
45,d60,60,2620000,
45,d60,60,2630000,
45,d60,60,2640000,
45,d60,60,2650000,
45,d60,60,2660000,
45,d60,60,2670000,
45,d60,60,2680000,
45,d60,60,2690000,
45,d60,60,2700000,0.24420000612735748
45,d60,60,2710000,
45,d60,60,2720000,
45,d60,60,2730000,
45,d60,60,2740000,
45,d60,60,2750000,
45,d60,60,2760000,
45,d60,60,2770000,
45,d60,60,2780000,
45,d60,60,2790000,
45,d60,60,2800000,0.24629999697208405
45,d60,60,2810000,
45,d60,60,2820000,
45,d60,60,2830000,
45,d60,60,2840000,
45,d60,60,2850000,
45,d60,60,2860000,
45,d60,60,2870000,
45,d60,60,2880000,
45,d60,60,2890000,
45,d60,60,2900000,0.2362000048160553
45,d60,60,2910000,
45,d60,60,2920000,
45,d60,60,2930000,
45,d60,60,2940000,
45,d60,60,2950000,
45,d60,60,2960000,
45,d60,60,2970000,
45,d60,60,2980000,
45,d60,60,2990000,
45,d60,60,3000000,0.24390000104904175
45,d60,60,3010000,
45,d60,60,3020000,
45,d60,60,3030000,
45,d60,60,3040000,
45,d60,60,3050000,
45,d60,60,3060000,
45,d60,60,3070000,
45,d60,60,3080000,
45,d60,60,3090000,
45,d60,60,3100000,0.2639999985694885
45,d60,60,3110000,
45,d60,60,3120000,
45,d60,60,3130000,
45,d60,60,3140000,
45,d60,60,3150000,
45,d60,60,3160000,
45,d60,60,3170000,
45,d60,60,3180000,
45,d60,60,3190000,
45,d60,60,3200000,0.24869999289512634
45,d60,60,3210000,
45,d60,60,3220000,
45,d60,60,3230000,
45,d60,60,3240000,
45,d60,60,3250000,
45,d60,60,3260000,
45,d60,60,3270000,
45,d60,60,3280000,
45,d60,60,3290000,
45,d60,60,3300000,0.2583000063896179
45,d60,60,3310000,
45,d60,60,3320000,
45,d60,60,3330000,
45,d60,60,3340000,
45,d60,60,3350000,
45,d60,60,3360000,
45,d60,60,3370000,
45,d60,60,3380000,
45,d60,60,3390000,
45,d60,60,3400000,0.2538999915122986
45,d60,60,3410000,
45,d60,60,3420000,
45,d60,60,3430000,
45,d60,60,3440000,
45,d60,60,3450000,
45,d60,60,3460000,
45,d60,60,3470000,
45,d60,60,3480000,
45,d60,60,3490000,
45,d60,60,3500000,0.2547999918460846
45,d60,60,3510000,
45,d60,60,3520000,
45,d60,60,3530000,
45,d60,60,3540000,
45,d60,60,3550000,
45,d60,60,3560000,
45,d60,60,3570000,
45,d60,60,3580000,
45,d60,60,3590000,
45,d60,60,3600000,0.2574999928474426
45,d60,60,3610000,
45,d60,60,3620000,
45,d60,60,3630000,
45,d60,60,3640000,
45,d60,60,3650000,
45,d60,60,3660000,
45,d60,60,3670000,
45,d60,60,3680000,
45,d60,60,3690000,
45,d60,60,3700000,0.25769999623298645
45,d60,60,3710000,
45,d60,60,3720000,
45,d60,60,3730000,
45,d60,60,3740000,
45,d60,60,3750000,
45,d60,60,3760000,
45,d60,60,3770000,
45,d60,60,3780000,
45,d60,60,3790000,
45,d60,60,3800000,0.2572999894618988
45,d60,60,3810000,
45,d60,60,3820000,
45,d60,60,3830000,
45,d60,60,3840000,
45,d60,60,3850000,
45,d60,60,3860000,
45,d60,60,3870000,
45,d60,60,3880000,
45,d60,60,3890000,
45,d60,60,3900000,0.26420000195503235
45,d60,60,3910000,
45,d60,60,3920000,
45,d60,60,3930000,
45,d60,60,3940000,
45,d60,60,3950000,
45,d60,60,3960000,
45,d60,60,3970000,
45,d60,60,3980000,
45,d60,60,3990000,
45,d60,60,4000000,0.2533000111579895
45,d60,60,4010000,
45,d60,60,4020000,
45,d60,60,4030000,
45,d60,60,4040000,
45,d60,60,4050000,
45,d60,60,4060000,
45,d60,60,4070000,
45,d60,60,4080000,
45,d60,60,4090000,
45,d60,60,4100000,0.258899986743927
45,d60,60,4110000,
45,d60,60,4120000,
45,d60,60,4130000,
45,d60,60,4140000,
45,d60,60,4150000,
45,d60,60,4160000,
45,d60,60,4170000,
45,d60,60,4180000,
45,d60,60,4190000,
45,d60,60,4200000,0.2619999945163727
45,d60,60,4210000,
45,d60,60,4220000,
45,d60,60,4230000,
45,d60,60,4240000,
45,d60,60,4250000,
45,d60,60,4260000,
45,d60,60,4270000,
45,d60,60,4280000,
45,d60,60,4290000,
45,d60,60,4300000,0.2685999870300293
45,d60,60,4310000,
45,d60,60,4320000,
45,d60,60,4330000,
45,d60,60,4340000,
45,d60,60,4350000,
45,d60,60,4360000,
45,d60,60,4370000,
45,d60,60,4380000,
45,d60,60,4390000,
45,d60,60,4400000,0.2556000053882599
45,d60,60,4410000,
45,d60,60,4420000,
45,d60,60,4430000,
45,d60,60,4440000,
45,d60,60,4450000,
45,d60,60,4460000,
45,d60,60,4470000,
45,d60,60,4480000,
45,d60,60,4490000,
45,d60,60,4500000,0.26100000739097595
45,d60,60,4510000,
45,d60,60,4520000,
45,d60,60,4530000,
45,d60,60,4540000,
45,d60,60,4550000,
45,d60,60,4560000,
45,d60,60,4570000,
45,d60,60,4580000,
45,d60,60,4590000,
45,d60,60,4600000,0.2720000147819519
45,d60,60,4610000,
45,d60,60,4620000,
45,d60,60,4630000,
45,d60,60,4640000,
45,d60,60,4650000,
45,d60,60,4660000,
45,d60,60,4670000,
45,d60,60,4680000,
45,d60,60,4690000,
45,d60,60,4700000,0.25870001316070557
45,d60,60,4710000,
45,d60,60,4720000,
45,d60,60,4730000,
45,d60,60,4740000,
45,d60,60,4750000,
45,d60,60,4760000,
45,d60,60,4770000,
45,d60,60,4780000,
45,d60,60,4790000,
45,d60,60,4800000,0.262800008058548
45,d60,60,4810000,
45,d60,60,4820000,
45,d60,60,4830000,
45,d60,60,4840000,
45,d60,60,4850000,
45,d60,60,4860000,
45,d60,60,4870000,
45,d60,60,4880000,
45,d60,60,4890000,
45,d60,60,4900000,0.258899986743927
45,d60,60,4910000,
45,d60,60,4920000,
45,d60,60,4930000,
45,d60,60,4940000,
45,d60,60,4950000,
45,d60,60,4960000,
45,d60,60,4970000,
45,d60,60,4980000,
45,d60,60,4990000,
45,d60,60,5000000,0.2630000114440918
46,d60,60,1,0.0
46,d60,60,10000,
46,d60,60,20000,
46,d60,60,30000,
46,d60,60,40000,
46,d60,60,50000,
46,d60,60,60000,
46,d60,60,70000,
46,d60,60,80000,
46,d60,60,90000,
46,d60,60,100000,0.0003000000142492354
46,d60,60,110000,
46,d60,60,120000,
46,d60,60,130000,
46,d60,60,140000,
46,d60,60,150000,
46,d60,60,160000,
46,d60,60,170000,
46,d60,60,180000,
46,d60,60,190000,
46,d60,60,200000,0.008999999612569809
46,d60,60,210000,
46,d60,60,220000,
46,d60,60,230000,
46,d60,60,240000,
46,d60,60,250000,
46,d60,60,260000,
46,d60,60,270000,
46,d60,60,280000,
46,d60,60,290000,
46,d60,60,300000,0.020800000056624413
46,d60,60,310000,
46,d60,60,320000,
46,d60,60,330000,
46,d60,60,340000,
46,d60,60,350000,
46,d60,60,360000,
46,d60,60,370000,
46,d60,60,380000,
46,d60,60,390000,
46,d60,60,400000,0.0357000008225441
46,d60,60,410000,
46,d60,60,420000,
46,d60,60,430000,
46,d60,60,440000,
46,d60,60,450000,
46,d60,60,460000,
46,d60,60,470000,
46,d60,60,480000,
46,d60,60,490000,
46,d60,60,500000,0.04960000142455101
46,d60,60,510000,
46,d60,60,520000,
46,d60,60,530000,
46,d60,60,540000,
46,d60,60,550000,
46,d60,60,560000,
46,d60,60,570000,
46,d60,60,580000,
46,d60,60,590000,
46,d60,60,600000,0.06499999761581421
46,d60,60,610000,
46,d60,60,620000,
46,d60,60,630000,
46,d60,60,640000,
46,d60,60,650000,
46,d60,60,660000,
46,d60,60,670000,
46,d60,60,680000,
46,d60,60,690000,
46,d60,60,700000,0.0778999999165535
46,d60,60,710000,
46,d60,60,720000,
46,d60,60,730000,
46,d60,60,740000,
46,d60,60,750000,
46,d60,60,760000,
46,d60,60,770000,
46,d60,60,780000,
46,d60,60,790000,
46,d60,60,800000,0.09239999949932098
46,d60,60,810000,
46,d60,60,820000,
46,d60,60,830000,
46,d60,60,840000,
46,d60,60,850000,
46,d60,60,860000,
46,d60,60,870000,
46,d60,60,880000,
46,d60,60,890000,
46,d60,60,900000,0.10840000212192535
46,d60,60,910000,
46,d60,60,920000,
46,d60,60,930000,
46,d60,60,940000,
46,d60,60,950000,
46,d60,60,960000,
46,d60,60,970000,
46,d60,60,980000,
46,d60,60,990000,
46,d60,60,1000000,0.1298000067472458
46,d60,60,1010000,
46,d60,60,1020000,
46,d60,60,1030000,
46,d60,60,1040000,
46,d60,60,1050000,
46,d60,60,1060000,
46,d60,60,1070000,
46,d60,60,1080000,
46,d60,60,1090000,
46,d60,60,1100000,0.13670000433921814
46,d60,60,1110000,
46,d60,60,1120000,
46,d60,60,1130000,
46,d60,60,1140000,
46,d60,60,1150000,
46,d60,60,1160000,
46,d60,60,1170000,
46,d60,60,1180000,
46,d60,60,1190000,
46,d60,60,1200000,0.1501999944448471
46,d60,60,1210000,
46,d60,60,1220000,
46,d60,60,1230000,
46,d60,60,1240000,
46,d60,60,1250000,
46,d60,60,1260000,
46,d60,60,1270000,
46,d60,60,1280000,
46,d60,60,1290000,
46,d60,60,1300000,0.16060000658035278
46,d60,60,1310000,
46,d60,60,1320000,
46,d60,60,1330000,
46,d60,60,1340000,
46,d60,60,1350000,
46,d60,60,1360000,
46,d60,60,1370000,
46,d60,60,1380000,
46,d60,60,1390000,
46,d60,60,1400000,0.16850000619888306
46,d60,60,1410000,
46,d60,60,1420000,
46,d60,60,1430000,
46,d60,60,1440000,
46,d60,60,1450000,
46,d60,60,1460000,
46,d60,60,1470000,
46,d60,60,1480000,
46,d60,60,1490000,
46,d60,60,1500000,0.18070000410079956
46,d60,60,1510000,
46,d60,60,1520000,
46,d60,60,1530000,
46,d60,60,1540000,
46,d60,60,1550000,
46,d60,60,1560000,
46,d60,60,1570000,
46,d60,60,1580000,
46,d60,60,1590000,
46,d60,60,1600000,0.18060000240802765
46,d60,60,1610000,
46,d60,60,1620000,
46,d60,60,1630000,
46,d60,60,1640000,
46,d60,60,1650000,
46,d60,60,1660000,
46,d60,60,1670000,
46,d60,60,1680000,
46,d60,60,1690000,
46,d60,60,1700000,0.19599999487400055
46,d60,60,1710000,
46,d60,60,1720000,
46,d60,60,1730000,
46,d60,60,1740000,
46,d60,60,1750000,
46,d60,60,1760000,
46,d60,60,1770000,
46,d60,60,1780000,
46,d60,60,1790000,
46,d60,60,1800000,0.20630000531673431
46,d60,60,1810000,
46,d60,60,1820000,
46,d60,60,1830000,
46,d60,60,1840000,
46,d60,60,1850000,
46,d60,60,1860000,
46,d60,60,1870000,
46,d60,60,1880000,
46,d60,60,1890000,
46,d60,60,1900000,0.20430000126361847
46,d60,60,1910000,
46,d60,60,1920000,
46,d60,60,1930000,
46,d60,60,1940000,
46,d60,60,1950000,
46,d60,60,1960000,
46,d60,60,1970000,
46,d60,60,1980000,
46,d60,60,1990000,
46,d60,60,2000000,0.21580000221729279
46,d60,60,2010000,
46,d60,60,2020000,
46,d60,60,2030000,
46,d60,60,2040000,
46,d60,60,2050000,
46,d60,60,2060000,
46,d60,60,2070000,
46,d60,60,2080000,
46,d60,60,2090000,
46,d60,60,2100000,0.21699999272823334
46,d60,60,2110000,
46,d60,60,2120000,
46,d60,60,2130000,
46,d60,60,2140000,
46,d60,60,2150000,
46,d60,60,2160000,
46,d60,60,2170000,
46,d60,60,2180000,
46,d60,60,2190000,
46,d60,60,2200000,0.22519999742507935
46,d60,60,2210000,
46,d60,60,2220000,
46,d60,60,2230000,
46,d60,60,2240000,
46,d60,60,2250000,
46,d60,60,2260000,
46,d60,60,2270000,
46,d60,60,2280000,
46,d60,60,2290000,
46,d60,60,2300000,0.22540000081062317
46,d60,60,2310000,
46,d60,60,2320000,
46,d60,60,2330000,
46,d60,60,2340000,
46,d60,60,2350000,
46,d60,60,2360000,
46,d60,60,2370000,
46,d60,60,2380000,
46,d60,60,2390000,
46,d60,60,2400000,0.23729999363422394
46,d60,60,2410000,
46,d60,60,2420000,
46,d60,60,2430000,
46,d60,60,2440000,
46,d60,60,2450000,
46,d60,60,2460000,
46,d60,60,2470000,
46,d60,60,2480000,
46,d60,60,2490000,
46,d60,60,2500000,0.23440000414848328
46,d60,60,2510000,
46,d60,60,2520000,
46,d60,60,2530000,
46,d60,60,2540000,
46,d60,60,2550000,
46,d60,60,2560000,
46,d60,60,2570000,
46,d60,60,2580000,
46,d60,60,2590000,
46,d60,60,2600000,0.2433999925851822
46,d60,60,2610000,
46,d60,60,2620000,
46,d60,60,2630000,
46,d60,60,2640000,
46,d60,60,2650000,
46,d60,60,2660000,
46,d60,60,2670000,
46,d60,60,2680000,
46,d60,60,2690000,
46,d60,60,2700000,0.23589999973773956
46,d60,60,2710000,
46,d60,60,2720000,
46,d60,60,2730000,
46,d60,60,2740000,
46,d60,60,2750000,
46,d60,60,2760000,
46,d60,60,2770000,
46,d60,60,2780000,
46,d60,60,2790000,
46,d60,60,2800000,0.24210000038146973
46,d60,60,2810000,
46,d60,60,2820000,
46,d60,60,2830000,
46,d60,60,2840000,
46,d60,60,2850000,
46,d60,60,2860000,
46,d60,60,2870000,
46,d60,60,2880000,
46,d60,60,2890000,
46,d60,60,2900000,0.24490000307559967
46,d60,60,2910000,
46,d60,60,2920000,
46,d60,60,2930000,
46,d60,60,2940000,
46,d60,60,2950000,
46,d60,60,2960000,
46,d60,60,2970000,
46,d60,60,2980000,
46,d60,60,2990000,
46,d60,60,3000000,0.25589999556541443
46,d60,60,3010000,
46,d60,60,3020000,
46,d60,60,3030000,
46,d60,60,3040000,
46,d60,60,3050000,
46,d60,60,3060000,
46,d60,60,3070000,
46,d60,60,3080000,
46,d60,60,3090000,
46,d60,60,3100000,0.24699999392032623
46,d60,60,3110000,
46,d60,60,3120000,
46,d60,60,3130000,
46,d60,60,3140000,
46,d60,60,3150000,
46,d60,60,3160000,
46,d60,60,3170000,
46,d60,60,3180000,
46,d60,60,3190000,
46,d60,60,3200000,0.2451999932527542
46,d60,60,3210000,
46,d60,60,3220000,
46,d60,60,3230000,
46,d60,60,3240000,
46,d60,60,3250000,
46,d60,60,3260000,
46,d60,60,3270000,
46,d60,60,3280000,
46,d60,60,3290000,
46,d60,60,3300000,0.25699999928474426
46,d60,60,3310000,
46,d60,60,3320000,
46,d60,60,3330000,
46,d60,60,3340000,
46,d60,60,3350000,
46,d60,60,3360000,
46,d60,60,3370000,
46,d60,60,3380000,
46,d60,60,3390000,
46,d60,60,3400000,0.23929999768733978
46,d60,60,3410000,
46,d60,60,3420000,
46,d60,60,3430000,
46,d60,60,3440000,
46,d60,60,3450000,
46,d60,60,3460000,
46,d60,60,3470000,
46,d60,60,3480000,
46,d60,60,3490000,
46,d60,60,3500000,0.2540000081062317
46,d60,60,3510000,
46,d60,60,3520000,
46,d60,60,3530000,
46,d60,60,3540000,
46,d60,60,3550000,
46,d60,60,3560000,
46,d60,60,3570000,
46,d60,60,3580000,
46,d60,60,3590000,
46,d60,60,3600000,0.2624000012874603
46,d60,60,3610000,
46,d60,60,3620000,
46,d60,60,3630000,
46,d60,60,3640000,
46,d60,60,3650000,
46,d60,60,3660000,
46,d60,60,3670000,
46,d60,60,3680000,
46,d60,60,3690000,
46,d60,60,3700000,0.24699999392032623
46,d60,60,3710000,
46,d60,60,3720000,
46,d60,60,3730000,
46,d60,60,3740000,
46,d60,60,3750000,
46,d60,60,3760000,
46,d60,60,3770000,
46,d60,60,3780000,
46,d60,60,3790000,
46,d60,60,3800000,0.2506999969482422
46,d60,60,3810000,
46,d60,60,3820000,
46,d60,60,3830000,
46,d60,60,3840000,
46,d60,60,3850000,
46,d60,60,3860000,
46,d60,60,3870000,
46,d60,60,3880000,
46,d60,60,3890000,
46,d60,60,3900000,0.26159998774528503
46,d60,60,3910000,
46,d60,60,3920000,
46,d60,60,3930000,
46,d60,60,3940000,
46,d60,60,3950000,
46,d60,60,3960000,
46,d60,60,3970000,
46,d60,60,3980000,
46,d60,60,3990000,
46,d60,60,4000000,0.260699987411499
46,d60,60,4010000,
46,d60,60,4020000,
46,d60,60,4030000,
46,d60,60,4040000,
46,d60,60,4050000,
46,d60,60,4060000,
46,d60,60,4070000,
46,d60,60,4080000,
46,d60,60,4090000,
46,d60,60,4100000,0.27059999108314514
46,d60,60,4110000,
46,d60,60,4120000,
46,d60,60,4130000,
46,d60,60,4140000,
46,d60,60,4150000,
46,d60,60,4160000,
46,d60,60,4170000,
46,d60,60,4180000,
46,d60,60,4190000,
46,d60,60,4200000,0.25380000472068787
46,d60,60,4210000,
46,d60,60,4220000,
46,d60,60,4230000,
46,d60,60,4240000,
46,d60,60,4250000,
46,d60,60,4260000,
46,d60,60,4270000,
46,d60,60,4280000,
46,d60,60,4290000,
46,d60,60,4300000,0.2563999891281128
46,d60,60,4310000,
46,d60,60,4320000,
46,d60,60,4330000,
46,d60,60,4340000,
46,d60,60,4350000,
46,d60,60,4360000,
46,d60,60,4370000,
46,d60,60,4380000,
46,d60,60,4390000,
46,d60,60,4400000,0.26969999074935913
46,d60,60,4410000,
46,d60,60,4420000,
46,d60,60,4430000,
46,d60,60,4440000,
46,d60,60,4450000,
46,d60,60,4460000,
46,d60,60,4470000,
46,d60,60,4480000,
46,d60,60,4490000,
46,d60,60,4500000,0.25769999623298645
46,d60,60,4510000,
46,d60,60,4520000,
46,d60,60,4530000,
46,d60,60,4540000,
46,d60,60,4550000,
46,d60,60,4560000,
46,d60,60,4570000,
46,d60,60,4580000,
46,d60,60,4590000,
46,d60,60,4600000,0.26919999718666077
46,d60,60,4610000,
46,d60,60,4620000,
46,d60,60,4630000,
46,d60,60,4640000,
46,d60,60,4650000,
46,d60,60,4660000,
46,d60,60,4670000,
46,d60,60,4680000,
46,d60,60,4690000,
46,d60,60,4700000,0.2597000002861023
46,d60,60,4710000,
46,d60,60,4720000,
46,d60,60,4730000,
46,d60,60,4740000,
46,d60,60,4750000,
46,d60,60,4760000,
46,d60,60,4770000,
46,d60,60,4780000,
46,d60,60,4790000,
46,d60,60,4800000,0.2596000134944916
46,d60,60,4810000,
46,d60,60,4820000,
46,d60,60,4830000,
46,d60,60,4840000,
46,d60,60,4850000,
46,d60,60,4860000,
46,d60,60,4870000,
46,d60,60,4880000,
46,d60,60,4890000,
46,d60,60,4900000,0.26109999418258667
46,d60,60,4910000,
46,d60,60,4920000,
46,d60,60,4930000,
46,d60,60,4940000,
46,d60,60,4950000,
46,d60,60,4960000,
46,d60,60,4970000,
46,d60,60,4980000,
46,d60,60,4990000,
46,d60,60,5000000,0.27480000257492065
42,d80,80,1,0.0
42,d80,80,10000,
42,d80,80,20000,
42,d80,80,30000,
42,d80,80,40000,
42,d80,80,50000,
42,d80,80,60000,
42,d80,80,70000,
42,d80,80,80000,
42,d80,80,90000,
42,d80,80,100000,9.999999747378752e-05
42,d80,80,110000,
42,d80,80,120000,
42,d80,80,130000,
42,d80,80,140000,
42,d80,80,150000,
42,d80,80,160000,
42,d80,80,170000,
42,d80,80,180000,
42,d80,80,190000,
42,d80,80,200000,0.0052999998442828655
42,d80,80,210000,
42,d80,80,220000,
42,d80,80,230000,
42,d80,80,240000,
42,d80,80,250000,
42,d80,80,260000,
42,d80,80,270000,
42,d80,80,280000,
42,d80,80,290000,
42,d80,80,300000,0.01269999984651804
42,d80,80,310000,
42,d80,80,320000,
42,d80,80,330000,
42,d80,80,340000,
42,d80,80,350000,
42,d80,80,360000,
42,d80,80,370000,
42,d80,80,380000,
42,d80,80,390000,
42,d80,80,400000,0.02590000070631504
42,d80,80,410000,
42,d80,80,420000,
42,d80,80,430000,
42,d80,80,440000,
42,d80,80,450000,
42,d80,80,460000,
42,d80,80,470000,
42,d80,80,480000,
42,d80,80,490000,
42,d80,80,500000,0.03680000081658363
42,d80,80,510000,
42,d80,80,520000,
42,d80,80,530000,
42,d80,80,540000,
42,d80,80,550000,
42,d80,80,560000,
42,d80,80,570000,
42,d80,80,580000,
42,d80,80,590000,
42,d80,80,600000,0.046799998730421066
42,d80,80,610000,
42,d80,80,620000,
42,d80,80,630000,
42,d80,80,640000,
42,d80,80,650000,
42,d80,80,660000,
42,d80,80,670000,
42,d80,80,680000,
42,d80,80,690000,
42,d80,80,700000,0.06620000302791595
42,d80,80,710000,
42,d80,80,720000,
42,d80,80,730000,
42,d80,80,740000,
42,d80,80,750000,
42,d80,80,760000,
42,d80,80,770000,
42,d80,80,780000,
42,d80,80,790000,
42,d80,80,800000,0.0778999999165535
42,d80,80,810000,
42,d80,80,820000,
42,d80,80,830000,
42,d80,80,840000,
42,d80,80,850000,
42,d80,80,860000,
42,d80,80,870000,
42,d80,80,880000,
42,d80,80,890000,
42,d80,80,900000,0.09109999984502792
42,d80,80,910000,
42,d80,80,920000,
42,d80,80,930000,
42,d80,80,940000,
42,d80,80,950000,
42,d80,80,960000,
42,d80,80,970000,
42,d80,80,980000,
42,d80,80,990000,
42,d80,80,1000000,0.10279999673366547
42,d80,80,1010000,
42,d80,80,1020000,
42,d80,80,1030000,
42,d80,80,1040000,
42,d80,80,1050000,
42,d80,80,1060000,
42,d80,80,1070000,
42,d80,80,1080000,
42,d80,80,1090000,
42,d80,80,1100000,0.1282999962568283
42,d80,80,1110000,
42,d80,80,1120000,
42,d80,80,1130000,
42,d80,80,1140000,
42,d80,80,1150000,
42,d80,80,1160000,
42,d80,80,1170000,
42,d80,80,1180000,
42,d80,80,1190000,
42,d80,80,1200000,0.14470000565052032
42,d80,80,1210000,
42,d80,80,1220000,
42,d80,80,1230000,
42,d80,80,1240000,
42,d80,80,1250000,
42,d80,80,1260000,
42,d80,80,1270000,
42,d80,80,1280000,
42,d80,80,1290000,
42,d80,80,1300000,0.16060000658035278
42,d80,80,1310000,
42,d80,80,1320000,
42,d80,80,1330000,
42,d80,80,1340000,
42,d80,80,1350000,
42,d80,80,1360000,
42,d80,80,1370000,
42,d80,80,1380000,
42,d80,80,1390000,
42,d80,80,1400000,0.18129999935626984
42,d80,80,1410000,
42,d80,80,1420000,
42,d80,80,1430000,
42,d80,80,1440000,
42,d80,80,1450000,
42,d80,80,1460000,
42,d80,80,1470000,
42,d80,80,1480000,
42,d80,80,1490000,
42,d80,80,1500000,0.19189999997615814
42,d80,80,1510000,
42,d80,80,1520000,
42,d80,80,1530000,
42,d80,80,1540000,
42,d80,80,1550000,
42,d80,80,1560000,
42,d80,80,1570000,
42,d80,80,1580000,
42,d80,80,1590000,
42,d80,80,1600000,0.21170000731945038
42,d80,80,1610000,
42,d80,80,1620000,
42,d80,80,1630000,
42,d80,80,1640000,
42,d80,80,1650000,
42,d80,80,1660000,
42,d80,80,1670000,
42,d80,80,1680000,
42,d80,80,1690000,
42,d80,80,1700000,0.2305999994277954
42,d80,80,1710000,
42,d80,80,1720000,
42,d80,80,1730000,
42,d80,80,1740000,
42,d80,80,1750000,
42,d80,80,1760000,
42,d80,80,1770000,
42,d80,80,1780000,
42,d80,80,1790000,
42,d80,80,1800000,0.25040000677108765
42,d80,80,1810000,
42,d80,80,1820000,
42,d80,80,1830000,
42,d80,80,1840000,
42,d80,80,1850000,
42,d80,80,1860000,
42,d80,80,1870000,
42,d80,80,1880000,
42,d80,80,1890000,
42,d80,80,1900000,0.257999986410141
42,d80,80,1910000,
42,d80,80,1920000,
42,d80,80,1930000,
42,d80,80,1940000,
42,d80,80,1950000,
42,d80,80,1960000,
42,d80,80,1970000,
42,d80,80,1980000,
42,d80,80,1990000,
42,d80,80,2000000,0.2761000096797943
42,d80,80,2010000,
42,d80,80,2020000,
42,d80,80,2030000,
42,d80,80,2040000,
42,d80,80,2050000,
42,d80,80,2060000,
42,d80,80,2070000,
42,d80,80,2080000,
42,d80,80,2090000,
42,d80,80,2100000,0.2784999907016754
42,d80,80,2110000,
42,d80,80,2120000,
42,d80,80,2130000,
42,d80,80,2140000,
42,d80,80,2150000,
42,d80,80,2160000,
42,d80,80,2170000,
42,d80,80,2180000,
42,d80,80,2190000,
42,d80,80,2200000,0.29910001158714294
42,d80,80,2210000,
42,d80,80,2220000,
42,d80,80,2230000,
42,d80,80,2240000,
42,d80,80,2250000,
42,d80,80,2260000,
42,d80,80,2270000,
42,d80,80,2280000,
42,d80,80,2290000,
42,d80,80,2300000,0.32100000977516174
42,d80,80,2310000,
42,d80,80,2320000,
42,d80,80,2330000,
42,d80,80,2340000,
42,d80,80,2350000,
42,d80,80,2360000,
42,d80,80,2370000,
42,d80,80,2380000,
42,d80,80,2390000,
42,d80,80,2400000,0.31139999628067017
42,d80,80,2410000,
42,d80,80,2420000,
42,d80,80,2430000,
42,d80,80,2440000,
42,d80,80,2450000,
42,d80,80,2460000,
42,d80,80,2470000,
42,d80,80,2480000,
42,d80,80,2490000,
42,d80,80,2500000,0.31700000166893005
42,d80,80,2510000,
42,d80,80,2520000,
42,d80,80,2530000,
42,d80,80,2540000,
42,d80,80,2550000,
42,d80,80,2560000,
42,d80,80,2570000,
42,d80,80,2580000,
42,d80,80,2590000,
42,d80,80,2600000,0.32440000772476196
42,d80,80,2610000,
42,d80,80,2620000,
42,d80,80,2630000,
42,d80,80,2640000,
42,d80,80,2650000,
42,d80,80,2660000,
42,d80,80,2670000,
42,d80,80,2680000,
42,d80,80,2690000,
42,d80,80,2700000,0.3325999975204468
42,d80,80,2710000,
42,d80,80,2720000,
42,d80,80,2730000,
42,d80,80,2740000,
42,d80,80,2750000,
42,d80,80,2760000,
42,d80,80,2770000,
42,d80,80,2780000,
42,d80,80,2790000,
42,d80,80,2800000,0.3393999934196472
42,d80,80,2810000,
42,d80,80,2820000,
42,d80,80,2830000,
42,d80,80,2840000,
42,d80,80,2850000,
42,d80,80,2860000,
42,d80,80,2870000,
42,d80,80,2880000,
42,d80,80,2890000,
42,d80,80,2900000,0.34150001406669617
42,d80,80,2910000,
42,d80,80,2920000,
42,d80,80,2930000,
42,d80,80,2940000,
42,d80,80,2950000,
42,d80,80,2960000,
42,d80,80,2970000,
42,d80,80,2980000,
42,d80,80,2990000,
42,d80,80,3000000,0.3521000146865845
42,d80,80,3010000,
42,d80,80,3020000,
42,d80,80,3030000,
42,d80,80,3040000,
42,d80,80,3050000,
42,d80,80,3060000,
42,d80,80,3070000,
42,d80,80,3080000,
42,d80,80,3090000,
42,d80,80,3100000,0.3571999967098236
42,d80,80,3110000,
42,d80,80,3120000,
42,d80,80,3130000,
42,d80,80,3140000,
42,d80,80,3150000,
42,d80,80,3160000,
42,d80,80,3170000,
42,d80,80,3180000,
42,d80,80,3190000,
42,d80,80,3200000,0.3483999967575073
42,d80,80,3210000,
42,d80,80,3220000,
42,d80,80,3230000,
42,d80,80,3240000,
42,d80,80,3250000,
42,d80,80,3260000,
42,d80,80,3270000,
42,d80,80,3280000,
42,d80,80,3290000,
42,d80,80,3300000,0.3515999913215637
42,d80,80,3310000,
42,d80,80,3320000,
42,d80,80,3330000,
42,d80,80,3340000,
42,d80,80,3350000,
42,d80,80,3360000,
42,d80,80,3370000,
42,d80,80,3380000,
42,d80,80,3390000,
42,d80,80,3400000,0.36660000681877136
42,d80,80,3410000,
42,d80,80,3420000,
42,d80,80,3430000,
42,d80,80,3440000,
42,d80,80,3450000,
42,d80,80,3460000,
42,d80,80,3470000,
42,d80,80,3480000,
42,d80,80,3490000,
42,d80,80,3500000,0.3736000061035156
42,d80,80,3510000,
42,d80,80,3520000,
42,d80,80,3530000,
42,d80,80,3540000,
42,d80,80,3550000,
42,d80,80,3560000,
42,d80,80,3570000,
42,d80,80,3580000,
42,d80,80,3590000,
42,d80,80,3600000,0.3727000057697296
42,d80,80,3610000,
42,d80,80,3620000,
42,d80,80,3630000,
42,d80,80,3640000,
42,d80,80,3650000,
42,d80,80,3660000,
42,d80,80,3670000,
42,d80,80,3680000,
42,d80,80,3690000,
42,d80,80,3700000,0.3700999915599823
42,d80,80,3710000,
42,d80,80,3720000,
42,d80,80,3730000,
42,d80,80,3740000,
42,d80,80,3750000,
42,d80,80,3760000,
42,d80,80,3770000,
42,d80,80,3780000,
42,d80,80,3790000,
42,d80,80,3800000,0.3840999901294708
42,d80,80,3810000,
42,d80,80,3820000,
42,d80,80,3830000,
42,d80,80,3840000,
42,d80,80,3850000,
42,d80,80,3860000,
42,d80,80,3870000,
42,d80,80,3880000,
42,d80,80,3890000,
42,d80,80,3900000,0.39320001006126404
42,d80,80,3910000,
42,d80,80,3920000,
42,d80,80,3930000,
42,d80,80,3940000,
42,d80,80,3950000,
42,d80,80,3960000,
42,d80,80,3970000,
42,d80,80,3980000,
42,d80,80,3990000,
42,d80,80,4000000,0.37709999084472656
42,d80,80,4010000,
42,d80,80,4020000,
42,d80,80,4030000,
42,d80,80,4040000,
42,d80,80,4050000,
42,d80,80,4060000,
42,d80,80,4070000,
42,d80,80,4080000,
42,d80,80,4090000,
42,d80,80,4100000,0.3856000006198883
42,d80,80,4110000,
42,d80,80,4120000,
42,d80,80,4130000,
42,d80,80,4140000,
42,d80,80,4150000,
42,d80,80,4160000,
42,d80,80,4170000,
42,d80,80,4180000,
42,d80,80,4190000,
42,d80,80,4200000,0.3781999945640564
42,d80,80,4210000,
42,d80,80,4220000,
42,d80,80,4230000,
42,d80,80,4240000,
42,d80,80,4250000,
42,d80,80,4260000,
42,d80,80,4270000,
42,d80,80,4280000,
42,d80,80,4290000,
42,d80,80,4300000,0.3944999873638153
42,d80,80,4310000,
42,d80,80,4320000,
42,d80,80,4330000,
42,d80,80,4340000,
42,d80,80,4350000,
42,d80,80,4360000,
42,d80,80,4370000,
42,d80,80,4380000,
42,d80,80,4390000,
42,d80,80,4400000,0.38530001044273376
42,d80,80,4410000,
42,d80,80,4420000,
42,d80,80,4430000,
42,d80,80,4440000,
42,d80,80,4450000,
42,d80,80,4460000,
42,d80,80,4470000,
42,d80,80,4480000,
42,d80,80,4490000,
42,d80,80,4500000,0.38510000705718994
42,d80,80,4510000,
42,d80,80,4520000,
42,d80,80,4530000,
42,d80,80,4540000,
42,d80,80,4550000,
42,d80,80,4560000,
42,d80,80,4570000,
42,d80,80,4580000,
42,d80,80,4590000,
42,d80,80,4600000,0.39750000834465027
42,d80,80,4610000,
42,d80,80,4620000,
42,d80,80,4630000,
42,d80,80,4640000,
42,d80,80,4650000,
42,d80,80,4660000,
42,d80,80,4670000,
42,d80,80,4680000,
42,d80,80,4690000,
42,d80,80,4700000,0.39719998836517334
42,d80,80,4710000,
42,d80,80,4720000,
42,d80,80,4730000,
42,d80,80,4740000,
42,d80,80,4750000,
42,d80,80,4760000,
42,d80,80,4770000,
42,d80,80,4780000,
42,d80,80,4790000,
42,d80,80,4800000,0.3853999972343445
42,d80,80,4810000,
42,d80,80,4820000,
42,d80,80,4830000,
42,d80,80,4840000,
42,d80,80,4850000,
42,d80,80,4860000,
42,d80,80,4870000,
42,d80,80,4880000,
42,d80,80,4890000,
42,d80,80,4900000,0.40059998631477356
42,d80,80,4910000,
42,d80,80,4920000,
42,d80,80,4930000,
42,d80,80,4940000,
42,d80,80,4950000,
42,d80,80,4960000,
42,d80,80,4970000,
42,d80,80,4980000,
42,d80,80,4990000,
42,d80,80,5000000,0.39149999618530273
43,d80,80,1,0.0
43,d80,80,10000,
43,d80,80,20000,
43,d80,80,30000,
43,d80,80,40000,
43,d80,80,50000,
43,d80,80,60000,
43,d80,80,70000,
43,d80,80,80000,
43,d80,80,90000,
43,d80,80,100000,0.0003000000142492354
43,d80,80,110000,
43,d80,80,120000,
43,d80,80,130000,
43,d80,80,140000,
43,d80,80,150000,
43,d80,80,160000,
43,d80,80,170000,
43,d80,80,180000,
43,d80,80,190000,
43,d80,80,200000,0.003800000064074993
43,d80,80,210000,
43,d80,80,220000,
43,d80,80,230000,
43,d80,80,240000,
43,d80,80,250000,
43,d80,80,260000,
43,d80,80,270000,
43,d80,80,280000,
43,d80,80,290000,
43,d80,80,300000,0.012400000356137753
43,d80,80,310000,
43,d80,80,320000,
43,d80,80,330000,
43,d80,80,340000,
43,d80,80,350000,
43,d80,80,360000,
43,d80,80,370000,
43,d80,80,380000,
43,d80,80,390000,
43,d80,80,400000,0.02250000089406967
43,d80,80,410000,
43,d80,80,420000,
43,d80,80,430000,
43,d80,80,440000,
43,d80,80,450000,
43,d80,80,460000,
43,d80,80,470000,
43,d80,80,480000,
43,d80,80,490000,
43,d80,80,500000,0.03269999846816063
43,d80,80,510000,
43,d80,80,520000,
43,d80,80,530000,
43,d80,80,540000,
43,d80,80,550000,
43,d80,80,560000,
43,d80,80,570000,
43,d80,80,580000,
43,d80,80,590000,
43,d80,80,600000,0.05009999871253967
43,d80,80,610000,
43,d80,80,620000,
43,d80,80,630000,
43,d80,80,640000,
43,d80,80,650000,
43,d80,80,660000,
43,d80,80,670000,
43,d80,80,680000,
43,d80,80,690000,
43,d80,80,700000,0.065700002014637
43,d80,80,710000,
43,d80,80,720000,
43,d80,80,730000,
43,d80,80,740000,
43,d80,80,750000,
43,d80,80,760000,
43,d80,80,770000,
43,d80,80,780000,
43,d80,80,790000,
43,d80,80,800000,0.0763000026345253
43,d80,80,810000,
43,d80,80,820000,
43,d80,80,830000,
43,d80,80,840000,
43,d80,80,850000,
43,d80,80,860000,
43,d80,80,870000,
43,d80,80,880000,
43,d80,80,890000,
43,d80,80,900000,0.08889999985694885
43,d80,80,910000,
43,d80,80,920000,
43,d80,80,930000,
43,d80,80,940000,
43,d80,80,950000,
43,d80,80,960000,
43,d80,80,970000,
43,d80,80,980000,
43,d80,80,990000,
43,d80,80,1000000,0.11219999939203262
43,d80,80,1010000,
43,d80,80,1020000,
43,d80,80,1030000,
43,d80,80,1040000,
43,d80,80,1050000,
43,d80,80,1060000,
43,d80,80,1070000,
43,d80,80,1080000,
43,d80,80,1090000,
43,d80,80,1100000,0.12870000302791595
43,d80,80,1110000,
43,d80,80,1120000,
43,d80,80,1130000,
43,d80,80,1140000,
43,d80,80,1150000,
43,d80,80,1160000,
43,d80,80,1170000,
43,d80,80,1180000,
43,d80,80,1190000,
43,d80,80,1200000,0.15379999577999115
43,d80,80,1210000,
43,d80,80,1220000,
43,d80,80,1230000,
43,d80,80,1240000,
43,d80,80,1250000,
43,d80,80,1260000,
43,d80,80,1270000,
43,d80,80,1280000,
43,d80,80,1290000,
43,d80,80,1300000,0.17900000512599945
43,d80,80,1310000,
43,d80,80,1320000,
43,d80,80,1330000,
43,d80,80,1340000,
43,d80,80,1350000,
43,d80,80,1360000,
43,d80,80,1370000,
43,d80,80,1380000,
43,d80,80,1390000,
43,d80,80,1400000,0.1860000044107437
43,d80,80,1410000,
43,d80,80,1420000,
43,d80,80,1430000,
43,d80,80,1440000,
43,d80,80,1450000,
43,d80,80,1460000,
43,d80,80,1470000,
43,d80,80,1480000,
43,d80,80,1490000,
43,d80,80,1500000,0.2184000015258789
43,d80,80,1510000,
43,d80,80,1520000,
43,d80,80,1530000,
43,d80,80,1540000,
43,d80,80,1550000,
43,d80,80,1560000,
43,d80,80,1570000,
43,d80,80,1580000,
43,d80,80,1590000,
43,d80,80,1600000,0.22190000116825104
43,d80,80,1610000,
43,d80,80,1620000,
43,d80,80,1630000,
43,d80,80,1640000,
43,d80,80,1650000,
43,d80,80,1660000,
43,d80,80,1670000,
43,d80,80,1680000,
43,d80,80,1690000,
43,d80,80,1700000,0.2320999950170517
43,d80,80,1710000,
43,d80,80,1720000,
43,d80,80,1730000,
43,d80,80,1740000,
43,d80,80,1750000,
43,d80,80,1760000,
43,d80,80,1770000,
43,d80,80,1780000,
43,d80,80,1790000,
43,d80,80,1800000,0.250900000333786
43,d80,80,1810000,
43,d80,80,1820000,
43,d80,80,1830000,
43,d80,80,1840000,
43,d80,80,1850000,
43,d80,80,1860000,
43,d80,80,1870000,
43,d80,80,1880000,
43,d80,80,1890000,
43,d80,80,1900000,0.24940000474452972
43,d80,80,1910000,
43,d80,80,1920000,
43,d80,80,1930000,
43,d80,80,1940000,
43,d80,80,1950000,
43,d80,80,1960000,
43,d80,80,1970000,
43,d80,80,1980000,
43,d80,80,1990000,
43,d80,80,2000000,0.2847999930381775
43,d80,80,2010000,
43,d80,80,2020000,
43,d80,80,2030000,
43,d80,80,2040000,
43,d80,80,2050000,
43,d80,80,2060000,
43,d80,80,2070000,
43,d80,80,2080000,
43,d80,80,2090000,
43,d80,80,2100000,0.29120001196861267
43,d80,80,2110000,
43,d80,80,2120000,
43,d80,80,2130000,
43,d80,80,2140000,
43,d80,80,2150000,
43,d80,80,2160000,
43,d80,80,2170000,
43,d80,80,2180000,
43,d80,80,2190000,
43,d80,80,2200000,0.3034999966621399
43,d80,80,2210000,
43,d80,80,2220000,
43,d80,80,2230000,
43,d80,80,2240000,
43,d80,80,2250000,
43,d80,80,2260000,
43,d80,80,2270000,
43,d80,80,2280000,
43,d80,80,2290000,
43,d80,80,2300000,0.3124000132083893
43,d80,80,2310000,
43,d80,80,2320000,
43,d80,80,2330000,
43,d80,80,2340000,
43,d80,80,2350000,
43,d80,80,2360000,
43,d80,80,2370000,
43,d80,80,2380000,
43,d80,80,2390000,
43,d80,80,2400000,0.31150001287460327
43,d80,80,2410000,
43,d80,80,2420000,
43,d80,80,2430000,
43,d80,80,2440000,
43,d80,80,2450000,
43,d80,80,2460000,
43,d80,80,2470000,
43,d80,80,2480000,
43,d80,80,2490000,
43,d80,80,2500000,0.31299999356269836
43,d80,80,2510000,
43,d80,80,2520000,
43,d80,80,2530000,
43,d80,80,2540000,
43,d80,80,2550000,
43,d80,80,2560000,
43,d80,80,2570000,
43,d80,80,2580000,
43,d80,80,2590000,
43,d80,80,2600000,0.3434000015258789
43,d80,80,2610000,
43,d80,80,2620000,
43,d80,80,2630000,
43,d80,80,2640000,
43,d80,80,2650000,
43,d80,80,2660000,
43,d80,80,2670000,
43,d80,80,2680000,
43,d80,80,2690000,
43,d80,80,2700000,0.34779998660087585
43,d80,80,2710000,
43,d80,80,2720000,
43,d80,80,2730000,
43,d80,80,2740000,
43,d80,80,2750000,
43,d80,80,2760000,
43,d80,80,2770000,
43,d80,80,2780000,
43,d80,80,2790000,
43,d80,80,2800000,0.3370000123977661
43,d80,80,2810000,
43,d80,80,2820000,
43,d80,80,2830000,
43,d80,80,2840000,
43,d80,80,2850000,
43,d80,80,2860000,
43,d80,80,2870000,
43,d80,80,2880000,
43,d80,80,2890000,
43,d80,80,2900000,0.34790000319480896
43,d80,80,2910000,
43,d80,80,2920000,
43,d80,80,2930000,
43,d80,80,2940000,
43,d80,80,2950000,
43,d80,80,2960000,
43,d80,80,2970000,
43,d80,80,2980000,
43,d80,80,2990000,
43,d80,80,3000000,0.3578000068664551
43,d80,80,3010000,
43,d80,80,3020000,
43,d80,80,3030000,
43,d80,80,3040000,
43,d80,80,3050000,
43,d80,80,3060000,
43,d80,80,3070000,
43,d80,80,3080000,
43,d80,80,3090000,
43,d80,80,3100000,0.3582000136375427
43,d80,80,3110000,
43,d80,80,3120000,
43,d80,80,3130000,
43,d80,80,3140000,
43,d80,80,3150000,
43,d80,80,3160000,
43,d80,80,3170000,
43,d80,80,3180000,
43,d80,80,3190000,
43,d80,80,3200000,0.36739999055862427
43,d80,80,3210000,
43,d80,80,3220000,
43,d80,80,3230000,
43,d80,80,3240000,
43,d80,80,3250000,
43,d80,80,3260000,
43,d80,80,3270000,
43,d80,80,3280000,
43,d80,80,3290000,
43,d80,80,3300000,0.37119999527931213
43,d80,80,3310000,
43,d80,80,3320000,
43,d80,80,3330000,
43,d80,80,3340000,
43,d80,80,3350000,
43,d80,80,3360000,
43,d80,80,3370000,
43,d80,80,3380000,
43,d80,80,3390000,
43,d80,80,3400000,0.3569999933242798
43,d80,80,3410000,
43,d80,80,3420000,
43,d80,80,3430000,
43,d80,80,3440000,
43,d80,80,3450000,
43,d80,80,3460000,
43,d80,80,3470000,
43,d80,80,3480000,
43,d80,80,3490000,
43,d80,80,3500000,0.37599998712539673
43,d80,80,3510000,
43,d80,80,3520000,
43,d80,80,3530000,
43,d80,80,3540000,
43,d80,80,3550000,
43,d80,80,3560000,
43,d80,80,3570000,
43,d80,80,3580000,
43,d80,80,3590000,
43,d80,80,3600000,0.3734000027179718
43,d80,80,3610000,
43,d80,80,3620000,
43,d80,80,3630000,
43,d80,80,3640000,
43,d80,80,3650000,
43,d80,80,3660000,
43,d80,80,3670000,
43,d80,80,3680000,
43,d80,80,3690000,
43,d80,80,3700000,0.3644999861717224
43,d80,80,3710000,
43,d80,80,3720000,
43,d80,80,3730000,
43,d80,80,3740000,
43,d80,80,3750000,
43,d80,80,3760000,
43,d80,80,3770000,
43,d80,80,3780000,
43,d80,80,3790000,
43,d80,80,3800000,0.39160001277923584
43,d80,80,3810000,
43,d80,80,3820000,
43,d80,80,3830000,
43,d80,80,3840000,
43,d80,80,3850000,
43,d80,80,3860000,
43,d80,80,3870000,
43,d80,80,3880000,
43,d80,80,3890000,
43,d80,80,3900000,0.39430001378059387
43,d80,80,3910000,
43,d80,80,3920000,
43,d80,80,3930000,
43,d80,80,3940000,
43,d80,80,3950000,
43,d80,80,3960000,
43,d80,80,3970000,
43,d80,80,3980000,
43,d80,80,3990000,
43,d80,80,4000000,0.38920000195503235
43,d80,80,4010000,
43,d80,80,4020000,
43,d80,80,4030000,
43,d80,80,4040000,
43,d80,80,4050000,
43,d80,80,4060000,
43,d80,80,4070000,
43,d80,80,4080000,
43,d80,80,4090000,
43,d80,80,4100000,0.3898000121116638
43,d80,80,4110000,
43,d80,80,4120000,
43,d80,80,4130000,
43,d80,80,4140000,
43,d80,80,4150000,
43,d80,80,4160000,
43,d80,80,4170000,
43,d80,80,4180000,
43,d80,80,4190000,
43,d80,80,4200000,0.38580000400543213
43,d80,80,4210000,
43,d80,80,4220000,
43,d80,80,4230000,
43,d80,80,4240000,
43,d80,80,4250000,
43,d80,80,4260000,
43,d80,80,4270000,
43,d80,80,4280000,
43,d80,80,4290000,
43,d80,80,4300000,0.3878999948501587
43,d80,80,4310000,
43,d80,80,4320000,
43,d80,80,4330000,
43,d80,80,4340000,
43,d80,80,4350000,
43,d80,80,4360000,
43,d80,80,4370000,
43,d80,80,4380000,
43,d80,80,4390000,
43,d80,80,4400000,0.38929998874664307
43,d80,80,4410000,
43,d80,80,4420000,
43,d80,80,4430000,
43,d80,80,4440000,
43,d80,80,4450000,
43,d80,80,4460000,
43,d80,80,4470000,
43,d80,80,4480000,
43,d80,80,4490000,
43,d80,80,4500000,0.39750000834465027
43,d80,80,4510000,
43,d80,80,4520000,
43,d80,80,4530000,
43,d80,80,4540000,
43,d80,80,4550000,
43,d80,80,4560000,
43,d80,80,4570000,
43,d80,80,4580000,
43,d80,80,4590000,
43,d80,80,4600000,0.3935000002384186
43,d80,80,4610000,
43,d80,80,4620000,
43,d80,80,4630000,
43,d80,80,4640000,
43,d80,80,4650000,
43,d80,80,4660000,
43,d80,80,4670000,
43,d80,80,4680000,
43,d80,80,4690000,
43,d80,80,4700000,0.391400009393692
43,d80,80,4710000,
43,d80,80,4720000,
43,d80,80,4730000,
43,d80,80,4740000,
43,d80,80,4750000,
43,d80,80,4760000,
43,d80,80,4770000,
43,d80,80,4780000,
43,d80,80,4790000,
43,d80,80,4800000,0.4068000018596649
43,d80,80,4810000,
43,d80,80,4820000,
43,d80,80,4830000,
43,d80,80,4840000,
43,d80,80,4850000,
43,d80,80,4860000,
43,d80,80,4870000,
43,d80,80,4880000,
43,d80,80,4890000,
43,d80,80,4900000,0.39259999990463257
43,d80,80,4910000,
43,d80,80,4920000,
43,d80,80,4930000,
43,d80,80,4940000,
43,d80,80,4950000,
43,d80,80,4960000,
43,d80,80,4970000,
43,d80,80,4980000,
43,d80,80,4990000,
43,d80,80,5000000,0.4041000008583069
44,d80,80,1,0.0
44,d80,80,10000,
44,d80,80,20000,
44,d80,80,30000,
44,d80,80,40000,
44,d80,80,50000,
44,d80,80,60000,
44,d80,80,70000,
44,d80,80,80000,
44,d80,80,90000,
44,d80,80,100000,0.00019999999494757503
44,d80,80,110000,
44,d80,80,120000,
44,d80,80,130000,
44,d80,80,140000,
44,d80,80,150000,
44,d80,80,160000,
44,d80,80,170000,
44,d80,80,180000,
44,d80,80,190000,
44,d80,80,200000,0.005499999970197678
44,d80,80,210000,
44,d80,80,220000,
44,d80,80,230000,
44,d80,80,240000,
44,d80,80,250000,
44,d80,80,260000,
44,d80,80,270000,
44,d80,80,280000,
44,d80,80,290000,
44,d80,80,300000,0.01269999984651804
44,d80,80,310000,
44,d80,80,320000,
44,d80,80,330000,
44,d80,80,340000,
44,d80,80,350000,
44,d80,80,360000,
44,d80,80,370000,
44,d80,80,380000,
44,d80,80,390000,
44,d80,80,400000,0.025499999523162842
44,d80,80,410000,
44,d80,80,420000,
44,d80,80,430000,
44,d80,80,440000,
44,d80,80,450000,
44,d80,80,460000,
44,d80,80,470000,
44,d80,80,480000,
44,d80,80,490000,
44,d80,80,500000,0.039500001817941666
44,d80,80,510000,
44,d80,80,520000,
44,d80,80,530000,
44,d80,80,540000,
44,d80,80,550000,
44,d80,80,560000,
44,d80,80,570000,
44,d80,80,580000,
44,d80,80,590000,
44,d80,80,600000,0.049400001764297485
44,d80,80,610000,
44,d80,80,620000,
44,d80,80,630000,
44,d80,80,640000,
44,d80,80,650000,
44,d80,80,660000,
44,d80,80,670000,
44,d80,80,680000,
44,d80,80,690000,
44,d80,80,700000,0.06400000303983688
44,d80,80,710000,
44,d80,80,720000,
44,d80,80,730000,
44,d80,80,740000,
44,d80,80,750000,
44,d80,80,760000,
44,d80,80,770000,
44,d80,80,780000,
44,d80,80,790000,
44,d80,80,800000,0.07530000060796738
44,d80,80,810000,
44,d80,80,820000,
44,d80,80,830000,
44,d80,80,840000,
44,d80,80,850000,
44,d80,80,860000,
44,d80,80,870000,
44,d80,80,880000,
44,d80,80,890000,
44,d80,80,900000,0.09860000014305115
44,d80,80,910000,
44,d80,80,920000,
44,d80,80,930000,
44,d80,80,940000,
44,d80,80,950000,
44,d80,80,960000,
44,d80,80,970000,
44,d80,80,980000,
44,d80,80,990000,
44,d80,80,1000000,0.1088000014424324
44,d80,80,1010000,
44,d80,80,1020000,
44,d80,80,1030000,
44,d80,80,1040000,
44,d80,80,1050000,
44,d80,80,1060000,
44,d80,80,1070000,
44,d80,80,1080000,
44,d80,80,1090000,
44,d80,80,1100000,0.12409999966621399
44,d80,80,1110000,
44,d80,80,1120000,
44,d80,80,1130000,
44,d80,80,1140000,
44,d80,80,1150000,
44,d80,80,1160000,
44,d80,80,1170000,
44,d80,80,1180000,
44,d80,80,1190000,
44,d80,80,1200000,0.13840000331401825
44,d80,80,1210000,
44,d80,80,1220000,
44,d80,80,1230000,
44,d80,80,1240000,
44,d80,80,1250000,
44,d80,80,1260000,
44,d80,80,1270000,
44,d80,80,1280000,
44,d80,80,1290000,
44,d80,80,1300000,0.16779999434947968
44,d80,80,1310000,
44,d80,80,1320000,
44,d80,80,1330000,
44,d80,80,1340000,
44,d80,80,1350000,
44,d80,80,1360000,
44,d80,80,1370000,
44,d80,80,1380000,
44,d80,80,1390000,
44,d80,80,1400000,0.17810000479221344
44,d80,80,1410000,
44,d80,80,1420000,
44,d80,80,1430000,
44,d80,80,1440000,
44,d80,80,1450000,
44,d80,80,1460000,
44,d80,80,1470000,
44,d80,80,1480000,
44,d80,80,1490000,
44,d80,80,1500000,0.1949000060558319
44,d80,80,1510000,
44,d80,80,1520000,
44,d80,80,1530000,
44,d80,80,1540000,
44,d80,80,1550000,
44,d80,80,1560000,
44,d80,80,1570000,
44,d80,80,1580000,
44,d80,80,1590000,
44,d80,80,1600000,0.21770000457763672
44,d80,80,1610000,
44,d80,80,1620000,
44,d80,80,1630000,
44,d80,80,1640000,
44,d80,80,1650000,
44,d80,80,1660000,
44,d80,80,1670000,
44,d80,80,1680000,
44,d80,80,1690000,
44,d80,80,1700000,0.22089999914169312
44,d80,80,1710000,
44,d80,80,1720000,
44,d80,80,1730000,
44,d80,80,1740000,
44,d80,80,1750000,
44,d80,80,1760000,
44,d80,80,1770000,
44,d80,80,1780000,
44,d80,80,1790000,
44,d80,80,1800000,0.25690001249313354
44,d80,80,1810000,
44,d80,80,1820000,
44,d80,80,1830000,
44,d80,80,1840000,
44,d80,80,1850000,
44,d80,80,1860000,
44,d80,80,1870000,
44,d80,80,1880000,
44,d80,80,1890000,
44,d80,80,1900000,0.2533000111579895
44,d80,80,1910000,
44,d80,80,1920000,
44,d80,80,1930000,
44,d80,80,1940000,
44,d80,80,1950000,
44,d80,80,1960000,
44,d80,80,1970000,
44,d80,80,1980000,
44,d80,80,1990000,
44,d80,80,2000000,0.2619999945163727
44,d80,80,2010000,
44,d80,80,2020000,
44,d80,80,2030000,
44,d80,80,2040000,
44,d80,80,2050000,
44,d80,80,2060000,
44,d80,80,2070000,
44,d80,80,2080000,
44,d80,80,2090000,
44,d80,80,2100000,0.2732999920845032
44,d80,80,2110000,
44,d80,80,2120000,
44,d80,80,2130000,
44,d80,80,2140000,
44,d80,80,2150000,
44,d80,80,2160000,
44,d80,80,2170000,
44,d80,80,2180000,
44,d80,80,2190000,
44,d80,80,2200000,0.2865000069141388
44,d80,80,2210000,
44,d80,80,2220000,
44,d80,80,2230000,
44,d80,80,2240000,
44,d80,80,2250000,
44,d80,80,2260000,
44,d80,80,2270000,
44,d80,80,2280000,
44,d80,80,2290000,
44,d80,80,2300000,0.30070000886917114
44,d80,80,2310000,
44,d80,80,2320000,
44,d80,80,2330000,
44,d80,80,2340000,
44,d80,80,2350000,
44,d80,80,2360000,
44,d80,80,2370000,
44,d80,80,2380000,
44,d80,80,2390000,
44,d80,80,2400000,0.3010999858379364
44,d80,80,2410000,
44,d80,80,2420000,
44,d80,80,2430000,
44,d80,80,2440000,
44,d80,80,2450000,
44,d80,80,2460000,
44,d80,80,2470000,
44,d80,80,2480000,
44,d80,80,2490000,
44,d80,80,2500000,0.31060001254081726
44,d80,80,2510000,
44,d80,80,2520000,
44,d80,80,2530000,
44,d80,80,2540000,
44,d80,80,2550000,
44,d80,80,2560000,
44,d80,80,2570000,
44,d80,80,2580000,
44,d80,80,2590000,
44,d80,80,2600000,0.31769999861717224
44,d80,80,2610000,
44,d80,80,2620000,
44,d80,80,2630000,
44,d80,80,2640000,
44,d80,80,2650000,
44,d80,80,2660000,
44,d80,80,2670000,
44,d80,80,2680000,
44,d80,80,2690000,
44,d80,80,2700000,0.334199994802475
44,d80,80,2710000,
44,d80,80,2720000,
44,d80,80,2730000,
44,d80,80,2740000,
44,d80,80,2750000,
44,d80,80,2760000,
44,d80,80,2770000,
44,d80,80,2780000,
44,d80,80,2790000,
44,d80,80,2800000,0.33489999175071716
44,d80,80,2810000,
44,d80,80,2820000,
44,d80,80,2830000,
44,d80,80,2840000,
44,d80,80,2850000,
44,d80,80,2860000,
44,d80,80,2870000,
44,d80,80,2880000,
44,d80,80,2890000,
44,d80,80,2900000,0.3359000086784363
44,d80,80,2910000,
44,d80,80,2920000,
44,d80,80,2930000,
44,d80,80,2940000,
44,d80,80,2950000,
44,d80,80,2960000,
44,d80,80,2970000,
44,d80,80,2980000,
44,d80,80,2990000,
44,d80,80,3000000,0.35089999437332153
44,d80,80,3010000,
44,d80,80,3020000,
44,d80,80,3030000,
44,d80,80,3040000,
44,d80,80,3050000,
44,d80,80,3060000,
44,d80,80,3070000,
44,d80,80,3080000,
44,d80,80,3090000,
44,d80,80,3100000,0.35429999232292175
44,d80,80,3110000,
44,d80,80,3120000,
44,d80,80,3130000,
44,d80,80,3140000,
44,d80,80,3150000,
44,d80,80,3160000,
44,d80,80,3170000,
44,d80,80,3180000,
44,d80,80,3190000,
44,d80,80,3200000,0.34860000014305115
44,d80,80,3210000,
44,d80,80,3220000,
44,d80,80,3230000,
44,d80,80,3240000,
44,d80,80,3250000,
44,d80,80,3260000,
44,d80,80,3270000,
44,d80,80,3280000,
44,d80,80,3290000,
44,d80,80,3300000,0.3637999892234802
44,d80,80,3310000,
44,d80,80,3320000,
44,d80,80,3330000,
44,d80,80,3340000,
44,d80,80,3350000,
44,d80,80,3360000,
44,d80,80,3370000,
44,d80,80,3380000,
44,d80,80,3390000,
44,d80,80,3400000,0.3562000095844269
44,d80,80,3410000,
44,d80,80,3420000,
44,d80,80,3430000,
44,d80,80,3440000,
44,d80,80,3450000,
44,d80,80,3460000,
44,d80,80,3470000,
44,d80,80,3480000,
44,d80,80,3490000,
44,d80,80,3500000,0.3646000027656555
44,d80,80,3510000,
44,d80,80,3520000,
44,d80,80,3530000,
44,d80,80,3540000,
44,d80,80,3550000,
44,d80,80,3560000,
44,d80,80,3570000,
44,d80,80,3580000,
44,d80,80,3590000,
44,d80,80,3600000,0.3732999861240387
44,d80,80,3610000,
44,d80,80,3620000,
44,d80,80,3630000,
44,d80,80,3640000,
44,d80,80,3650000,
44,d80,80,3660000,
44,d80,80,3670000,
44,d80,80,3680000,
44,d80,80,3690000,
44,d80,80,3700000,0.37209999561309814
44,d80,80,3710000,
44,d80,80,3720000,
44,d80,80,3730000,
44,d80,80,3740000,
44,d80,80,3750000,
44,d80,80,3760000,
44,d80,80,3770000,
44,d80,80,3780000,
44,d80,80,3790000,
44,d80,80,3800000,0.36880001425743103
44,d80,80,3810000,
44,d80,80,3820000,
44,d80,80,3830000,
44,d80,80,3840000,
44,d80,80,3850000,
44,d80,80,3860000,
44,d80,80,3870000,
44,d80,80,3880000,
44,d80,80,3890000,
44,d80,80,3900000,0.38119998574256897
44,d80,80,3910000,
44,d80,80,3920000,
44,d80,80,3930000,
44,d80,80,3940000,
44,d80,80,3950000,
44,d80,80,3960000,
44,d80,80,3970000,
44,d80,80,3980000,
44,d80,80,3990000,
44,d80,80,4000000,0.3822000026702881
44,d80,80,4010000,
44,d80,80,4020000,
44,d80,80,4030000,
44,d80,80,4040000,
44,d80,80,4050000,
44,d80,80,4060000,
44,d80,80,4070000,
44,d80,80,4080000,
44,d80,80,4090000,
44,d80,80,4100000,0.3774000108242035
44,d80,80,4110000,
44,d80,80,4120000,
44,d80,80,4130000,
44,d80,80,4140000,
44,d80,80,4150000,
44,d80,80,4160000,
44,d80,80,4170000,
44,d80,80,4180000,
44,d80,80,4190000,
44,d80,80,4200000,0.38119998574256897
44,d80,80,4210000,
44,d80,80,4220000,
44,d80,80,4230000,
44,d80,80,4240000,
44,d80,80,4250000,
44,d80,80,4260000,
44,d80,80,4270000,
44,d80,80,4280000,
44,d80,80,4290000,
44,d80,80,4300000,0.37880000472068787
44,d80,80,4310000,
44,d80,80,4320000,
44,d80,80,4330000,
44,d80,80,4340000,
44,d80,80,4350000,
44,d80,80,4360000,
44,d80,80,4370000,
44,d80,80,4380000,
44,d80,80,4390000,
44,d80,80,4400000,0.37940001487731934
44,d80,80,4410000,
44,d80,80,4420000,
44,d80,80,4430000,
44,d80,80,4440000,
44,d80,80,4450000,
44,d80,80,4460000,
44,d80,80,4470000,
44,d80,80,4480000,
44,d80,80,4490000,
44,d80,80,4500000,0.38960000872612
44,d80,80,4510000,
44,d80,80,4520000,
44,d80,80,4530000,
44,d80,80,4540000,
44,d80,80,4550000,
44,d80,80,4560000,
44,d80,80,4570000,
44,d80,80,4580000,
44,d80,80,4590000,
44,d80,80,4600000,0.3905999958515167
44,d80,80,4610000,
44,d80,80,4620000,
44,d80,80,4630000,
44,d80,80,4640000,
44,d80,80,4650000,
44,d80,80,4660000,
44,d80,80,4670000,
44,d80,80,4680000,
44,d80,80,4690000,
44,d80,80,4700000,0.39640000462532043
44,d80,80,4710000,
44,d80,80,4720000,
44,d80,80,4730000,
44,d80,80,4740000,
44,d80,80,4750000,
44,d80,80,4760000,
44,d80,80,4770000,
44,d80,80,4780000,
44,d80,80,4790000,
44,d80,80,4800000,0.39419999718666077
44,d80,80,4810000,
44,d80,80,4820000,
44,d80,80,4830000,
44,d80,80,4840000,
44,d80,80,4850000,
44,d80,80,4860000,
44,d80,80,4870000,
44,d80,80,4880000,
44,d80,80,4890000,
44,d80,80,4900000,0.38429999351501465
44,d80,80,4910000,
44,d80,80,4920000,
44,d80,80,4930000,
44,d80,80,4940000,
44,d80,80,4950000,
44,d80,80,4960000,
44,d80,80,4970000,
44,d80,80,4980000,
44,d80,80,4990000,
44,d80,80,5000000,0.39800000190734863
45,d80,80,1,0.0
45,d80,80,10000,
45,d80,80,20000,
45,d80,80,30000,
45,d80,80,40000,
45,d80,80,50000,
45,d80,80,60000,
45,d80,80,70000,
45,d80,80,80000,
45,d80,80,90000,
45,d80,80,100000,0.00039999998989515007
45,d80,80,110000,
45,d80,80,120000,
45,d80,80,130000,
45,d80,80,140000,
45,d80,80,150000,
45,d80,80,160000,
45,d80,80,170000,
45,d80,80,180000,
45,d80,80,190000,
45,d80,80,200000,0.004900000058114529
45,d80,80,210000,
45,d80,80,220000,
45,d80,80,230000,
45,d80,80,240000,
45,d80,80,250000,
45,d80,80,260000,
45,d80,80,270000,
45,d80,80,280000,
45,d80,80,290000,
45,d80,80,300000,0.014299999922513962
45,d80,80,310000,
45,d80,80,320000,
45,d80,80,330000,
45,d80,80,340000,
45,d80,80,350000,
45,d80,80,360000,
45,d80,80,370000,
45,d80,80,380000,
45,d80,80,390000,
45,d80,80,400000,0.025699999183416367
45,d80,80,410000,
45,d80,80,420000,
45,d80,80,430000,
45,d80,80,440000,
45,d80,80,450000,
45,d80,80,460000,
45,d80,80,470000,
45,d80,80,480000,
45,d80,80,490000,
45,d80,80,500000,0.03790000081062317
45,d80,80,510000,
45,d80,80,520000,
45,d80,80,530000,
45,d80,80,540000,
45,d80,80,550000,
45,d80,80,560000,
45,d80,80,570000,
45,d80,80,580000,
45,d80,80,590000,
45,d80,80,600000,0.050599999725818634
45,d80,80,610000,
45,d80,80,620000,
45,d80,80,630000,
45,d80,80,640000,
45,d80,80,650000,
45,d80,80,660000,
45,d80,80,670000,
45,d80,80,680000,
45,d80,80,690000,
45,d80,80,700000,0.059700001031160355
45,d80,80,710000,
45,d80,80,720000,
45,d80,80,730000,
45,d80,80,740000,
45,d80,80,750000,
45,d80,80,760000,
45,d80,80,770000,
45,d80,80,780000,
45,d80,80,790000,
45,d80,80,800000,0.07959999889135361
45,d80,80,810000,
45,d80,80,820000,
45,d80,80,830000,
45,d80,80,840000,
45,d80,80,850000,
45,d80,80,860000,
45,d80,80,870000,
45,d80,80,880000,
45,d80,80,890000,
45,d80,80,900000,0.09070000052452087
45,d80,80,910000,
45,d80,80,920000,
45,d80,80,930000,
45,d80,80,940000,
45,d80,80,950000,
45,d80,80,960000,
45,d80,80,970000,
45,d80,80,980000,
45,d80,80,990000,
45,d80,80,1000000,0.1111999973654747
45,d80,80,1010000,
45,d80,80,1020000,
45,d80,80,1030000,
45,d80,80,1040000,
45,d80,80,1050000,
45,d80,80,1060000,
45,d80,80,1070000,
45,d80,80,1080000,
45,d80,80,1090000,
45,d80,80,1100000,0.12330000102519989
45,d80,80,1110000,
45,d80,80,1120000,
45,d80,80,1130000,
45,d80,80,1140000,
45,d80,80,1150000,
45,d80,80,1160000,
45,d80,80,1170000,
45,d80,80,1180000,
45,d80,80,1190000,
45,d80,80,1200000,0.14650000631809235
45,d80,80,1210000,
45,d80,80,1220000,
45,d80,80,1230000,
45,d80,80,1240000,
45,d80,80,1250000,
45,d80,80,1260000,
45,d80,80,1270000,
45,d80,80,1280000,
45,d80,80,1290000,
45,d80,80,1300000,0.1590999960899353
45,d80,80,1310000,
45,d80,80,1320000,
45,d80,80,1330000,
45,d80,80,1340000,
45,d80,80,1350000,
45,d80,80,1360000,
45,d80,80,1370000,
45,d80,80,1380000,
45,d80,80,1390000,
45,d80,80,1400000,0.18729999661445618
45,d80,80,1410000,
45,d80,80,1420000,
45,d80,80,1430000,
45,d80,80,1440000,
45,d80,80,1450000,
45,d80,80,1460000,
45,d80,80,1470000,
45,d80,80,1480000,
45,d80,80,1490000,
45,d80,80,1500000,0.2004999965429306
45,d80,80,1510000,
45,d80,80,1520000,
45,d80,80,1530000,
45,d80,80,1540000,
45,d80,80,1550000,
45,d80,80,1560000,
45,d80,80,1570000,
45,d80,80,1580000,
45,d80,80,1590000,
45,d80,80,1600000,0.2102999985218048
45,d80,80,1610000,
45,d80,80,1620000,
45,d80,80,1630000,
45,d80,80,1640000,
45,d80,80,1650000,
45,d80,80,1660000,
45,d80,80,1670000,
45,d80,80,1680000,
45,d80,80,1690000,
45,d80,80,1700000,0.2353000044822693
45,d80,80,1710000,
45,d80,80,1720000,
45,d80,80,1730000,
45,d80,80,1740000,
45,d80,80,1750000,
45,d80,80,1760000,
45,d80,80,1770000,
45,d80,80,1780000,
45,d80,80,1790000,
45,d80,80,1800000,0.24150000512599945
45,d80,80,1810000,
45,d80,80,1820000,
45,d80,80,1830000,
45,d80,80,1840000,
45,d80,80,1850000,
45,d80,80,1860000,
45,d80,80,1870000,
45,d80,80,1880000,
45,d80,80,1890000,
45,d80,80,1900000,0.2669000029563904
45,d80,80,1910000,
45,d80,80,1920000,
45,d80,80,1930000,
45,d80,80,1940000,
45,d80,80,1950000,
45,d80,80,1960000,
45,d80,80,1970000,
45,d80,80,1980000,
45,d80,80,1990000,
45,d80,80,2000000,0.28760001063346863
45,d80,80,2010000,
45,d80,80,2020000,
45,d80,80,2030000,
45,d80,80,2040000,
45,d80,80,2050000,
45,d80,80,2060000,
45,d80,80,2070000,
45,d80,80,2080000,
45,d80,80,2090000,
45,d80,80,2100000,0.29989999532699585
45,d80,80,2110000,
45,d80,80,2120000,
45,d80,80,2130000,
45,d80,80,2140000,
45,d80,80,2150000,
45,d80,80,2160000,
45,d80,80,2170000,
45,d80,80,2180000,
45,d80,80,2190000,
45,d80,80,2200000,0.3109000027179718
45,d80,80,2210000,
45,d80,80,2220000,
45,d80,80,2230000,
45,d80,80,2240000,
45,d80,80,2250000,
45,d80,80,2260000,
45,d80,80,2270000,
45,d80,80,2280000,
45,d80,80,2290000,
45,d80,80,2300000,0.31949999928474426
45,d80,80,2310000,
45,d80,80,2320000,
45,d80,80,2330000,
45,d80,80,2340000,
45,d80,80,2350000,
45,d80,80,2360000,
45,d80,80,2370000,
45,d80,80,2380000,
45,d80,80,2390000,
45,d80,80,2400000,0.3237000107765198
45,d80,80,2410000,
45,d80,80,2420000,
45,d80,80,2430000,
45,d80,80,2440000,
45,d80,80,2450000,
45,d80,80,2460000,
45,d80,80,2470000,
45,d80,80,2480000,
45,d80,80,2490000,
45,d80,80,2500000,0.3237000107765198
45,d80,80,2510000,
45,d80,80,2520000,
45,d80,80,2530000,
45,d80,80,2540000,
45,d80,80,2550000,
45,d80,80,2560000,
45,d80,80,2570000,
45,d80,80,2580000,
45,d80,80,2590000,
45,d80,80,2600000,0.3325999975204468
45,d80,80,2610000,
45,d80,80,2620000,
45,d80,80,2630000,
45,d80,80,2640000,
45,d80,80,2650000,
45,d80,80,2660000,
45,d80,80,2670000,
45,d80,80,2680000,
45,d80,80,2690000,
45,d80,80,2700000,0.35089999437332153
45,d80,80,2710000,
45,d80,80,2720000,
45,d80,80,2730000,
45,d80,80,2740000,
45,d80,80,2750000,
45,d80,80,2760000,
45,d80,80,2770000,
45,d80,80,2780000,
45,d80,80,2790000,
45,d80,80,2800000,0.34880000352859497
45,d80,80,2810000,
45,d80,80,2820000,
45,d80,80,2830000,
45,d80,80,2840000,
45,d80,80,2850000,
45,d80,80,2860000,
45,d80,80,2870000,
45,d80,80,2880000,
45,d80,80,2890000,
45,d80,80,2900000,0.3472000062465668
45,d80,80,2910000,
45,d80,80,2920000,
45,d80,80,2930000,
45,d80,80,2940000,
45,d80,80,2950000,
45,d80,80,2960000,
45,d80,80,2970000,
45,d80,80,2980000,
45,d80,80,2990000,
45,d80,80,3000000,0.3634999990463257
45,d80,80,3010000,
45,d80,80,3020000,
45,d80,80,3030000,
45,d80,80,3040000,
45,d80,80,3050000,
45,d80,80,3060000,
45,d80,80,3070000,
45,d80,80,3080000,
45,d80,80,3090000,
45,d80,80,3100000,0.3587000072002411
45,d80,80,3110000,
45,d80,80,3120000,
45,d80,80,3130000,
45,d80,80,3140000,
45,d80,80,3150000,
45,d80,80,3160000,
45,d80,80,3170000,
45,d80,80,3180000,
45,d80,80,3190000,
45,d80,80,3200000,0.3580000102519989
45,d80,80,3210000,
45,d80,80,3220000,
45,d80,80,3230000,
45,d80,80,3240000,
45,d80,80,3250000,
45,d80,80,3260000,
45,d80,80,3270000,
45,d80,80,3280000,
45,d80,80,3290000,
45,d80,80,3300000,0.3668000102043152
45,d80,80,3310000,
45,d80,80,3320000,
45,d80,80,3330000,
45,d80,80,3340000,
45,d80,80,3350000,
45,d80,80,3360000,
45,d80,80,3370000,
45,d80,80,3380000,
45,d80,80,3390000,
45,d80,80,3400000,0.3626999855041504
45,d80,80,3410000,
45,d80,80,3420000,
45,d80,80,3430000,
45,d80,80,3440000,
45,d80,80,3450000,
45,d80,80,3460000,
45,d80,80,3470000,
45,d80,80,3480000,
45,d80,80,3490000,
45,d80,80,3500000,0.37040001153945923
45,d80,80,3510000,
45,d80,80,3520000,
45,d80,80,3530000,
45,d80,80,3540000,
45,d80,80,3550000,
45,d80,80,3560000,
45,d80,80,3570000,
45,d80,80,3580000,
45,d80,80,3590000,
45,d80,80,3600000,0.3747999966144562
45,d80,80,3610000,
45,d80,80,3620000,
45,d80,80,3630000,
45,d80,80,3640000,
45,d80,80,3650000,
45,d80,80,3660000,
45,d80,80,3670000,
45,d80,80,3680000,
45,d80,80,3690000,
45,d80,80,3700000,0.3903000056743622
45,d80,80,3710000,
45,d80,80,3720000,
45,d80,80,3730000,
45,d80,80,3740000,
45,d80,80,3750000,
45,d80,80,3760000,
45,d80,80,3770000,
45,d80,80,3780000,
45,d80,80,3790000,
45,d80,80,3800000,0.39399999380111694
45,d80,80,3810000,
45,d80,80,3820000,
45,d80,80,3830000,
45,d80,80,3840000,
45,d80,80,3850000,
45,d80,80,3860000,
45,d80,80,3870000,
45,d80,80,3880000,
45,d80,80,3890000,
45,d80,80,3900000,0.3905999958515167
45,d80,80,3910000,
45,d80,80,3920000,
45,d80,80,3930000,
45,d80,80,3940000,
45,d80,80,3950000,
45,d80,80,3960000,
45,d80,80,3970000,
45,d80,80,3980000,
45,d80,80,3990000,
45,d80,80,4000000,0.38510000705718994
45,d80,80,4010000,
45,d80,80,4020000,
45,d80,80,4030000,
45,d80,80,4040000,
45,d80,80,4050000,
45,d80,80,4060000,
45,d80,80,4070000,
45,d80,80,4080000,
45,d80,80,4090000,
45,d80,80,4100000,0.391400009393692
45,d80,80,4110000,
45,d80,80,4120000,
45,d80,80,4130000,
45,d80,80,4140000,
45,d80,80,4150000,
45,d80,80,4160000,
45,d80,80,4170000,
45,d80,80,4180000,
45,d80,80,4190000,
45,d80,80,4200000,0.3919000029563904
45,d80,80,4210000,
45,d80,80,4220000,
45,d80,80,4230000,
45,d80,80,4240000,
45,d80,80,4250000,
45,d80,80,4260000,
45,d80,80,4270000,
45,d80,80,4280000,
45,d80,80,4290000,
45,d80,80,4300000,0.38999998569488525
45,d80,80,4310000,
45,d80,80,4320000,
45,d80,80,4330000,
45,d80,80,4340000,
45,d80,80,4350000,
45,d80,80,4360000,
45,d80,80,4370000,
45,d80,80,4380000,
45,d80,80,4390000,
45,d80,80,4400000,0.39500001072883606
45,d80,80,4410000,
45,d80,80,4420000,
45,d80,80,4430000,
45,d80,80,4440000,
45,d80,80,4450000,
45,d80,80,4460000,
45,d80,80,4470000,
45,d80,80,4480000,
45,d80,80,4490000,
45,d80,80,4500000,0.4025999903678894
45,d80,80,4510000,
45,d80,80,4520000,
45,d80,80,4530000,
45,d80,80,4540000,
45,d80,80,4550000,
45,d80,80,4560000,
45,d80,80,4570000,
45,d80,80,4580000,
45,d80,80,4590000,
45,d80,80,4600000,0.38659998774528503
45,d80,80,4610000,
45,d80,80,4620000,
45,d80,80,4630000,
45,d80,80,4640000,
45,d80,80,4650000,
45,d80,80,4660000,
45,d80,80,4670000,
45,d80,80,4680000,
45,d80,80,4690000,
45,d80,80,4700000,0.40700000524520874
45,d80,80,4710000,
45,d80,80,4720000,
45,d80,80,4730000,
45,d80,80,4740000,
45,d80,80,4750000,
45,d80,80,4760000,
45,d80,80,4770000,
45,d80,80,4780000,
45,d80,80,4790000,
45,d80,80,4800000,0.4009999930858612
45,d80,80,4810000,
45,d80,80,4820000,
45,d80,80,4830000,
45,d80,80,4840000,
45,d80,80,4850000,
45,d80,80,4860000,
45,d80,80,4870000,
45,d80,80,4880000,
45,d80,80,4890000,
45,d80,80,4900000,0.39809998869895935
45,d80,80,4910000,
45,d80,80,4920000,
45,d80,80,4930000,
45,d80,80,4940000,
45,d80,80,4950000,
45,d80,80,4960000,
45,d80,80,4970000,
45,d80,80,4980000,
45,d80,80,4990000,
45,d80,80,5000000,0.41179999709129333
46,d80,80,1,0.0
46,d80,80,10000,
46,d80,80,20000,
46,d80,80,30000,
46,d80,80,40000,
46,d80,80,50000,
46,d80,80,60000,
46,d80,80,70000,
46,d80,80,80000,
46,d80,80,90000,
46,d80,80,100000,0.0003000000142492354
46,d80,80,110000,
46,d80,80,120000,
46,d80,80,130000,
46,d80,80,140000,
46,d80,80,150000,
46,d80,80,160000,
46,d80,80,170000,
46,d80,80,180000,
46,d80,80,190000,
46,d80,80,200000,0.004699999932199717
46,d80,80,210000,
46,d80,80,220000,
46,d80,80,230000,
46,d80,80,240000,
46,d80,80,250000,
46,d80,80,260000,
46,d80,80,270000,
46,d80,80,280000,
46,d80,80,290000,
46,d80,80,300000,0.012400000356137753
46,d80,80,310000,
46,d80,80,320000,
46,d80,80,330000,
46,d80,80,340000,
46,d80,80,350000,
46,d80,80,360000,
46,d80,80,370000,
46,d80,80,380000,
46,d80,80,390000,
46,d80,80,400000,0.02539999969303608
46,d80,80,410000,
46,d80,80,420000,
46,d80,80,430000,
46,d80,80,440000,
46,d80,80,450000,
46,d80,80,460000,
46,d80,80,470000,
46,d80,80,480000,
46,d80,80,490000,
46,d80,80,500000,0.039500001817941666
46,d80,80,510000,
46,d80,80,520000,
46,d80,80,530000,
46,d80,80,540000,
46,d80,80,550000,
46,d80,80,560000,
46,d80,80,570000,
46,d80,80,580000,
46,d80,80,590000,
46,d80,80,600000,0.04749999940395355
46,d80,80,610000,
46,d80,80,620000,
46,d80,80,630000,
46,d80,80,640000,
46,d80,80,650000,
46,d80,80,660000,
46,d80,80,670000,
46,d80,80,680000,
46,d80,80,690000,
46,d80,80,700000,0.0632999986410141
46,d80,80,710000,
46,d80,80,720000,
46,d80,80,730000,
46,d80,80,740000,
46,d80,80,750000,
46,d80,80,760000,
46,d80,80,770000,
46,d80,80,780000,
46,d80,80,790000,
46,d80,80,800000,0.07739999890327454
46,d80,80,810000,
46,d80,80,820000,
46,d80,80,830000,
46,d80,80,840000,
46,d80,80,850000,
46,d80,80,860000,
46,d80,80,870000,
46,d80,80,880000,
46,d80,80,890000,
46,d80,80,900000,0.10130000114440918
46,d80,80,910000,
46,d80,80,920000,
46,d80,80,930000,
46,d80,80,940000,
46,d80,80,950000,
46,d80,80,960000,
46,d80,80,970000,
46,d80,80,980000,
46,d80,80,990000,
46,d80,80,1000000,0.11089999973773956
46,d80,80,1010000,
46,d80,80,1020000,
46,d80,80,1030000,
46,d80,80,1040000,
46,d80,80,1050000,
46,d80,80,1060000,
46,d80,80,1070000,
46,d80,80,1080000,
46,d80,80,1090000,
46,d80,80,1100000,0.1265999972820282
46,d80,80,1110000,
46,d80,80,1120000,
46,d80,80,1130000,
46,d80,80,1140000,
46,d80,80,1150000,
46,d80,80,1160000,
46,d80,80,1170000,
46,d80,80,1180000,
46,d80,80,1190000,
46,d80,80,1200000,0.1543000042438507
46,d80,80,1210000,
46,d80,80,1220000,
46,d80,80,1230000,
46,d80,80,1240000,
46,d80,80,1250000,
46,d80,80,1260000,
46,d80,80,1270000,
46,d80,80,1280000,
46,d80,80,1290000,
46,d80,80,1300000,0.16920000314712524
46,d80,80,1310000,
46,d80,80,1320000,
46,d80,80,1330000,
46,d80,80,1340000,
46,d80,80,1350000,
46,d80,80,1360000,
46,d80,80,1370000,
46,d80,80,1380000,
46,d80,80,1390000,
46,d80,80,1400000,0.17790000140666962
46,d80,80,1410000,
46,d80,80,1420000,
46,d80,80,1430000,
46,d80,80,1440000,
46,d80,80,1450000,
46,d80,80,1460000,
46,d80,80,1470000,
46,d80,80,1480000,
46,d80,80,1490000,
46,d80,80,1500000,0.1956000030040741
46,d80,80,1510000,
46,d80,80,1520000,
46,d80,80,1530000,
46,d80,80,1540000,
46,d80,80,1550000,
46,d80,80,1560000,
46,d80,80,1570000,
46,d80,80,1580000,
46,d80,80,1590000,
46,d80,80,1600000,0.20819999277591705
46,d80,80,1610000,
46,d80,80,1620000,
46,d80,80,1630000,
46,d80,80,1640000,
46,d80,80,1650000,
46,d80,80,1660000,
46,d80,80,1670000,
46,d80,80,1680000,
46,d80,80,1690000,
46,d80,80,1700000,0.22830000519752502
46,d80,80,1710000,
46,d80,80,1720000,
46,d80,80,1730000,
46,d80,80,1740000,
46,d80,80,1750000,
46,d80,80,1760000,
46,d80,80,1770000,
46,d80,80,1780000,
46,d80,80,1790000,
46,d80,80,1800000,0.23080000281333923
46,d80,80,1810000,
46,d80,80,1820000,
46,d80,80,1830000,
46,d80,80,1840000,
46,d80,80,1850000,
46,d80,80,1860000,
46,d80,80,1870000,
46,d80,80,1880000,
46,d80,80,1890000,
46,d80,80,1900000,0.26100000739097595
46,d80,80,1910000,
46,d80,80,1920000,
46,d80,80,1930000,
46,d80,80,1940000,
46,d80,80,1950000,
46,d80,80,1960000,
46,d80,80,1970000,
46,d80,80,1980000,
46,d80,80,1990000,
46,d80,80,2000000,0.2563999891281128
46,d80,80,2010000,
46,d80,80,2020000,
46,d80,80,2030000,
46,d80,80,2040000,
46,d80,80,2050000,
46,d80,80,2060000,
46,d80,80,2070000,
46,d80,80,2080000,
46,d80,80,2090000,
46,d80,80,2100000,0.27149999141693115
46,d80,80,2110000,
46,d80,80,2120000,
46,d80,80,2130000,
46,d80,80,2140000,
46,d80,80,2150000,
46,d80,80,2160000,
46,d80,80,2170000,
46,d80,80,2180000,
46,d80,80,2190000,
46,d80,80,2200000,0.288100004196167
46,d80,80,2210000,
46,d80,80,2220000,
46,d80,80,2230000,
46,d80,80,2240000,
46,d80,80,2250000,
46,d80,80,2260000,
46,d80,80,2270000,
46,d80,80,2280000,
46,d80,80,2290000,
46,d80,80,2300000,0.29980000853538513
46,d80,80,2310000,
46,d80,80,2320000,
46,d80,80,2330000,
46,d80,80,2340000,
46,d80,80,2350000,
46,d80,80,2360000,
46,d80,80,2370000,
46,d80,80,2380000,
46,d80,80,2390000,
46,d80,80,2400000,0.29490000009536743
46,d80,80,2410000,
46,d80,80,2420000,
46,d80,80,2430000,
46,d80,80,2440000,
46,d80,80,2450000,
46,d80,80,2460000,
46,d80,80,2470000,
46,d80,80,2480000,
46,d80,80,2490000,
46,d80,80,2500000,0.3009999990463257
46,d80,80,2510000,
46,d80,80,2520000,
46,d80,80,2530000,
46,d80,80,2540000,
46,d80,80,2550000,
46,d80,80,2560000,
46,d80,80,2570000,
46,d80,80,2580000,
46,d80,80,2590000,
46,d80,80,2600000,0.3165999948978424
46,d80,80,2610000,
46,d80,80,2620000,
46,d80,80,2630000,
46,d80,80,2640000,
46,d80,80,2650000,
46,d80,80,2660000,
46,d80,80,2670000,
46,d80,80,2680000,
46,d80,80,2690000,
46,d80,80,2700000,0.3352000117301941
46,d80,80,2710000,
46,d80,80,2720000,
46,d80,80,2730000,
46,d80,80,2740000,
46,d80,80,2750000,
46,d80,80,2760000,
46,d80,80,2770000,
46,d80,80,2780000,
46,d80,80,2790000,
46,d80,80,2800000,0.3240000009536743
46,d80,80,2810000,
46,d80,80,2820000,
46,d80,80,2830000,
46,d80,80,2840000,
46,d80,80,2850000,
46,d80,80,2860000,
46,d80,80,2870000,
46,d80,80,2880000,
46,d80,80,2890000,
46,d80,80,2900000,0.33250001072883606
46,d80,80,2910000,
46,d80,80,2920000,
46,d80,80,2930000,
46,d80,80,2940000,
46,d80,80,2950000,
46,d80,80,2960000,
46,d80,80,2970000,
46,d80,80,2980000,
46,d80,80,2990000,
46,d80,80,3000000,0.34619998931884766
46,d80,80,3010000,
46,d80,80,3020000,
46,d80,80,3030000,
46,d80,80,3040000,
46,d80,80,3050000,
46,d80,80,3060000,
46,d80,80,3070000,
46,d80,80,3080000,
46,d80,80,3090000,
46,d80,80,3100000,0.34529998898506165
46,d80,80,3110000,
46,d80,80,3120000,
46,d80,80,3130000,
46,d80,80,3140000,
46,d80,80,3150000,
46,d80,80,3160000,
46,d80,80,3170000,
46,d80,80,3180000,
46,d80,80,3190000,
46,d80,80,3200000,0.35499998927116394
46,d80,80,3210000,
46,d80,80,3220000,
46,d80,80,3230000,
46,d80,80,3240000,
46,d80,80,3250000,
46,d80,80,3260000,
46,d80,80,3270000,
46,d80,80,3280000,
46,d80,80,3290000,
46,d80,80,3300000,0.3650999963283539
46,d80,80,3310000,
46,d80,80,3320000,
46,d80,80,3330000,
46,d80,80,3340000,
46,d80,80,3350000,
46,d80,80,3360000,
46,d80,80,3370000,
46,d80,80,3380000,
46,d80,80,3390000,
46,d80,80,3400000,0.3562000095844269
46,d80,80,3410000,
46,d80,80,3420000,
46,d80,80,3430000,
46,d80,80,3440000,
46,d80,80,3450000,
46,d80,80,3460000,
46,d80,80,3470000,
46,d80,80,3480000,
46,d80,80,3490000,
46,d80,80,3500000,0.3675000071525574
46,d80,80,3510000,
46,d80,80,3520000,
46,d80,80,3530000,
46,d80,80,3540000,
46,d80,80,3550000,
46,d80,80,3560000,
46,d80,80,3570000,
46,d80,80,3580000,
46,d80,80,3590000,
46,d80,80,3600000,0.37310001254081726
46,d80,80,3610000,
46,d80,80,3620000,
46,d80,80,3630000,
46,d80,80,3640000,
46,d80,80,3650000,
46,d80,80,3660000,
46,d80,80,3670000,
46,d80,80,3680000,
46,d80,80,3690000,
46,d80,80,3700000,0.3801000118255615
46,d80,80,3710000,
46,d80,80,3720000,
46,d80,80,3730000,
46,d80,80,3740000,
46,d80,80,3750000,
46,d80,80,3760000,
46,d80,80,3770000,
46,d80,80,3780000,
46,d80,80,3790000,
46,d80,80,3800000,0.38109999895095825
46,d80,80,3810000,
46,d80,80,3820000,
46,d80,80,3830000,
46,d80,80,3840000,
46,d80,80,3850000,
46,d80,80,3860000,
46,d80,80,3870000,
46,d80,80,3880000,
46,d80,80,3890000,
46,d80,80,3900000,0.3804999887943268
46,d80,80,3910000,
46,d80,80,3920000,
46,d80,80,3930000,
46,d80,80,3940000,
46,d80,80,3950000,
46,d80,80,3960000,
46,d80,80,3970000,
46,d80,80,3980000,
46,d80,80,3990000,
46,d80,80,4000000,0.388700008392334
46,d80,80,4010000,
46,d80,80,4020000,
46,d80,80,4030000,
46,d80,80,4040000,
46,d80,80,4050000,
46,d80,80,4060000,
46,d80,80,4070000,
46,d80,80,4080000,
46,d80,80,4090000,
46,d80,80,4100000,0.373199999332428
46,d80,80,4110000,
46,d80,80,4120000,
46,d80,80,4130000,
46,d80,80,4140000,
46,d80,80,4150000,
46,d80,80,4160000,
46,d80,80,4170000,
46,d80,80,4180000,
46,d80,80,4190000,
46,d80,80,4200000,0.39149999618530273
46,d80,80,4210000,
46,d80,80,4220000,
46,d80,80,4230000,
46,d80,80,4240000,
46,d80,80,4250000,
46,d80,80,4260000,
46,d80,80,4270000,
46,d80,80,4280000,
46,d80,80,4290000,
46,d80,80,4300000,0.38199999928474426
46,d80,80,4310000,
46,d80,80,4320000,
46,d80,80,4330000,
46,d80,80,4340000,
46,d80,80,4350000,
46,d80,80,4360000,
46,d80,80,4370000,
46,d80,80,4380000,
46,d80,80,4390000,
46,d80,80,4400000,0.3847000002861023
46,d80,80,4410000,
46,d80,80,4420000,
46,d80,80,4430000,
46,d80,80,4440000,
46,d80,80,4450000,
46,d80,80,4460000,
46,d80,80,4470000,
46,d80,80,4480000,
46,d80,80,4490000,
46,d80,80,4500000,0.3871999979019165
46,d80,80,4510000,
46,d80,80,4520000,
46,d80,80,4530000,
46,d80,80,4540000,
46,d80,80,4550000,
46,d80,80,4560000,
46,d80,80,4570000,
46,d80,80,4580000,
46,d80,80,4590000,
46,d80,80,4600000,0.3955000042915344
46,d80,80,4610000,
46,d80,80,4620000,
46,d80,80,4630000,
46,d80,80,4640000,
46,d80,80,4650000,
46,d80,80,4660000,
46,d80,80,4670000,
46,d80,80,4680000,
46,d80,80,4690000,
46,d80,80,4700000,0.3961000144481659
46,d80,80,4710000,
46,d80,80,4720000,
46,d80,80,4730000,
46,d80,80,4740000,
46,d80,80,4750000,
46,d80,80,4760000,
46,d80,80,4770000,
46,d80,80,4780000,
46,d80,80,4790000,
46,d80,80,4800000,0.40380001068115234
46,d80,80,4810000,
46,d80,80,4820000,
46,d80,80,4830000,
46,d80,80,4840000,
46,d80,80,4850000,
46,d80,80,4860000,
46,d80,80,4870000,
46,d80,80,4880000,
46,d80,80,4890000,
46,d80,80,4900000,0.40139999985694885
46,d80,80,4910000,
46,d80,80,4920000,
46,d80,80,4930000,
46,d80,80,4940000,
46,d80,80,4950000,
46,d80,80,4960000,
46,d80,80,4970000,
46,d80,80,4980000,
46,d80,80,4990000,
46,d80,80,5000000,0.4074999988079071
42,d100,100,1,0.0
42,d100,100,10000,
42,d100,100,20000,
42,d100,100,30000,
42,d100,100,40000,
42,d100,100,50000,
42,d100,100,60000,
42,d100,100,70000,
42,d100,100,80000,
42,d100,100,90000,
42,d100,100,100000,9.999999747378752e-05
42,d100,100,110000,
42,d100,100,120000,
42,d100,100,130000,
42,d100,100,140000,
42,d100,100,150000,
42,d100,100,160000,
42,d100,100,170000,
42,d100,100,180000,
42,d100,100,190000,
42,d100,100,200000,0.004100000020116568
42,d100,100,210000,
42,d100,100,220000,
42,d100,100,230000,
42,d100,100,240000,
42,d100,100,250000,
42,d100,100,260000,
42,d100,100,270000,
42,d100,100,280000,
42,d100,100,290000,
42,d100,100,300000,0.009600000455975533
42,d100,100,310000,
42,d100,100,320000,
42,d100,100,330000,
42,d100,100,340000,
42,d100,100,350000,
42,d100,100,360000,
42,d100,100,370000,
42,d100,100,380000,
42,d100,100,390000,
42,d100,100,400000,0.019300000742077827
42,d100,100,410000,
42,d100,100,420000,
42,d100,100,430000,
42,d100,100,440000,
42,d100,100,450000,
42,d100,100,460000,
42,d100,100,470000,
42,d100,100,480000,
42,d100,100,490000,
42,d100,100,500000,0.03009999915957451
42,d100,100,510000,
42,d100,100,520000,
42,d100,100,530000,
42,d100,100,540000,
42,d100,100,550000,
42,d100,100,560000,
42,d100,100,570000,
42,d100,100,580000,
42,d100,100,590000,
42,d100,100,600000,0.04740000143647194
42,d100,100,610000,
42,d100,100,620000,
42,d100,100,630000,
42,d100,100,640000,
42,d100,100,650000,
42,d100,100,660000,
42,d100,100,670000,
42,d100,100,680000,
42,d100,100,690000,
42,d100,100,700000,0.054099999368190765
42,d100,100,710000,
42,d100,100,720000,
42,d100,100,730000,
42,d100,100,740000,
42,d100,100,750000,
42,d100,100,760000,
42,d100,100,770000,
42,d100,100,780000,
42,d100,100,790000,
42,d100,100,800000,0.06390000134706497
42,d100,100,810000,
42,d100,100,820000,
42,d100,100,830000,
42,d100,100,840000,
42,d100,100,850000,
42,d100,100,860000,
42,d100,100,870000,
42,d100,100,880000,
42,d100,100,890000,
42,d100,100,900000,0.0843999981880188
42,d100,100,910000,
42,d100,100,920000,
42,d100,100,930000,
42,d100,100,940000,
42,d100,100,950000,
42,d100,100,960000,
42,d100,100,970000,
42,d100,100,980000,
42,d100,100,990000,
42,d100,100,1000000,0.08950000256299973
42,d100,100,1010000,
42,d100,100,1020000,
42,d100,100,1030000,
42,d100,100,1040000,
42,d100,100,1050000,
42,d100,100,1060000,
42,d100,100,1070000,
42,d100,100,1080000,
42,d100,100,1090000,
42,d100,100,1100000,0.11140000075101852
42,d100,100,1110000,
42,d100,100,1120000,
42,d100,100,1130000,
42,d100,100,1140000,
42,d100,100,1150000,
42,d100,100,1160000,
42,d100,100,1170000,
42,d100,100,1180000,
42,d100,100,1190000,
42,d100,100,1200000,0.12809999287128448
42,d100,100,1210000,
42,d100,100,1220000,
42,d100,100,1230000,
42,d100,100,1240000,
42,d100,100,1250000,
42,d100,100,1260000,
42,d100,100,1270000,
42,d100,100,1280000,
42,d100,100,1290000,
42,d100,100,1300000,0.14800000190734863
42,d100,100,1310000,
42,d100,100,1320000,
42,d100,100,1330000,
42,d100,100,1340000,
42,d100,100,1350000,
42,d100,100,1360000,
42,d100,100,1370000,
42,d100,100,1380000,
42,d100,100,1390000,
42,d100,100,1400000,0.15839999914169312
42,d100,100,1410000,
42,d100,100,1420000,
42,d100,100,1430000,
42,d100,100,1440000,
42,d100,100,1450000,
42,d100,100,1460000,
42,d100,100,1470000,
42,d100,100,1480000,
42,d100,100,1490000,
42,d100,100,1500000,0.18780000507831573
42,d100,100,1510000,
42,d100,100,1520000,
42,d100,100,1530000,
42,d100,100,1540000,
42,d100,100,1550000,
42,d100,100,1560000,
42,d100,100,1570000,
42,d100,100,1580000,
42,d100,100,1590000,
42,d100,100,1600000,0.22130000591278076
42,d100,100,1610000,
42,d100,100,1620000,
42,d100,100,1630000,
42,d100,100,1640000,
42,d100,100,1650000,
42,d100,100,1660000,
42,d100,100,1670000,
42,d100,100,1680000,
42,d100,100,1690000,
42,d100,100,1700000,0.23729999363422394
42,d100,100,1710000,
42,d100,100,1720000,
42,d100,100,1730000,
42,d100,100,1740000,
42,d100,100,1750000,
42,d100,100,1760000,
42,d100,100,1770000,
42,d100,100,1780000,
42,d100,100,1790000,
42,d100,100,1800000,0.27059999108314514
42,d100,100,1810000,
42,d100,100,1820000,
42,d100,100,1830000,
42,d100,100,1840000,
42,d100,100,1850000,
42,d100,100,1860000,
42,d100,100,1870000,
42,d100,100,1880000,
42,d100,100,1890000,
42,d100,100,1900000,0.2793999910354614
42,d100,100,1910000,
42,d100,100,1920000,
42,d100,100,1930000,
42,d100,100,1940000,
42,d100,100,1950000,
42,d100,100,1960000,
42,d100,100,1970000,
42,d100,100,1980000,
42,d100,100,1990000,
42,d100,100,2000000,0.3188000023365021
42,d100,100,2010000,
42,d100,100,2020000,
42,d100,100,2030000,
42,d100,100,2040000,
42,d100,100,2050000,
42,d100,100,2060000,
42,d100,100,2070000,
42,d100,100,2080000,
42,d100,100,2090000,
42,d100,100,2100000,0.3221000134944916
42,d100,100,2110000,
42,d100,100,2120000,
42,d100,100,2130000,
42,d100,100,2140000,
42,d100,100,2150000,
42,d100,100,2160000,
42,d100,100,2170000,
42,d100,100,2180000,
42,d100,100,2190000,
42,d100,100,2200000,0.3758000135421753
42,d100,100,2210000,
42,d100,100,2220000,
42,d100,100,2230000,
42,d100,100,2240000,
42,d100,100,2250000,
42,d100,100,2260000,
42,d100,100,2270000,
42,d100,100,2280000,
42,d100,100,2290000,
42,d100,100,2300000,0.3846000134944916
42,d100,100,2310000,
42,d100,100,2320000,
42,d100,100,2330000,
42,d100,100,2340000,
42,d100,100,2350000,
42,d100,100,2360000,
42,d100,100,2370000,
42,d100,100,2380000,
42,d100,100,2390000,
42,d100,100,2400000,0.3828999996185303
42,d100,100,2410000,
42,d100,100,2420000,
42,d100,100,2430000,
42,d100,100,2440000,
42,d100,100,2450000,
42,d100,100,2460000,
42,d100,100,2470000,
42,d100,100,2480000,
42,d100,100,2490000,
42,d100,100,2500000,0.41600000858306885
42,d100,100,2510000,
42,d100,100,2520000,
42,d100,100,2530000,
42,d100,100,2540000,
42,d100,100,2550000,
42,d100,100,2560000,
42,d100,100,2570000,
42,d100,100,2580000,
42,d100,100,2590000,
42,d100,100,2600000,0.4311999976634979
42,d100,100,2610000,
42,d100,100,2620000,
42,d100,100,2630000,
42,d100,100,2640000,
42,d100,100,2650000,
42,d100,100,2660000,
42,d100,100,2670000,
42,d100,100,2680000,
42,d100,100,2690000,
42,d100,100,2700000,0.44620001316070557
42,d100,100,2710000,
42,d100,100,2720000,
42,d100,100,2730000,
42,d100,100,2740000,
42,d100,100,2750000,
42,d100,100,2760000,
42,d100,100,2770000,
42,d100,100,2780000,
42,d100,100,2790000,
42,d100,100,2800000,0.4593999981880188
42,d100,100,2810000,
42,d100,100,2820000,
42,d100,100,2830000,
42,d100,100,2840000,
42,d100,100,2850000,
42,d100,100,2860000,
42,d100,100,2870000,
42,d100,100,2880000,
42,d100,100,2890000,
42,d100,100,2900000,0.4415999948978424
42,d100,100,2910000,
42,d100,100,2920000,
42,d100,100,2930000,
42,d100,100,2940000,
42,d100,100,2950000,
42,d100,100,2960000,
42,d100,100,2970000,
42,d100,100,2980000,
42,d100,100,2990000,
42,d100,100,3000000,0.48019999265670776
42,d100,100,3010000,
42,d100,100,3020000,
42,d100,100,3030000,
42,d100,100,3040000,
42,d100,100,3050000,
42,d100,100,3060000,
42,d100,100,3070000,
42,d100,100,3080000,
42,d100,100,3090000,
42,d100,100,3100000,0.486299991607666
42,d100,100,3110000,
42,d100,100,3120000,
42,d100,100,3130000,
42,d100,100,3140000,
42,d100,100,3150000,
42,d100,100,3160000,
42,d100,100,3170000,
42,d100,100,3180000,
42,d100,100,3190000,
42,d100,100,3200000,0.5083000063896179
42,d100,100,3210000,
42,d100,100,3220000,
42,d100,100,3230000,
42,d100,100,3240000,
42,d100,100,3250000,
42,d100,100,3260000,
42,d100,100,3270000,
42,d100,100,3280000,
42,d100,100,3290000,
42,d100,100,3300000,0.5027999877929688
42,d100,100,3310000,
42,d100,100,3320000,
42,d100,100,3330000,
42,d100,100,3340000,
42,d100,100,3350000,
42,d100,100,3360000,
42,d100,100,3370000,
42,d100,100,3380000,
42,d100,100,3390000,
42,d100,100,3400000,0.5216000080108643
42,d100,100,3410000,
42,d100,100,3420000,
42,d100,100,3430000,
42,d100,100,3440000,
42,d100,100,3450000,
42,d100,100,3460000,
42,d100,100,3470000,
42,d100,100,3480000,
42,d100,100,3490000,
42,d100,100,3500000,0.5256999731063843
42,d100,100,3510000,
42,d100,100,3520000,
42,d100,100,3530000,
42,d100,100,3540000,
42,d100,100,3550000,
42,d100,100,3560000,
42,d100,100,3570000,
42,d100,100,3580000,
42,d100,100,3590000,
42,d100,100,3600000,0.5557000041007996
42,d100,100,3610000,
42,d100,100,3620000,
42,d100,100,3630000,
42,d100,100,3640000,
42,d100,100,3650000,
42,d100,100,3660000,
42,d100,100,3670000,
42,d100,100,3680000,
42,d100,100,3690000,
42,d100,100,3700000,0.5329999923706055
42,d100,100,3710000,
42,d100,100,3720000,
42,d100,100,3730000,
42,d100,100,3740000,
42,d100,100,3750000,
42,d100,100,3760000,
42,d100,100,3770000,
42,d100,100,3780000,
42,d100,100,3790000,
42,d100,100,3800000,0.5421000123023987
42,d100,100,3810000,
42,d100,100,3820000,
42,d100,100,3830000,
42,d100,100,3840000,
42,d100,100,3850000,
42,d100,100,3860000,
42,d100,100,3870000,
42,d100,100,3880000,
42,d100,100,3890000,
42,d100,100,3900000,0.5612999796867371
42,d100,100,3910000,
42,d100,100,3920000,
42,d100,100,3930000,
42,d100,100,3940000,
42,d100,100,3950000,
42,d100,100,3960000,
42,d100,100,3970000,
42,d100,100,3980000,
42,d100,100,3990000,
42,d100,100,4000000,0.5382000207901001
42,d100,100,4010000,
42,d100,100,4020000,
42,d100,100,4030000,
42,d100,100,4040000,
42,d100,100,4050000,
42,d100,100,4060000,
42,d100,100,4070000,
42,d100,100,4080000,
42,d100,100,4090000,
42,d100,100,4100000,0.5777999758720398
42,d100,100,4110000,
42,d100,100,4120000,
42,d100,100,4130000,
42,d100,100,4140000,
42,d100,100,4150000,
42,d100,100,4160000,
42,d100,100,4170000,
42,d100,100,4180000,
42,d100,100,4190000,
42,d100,100,4200000,0.5670999884605408
42,d100,100,4210000,
42,d100,100,4220000,
42,d100,100,4230000,
42,d100,100,4240000,
42,d100,100,4250000,
42,d100,100,4260000,
42,d100,100,4270000,
42,d100,100,4280000,
42,d100,100,4290000,
42,d100,100,4300000,0.5866000056266785
42,d100,100,4310000,
42,d100,100,4320000,
42,d100,100,4330000,
42,d100,100,4340000,
42,d100,100,4350000,
42,d100,100,4360000,
42,d100,100,4370000,
42,d100,100,4380000,
42,d100,100,4390000,
42,d100,100,4400000,0.5834000110626221
42,d100,100,4410000,
42,d100,100,4420000,
42,d100,100,4430000,
42,d100,100,4440000,
42,d100,100,4450000,
42,d100,100,4460000,
42,d100,100,4470000,
42,d100,100,4480000,
42,d100,100,4490000,
42,d100,100,4500000,0.5924999713897705
42,d100,100,4510000,
42,d100,100,4520000,
42,d100,100,4530000,
42,d100,100,4540000,
42,d100,100,4550000,
42,d100,100,4560000,
42,d100,100,4570000,
42,d100,100,4580000,
42,d100,100,4590000,
42,d100,100,4600000,0.5870000123977661
42,d100,100,4610000,
42,d100,100,4620000,
42,d100,100,4630000,
42,d100,100,4640000,
42,d100,100,4650000,
42,d100,100,4660000,
42,d100,100,4670000,
42,d100,100,4680000,
42,d100,100,4690000,
42,d100,100,4700000,0.5954999923706055
42,d100,100,4710000,
42,d100,100,4720000,
42,d100,100,4730000,
42,d100,100,4740000,
42,d100,100,4750000,
42,d100,100,4760000,
42,d100,100,4770000,
42,d100,100,4780000,
42,d100,100,4790000,
42,d100,100,4800000,0.5895000100135803
42,d100,100,4810000,
42,d100,100,4820000,
42,d100,100,4830000,
42,d100,100,4840000,
42,d100,100,4850000,
42,d100,100,4860000,
42,d100,100,4870000,
42,d100,100,4880000,
42,d100,100,4890000,
42,d100,100,4900000,0.6089000105857849
42,d100,100,4910000,
42,d100,100,4920000,
42,d100,100,4930000,
42,d100,100,4940000,
42,d100,100,4950000,
42,d100,100,4960000,
42,d100,100,4970000,
42,d100,100,4980000,
42,d100,100,4990000,
42,d100,100,5000000,0.6200000047683716
43,d100,100,1,0.0
43,d100,100,10000,
43,d100,100,20000,
43,d100,100,30000,
43,d100,100,40000,
43,d100,100,50000,
43,d100,100,60000,
43,d100,100,70000,
43,d100,100,80000,
43,d100,100,90000,
43,d100,100,100000,9.999999747378752e-05
43,d100,100,110000,
43,d100,100,120000,
43,d100,100,130000,
43,d100,100,140000,
43,d100,100,150000,
43,d100,100,160000,
43,d100,100,170000,
43,d100,100,180000,
43,d100,100,190000,
43,d100,100,200000,0.0035000001080334187
43,d100,100,210000,
43,d100,100,220000,
43,d100,100,230000,
43,d100,100,240000,
43,d100,100,250000,
43,d100,100,260000,
43,d100,100,270000,
43,d100,100,280000,
43,d100,100,290000,
43,d100,100,300000,0.012299999594688416
43,d100,100,310000,
43,d100,100,320000,
43,d100,100,330000,
43,d100,100,340000,
43,d100,100,350000,
43,d100,100,360000,
43,d100,100,370000,
43,d100,100,380000,
43,d100,100,390000,
43,d100,100,400000,0.019200000911951065
43,d100,100,410000,
43,d100,100,420000,
43,d100,100,430000,
43,d100,100,440000,
43,d100,100,450000,
43,d100,100,460000,
43,d100,100,470000,
43,d100,100,480000,
43,d100,100,490000,
43,d100,100,500000,0.03519999980926514
43,d100,100,510000,
43,d100,100,520000,
43,d100,100,530000,
43,d100,100,540000,
43,d100,100,550000,
43,d100,100,560000,
43,d100,100,570000,
43,d100,100,580000,
43,d100,100,590000,
43,d100,100,600000,0.046799998730421066
43,d100,100,610000,
43,d100,100,620000,
43,d100,100,630000,
43,d100,100,640000,
43,d100,100,650000,
43,d100,100,660000,
43,d100,100,670000,
43,d100,100,680000,
43,d100,100,690000,
43,d100,100,700000,0.0575999990105629
43,d100,100,710000,
43,d100,100,720000,
43,d100,100,730000,
43,d100,100,740000,
43,d100,100,750000,
43,d100,100,760000,
43,d100,100,770000,
43,d100,100,780000,
43,d100,100,790000,
43,d100,100,800000,0.06880000233650208
43,d100,100,810000,
43,d100,100,820000,
43,d100,100,830000,
43,d100,100,840000,
43,d100,100,850000,
43,d100,100,860000,
43,d100,100,870000,
43,d100,100,880000,
43,d100,100,890000,
43,d100,100,900000,0.08630000054836273
43,d100,100,910000,
43,d100,100,920000,
43,d100,100,930000,
43,d100,100,940000,
43,d100,100,950000,
43,d100,100,960000,
43,d100,100,970000,
43,d100,100,980000,
43,d100,100,990000,
43,d100,100,1000000,0.08860000222921371
43,d100,100,1010000,
43,d100,100,1020000,
43,d100,100,1030000,
43,d100,100,1040000,
43,d100,100,1050000,
43,d100,100,1060000,
43,d100,100,1070000,
43,d100,100,1080000,
43,d100,100,1090000,
43,d100,100,1100000,0.11050000041723251
43,d100,100,1110000,
43,d100,100,1120000,
43,d100,100,1130000,
43,d100,100,1140000,
43,d100,100,1150000,
43,d100,100,1160000,
43,d100,100,1170000,
43,d100,100,1180000,
43,d100,100,1190000,
43,d100,100,1200000,0.1256999969482422
43,d100,100,1210000,
43,d100,100,1220000,
43,d100,100,1230000,
43,d100,100,1240000,
43,d100,100,1250000,
43,d100,100,1260000,
43,d100,100,1270000,
43,d100,100,1280000,
43,d100,100,1290000,
43,d100,100,1300000,0.14339999854564667
43,d100,100,1310000,
43,d100,100,1320000,
43,d100,100,1330000,
43,d100,100,1340000,
43,d100,100,1350000,
43,d100,100,1360000,
43,d100,100,1370000,
43,d100,100,1380000,
43,d100,100,1390000,
43,d100,100,1400000,0.16349999606609344
43,d100,100,1410000,
43,d100,100,1420000,
43,d100,100,1430000,
43,d100,100,1440000,
43,d100,100,1450000,
43,d100,100,1460000,
43,d100,100,1470000,
43,d100,100,1480000,
43,d100,100,1490000,
43,d100,100,1500000,0.18039999902248383
43,d100,100,1510000,
43,d100,100,1520000,
43,d100,100,1530000,
43,d100,100,1540000,
43,d100,100,1550000,
43,d100,100,1560000,
43,d100,100,1570000,
43,d100,100,1580000,
43,d100,100,1590000,
43,d100,100,1600000,0.20669999718666077
43,d100,100,1610000,
43,d100,100,1620000,
43,d100,100,1630000,
43,d100,100,1640000,
43,d100,100,1650000,
43,d100,100,1660000,
43,d100,100,1670000,
43,d100,100,1680000,
43,d100,100,1690000,
43,d100,100,1700000,0.24060000479221344
43,d100,100,1710000,
43,d100,100,1720000,
43,d100,100,1730000,
43,d100,100,1740000,
43,d100,100,1750000,
43,d100,100,1760000,
43,d100,100,1770000,
43,d100,100,1780000,
43,d100,100,1790000,
43,d100,100,1800000,0.26820001006126404
43,d100,100,1810000,
43,d100,100,1820000,
43,d100,100,1830000,
43,d100,100,1840000,
43,d100,100,1850000,
43,d100,100,1860000,
43,d100,100,1870000,
43,d100,100,1880000,
43,d100,100,1890000,
43,d100,100,1900000,0.2888999879360199
43,d100,100,1910000,
43,d100,100,1920000,
43,d100,100,1930000,
43,d100,100,1940000,
43,d100,100,1950000,
43,d100,100,1960000,
43,d100,100,1970000,
43,d100,100,1980000,
43,d100,100,1990000,
43,d100,100,2000000,0.30820000171661377
43,d100,100,2010000,
43,d100,100,2020000,
43,d100,100,2030000,
43,d100,100,2040000,
43,d100,100,2050000,
43,d100,100,2060000,
43,d100,100,2070000,
43,d100,100,2080000,
43,d100,100,2090000,
43,d100,100,2100000,0.3472000062465668
43,d100,100,2110000,
43,d100,100,2120000,
43,d100,100,2130000,
43,d100,100,2140000,
43,d100,100,2150000,
43,d100,100,2160000,
43,d100,100,2170000,
43,d100,100,2180000,
43,d100,100,2190000,
43,d100,100,2200000,0.3628000020980835
43,d100,100,2210000,
43,d100,100,2220000,
43,d100,100,2230000,
43,d100,100,2240000,
43,d100,100,2250000,
43,d100,100,2260000,
43,d100,100,2270000,
43,d100,100,2280000,
43,d100,100,2290000,
43,d100,100,2300000,0.3718000054359436
43,d100,100,2310000,
43,d100,100,2320000,
43,d100,100,2330000,
43,d100,100,2340000,
43,d100,100,2350000,
43,d100,100,2360000,
43,d100,100,2370000,
43,d100,100,2380000,
43,d100,100,2390000,
43,d100,100,2400000,0.4124999940395355
43,d100,100,2410000,
43,d100,100,2420000,
43,d100,100,2430000,
43,d100,100,2440000,
43,d100,100,2450000,
43,d100,100,2460000,
43,d100,100,2470000,
43,d100,100,2480000,
43,d100,100,2490000,
43,d100,100,2500000,0.4133000075817108
43,d100,100,2510000,
43,d100,100,2520000,
43,d100,100,2530000,
43,d100,100,2540000,
43,d100,100,2550000,
43,d100,100,2560000,
43,d100,100,2570000,
43,d100,100,2580000,
43,d100,100,2590000,
43,d100,100,2600000,0.43709999322891235
43,d100,100,2610000,
43,d100,100,2620000,
43,d100,100,2630000,
43,d100,100,2640000,
43,d100,100,2650000,
43,d100,100,2660000,
43,d100,100,2670000,
43,d100,100,2680000,
43,d100,100,2690000,
43,d100,100,2700000,0.46320000290870667
43,d100,100,2710000,
43,d100,100,2720000,
43,d100,100,2730000,
43,d100,100,2740000,
43,d100,100,2750000,
43,d100,100,2760000,
43,d100,100,2770000,
43,d100,100,2780000,
43,d100,100,2790000,
43,d100,100,2800000,0.48170000314712524
43,d100,100,2810000,
43,d100,100,2820000,
43,d100,100,2830000,
43,d100,100,2840000,
43,d100,100,2850000,
43,d100,100,2860000,
43,d100,100,2870000,
43,d100,100,2880000,
43,d100,100,2890000,
43,d100,100,2900000,0.4918999969959259
43,d100,100,2910000,
43,d100,100,2920000,
43,d100,100,2930000,
43,d100,100,2940000,
43,d100,100,2950000,
43,d100,100,2960000,
43,d100,100,2970000,
43,d100,100,2980000,
43,d100,100,2990000,
43,d100,100,3000000,0.49309998750686646
43,d100,100,3010000,
43,d100,100,3020000,
43,d100,100,3030000,
43,d100,100,3040000,
43,d100,100,3050000,
43,d100,100,3060000,
43,d100,100,3070000,
43,d100,100,3080000,
43,d100,100,3090000,
43,d100,100,3100000,0.5091999769210815
43,d100,100,3110000,
43,d100,100,3120000,
43,d100,100,3130000,
43,d100,100,3140000,
43,d100,100,3150000,
43,d100,100,3160000,
43,d100,100,3170000,
43,d100,100,3180000,
43,d100,100,3190000,
43,d100,100,3200000,0.5235999822616577
43,d100,100,3210000,
43,d100,100,3220000,
43,d100,100,3230000,
43,d100,100,3240000,
43,d100,100,3250000,
43,d100,100,3260000,
43,d100,100,3270000,
43,d100,100,3280000,
43,d100,100,3290000,
43,d100,100,3300000,0.5273000001907349
43,d100,100,3310000,
43,d100,100,3320000,
43,d100,100,3330000,
43,d100,100,3340000,
43,d100,100,3350000,
43,d100,100,3360000,
43,d100,100,3370000,
43,d100,100,3380000,
43,d100,100,3390000,
43,d100,100,3400000,0.5443000197410583
43,d100,100,3410000,
43,d100,100,3420000,
43,d100,100,3430000,
43,d100,100,3440000,
43,d100,100,3450000,
43,d100,100,3460000,
43,d100,100,3470000,
43,d100,100,3480000,
43,d100,100,3490000,
43,d100,100,3500000,0.5170000195503235
43,d100,100,3510000,
43,d100,100,3520000,
43,d100,100,3530000,
43,d100,100,3540000,
43,d100,100,3550000,
43,d100,100,3560000,
43,d100,100,3570000,
43,d100,100,3580000,
43,d100,100,3590000,
43,d100,100,3600000,0.5659999847412109
43,d100,100,3610000,
43,d100,100,3620000,
43,d100,100,3630000,
43,d100,100,3640000,
43,d100,100,3650000,
43,d100,100,3660000,
43,d100,100,3670000,
43,d100,100,3680000,
43,d100,100,3690000,
43,d100,100,3700000,0.5593000054359436
43,d100,100,3710000,
43,d100,100,3720000,
43,d100,100,3730000,
43,d100,100,3740000,
43,d100,100,3750000,
43,d100,100,3760000,
43,d100,100,3770000,
43,d100,100,3780000,
43,d100,100,3790000,
43,d100,100,3800000,0.5663999915122986
43,d100,100,3810000,
43,d100,100,3820000,
43,d100,100,3830000,
43,d100,100,3840000,
43,d100,100,3850000,
43,d100,100,3860000,
43,d100,100,3870000,
43,d100,100,3880000,
43,d100,100,3890000,
43,d100,100,3900000,0.5629000067710876
43,d100,100,3910000,
43,d100,100,3920000,
43,d100,100,3930000,
43,d100,100,3940000,
43,d100,100,3950000,
43,d100,100,3960000,
43,d100,100,3970000,
43,d100,100,3980000,
43,d100,100,3990000,
43,d100,100,4000000,0.5734000205993652
43,d100,100,4010000,
43,d100,100,4020000,
43,d100,100,4030000,
43,d100,100,4040000,
43,d100,100,4050000,
43,d100,100,4060000,
43,d100,100,4070000,
43,d100,100,4080000,
43,d100,100,4090000,
43,d100,100,4100000,0.5737000107765198
43,d100,100,4110000,
43,d100,100,4120000,
43,d100,100,4130000,
43,d100,100,4140000,
43,d100,100,4150000,
43,d100,100,4160000,
43,d100,100,4170000,
43,d100,100,4180000,
43,d100,100,4190000,
43,d100,100,4200000,0.5834000110626221
43,d100,100,4210000,
43,d100,100,4220000,
43,d100,100,4230000,
43,d100,100,4240000,
43,d100,100,4250000,
43,d100,100,4260000,
43,d100,100,4270000,
43,d100,100,4280000,
43,d100,100,4290000,
43,d100,100,4300000,0.5835999846458435
43,d100,100,4310000,
43,d100,100,4320000,
43,d100,100,4330000,
43,d100,100,4340000,
43,d100,100,4350000,
43,d100,100,4360000,
43,d100,100,4370000,
43,d100,100,4380000,
43,d100,100,4390000,
43,d100,100,4400000,0.5834000110626221
43,d100,100,4410000,
43,d100,100,4420000,
43,d100,100,4430000,
43,d100,100,4440000,
43,d100,100,4450000,
43,d100,100,4460000,
43,d100,100,4470000,
43,d100,100,4480000,
43,d100,100,4490000,
43,d100,100,4500000,0.585099995136261
43,d100,100,4510000,
43,d100,100,4520000,
43,d100,100,4530000,
43,d100,100,4540000,
43,d100,100,4550000,
43,d100,100,4560000,
43,d100,100,4570000,
43,d100,100,4580000,
43,d100,100,4590000,
43,d100,100,4600000,0.593500018119812
43,d100,100,4610000,
43,d100,100,4620000,
43,d100,100,4630000,
43,d100,100,4640000,
43,d100,100,4650000,
43,d100,100,4660000,
43,d100,100,4670000,
43,d100,100,4680000,
43,d100,100,4690000,
43,d100,100,4700000,0.6021000146865845
43,d100,100,4710000,
43,d100,100,4720000,
43,d100,100,4730000,
43,d100,100,4740000,
43,d100,100,4750000,
43,d100,100,4760000,
43,d100,100,4770000,
43,d100,100,4780000,
43,d100,100,4790000,
43,d100,100,4800000,0.6222000122070312
43,d100,100,4810000,
43,d100,100,4820000,
43,d100,100,4830000,
43,d100,100,4840000,
43,d100,100,4850000,
43,d100,100,4860000,
43,d100,100,4870000,
43,d100,100,4880000,
43,d100,100,4890000,
43,d100,100,4900000,0.6107000112533569
43,d100,100,4910000,
43,d100,100,4920000,
43,d100,100,4930000,
43,d100,100,4940000,
43,d100,100,4950000,
43,d100,100,4960000,
43,d100,100,4970000,
43,d100,100,4980000,
43,d100,100,4990000,
43,d100,100,5000000,0.6080999970436096
44,d100,100,1,0.0
44,d100,100,10000,
44,d100,100,20000,
44,d100,100,30000,
44,d100,100,40000,
44,d100,100,50000,
44,d100,100,60000,
44,d100,100,70000,
44,d100,100,80000,
44,d100,100,90000,
44,d100,100,100000,9.999999747378752e-05
44,d100,100,110000,
44,d100,100,120000,
44,d100,100,130000,
44,d100,100,140000,
44,d100,100,150000,
44,d100,100,160000,
44,d100,100,170000,
44,d100,100,180000,
44,d100,100,190000,
44,d100,100,200000,0.004000000189989805
44,d100,100,210000,
44,d100,100,220000,
44,d100,100,230000,
44,d100,100,240000,
44,d100,100,250000,
44,d100,100,260000,
44,d100,100,270000,
44,d100,100,280000,
44,d100,100,290000,
44,d100,100,300000,0.010099999606609344
44,d100,100,310000,
44,d100,100,320000,
44,d100,100,330000,
44,d100,100,340000,
44,d100,100,350000,
44,d100,100,360000,
44,d100,100,370000,
44,d100,100,380000,
44,d100,100,390000,
44,d100,100,400000,0.016599999740719795
44,d100,100,410000,
44,d100,100,420000,
44,d100,100,430000,
44,d100,100,440000,
44,d100,100,450000,
44,d100,100,460000,
44,d100,100,470000,
44,d100,100,480000,
44,d100,100,490000,
44,d100,100,500000,0.027699999511241913
44,d100,100,510000,
44,d100,100,520000,
44,d100,100,530000,
44,d100,100,540000,
44,d100,100,550000,
44,d100,100,560000,
44,d100,100,570000,
44,d100,100,580000,
44,d100,100,590000,
44,d100,100,600000,0.035999998450279236
44,d100,100,610000,
44,d100,100,620000,
44,d100,100,630000,
44,d100,100,640000,
44,d100,100,650000,
44,d100,100,660000,
44,d100,100,670000,
44,d100,100,680000,
44,d100,100,690000,
44,d100,100,700000,0.048500001430511475
44,d100,100,710000,
44,d100,100,720000,
44,d100,100,730000,
44,d100,100,740000,
44,d100,100,750000,
44,d100,100,760000,
44,d100,100,770000,
44,d100,100,780000,
44,d100,100,790000,
44,d100,100,800000,0.05889999866485596
44,d100,100,810000,
44,d100,100,820000,
44,d100,100,830000,
44,d100,100,840000,
44,d100,100,850000,
44,d100,100,860000,
44,d100,100,870000,
44,d100,100,880000,
44,d100,100,890000,
44,d100,100,900000,0.08269999921321869
44,d100,100,910000,
44,d100,100,920000,
44,d100,100,930000,
44,d100,100,940000,
44,d100,100,950000,
44,d100,100,960000,
44,d100,100,970000,
44,d100,100,980000,
44,d100,100,990000,
44,d100,100,1000000,0.09229999780654907
44,d100,100,1010000,
44,d100,100,1020000,
44,d100,100,1030000,
44,d100,100,1040000,
44,d100,100,1050000,
44,d100,100,1060000,
44,d100,100,1070000,
44,d100,100,1080000,
44,d100,100,1090000,
44,d100,100,1100000,0.11630000174045563
44,d100,100,1110000,
44,d100,100,1120000,
44,d100,100,1130000,
44,d100,100,1140000,
44,d100,100,1150000,
44,d100,100,1160000,
44,d100,100,1170000,
44,d100,100,1180000,
44,d100,100,1190000,
44,d100,100,1200000,0.13459999859333038
44,d100,100,1210000,
44,d100,100,1220000,
44,d100,100,1230000,
44,d100,100,1240000,
44,d100,100,1250000,
44,d100,100,1260000,
44,d100,100,1270000,
44,d100,100,1280000,
44,d100,100,1290000,
44,d100,100,1300000,0.14730000495910645
44,d100,100,1310000,
44,d100,100,1320000,
44,d100,100,1330000,
44,d100,100,1340000,
44,d100,100,1350000,
44,d100,100,1360000,
44,d100,100,1370000,
44,d100,100,1380000,
44,d100,100,1390000,
44,d100,100,1400000,0.18209999799728394
44,d100,100,1410000,
44,d100,100,1420000,
44,d100,100,1430000,
44,d100,100,1440000,
44,d100,100,1450000,
44,d100,100,1460000,
44,d100,100,1470000,
44,d100,100,1480000,
44,d100,100,1490000,
44,d100,100,1500000,0.18479999899864197
44,d100,100,1510000,
44,d100,100,1520000,
44,d100,100,1530000,
44,d100,100,1540000,
44,d100,100,1550000,
44,d100,100,1560000,
44,d100,100,1570000,
44,d100,100,1580000,
44,d100,100,1590000,
44,d100,100,1600000,0.22709999978542328
44,d100,100,1610000,
44,d100,100,1620000,
44,d100,100,1630000,
44,d100,100,1640000,
44,d100,100,1650000,
44,d100,100,1660000,
44,d100,100,1670000,
44,d100,100,1680000,
44,d100,100,1690000,
44,d100,100,1700000,0.2524999976158142
44,d100,100,1710000,
44,d100,100,1720000,
44,d100,100,1730000,
44,d100,100,1740000,
44,d100,100,1750000,
44,d100,100,1760000,
44,d100,100,1770000,
44,d100,100,1780000,
44,d100,100,1790000,
44,d100,100,1800000,0.2678999900817871
44,d100,100,1810000,
44,d100,100,1820000,
44,d100,100,1830000,
44,d100,100,1840000,
44,d100,100,1850000,
44,d100,100,1860000,
44,d100,100,1870000,
44,d100,100,1880000,
44,d100,100,1890000,
44,d100,100,1900000,0.30730000138282776
44,d100,100,1910000,
44,d100,100,1920000,
44,d100,100,1930000,
44,d100,100,1940000,
44,d100,100,1950000,
44,d100,100,1960000,
44,d100,100,1970000,
44,d100,100,1980000,
44,d100,100,1990000,
44,d100,100,2000000,0.32109999656677246
44,d100,100,2010000,
44,d100,100,2020000,
44,d100,100,2030000,
44,d100,100,2040000,
44,d100,100,2050000,
44,d100,100,2060000,
44,d100,100,2070000,
44,d100,100,2080000,
44,d100,100,2090000,
44,d100,100,2100000,0.35109999775886536
44,d100,100,2110000,
44,d100,100,2120000,
44,d100,100,2130000,
44,d100,100,2140000,
44,d100,100,2150000,
44,d100,100,2160000,
44,d100,100,2170000,
44,d100,100,2180000,
44,d100,100,2190000,
44,d100,100,2200000,0.3774999976158142
44,d100,100,2210000,
44,d100,100,2220000,
44,d100,100,2230000,
44,d100,100,2240000,
44,d100,100,2250000,
44,d100,100,2260000,
44,d100,100,2270000,
44,d100,100,2280000,
44,d100,100,2290000,
44,d100,100,2300000,0.3801000118255615
44,d100,100,2310000,
44,d100,100,2320000,
44,d100,100,2330000,
44,d100,100,2340000,
44,d100,100,2350000,
44,d100,100,2360000,
44,d100,100,2370000,
44,d100,100,2380000,
44,d100,100,2390000,
44,d100,100,2400000,0.4016000032424927
44,d100,100,2410000,
44,d100,100,2420000,
44,d100,100,2430000,
44,d100,100,2440000,
44,d100,100,2450000,
44,d100,100,2460000,
44,d100,100,2470000,
44,d100,100,2480000,
44,d100,100,2490000,
44,d100,100,2500000,0.42309999465942383
44,d100,100,2510000,
44,d100,100,2520000,
44,d100,100,2530000,
44,d100,100,2540000,
44,d100,100,2550000,
44,d100,100,2560000,
44,d100,100,2570000,
44,d100,100,2580000,
44,d100,100,2590000,
44,d100,100,2600000,0.4472000002861023
44,d100,100,2610000,
44,d100,100,2620000,
44,d100,100,2630000,
44,d100,100,2640000,
44,d100,100,2650000,
44,d100,100,2660000,
44,d100,100,2670000,
44,d100,100,2680000,
44,d100,100,2690000,
44,d100,100,2700000,0.44449999928474426
44,d100,100,2710000,
44,d100,100,2720000,
44,d100,100,2730000,
44,d100,100,2740000,
44,d100,100,2750000,
44,d100,100,2760000,
44,d100,100,2770000,
44,d100,100,2780000,
44,d100,100,2790000,
44,d100,100,2800000,0.4578999876976013
44,d100,100,2810000,
44,d100,100,2820000,
44,d100,100,2830000,
44,d100,100,2840000,
44,d100,100,2850000,
44,d100,100,2860000,
44,d100,100,2870000,
44,d100,100,2880000,
44,d100,100,2890000,
44,d100,100,2900000,0.4846000075340271
44,d100,100,2910000,
44,d100,100,2920000,
44,d100,100,2930000,
44,d100,100,2940000,
44,d100,100,2950000,
44,d100,100,2960000,
44,d100,100,2970000,
44,d100,100,2980000,
44,d100,100,2990000,
44,d100,100,3000000,0.4918000102043152
44,d100,100,3010000,
44,d100,100,3020000,
44,d100,100,3030000,
44,d100,100,3040000,
44,d100,100,3050000,
44,d100,100,3060000,
44,d100,100,3070000,
44,d100,100,3080000,
44,d100,100,3090000,
44,d100,100,3100000,0.5098000168800354
44,d100,100,3110000,
44,d100,100,3120000,
44,d100,100,3130000,
44,d100,100,3140000,
44,d100,100,3150000,
44,d100,100,3160000,
44,d100,100,3170000,
44,d100,100,3180000,
44,d100,100,3190000,
44,d100,100,3200000,0.5085999965667725
44,d100,100,3210000,
44,d100,100,3220000,
44,d100,100,3230000,
44,d100,100,3240000,
44,d100,100,3250000,
44,d100,100,3260000,
44,d100,100,3270000,
44,d100,100,3280000,
44,d100,100,3290000,
44,d100,100,3300000,0.5389000177383423
44,d100,100,3310000,
44,d100,100,3320000,
44,d100,100,3330000,
44,d100,100,3340000,
44,d100,100,3350000,
44,d100,100,3360000,
44,d100,100,3370000,
44,d100,100,3380000,
44,d100,100,3390000,
44,d100,100,3400000,0.5212000012397766
44,d100,100,3410000,
44,d100,100,3420000,
44,d100,100,3430000,
44,d100,100,3440000,
44,d100,100,3450000,
44,d100,100,3460000,
44,d100,100,3470000,
44,d100,100,3480000,
44,d100,100,3490000,
44,d100,100,3500000,0.5263000130653381
44,d100,100,3510000,
44,d100,100,3520000,
44,d100,100,3530000,
44,d100,100,3540000,
44,d100,100,3550000,
44,d100,100,3560000,
44,d100,100,3570000,
44,d100,100,3580000,
44,d100,100,3590000,
44,d100,100,3600000,0.5328999757766724
44,d100,100,3610000,
44,d100,100,3620000,
44,d100,100,3630000,
44,d100,100,3640000,
44,d100,100,3650000,
44,d100,100,3660000,
44,d100,100,3670000,
44,d100,100,3680000,
44,d100,100,3690000,
44,d100,100,3700000,0.5472999811172485
44,d100,100,3710000,
44,d100,100,3720000,
44,d100,100,3730000,
44,d100,100,3740000,
44,d100,100,3750000,
44,d100,100,3760000,
44,d100,100,3770000,
44,d100,100,3780000,
44,d100,100,3790000,
44,d100,100,3800000,0.5572999715805054
44,d100,100,3810000,
44,d100,100,3820000,
44,d100,100,3830000,
44,d100,100,3840000,
44,d100,100,3850000,
44,d100,100,3860000,
44,d100,100,3870000,
44,d100,100,3880000,
44,d100,100,3890000,
44,d100,100,3900000,0.5662000179290771
44,d100,100,3910000,
44,d100,100,3920000,
44,d100,100,3930000,
44,d100,100,3940000,
44,d100,100,3950000,
44,d100,100,3960000,
44,d100,100,3970000,
44,d100,100,3980000,
44,d100,100,3990000,
44,d100,100,4000000,0.5590999722480774
44,d100,100,4010000,
44,d100,100,4020000,
44,d100,100,4030000,
44,d100,100,4040000,
44,d100,100,4050000,
44,d100,100,4060000,
44,d100,100,4070000,
44,d100,100,4080000,
44,d100,100,4090000,
44,d100,100,4100000,0.5587999820709229
44,d100,100,4110000,
44,d100,100,4120000,
44,d100,100,4130000,
44,d100,100,4140000,
44,d100,100,4150000,
44,d100,100,4160000,
44,d100,100,4170000,
44,d100,100,4180000,
44,d100,100,4190000,
44,d100,100,4200000,0.5909000039100647
44,d100,100,4210000,
44,d100,100,4220000,
44,d100,100,4230000,
44,d100,100,4240000,
44,d100,100,4250000,
44,d100,100,4260000,
44,d100,100,4270000,
44,d100,100,4280000,
44,d100,100,4290000,
44,d100,100,4300000,0.5784000158309937
44,d100,100,4310000,
44,d100,100,4320000,
44,d100,100,4330000,
44,d100,100,4340000,
44,d100,100,4350000,
44,d100,100,4360000,
44,d100,100,4370000,
44,d100,100,4380000,
44,d100,100,4390000,
44,d100,100,4400000,0.5860999822616577
44,d100,100,4410000,
44,d100,100,4420000,
44,d100,100,4430000,
44,d100,100,4440000,
44,d100,100,4450000,
44,d100,100,4460000,
44,d100,100,4470000,
44,d100,100,4480000,
44,d100,100,4490000,
44,d100,100,4500000,0.6140000224113464
44,d100,100,4510000,
44,d100,100,4520000,
44,d100,100,4530000,
44,d100,100,4540000,
44,d100,100,4550000,
44,d100,100,4560000,
44,d100,100,4570000,
44,d100,100,4580000,
44,d100,100,4590000,
44,d100,100,4600000,0.5963000059127808
44,d100,100,4610000,
44,d100,100,4620000,
44,d100,100,4630000,
44,d100,100,4640000,
44,d100,100,4650000,
44,d100,100,4660000,
44,d100,100,4670000,
44,d100,100,4680000,
44,d100,100,4690000,
44,d100,100,4700000,0.5882999897003174
44,d100,100,4710000,
44,d100,100,4720000,
44,d100,100,4730000,
44,d100,100,4740000,
44,d100,100,4750000,
44,d100,100,4760000,
44,d100,100,4770000,
44,d100,100,4780000,
44,d100,100,4790000,
44,d100,100,4800000,0.6186000108718872
44,d100,100,4810000,
44,d100,100,4820000,
44,d100,100,4830000,
44,d100,100,4840000,
44,d100,100,4850000,
44,d100,100,4860000,
44,d100,100,4870000,
44,d100,100,4880000,
44,d100,100,4890000,
44,d100,100,4900000,0.6205000281333923
44,d100,100,4910000,
44,d100,100,4920000,
44,d100,100,4930000,
44,d100,100,4940000,
44,d100,100,4950000,
44,d100,100,4960000,
44,d100,100,4970000,
44,d100,100,4980000,
44,d100,100,4990000,
44,d100,100,5000000,0.6251000165939331
45,d100,100,1,0.0
45,d100,100,10000,
45,d100,100,20000,
45,d100,100,30000,
45,d100,100,40000,
45,d100,100,50000,
45,d100,100,60000,
45,d100,100,70000,
45,d100,100,80000,
45,d100,100,90000,
45,d100,100,100000,9.999999747378752e-05
45,d100,100,110000,
45,d100,100,120000,
45,d100,100,130000,
45,d100,100,140000,
45,d100,100,150000,
45,d100,100,160000,
45,d100,100,170000,
45,d100,100,180000,
45,d100,100,190000,
45,d100,100,200000,0.0031999999191612005
45,d100,100,210000,
45,d100,100,220000,
45,d100,100,230000,
45,d100,100,240000,
45,d100,100,250000,
45,d100,100,260000,
45,d100,100,270000,
45,d100,100,280000,
45,d100,100,290000,
45,d100,100,300000,0.013500000350177288
45,d100,100,310000,
45,d100,100,320000,
45,d100,100,330000,
45,d100,100,340000,
45,d100,100,350000,
45,d100,100,360000,
45,d100,100,370000,
45,d100,100,380000,
45,d100,100,390000,
45,d100,100,400000,0.02250000089406967
45,d100,100,410000,
45,d100,100,420000,
45,d100,100,430000,
45,d100,100,440000,
45,d100,100,450000,
45,d100,100,460000,
45,d100,100,470000,
45,d100,100,480000,
45,d100,100,490000,
45,d100,100,500000,0.03550000116229057
45,d100,100,510000,
45,d100,100,520000,
45,d100,100,530000,
45,d100,100,540000,
45,d100,100,550000,
45,d100,100,560000,
45,d100,100,570000,
45,d100,100,580000,
45,d100,100,590000,
45,d100,100,600000,0.039799999445676804
45,d100,100,610000,
45,d100,100,620000,
45,d100,100,630000,
45,d100,100,640000,
45,d100,100,650000,
45,d100,100,660000,
45,d100,100,670000,
45,d100,100,680000,
45,d100,100,690000,
45,d100,100,700000,0.05590000003576279
45,d100,100,710000,
45,d100,100,720000,
45,d100,100,730000,
45,d100,100,740000,
45,d100,100,750000,
45,d100,100,760000,
45,d100,100,770000,
45,d100,100,780000,
45,d100,100,790000,
45,d100,100,800000,0.0674000009894371
45,d100,100,810000,
45,d100,100,820000,
45,d100,100,830000,
45,d100,100,840000,
45,d100,100,850000,
45,d100,100,860000,
45,d100,100,870000,
45,d100,100,880000,
45,d100,100,890000,
45,d100,100,900000,0.08330000191926956
45,d100,100,910000,
45,d100,100,920000,
45,d100,100,930000,
45,d100,100,940000,
45,d100,100,950000,
45,d100,100,960000,
45,d100,100,970000,
45,d100,100,980000,
45,d100,100,990000,
45,d100,100,1000000,0.09809999912977219
45,d100,100,1010000,
45,d100,100,1020000,
45,d100,100,1030000,
45,d100,100,1040000,
45,d100,100,1050000,
45,d100,100,1060000,
45,d100,100,1070000,
45,d100,100,1080000,
45,d100,100,1090000,
45,d100,100,1100000,0.10329999774694443
45,d100,100,1110000,
45,d100,100,1120000,
45,d100,100,1130000,
45,d100,100,1140000,
45,d100,100,1150000,
45,d100,100,1160000,
45,d100,100,1170000,
45,d100,100,1180000,
45,d100,100,1190000,
45,d100,100,1200000,0.13500000536441803
45,d100,100,1210000,
45,d100,100,1220000,
45,d100,100,1230000,
45,d100,100,1240000,
45,d100,100,1250000,
45,d100,100,1260000,
45,d100,100,1270000,
45,d100,100,1280000,
45,d100,100,1290000,
45,d100,100,1300000,0.16179999709129333
45,d100,100,1310000,
45,d100,100,1320000,
45,d100,100,1330000,
45,d100,100,1340000,
45,d100,100,1350000,
45,d100,100,1360000,
45,d100,100,1370000,
45,d100,100,1380000,
45,d100,100,1390000,
45,d100,100,1400000,0.18199999630451202
45,d100,100,1410000,
45,d100,100,1420000,
45,d100,100,1430000,
45,d100,100,1440000,
45,d100,100,1450000,
45,d100,100,1460000,
45,d100,100,1470000,
45,d100,100,1480000,
45,d100,100,1490000,
45,d100,100,1500000,0.20720000565052032
45,d100,100,1510000,
45,d100,100,1520000,
45,d100,100,1530000,
45,d100,100,1540000,
45,d100,100,1550000,
45,d100,100,1560000,
45,d100,100,1570000,
45,d100,100,1580000,
45,d100,100,1590000,
45,d100,100,1600000,0.2434999942779541
45,d100,100,1610000,
45,d100,100,1620000,
45,d100,100,1630000,
45,d100,100,1640000,
45,d100,100,1650000,
45,d100,100,1660000,
45,d100,100,1670000,
45,d100,100,1680000,
45,d100,100,1690000,
45,d100,100,1700000,0.26739999651908875
45,d100,100,1710000,
45,d100,100,1720000,
45,d100,100,1730000,
45,d100,100,1740000,
45,d100,100,1750000,
45,d100,100,1760000,
45,d100,100,1770000,
45,d100,100,1780000,
45,d100,100,1790000,
45,d100,100,1800000,0.3046000003814697
45,d100,100,1810000,
45,d100,100,1820000,
45,d100,100,1830000,
45,d100,100,1840000,
45,d100,100,1850000,
45,d100,100,1860000,
45,d100,100,1870000,
45,d100,100,1880000,
45,d100,100,1890000,
45,d100,100,1900000,0.304500013589859
45,d100,100,1910000,
45,d100,100,1920000,
45,d100,100,1930000,
45,d100,100,1940000,
45,d100,100,1950000,
45,d100,100,1960000,
45,d100,100,1970000,
45,d100,100,1980000,
45,d100,100,1990000,
45,d100,100,2000000,0.33809998631477356
45,d100,100,2010000,
45,d100,100,2020000,
45,d100,100,2030000,
45,d100,100,2040000,
45,d100,100,2050000,
45,d100,100,2060000,
45,d100,100,2070000,
45,d100,100,2080000,
45,d100,100,2090000,
45,d100,100,2100000,0.3723999857902527
45,d100,100,2110000,
45,d100,100,2120000,
45,d100,100,2130000,
45,d100,100,2140000,
45,d100,100,2150000,
45,d100,100,2160000,
45,d100,100,2170000,
45,d100,100,2180000,
45,d100,100,2190000,
45,d100,100,2200000,0.37560001015663147
45,d100,100,2210000,
45,d100,100,2220000,
45,d100,100,2230000,
45,d100,100,2240000,
45,d100,100,2250000,
45,d100,100,2260000,
45,d100,100,2270000,
45,d100,100,2280000,
45,d100,100,2290000,
45,d100,100,2300000,0.39910000562667847
45,d100,100,2310000,
45,d100,100,2320000,
45,d100,100,2330000,
45,d100,100,2340000,
45,d100,100,2350000,
45,d100,100,2360000,
45,d100,100,2370000,
45,d100,100,2380000,
45,d100,100,2390000,
45,d100,100,2400000,0.42250001430511475
45,d100,100,2410000,
45,d100,100,2420000,
45,d100,100,2430000,
45,d100,100,2440000,
45,d100,100,2450000,
45,d100,100,2460000,
45,d100,100,2470000,
45,d100,100,2480000,
45,d100,100,2490000,
45,d100,100,2500000,0.42410001158714294
45,d100,100,2510000,
45,d100,100,2520000,
45,d100,100,2530000,
45,d100,100,2540000,
45,d100,100,2550000,
45,d100,100,2560000,
45,d100,100,2570000,
45,d100,100,2580000,
45,d100,100,2590000,
45,d100,100,2600000,0.4438000023365021
45,d100,100,2610000,
45,d100,100,2620000,
45,d100,100,2630000,
45,d100,100,2640000,
45,d100,100,2650000,
45,d100,100,2660000,
45,d100,100,2670000,
45,d100,100,2680000,
45,d100,100,2690000,
45,d100,100,2700000,0.4487000107765198
45,d100,100,2710000,
45,d100,100,2720000,
45,d100,100,2730000,
45,d100,100,2740000,
45,d100,100,2750000,
45,d100,100,2760000,
45,d100,100,2770000,
45,d100,100,2780000,
45,d100,100,2790000,
45,d100,100,2800000,0.4625000059604645
45,d100,100,2810000,
45,d100,100,2820000,
45,d100,100,2830000,
45,d100,100,2840000,
45,d100,100,2850000,
45,d100,100,2860000,
45,d100,100,2870000,
45,d100,100,2880000,
45,d100,100,2890000,
45,d100,100,2900000,0.4756999909877777
45,d100,100,2910000,
45,d100,100,2920000,
45,d100,100,2930000,
45,d100,100,2940000,
45,d100,100,2950000,
45,d100,100,2960000,
45,d100,100,2970000,
45,d100,100,2980000,
45,d100,100,2990000,
45,d100,100,3000000,0.4991999864578247
45,d100,100,3010000,
45,d100,100,3020000,
45,d100,100,3030000,
45,d100,100,3040000,
45,d100,100,3050000,
45,d100,100,3060000,
45,d100,100,3070000,
45,d100,100,3080000,
45,d100,100,3090000,
45,d100,100,3100000,0.49619999527931213
45,d100,100,3110000,
45,d100,100,3120000,
45,d100,100,3130000,
45,d100,100,3140000,
45,d100,100,3150000,
45,d100,100,3160000,
45,d100,100,3170000,
45,d100,100,3180000,
45,d100,100,3190000,
45,d100,100,3200000,0.5031999945640564
45,d100,100,3210000,
45,d100,100,3220000,
45,d100,100,3230000,
45,d100,100,3240000,
45,d100,100,3250000,
45,d100,100,3260000,
45,d100,100,3270000,
45,d100,100,3280000,
45,d100,100,3290000,
45,d100,100,3300000,0.5
45,d100,100,3310000,
45,d100,100,3320000,
45,d100,100,3330000,
45,d100,100,3340000,
45,d100,100,3350000,
45,d100,100,3360000,
45,d100,100,3370000,
45,d100,100,3380000,
45,d100,100,3390000,
45,d100,100,3400000,0.5227000117301941
45,d100,100,3410000,
45,d100,100,3420000,
45,d100,100,3430000,
45,d100,100,3440000,
45,d100,100,3450000,
45,d100,100,3460000,
45,d100,100,3470000,
45,d100,100,3480000,
45,d100,100,3490000,
45,d100,100,3500000,0.5253000259399414
45,d100,100,3510000,
45,d100,100,3520000,
45,d100,100,3530000,
45,d100,100,3540000,
45,d100,100,3550000,
45,d100,100,3560000,
45,d100,100,3570000,
45,d100,100,3580000,
45,d100,100,3590000,
45,d100,100,3600000,0.521399974822998
45,d100,100,3610000,
45,d100,100,3620000,
45,d100,100,3630000,
45,d100,100,3640000,
45,d100,100,3650000,
45,d100,100,3660000,
45,d100,100,3670000,
45,d100,100,3680000,
45,d100,100,3690000,
45,d100,100,3700000,0.52920001745224
45,d100,100,3710000,
45,d100,100,3720000,
45,d100,100,3730000,
45,d100,100,3740000,
45,d100,100,3750000,
45,d100,100,3760000,
45,d100,100,3770000,
45,d100,100,3780000,
45,d100,100,3790000,
45,d100,100,3800000,0.5615000128746033
45,d100,100,3810000,
45,d100,100,3820000,
45,d100,100,3830000,
45,d100,100,3840000,
45,d100,100,3850000,
45,d100,100,3860000,
45,d100,100,3870000,
45,d100,100,3880000,
45,d100,100,3890000,
45,d100,100,3900000,0.5430999994277954
45,d100,100,3910000,
45,d100,100,3920000,
45,d100,100,3930000,
45,d100,100,3940000,
45,d100,100,3950000,
45,d100,100,3960000,
45,d100,100,3970000,
45,d100,100,3980000,
45,d100,100,3990000,
45,d100,100,4000000,0.5648999810218811
45,d100,100,4010000,
45,d100,100,4020000,
45,d100,100,4030000,
45,d100,100,4040000,
45,d100,100,4050000,
45,d100,100,4060000,
45,d100,100,4070000,
45,d100,100,4080000,
45,d100,100,4090000,
45,d100,100,4100000,0.560699999332428
45,d100,100,4110000,
45,d100,100,4120000,
45,d100,100,4130000,
45,d100,100,4140000,
45,d100,100,4150000,
45,d100,100,4160000,
45,d100,100,4170000,
45,d100,100,4180000,
45,d100,100,4190000,
45,d100,100,4200000,0.590399980545044
45,d100,100,4210000,
45,d100,100,4220000,
45,d100,100,4230000,
45,d100,100,4240000,
45,d100,100,4250000,
45,d100,100,4260000,
45,d100,100,4270000,
45,d100,100,4280000,
45,d100,100,4290000,
45,d100,100,4300000,0.5813000202178955
45,d100,100,4310000,
45,d100,100,4320000,
45,d100,100,4330000,
45,d100,100,4340000,
45,d100,100,4350000,
45,d100,100,4360000,
45,d100,100,4370000,
45,d100,100,4380000,
45,d100,100,4390000,
45,d100,100,4400000,0.5913000106811523
45,d100,100,4410000,
45,d100,100,4420000,
45,d100,100,4430000,
45,d100,100,4440000,
45,d100,100,4450000,
45,d100,100,4460000,
45,d100,100,4470000,
45,d100,100,4480000,
45,d100,100,4490000,
45,d100,100,4500000,0.6022999882698059
45,d100,100,4510000,
45,d100,100,4520000,
45,d100,100,4530000,
45,d100,100,4540000,
45,d100,100,4550000,
45,d100,100,4560000,
45,d100,100,4570000,
45,d100,100,4580000,
45,d100,100,4590000,
45,d100,100,4600000,0.586899995803833
45,d100,100,4610000,
45,d100,100,4620000,
45,d100,100,4630000,
45,d100,100,4640000,
45,d100,100,4650000,
45,d100,100,4660000,
45,d100,100,4670000,
45,d100,100,4680000,
45,d100,100,4690000,
45,d100,100,4700000,0.6116999983787537
45,d100,100,4710000,
45,d100,100,4720000,
45,d100,100,4730000,
45,d100,100,4740000,
45,d100,100,4750000,
45,d100,100,4760000,
45,d100,100,4770000,
45,d100,100,4780000,
45,d100,100,4790000,
45,d100,100,4800000,0.6019999980926514
45,d100,100,4810000,
45,d100,100,4820000,
45,d100,100,4830000,
45,d100,100,4840000,
45,d100,100,4850000,
45,d100,100,4860000,
45,d100,100,4870000,
45,d100,100,4880000,
45,d100,100,4890000,
45,d100,100,4900000,0.5950000286102295
45,d100,100,4910000,
45,d100,100,4920000,
45,d100,100,4930000,
45,d100,100,4940000,
45,d100,100,4950000,
45,d100,100,4960000,
45,d100,100,4970000,
45,d100,100,4980000,
45,d100,100,4990000,
45,d100,100,5000000,0.6100999712944031
46,d100,100,1,0.0
46,d100,100,10000,
46,d100,100,20000,
46,d100,100,30000,
46,d100,100,40000,
46,d100,100,50000,
46,d100,100,60000,
46,d100,100,70000,
46,d100,100,80000,
46,d100,100,90000,
46,d100,100,100000,0.0
46,d100,100,110000,
46,d100,100,120000,
46,d100,100,130000,
46,d100,100,140000,
46,d100,100,150000,
46,d100,100,160000,
46,d100,100,170000,
46,d100,100,180000,
46,d100,100,190000,
46,d100,100,200000,0.004800000227987766
46,d100,100,210000,
46,d100,100,220000,
46,d100,100,230000,
46,d100,100,240000,
46,d100,100,250000,
46,d100,100,260000,
46,d100,100,270000,
46,d100,100,280000,
46,d100,100,290000,
46,d100,100,300000,0.012299999594688416
46,d100,100,310000,
46,d100,100,320000,
46,d100,100,330000,
46,d100,100,340000,
46,d100,100,350000,
46,d100,100,360000,
46,d100,100,370000,
46,d100,100,380000,
46,d100,100,390000,
46,d100,100,400000,0.01979999989271164
46,d100,100,410000,
46,d100,100,420000,
46,d100,100,430000,
46,d100,100,440000,
46,d100,100,450000,
46,d100,100,460000,
46,d100,100,470000,
46,d100,100,480000,
46,d100,100,490000,
46,d100,100,500000,0.029899999499320984
46,d100,100,510000,
46,d100,100,520000,
46,d100,100,530000,
46,d100,100,540000,
46,d100,100,550000,
46,d100,100,560000,
46,d100,100,570000,
46,d100,100,580000,
46,d100,100,590000,
46,d100,100,600000,0.04399999976158142
46,d100,100,610000,
46,d100,100,620000,
46,d100,100,630000,
46,d100,100,640000,
46,d100,100,650000,
46,d100,100,660000,
46,d100,100,670000,
46,d100,100,680000,
46,d100,100,690000,
46,d100,100,700000,0.052799999713897705
46,d100,100,710000,
46,d100,100,720000,
46,d100,100,730000,
46,d100,100,740000,
46,d100,100,750000,
46,d100,100,760000,
46,d100,100,770000,
46,d100,100,780000,
46,d100,100,790000,
46,d100,100,800000,0.06509999930858612
46,d100,100,810000,
46,d100,100,820000,
46,d100,100,830000,
46,d100,100,840000,
46,d100,100,850000,
46,d100,100,860000,
46,d100,100,870000,
46,d100,100,880000,
46,d100,100,890000,
46,d100,100,900000,0.07090000063180923
46,d100,100,910000,
46,d100,100,920000,
46,d100,100,930000,
46,d100,100,940000,
46,d100,100,950000,
46,d100,100,960000,
46,d100,100,970000,
46,d100,100,980000,
46,d100,100,990000,
46,d100,100,1000000,0.08760000020265579
46,d100,100,1010000,
46,d100,100,1020000,
46,d100,100,1030000,
46,d100,100,1040000,
46,d100,100,1050000,
46,d100,100,1060000,
46,d100,100,1070000,
46,d100,100,1080000,
46,d100,100,1090000,
46,d100,100,1100000,0.09629999846220016
46,d100,100,1110000,
46,d100,100,1120000,
46,d100,100,1130000,
46,d100,100,1140000,
46,d100,100,1150000,
46,d100,100,1160000,
46,d100,100,1170000,
46,d100,100,1180000,
46,d100,100,1190000,
46,d100,100,1200000,0.1273999959230423
46,d100,100,1210000,
46,d100,100,1220000,
46,d100,100,1230000,
46,d100,100,1240000,
46,d100,100,1250000,
46,d100,100,1260000,
46,d100,100,1270000,
46,d100,100,1280000,
46,d100,100,1290000,
46,d100,100,1300000,0.14489999413490295
46,d100,100,1310000,
46,d100,100,1320000,
46,d100,100,1330000,
46,d100,100,1340000,
46,d100,100,1350000,
46,d100,100,1360000,
46,d100,100,1370000,
46,d100,100,1380000,
46,d100,100,1390000,
46,d100,100,1400000,0.17399999499320984
46,d100,100,1410000,
46,d100,100,1420000,
46,d100,100,1430000,
46,d100,100,1440000,
46,d100,100,1450000,
46,d100,100,1460000,
46,d100,100,1470000,
46,d100,100,1480000,
46,d100,100,1490000,
46,d100,100,1500000,0.20180000364780426
46,d100,100,1510000,
46,d100,100,1520000,
46,d100,100,1530000,
46,d100,100,1540000,
46,d100,100,1550000,
46,d100,100,1560000,
46,d100,100,1570000,
46,d100,100,1580000,
46,d100,100,1590000,
46,d100,100,1600000,0.227400004863739
46,d100,100,1610000,
46,d100,100,1620000,
46,d100,100,1630000,
46,d100,100,1640000,
46,d100,100,1650000,
46,d100,100,1660000,
46,d100,100,1670000,
46,d100,100,1680000,
46,d100,100,1690000,
46,d100,100,1700000,0.25589999556541443
46,d100,100,1710000,
46,d100,100,1720000,
46,d100,100,1730000,
46,d100,100,1740000,
46,d100,100,1750000,
46,d100,100,1760000,
46,d100,100,1770000,
46,d100,100,1780000,
46,d100,100,1790000,
46,d100,100,1800000,0.275299996137619
46,d100,100,1810000,
46,d100,100,1820000,
46,d100,100,1830000,
46,d100,100,1840000,
46,d100,100,1850000,
46,d100,100,1860000,
46,d100,100,1870000,
46,d100,100,1880000,
46,d100,100,1890000,
46,d100,100,1900000,0.29789999127388
46,d100,100,1910000,
46,d100,100,1920000,
46,d100,100,1930000,
46,d100,100,1940000,
46,d100,100,1950000,
46,d100,100,1960000,
46,d100,100,1970000,
46,d100,100,1980000,
46,d100,100,1990000,
46,d100,100,2000000,0.3237999975681305
46,d100,100,2010000,
46,d100,100,2020000,
46,d100,100,2030000,
46,d100,100,2040000,
46,d100,100,2050000,
46,d100,100,2060000,
46,d100,100,2070000,
46,d100,100,2080000,
46,d100,100,2090000,
46,d100,100,2100000,0.3490000069141388
46,d100,100,2110000,
46,d100,100,2120000,
46,d100,100,2130000,
46,d100,100,2140000,
46,d100,100,2150000,
46,d100,100,2160000,
46,d100,100,2170000,
46,d100,100,2180000,
46,d100,100,2190000,
46,d100,100,2200000,0.36890000104904175
46,d100,100,2210000,
46,d100,100,2220000,
46,d100,100,2230000,
46,d100,100,2240000,
46,d100,100,2250000,
46,d100,100,2260000,
46,d100,100,2270000,
46,d100,100,2280000,
46,d100,100,2290000,
46,d100,100,2300000,0.3935999870300293
46,d100,100,2310000,
46,d100,100,2320000,
46,d100,100,2330000,
46,d100,100,2340000,
46,d100,100,2350000,
46,d100,100,2360000,
46,d100,100,2370000,
46,d100,100,2380000,
46,d100,100,2390000,
46,d100,100,2400000,0.4092999994754791
46,d100,100,2410000,
46,d100,100,2420000,
46,d100,100,2430000,
46,d100,100,2440000,
46,d100,100,2450000,
46,d100,100,2460000,
46,d100,100,2470000,
46,d100,100,2480000,
46,d100,100,2490000,
46,d100,100,2500000,0.4194999933242798
46,d100,100,2510000,
46,d100,100,2520000,
46,d100,100,2530000,
46,d100,100,2540000,
46,d100,100,2550000,
46,d100,100,2560000,
46,d100,100,2570000,
46,d100,100,2580000,
46,d100,100,2590000,
46,d100,100,2600000,0.44510000944137573
46,d100,100,2610000,
46,d100,100,2620000,
46,d100,100,2630000,
46,d100,100,2640000,
46,d100,100,2650000,
46,d100,100,2660000,
46,d100,100,2670000,
46,d100,100,2680000,
46,d100,100,2690000,
46,d100,100,2700000,0.43619999289512634
46,d100,100,2710000,
46,d100,100,2720000,
46,d100,100,2730000,
46,d100,100,2740000,
46,d100,100,2750000,
46,d100,100,2760000,
46,d100,100,2770000,
46,d100,100,2780000,
46,d100,100,2790000,
46,d100,100,2800000,0.4575999975204468
46,d100,100,2810000,
46,d100,100,2820000,
46,d100,100,2830000,
46,d100,100,2840000,
46,d100,100,2850000,
46,d100,100,2860000,
46,d100,100,2870000,
46,d100,100,2880000,
46,d100,100,2890000,
46,d100,100,2900000,0.4740999937057495
46,d100,100,2910000,
46,d100,100,2920000,
46,d100,100,2930000,
46,d100,100,2940000,
46,d100,100,2950000,
46,d100,100,2960000,
46,d100,100,2970000,
46,d100,100,2980000,
46,d100,100,2990000,
46,d100,100,3000000,0.48649999499320984
46,d100,100,3010000,
46,d100,100,3020000,
46,d100,100,3030000,
46,d100,100,3040000,
46,d100,100,3050000,
46,d100,100,3060000,
46,d100,100,3070000,
46,d100,100,3080000,
46,d100,100,3090000,
46,d100,100,3100000,0.4745999872684479
46,d100,100,3110000,
46,d100,100,3120000,
46,d100,100,3130000,
46,d100,100,3140000,
46,d100,100,3150000,
46,d100,100,3160000,
46,d100,100,3170000,
46,d100,100,3180000,
46,d100,100,3190000,
46,d100,100,3200000,0.5184000134468079
46,d100,100,3210000,
46,d100,100,3220000,
46,d100,100,3230000,
46,d100,100,3240000,
46,d100,100,3250000,
46,d100,100,3260000,
46,d100,100,3270000,
46,d100,100,3280000,
46,d100,100,3290000,
46,d100,100,3300000,0.517799973487854
46,d100,100,3310000,
46,d100,100,3320000,
46,d100,100,3330000,
46,d100,100,3340000,
46,d100,100,3350000,
46,d100,100,3360000,
46,d100,100,3370000,
46,d100,100,3380000,
46,d100,100,3390000,
46,d100,100,3400000,0.5234000086784363
46,d100,100,3410000,
46,d100,100,3420000,
46,d100,100,3430000,
46,d100,100,3440000,
46,d100,100,3450000,
46,d100,100,3460000,
46,d100,100,3470000,
46,d100,100,3480000,
46,d100,100,3490000,
46,d100,100,3500000,0.5389000177383423
46,d100,100,3510000,
46,d100,100,3520000,
46,d100,100,3530000,
46,d100,100,3540000,
46,d100,100,3550000,
46,d100,100,3560000,
46,d100,100,3570000,
46,d100,100,3580000,
46,d100,100,3590000,
46,d100,100,3600000,0.5475999712944031
46,d100,100,3610000,
46,d100,100,3620000,
46,d100,100,3630000,
46,d100,100,3640000,
46,d100,100,3650000,
46,d100,100,3660000,
46,d100,100,3670000,
46,d100,100,3680000,
46,d100,100,3690000,
46,d100,100,3700000,0.5593000054359436
46,d100,100,3710000,
46,d100,100,3720000,
46,d100,100,3730000,
46,d100,100,3740000,
46,d100,100,3750000,
46,d100,100,3760000,
46,d100,100,3770000,
46,d100,100,3780000,
46,d100,100,3790000,
46,d100,100,3800000,0.5526999831199646
46,d100,100,3810000,
46,d100,100,3820000,
46,d100,100,3830000,
46,d100,100,3840000,
46,d100,100,3850000,
46,d100,100,3860000,
46,d100,100,3870000,
46,d100,100,3880000,
46,d100,100,3890000,
46,d100,100,3900000,0.5633000135421753
46,d100,100,3910000,
46,d100,100,3920000,
46,d100,100,3930000,
46,d100,100,3940000,
46,d100,100,3950000,
46,d100,100,3960000,
46,d100,100,3970000,
46,d100,100,3980000,
46,d100,100,3990000,
46,d100,100,4000000,0.5605000257492065
46,d100,100,4010000,
46,d100,100,4020000,
46,d100,100,4030000,
46,d100,100,4040000,
46,d100,100,4050000,
46,d100,100,4060000,
46,d100,100,4070000,
46,d100,100,4080000,
46,d100,100,4090000,
46,d100,100,4100000,0.5659000277519226
46,d100,100,4110000,
46,d100,100,4120000,
46,d100,100,4130000,
46,d100,100,4140000,
46,d100,100,4150000,
46,d100,100,4160000,
46,d100,100,4170000,
46,d100,100,4180000,
46,d100,100,4190000,
46,d100,100,4200000,0.5898000001907349
46,d100,100,4210000,
46,d100,100,4220000,
46,d100,100,4230000,
46,d100,100,4240000,
46,d100,100,4250000,
46,d100,100,4260000,
46,d100,100,4270000,
46,d100,100,4280000,
46,d100,100,4290000,
46,d100,100,4300000,0.5934000015258789
46,d100,100,4310000,
46,d100,100,4320000,
46,d100,100,4330000,
46,d100,100,4340000,
46,d100,100,4350000,
46,d100,100,4360000,
46,d100,100,4370000,
46,d100,100,4380000,
46,d100,100,4390000,
46,d100,100,4400000,0.5853999853134155
46,d100,100,4410000,
46,d100,100,4420000,
46,d100,100,4430000,
46,d100,100,4440000,
46,d100,100,4450000,
46,d100,100,4460000,
46,d100,100,4470000,
46,d100,100,4480000,
46,d100,100,4490000,
46,d100,100,4500000,0.5823000073432922
46,d100,100,4510000,
46,d100,100,4520000,
46,d100,100,4530000,
46,d100,100,4540000,
46,d100,100,4550000,
46,d100,100,4560000,
46,d100,100,4570000,
46,d100,100,4580000,
46,d100,100,4590000,
46,d100,100,4600000,0.6057000160217285
46,d100,100,4610000,
46,d100,100,4620000,
46,d100,100,4630000,
46,d100,100,4640000,
46,d100,100,4650000,
46,d100,100,4660000,
46,d100,100,4670000,
46,d100,100,4680000,
46,d100,100,4690000,
46,d100,100,4700000,0.6074000000953674
46,d100,100,4710000,
46,d100,100,4720000,
46,d100,100,4730000,
46,d100,100,4740000,
46,d100,100,4750000,
46,d100,100,4760000,
46,d100,100,4770000,
46,d100,100,4780000,
46,d100,100,4790000,
46,d100,100,4800000,0.6198999881744385
46,d100,100,4810000,
46,d100,100,4820000,
46,d100,100,4830000,
46,d100,100,4840000,
46,d100,100,4850000,
46,d100,100,4860000,
46,d100,100,4870000,
46,d100,100,4880000,
46,d100,100,4890000,
46,d100,100,4900000,0.6265000104904175
46,d100,100,4910000,
46,d100,100,4920000,
46,d100,100,4930000,
46,d100,100,4940000,
46,d100,100,4950000,
46,d100,100,4960000,
46,d100,100,4970000,
46,d100,100,4980000,
46,d100,100,4990000,
46,d100,100,5000000,0.6273999810218811
42,d120,120,1,0.0
42,d120,120,10000,
42,d120,120,20000,
42,d120,120,30000,
42,d120,120,40000,
42,d120,120,50000,
42,d120,120,60000,
42,d120,120,70000,
42,d120,120,80000,
42,d120,120,90000,
42,d120,120,100000,0.0
42,d120,120,110000,
42,d120,120,120000,
42,d120,120,130000,
42,d120,120,140000,
42,d120,120,150000,
42,d120,120,160000,
42,d120,120,170000,
42,d120,120,180000,
42,d120,120,190000,
42,d120,120,200000,0.002099999925121665
42,d120,120,210000,
42,d120,120,220000,
42,d120,120,230000,
42,d120,120,240000,
42,d120,120,250000,
42,d120,120,260000,
42,d120,120,270000,
42,d120,120,280000,
42,d120,120,290000,
42,d120,120,300000,0.004800000227987766
42,d120,120,310000,
42,d120,120,320000,
42,d120,120,330000,
42,d120,120,340000,
42,d120,120,350000,
42,d120,120,360000,
42,d120,120,370000,
42,d120,120,380000,
42,d120,120,390000,
42,d120,120,400000,0.007899999618530273
42,d120,120,410000,
42,d120,120,420000,
42,d120,120,430000,
42,d120,120,440000,
42,d120,120,450000,
42,d120,120,460000,
42,d120,120,470000,
42,d120,120,480000,
42,d120,120,490000,
42,d120,120,500000,0.013500000350177288
42,d120,120,510000,
42,d120,120,520000,
42,d120,120,530000,
42,d120,120,540000,
42,d120,120,550000,
42,d120,120,560000,
42,d120,120,570000,
42,d120,120,580000,
42,d120,120,590000,
42,d120,120,600000,0.024900000542402267
42,d120,120,610000,
42,d120,120,620000,
42,d120,120,630000,
42,d120,120,640000,
42,d120,120,650000,
42,d120,120,660000,
42,d120,120,670000,
42,d120,120,680000,
42,d120,120,690000,
42,d120,120,700000,0.031099999323487282
42,d120,120,710000,
42,d120,120,720000,
42,d120,120,730000,
42,d120,120,740000,
42,d120,120,750000,
42,d120,120,760000,
42,d120,120,770000,
42,d120,120,780000,
42,d120,120,790000,
42,d120,120,800000,0.037300001829862595
42,d120,120,810000,
42,d120,120,820000,
42,d120,120,830000,
42,d120,120,840000,
42,d120,120,850000,
42,d120,120,860000,
42,d120,120,870000,
42,d120,120,880000,
42,d120,120,890000,
42,d120,120,900000,0.043299999088048935
42,d120,120,910000,
42,d120,120,920000,
42,d120,120,930000,
42,d120,120,940000,
42,d120,120,950000,
42,d120,120,960000,
42,d120,120,970000,
42,d120,120,980000,
42,d120,120,990000,
42,d120,120,1000000,0.04830000177025795
42,d120,120,1010000,
42,d120,120,1020000,
42,d120,120,1030000,
42,d120,120,1040000,
42,d120,120,1050000,
42,d120,120,1060000,
42,d120,120,1070000,
42,d120,120,1080000,
42,d120,120,1090000,
42,d120,120,1100000,0.061400000005960464
42,d120,120,1110000,
42,d120,120,1120000,
42,d120,120,1130000,
42,d120,120,1140000,
42,d120,120,1150000,
42,d120,120,1160000,
42,d120,120,1170000,
42,d120,120,1180000,
42,d120,120,1190000,
42,d120,120,1200000,0.06710000336170197
42,d120,120,1210000,
42,d120,120,1220000,
42,d120,120,1230000,
42,d120,120,1240000,
42,d120,120,1250000,
42,d120,120,1260000,
42,d120,120,1270000,
42,d120,120,1280000,
42,d120,120,1290000,
42,d120,120,1300000,0.07919999957084656
42,d120,120,1310000,
42,d120,120,1320000,
42,d120,120,1330000,
42,d120,120,1340000,
42,d120,120,1350000,
42,d120,120,1360000,
42,d120,120,1370000,
42,d120,120,1380000,
42,d120,120,1390000,
42,d120,120,1400000,0.08560000360012054
42,d120,120,1410000,
42,d120,120,1420000,
42,d120,120,1430000,
42,d120,120,1440000,
42,d120,120,1450000,
42,d120,120,1460000,
42,d120,120,1470000,
42,d120,120,1480000,
42,d120,120,1490000,
42,d120,120,1500000,0.10409999638795853
42,d120,120,1510000,
42,d120,120,1520000,
42,d120,120,1530000,
42,d120,120,1540000,
42,d120,120,1550000,
42,d120,120,1560000,
42,d120,120,1570000,
42,d120,120,1580000,
42,d120,120,1590000,
42,d120,120,1600000,0.14499999582767487
42,d120,120,1610000,
42,d120,120,1620000,
42,d120,120,1630000,
42,d120,120,1640000,
42,d120,120,1650000,
42,d120,120,1660000,
42,d120,120,1670000,
42,d120,120,1680000,
42,d120,120,1690000,
42,d120,120,1700000,0.14839999377727509
42,d120,120,1710000,
42,d120,120,1720000,
42,d120,120,1730000,
42,d120,120,1740000,
42,d120,120,1750000,
42,d120,120,1760000,
42,d120,120,1770000,
42,d120,120,1780000,
42,d120,120,1790000,
42,d120,120,1800000,0.18219999969005585
42,d120,120,1810000,
42,d120,120,1820000,
42,d120,120,1830000,
42,d120,120,1840000,
42,d120,120,1850000,
42,d120,120,1860000,
42,d120,120,1870000,
42,d120,120,1880000,
42,d120,120,1890000,
42,d120,120,1900000,0.2125999927520752
42,d120,120,1910000,
42,d120,120,1920000,
42,d120,120,1930000,
42,d120,120,1940000,
42,d120,120,1950000,
42,d120,120,1960000,
42,d120,120,1970000,
42,d120,120,1980000,
42,d120,120,1990000,
42,d120,120,2000000,0.2304999977350235
42,d120,120,2010000,
42,d120,120,2020000,
42,d120,120,2030000,
42,d120,120,2040000,
42,d120,120,2050000,
42,d120,120,2060000,
42,d120,120,2070000,
42,d120,120,2080000,
42,d120,120,2090000,
42,d120,120,2100000,0.24690000712871552
42,d120,120,2110000,
42,d120,120,2120000,
42,d120,120,2130000,
42,d120,120,2140000,
42,d120,120,2150000,
42,d120,120,2160000,
42,d120,120,2170000,
42,d120,120,2180000,
42,d120,120,2190000,
42,d120,120,2200000,0.2793000042438507
42,d120,120,2210000,
42,d120,120,2220000,
42,d120,120,2230000,
42,d120,120,2240000,
42,d120,120,2250000,
42,d120,120,2260000,
42,d120,120,2270000,
42,d120,120,2280000,
42,d120,120,2290000,
42,d120,120,2300000,0.2888999879360199
42,d120,120,2310000,
42,d120,120,2320000,
42,d120,120,2330000,
42,d120,120,2340000,
42,d120,120,2350000,
42,d120,120,2360000,
42,d120,120,2370000,
42,d120,120,2380000,
42,d120,120,2390000,
42,d120,120,2400000,0.3278999924659729
42,d120,120,2410000,
42,d120,120,2420000,
42,d120,120,2430000,
42,d120,120,2440000,
42,d120,120,2450000,
42,d120,120,2460000,
42,d120,120,2470000,
42,d120,120,2480000,
42,d120,120,2490000,
42,d120,120,2500000,0.3278000056743622
42,d120,120,2510000,
42,d120,120,2520000,
42,d120,120,2530000,
42,d120,120,2540000,
42,d120,120,2550000,
42,d120,120,2560000,
42,d120,120,2570000,
42,d120,120,2580000,
42,d120,120,2590000,
42,d120,120,2600000,0.36739999055862427
42,d120,120,2610000,
42,d120,120,2620000,
42,d120,120,2630000,
42,d120,120,2640000,
42,d120,120,2650000,
42,d120,120,2660000,
42,d120,120,2670000,
42,d120,120,2680000,
42,d120,120,2690000,
42,d120,120,2700000,0.37880000472068787
42,d120,120,2710000,
42,d120,120,2720000,
42,d120,120,2730000,
42,d120,120,2740000,
42,d120,120,2750000,
42,d120,120,2760000,
42,d120,120,2770000,
42,d120,120,2780000,
42,d120,120,2790000,
42,d120,120,2800000,0.40779998898506165
42,d120,120,2810000,
42,d120,120,2820000,
42,d120,120,2830000,
42,d120,120,2840000,
42,d120,120,2850000,
42,d120,120,2860000,
42,d120,120,2870000,
42,d120,120,2880000,
42,d120,120,2890000,
42,d120,120,2900000,0.4000999927520752
42,d120,120,2910000,
42,d120,120,2920000,
42,d120,120,2930000,
42,d120,120,2940000,
42,d120,120,2950000,
42,d120,120,2960000,
42,d120,120,2970000,
42,d120,120,2980000,
42,d120,120,2990000,
42,d120,120,3000000,0.4147000014781952
42,d120,120,3010000,
42,d120,120,3020000,
42,d120,120,3030000,
42,d120,120,3040000,
42,d120,120,3050000,
42,d120,120,3060000,
42,d120,120,3070000,
42,d120,120,3080000,
42,d120,120,3090000,
42,d120,120,3100000,0.4431999921798706
42,d120,120,3110000,
42,d120,120,3120000,
42,d120,120,3130000,
42,d120,120,3140000,
42,d120,120,3150000,
42,d120,120,3160000,
42,d120,120,3170000,
42,d120,120,3180000,
42,d120,120,3190000,
42,d120,120,3200000,0.44920000433921814
42,d120,120,3210000,
42,d120,120,3220000,
42,d120,120,3230000,
42,d120,120,3240000,
42,d120,120,3250000,
42,d120,120,3260000,
42,d120,120,3270000,
42,d120,120,3280000,
42,d120,120,3290000,
42,d120,120,3300000,0.45719999074935913
42,d120,120,3310000,
42,d120,120,3320000,
42,d120,120,3330000,
42,d120,120,3340000,
42,d120,120,3350000,
42,d120,120,3360000,
42,d120,120,3370000,
42,d120,120,3380000,
42,d120,120,3390000,
42,d120,120,3400000,0.4803999960422516
42,d120,120,3410000,
42,d120,120,3420000,
42,d120,120,3430000,
42,d120,120,3440000,
42,d120,120,3450000,
42,d120,120,3460000,
42,d120,120,3470000,
42,d120,120,3480000,
42,d120,120,3490000,
42,d120,120,3500000,0.4819999933242798
42,d120,120,3510000,
42,d120,120,3520000,
42,d120,120,3530000,
42,d120,120,3540000,
42,d120,120,3550000,
42,d120,120,3560000,
42,d120,120,3570000,
42,d120,120,3580000,
42,d120,120,3590000,
42,d120,120,3600000,0.5026000142097473
42,d120,120,3610000,
42,d120,120,3620000,
42,d120,120,3630000,
42,d120,120,3640000,
42,d120,120,3650000,
42,d120,120,3660000,
42,d120,120,3670000,
42,d120,120,3680000,
42,d120,120,3690000,
42,d120,120,3700000,0.5105999708175659
42,d120,120,3710000,
42,d120,120,3720000,
42,d120,120,3730000,
42,d120,120,3740000,
42,d120,120,3750000,
42,d120,120,3760000,
42,d120,120,3770000,
42,d120,120,3780000,
42,d120,120,3790000,
42,d120,120,3800000,0.5138000249862671
42,d120,120,3810000,
42,d120,120,3820000,
42,d120,120,3830000,
42,d120,120,3840000,
42,d120,120,3850000,
42,d120,120,3860000,
42,d120,120,3870000,
42,d120,120,3880000,
42,d120,120,3890000,
42,d120,120,3900000,0.5271999835968018
42,d120,120,3910000,
42,d120,120,3920000,
42,d120,120,3930000,
42,d120,120,3940000,
42,d120,120,3950000,
42,d120,120,3960000,
42,d120,120,3970000,
42,d120,120,3980000,
42,d120,120,3990000,
42,d120,120,4000000,0.545199990272522
42,d120,120,4010000,
42,d120,120,4020000,
42,d120,120,4030000,
42,d120,120,4040000,
42,d120,120,4050000,
42,d120,120,4060000,
42,d120,120,4070000,
42,d120,120,4080000,
42,d120,120,4090000,
42,d120,120,4100000,0.5480999946594238
42,d120,120,4110000,
42,d120,120,4120000,
42,d120,120,4130000,
42,d120,120,4140000,
42,d120,120,4150000,
42,d120,120,4160000,
42,d120,120,4170000,
42,d120,120,4180000,
42,d120,120,4190000,
42,d120,120,4200000,0.5501000285148621
42,d120,120,4210000,
42,d120,120,4220000,
42,d120,120,4230000,
42,d120,120,4240000,
42,d120,120,4250000,
42,d120,120,4260000,
42,d120,120,4270000,
42,d120,120,4280000,
42,d120,120,4290000,
42,d120,120,4300000,0.5572999715805054
42,d120,120,4310000,
42,d120,120,4320000,
42,d120,120,4330000,
42,d120,120,4340000,
42,d120,120,4350000,
42,d120,120,4360000,
42,d120,120,4370000,
42,d120,120,4380000,
42,d120,120,4390000,
42,d120,120,4400000,0.5781000256538391
42,d120,120,4410000,
42,d120,120,4420000,
42,d120,120,4430000,
42,d120,120,4440000,
42,d120,120,4450000,
42,d120,120,4460000,
42,d120,120,4470000,
42,d120,120,4480000,
42,d120,120,4490000,
42,d120,120,4500000,0.5703999996185303
42,d120,120,4510000,
42,d120,120,4520000,
42,d120,120,4530000,
42,d120,120,4540000,
42,d120,120,4550000,
42,d120,120,4560000,
42,d120,120,4570000,
42,d120,120,4580000,
42,d120,120,4590000,
42,d120,120,4600000,0.5713000297546387
42,d120,120,4610000,
42,d120,120,4620000,
42,d120,120,4630000,
42,d120,120,4640000,
42,d120,120,4650000,
42,d120,120,4660000,
42,d120,120,4670000,
42,d120,120,4680000,
42,d120,120,4690000,
42,d120,120,4700000,0.5853000283241272
42,d120,120,4710000,
42,d120,120,4720000,
42,d120,120,4730000,
42,d120,120,4740000,
42,d120,120,4750000,
42,d120,120,4760000,
42,d120,120,4770000,
42,d120,120,4780000,
42,d120,120,4790000,
42,d120,120,4800000,0.5952000021934509
42,d120,120,4810000,
42,d120,120,4820000,
42,d120,120,4830000,
42,d120,120,4840000,
42,d120,120,4850000,
42,d120,120,4860000,
42,d120,120,4870000,
42,d120,120,4880000,
42,d120,120,4890000,
42,d120,120,4900000,0.5821999907493591
42,d120,120,4910000,
42,d120,120,4920000,
42,d120,120,4930000,
42,d120,120,4940000,
42,d120,120,4950000,
42,d120,120,4960000,
42,d120,120,4970000,
42,d120,120,4980000,
42,d120,120,4990000,
42,d120,120,5000000,0.6085000038146973
43,d120,120,1,0.0
43,d120,120,10000,
43,d120,120,20000,
43,d120,120,30000,
43,d120,120,40000,
43,d120,120,50000,
43,d120,120,60000,
43,d120,120,70000,
43,d120,120,80000,
43,d120,120,90000,
43,d120,120,100000,0.0
43,d120,120,110000,
43,d120,120,120000,
43,d120,120,130000,
43,d120,120,140000,
43,d120,120,150000,
43,d120,120,160000,
43,d120,120,170000,
43,d120,120,180000,
43,d120,120,190000,
43,d120,120,200000,0.002099999925121665
43,d120,120,210000,
43,d120,120,220000,
43,d120,120,230000,
43,d120,120,240000,
43,d120,120,250000,
43,d120,120,260000,
43,d120,120,270000,
43,d120,120,280000,
43,d120,120,290000,
43,d120,120,300000,0.004000000189989805
43,d120,120,310000,
43,d120,120,320000,
43,d120,120,330000,
43,d120,120,340000,
43,d120,120,350000,
43,d120,120,360000,
43,d120,120,370000,
43,d120,120,380000,
43,d120,120,390000,
43,d120,120,400000,0.009700000286102295
43,d120,120,410000,
43,d120,120,420000,
43,d120,120,430000,
43,d120,120,440000,
43,d120,120,450000,
43,d120,120,460000,
43,d120,120,470000,
43,d120,120,480000,
43,d120,120,490000,
43,d120,120,500000,0.015200000256299973
43,d120,120,510000,
43,d120,120,520000,
43,d120,120,530000,
43,d120,120,540000,
43,d120,120,550000,
43,d120,120,560000,
43,d120,120,570000,
43,d120,120,580000,
43,d120,120,590000,
43,d120,120,600000,0.020099999383091927
43,d120,120,610000,
43,d120,120,620000,
43,d120,120,630000,
43,d120,120,640000,
43,d120,120,650000,
43,d120,120,660000,
43,d120,120,670000,
43,d120,120,680000,
43,d120,120,690000,
43,d120,120,700000,0.030899999663233757
43,d120,120,710000,
43,d120,120,720000,
43,d120,120,730000,
43,d120,120,740000,
43,d120,120,750000,
43,d120,120,760000,
43,d120,120,770000,
43,d120,120,780000,
43,d120,120,790000,
43,d120,120,800000,0.03680000081658363
43,d120,120,810000,
43,d120,120,820000,
43,d120,120,830000,
43,d120,120,840000,
43,d120,120,850000,
43,d120,120,860000,
43,d120,120,870000,
43,d120,120,880000,
43,d120,120,890000,
43,d120,120,900000,0.04129999876022339
43,d120,120,910000,
43,d120,120,920000,
43,d120,120,930000,
43,d120,120,940000,
43,d120,120,950000,
43,d120,120,960000,
43,d120,120,970000,
43,d120,120,980000,
43,d120,120,990000,
43,d120,120,1000000,0.05249999836087227
43,d120,120,1010000,
43,d120,120,1020000,
43,d120,120,1030000,
43,d120,120,1040000,
43,d120,120,1050000,
43,d120,120,1060000,
43,d120,120,1070000,
43,d120,120,1080000,
43,d120,120,1090000,
43,d120,120,1100000,0.05609999969601631
43,d120,120,1110000,
43,d120,120,1120000,
43,d120,120,1130000,
43,d120,120,1140000,
43,d120,120,1150000,
43,d120,120,1160000,
43,d120,120,1170000,
43,d120,120,1180000,
43,d120,120,1190000,
43,d120,120,1200000,0.06669999659061432
43,d120,120,1210000,
43,d120,120,1220000,
43,d120,120,1230000,
43,d120,120,1240000,
43,d120,120,1250000,
43,d120,120,1260000,
43,d120,120,1270000,
43,d120,120,1280000,
43,d120,120,1290000,
43,d120,120,1300000,0.07859999686479568
43,d120,120,1310000,
43,d120,120,1320000,
43,d120,120,1330000,
43,d120,120,1340000,
43,d120,120,1350000,
43,d120,120,1360000,
43,d120,120,1370000,
43,d120,120,1380000,
43,d120,120,1390000,
43,d120,120,1400000,0.09319999814033508
43,d120,120,1410000,
43,d120,120,1420000,
43,d120,120,1430000,
43,d120,120,1440000,
43,d120,120,1450000,
43,d120,120,1460000,
43,d120,120,1470000,
43,d120,120,1480000,
43,d120,120,1490000,
43,d120,120,1500000,0.11249999701976776
43,d120,120,1510000,
43,d120,120,1520000,
43,d120,120,1530000,
43,d120,120,1540000,
43,d120,120,1550000,
43,d120,120,1560000,
43,d120,120,1570000,
43,d120,120,1580000,
43,d120,120,1590000,
43,d120,120,1600000,0.12439999729394913
43,d120,120,1610000,
43,d120,120,1620000,
43,d120,120,1630000,
43,d120,120,1640000,
43,d120,120,1650000,
43,d120,120,1660000,
43,d120,120,1670000,
43,d120,120,1680000,
43,d120,120,1690000,
43,d120,120,1700000,0.15719999372959137
43,d120,120,1710000,
43,d120,120,1720000,
43,d120,120,1730000,
43,d120,120,1740000,
43,d120,120,1750000,
43,d120,120,1760000,
43,d120,120,1770000,
43,d120,120,1780000,
43,d120,120,1790000,
43,d120,120,1800000,0.18080000579357147
43,d120,120,1810000,
43,d120,120,1820000,
43,d120,120,1830000,
43,d120,120,1840000,
43,d120,120,1850000,
43,d120,120,1860000,
43,d120,120,1870000,
43,d120,120,1880000,
43,d120,120,1890000,
43,d120,120,1900000,0.1949000060558319
43,d120,120,1910000,
43,d120,120,1920000,
43,d120,120,1930000,
43,d120,120,1940000,
43,d120,120,1950000,
43,d120,120,1960000,
43,d120,120,1970000,
43,d120,120,1980000,
43,d120,120,1990000,
43,d120,120,2000000,0.23659999668598175
43,d120,120,2010000,
43,d120,120,2020000,
43,d120,120,2030000,
43,d120,120,2040000,
43,d120,120,2050000,
43,d120,120,2060000,
43,d120,120,2070000,
43,d120,120,2080000,
43,d120,120,2090000,
43,d120,120,2100000,0.2583000063896179
43,d120,120,2110000,
43,d120,120,2120000,
43,d120,120,2130000,
43,d120,120,2140000,
43,d120,120,2150000,
43,d120,120,2160000,
43,d120,120,2170000,
43,d120,120,2180000,
43,d120,120,2190000,
43,d120,120,2200000,0.27790001034736633
43,d120,120,2210000,
43,d120,120,2220000,
43,d120,120,2230000,
43,d120,120,2240000,
43,d120,120,2250000,
43,d120,120,2260000,
43,d120,120,2270000,
43,d120,120,2280000,
43,d120,120,2290000,
43,d120,120,2300000,0.3043999969959259
43,d120,120,2310000,
43,d120,120,2320000,
43,d120,120,2330000,
43,d120,120,2340000,
43,d120,120,2350000,
43,d120,120,2360000,
43,d120,120,2370000,
43,d120,120,2380000,
43,d120,120,2390000,
43,d120,120,2400000,0.31630000472068787
43,d120,120,2410000,
43,d120,120,2420000,
43,d120,120,2430000,
43,d120,120,2440000,
43,d120,120,2450000,
43,d120,120,2460000,
43,d120,120,2470000,
43,d120,120,2480000,
43,d120,120,2490000,
43,d120,120,2500000,0.3249000012874603
43,d120,120,2510000,
43,d120,120,2520000,
43,d120,120,2530000,
43,d120,120,2540000,
43,d120,120,2550000,
43,d120,120,2560000,
43,d120,120,2570000,
43,d120,120,2580000,
43,d120,120,2590000,
43,d120,120,2600000,0.37130001187324524
43,d120,120,2610000,
43,d120,120,2620000,
43,d120,120,2630000,
43,d120,120,2640000,
43,d120,120,2650000,
43,d120,120,2660000,
43,d120,120,2670000,
43,d120,120,2680000,
43,d120,120,2690000,
43,d120,120,2700000,0.3878999948501587
43,d120,120,2710000,
43,d120,120,2720000,
43,d120,120,2730000,
43,d120,120,2740000,
43,d120,120,2750000,
43,d120,120,2760000,
43,d120,120,2770000,
43,d120,120,2780000,
43,d120,120,2790000,
43,d120,120,2800000,0.40529999136924744
43,d120,120,2810000,
43,d120,120,2820000,
43,d120,120,2830000,
43,d120,120,2840000,
43,d120,120,2850000,
43,d120,120,2860000,
43,d120,120,2870000,
43,d120,120,2880000,
43,d120,120,2890000,
43,d120,120,2900000,0.41690000891685486
43,d120,120,2910000,
43,d120,120,2920000,
43,d120,120,2930000,
43,d120,120,2940000,
43,d120,120,2950000,
43,d120,120,2960000,
43,d120,120,2970000,
43,d120,120,2980000,
43,d120,120,2990000,
43,d120,120,3000000,0.42410001158714294
43,d120,120,3010000,
43,d120,120,3020000,
43,d120,120,3030000,
43,d120,120,3040000,
43,d120,120,3050000,
43,d120,120,3060000,
43,d120,120,3070000,
43,d120,120,3080000,
43,d120,120,3090000,
43,d120,120,3100000,0.42010000348091125
43,d120,120,3110000,
43,d120,120,3120000,
43,d120,120,3130000,
43,d120,120,3140000,
43,d120,120,3150000,
43,d120,120,3160000,
43,d120,120,3170000,
43,d120,120,3180000,
43,d120,120,3190000,
43,d120,120,3200000,0.44769999384880066
43,d120,120,3210000,
43,d120,120,3220000,
43,d120,120,3230000,
43,d120,120,3240000,
43,d120,120,3250000,
43,d120,120,3260000,
43,d120,120,3270000,
43,d120,120,3280000,
43,d120,120,3290000,
43,d120,120,3300000,0.4652999937534332
43,d120,120,3310000,
43,d120,120,3320000,
43,d120,120,3330000,
43,d120,120,3340000,
43,d120,120,3350000,
43,d120,120,3360000,
43,d120,120,3370000,
43,d120,120,3380000,
43,d120,120,3390000,
43,d120,120,3400000,0.46129998564720154
43,d120,120,3410000,
43,d120,120,3420000,
43,d120,120,3430000,
43,d120,120,3440000,
43,d120,120,3450000,
43,d120,120,3460000,
43,d120,120,3470000,
43,d120,120,3480000,
43,d120,120,3490000,
43,d120,120,3500000,0.48489999771118164
43,d120,120,3510000,
43,d120,120,3520000,
43,d120,120,3530000,
43,d120,120,3540000,
43,d120,120,3550000,
43,d120,120,3560000,
43,d120,120,3570000,
43,d120,120,3580000,
43,d120,120,3590000,
43,d120,120,3600000,0.4918000102043152
43,d120,120,3610000,
43,d120,120,3620000,
43,d120,120,3630000,
43,d120,120,3640000,
43,d120,120,3650000,
43,d120,120,3660000,
43,d120,120,3670000,
43,d120,120,3680000,
43,d120,120,3690000,
43,d120,120,3700000,0.5094000101089478
43,d120,120,3710000,
43,d120,120,3720000,
43,d120,120,3730000,
43,d120,120,3740000,
43,d120,120,3750000,
43,d120,120,3760000,
43,d120,120,3770000,
43,d120,120,3780000,
43,d120,120,3790000,
43,d120,120,3800000,0.5139999985694885
43,d120,120,3810000,
43,d120,120,3820000,
43,d120,120,3830000,
43,d120,120,3840000,
43,d120,120,3850000,
43,d120,120,3860000,
43,d120,120,3870000,
43,d120,120,3880000,
43,d120,120,3890000,
43,d120,120,3900000,0.5382999777793884
43,d120,120,3910000,
43,d120,120,3920000,
43,d120,120,3930000,
43,d120,120,3940000,
43,d120,120,3950000,
43,d120,120,3960000,
43,d120,120,3970000,
43,d120,120,3980000,
43,d120,120,3990000,
43,d120,120,4000000,0.515999972820282
43,d120,120,4010000,
43,d120,120,4020000,
43,d120,120,4030000,
43,d120,120,4040000,
43,d120,120,4050000,
43,d120,120,4060000,
43,d120,120,4070000,
43,d120,120,4080000,
43,d120,120,4090000,
43,d120,120,4100000,0.5435000061988831
43,d120,120,4110000,
43,d120,120,4120000,
43,d120,120,4130000,
43,d120,120,4140000,
43,d120,120,4150000,
43,d120,120,4160000,
43,d120,120,4170000,
43,d120,120,4180000,
43,d120,120,4190000,
43,d120,120,4200000,0.5728999972343445
43,d120,120,4210000,
43,d120,120,4220000,
43,d120,120,4230000,
43,d120,120,4240000,
43,d120,120,4250000,
43,d120,120,4260000,
43,d120,120,4270000,
43,d120,120,4280000,
43,d120,120,4290000,
43,d120,120,4300000,0.57669997215271
43,d120,120,4310000,
43,d120,120,4320000,
43,d120,120,4330000,
43,d120,120,4340000,
43,d120,120,4350000,
43,d120,120,4360000,
43,d120,120,4370000,
43,d120,120,4380000,
43,d120,120,4390000,
43,d120,120,4400000,0.565500020980835
43,d120,120,4410000,
43,d120,120,4420000,
43,d120,120,4430000,
43,d120,120,4440000,
43,d120,120,4450000,
43,d120,120,4460000,
43,d120,120,4470000,
43,d120,120,4480000,
43,d120,120,4490000,
43,d120,120,4500000,0.5591999888420105
43,d120,120,4510000,
43,d120,120,4520000,
43,d120,120,4530000,
43,d120,120,4540000,
43,d120,120,4550000,
43,d120,120,4560000,
43,d120,120,4570000,
43,d120,120,4580000,
43,d120,120,4590000,
43,d120,120,4600000,0.5774000287055969
43,d120,120,4610000,
43,d120,120,4620000,
43,d120,120,4630000,
43,d120,120,4640000,
43,d120,120,4650000,
43,d120,120,4660000,
43,d120,120,4670000,
43,d120,120,4680000,
43,d120,120,4690000,
43,d120,120,4700000,0.5992000102996826
43,d120,120,4710000,
43,d120,120,4720000,
43,d120,120,4730000,
43,d120,120,4740000,
43,d120,120,4750000,
43,d120,120,4760000,
43,d120,120,4770000,
43,d120,120,4780000,
43,d120,120,4790000,
43,d120,120,4800000,0.5842000246047974
43,d120,120,4810000,
43,d120,120,4820000,
43,d120,120,4830000,
43,d120,120,4840000,
43,d120,120,4850000,
43,d120,120,4860000,
43,d120,120,4870000,
43,d120,120,4880000,
43,d120,120,4890000,
43,d120,120,4900000,0.578000009059906
43,d120,120,4910000,
43,d120,120,4920000,
43,d120,120,4930000,
43,d120,120,4940000,
43,d120,120,4950000,
43,d120,120,4960000,
43,d120,120,4970000,
43,d120,120,4980000,
43,d120,120,4990000,
43,d120,120,5000000,0.5859000086784363
44,d120,120,1,0.0
44,d120,120,10000,
44,d120,120,20000,
44,d120,120,30000,
44,d120,120,40000,
44,d120,120,50000,
44,d120,120,60000,
44,d120,120,70000,
44,d120,120,80000,
44,d120,120,90000,
44,d120,120,100000,0.0
44,d120,120,110000,
44,d120,120,120000,
44,d120,120,130000,
44,d120,120,140000,
44,d120,120,150000,
44,d120,120,160000,
44,d120,120,170000,
44,d120,120,180000,
44,d120,120,190000,
44,d120,120,200000,0.0010000000474974513
44,d120,120,210000,
44,d120,120,220000,
44,d120,120,230000,
44,d120,120,240000,
44,d120,120,250000,
44,d120,120,260000,
44,d120,120,270000,
44,d120,120,280000,
44,d120,120,290000,
44,d120,120,300000,0.0035000001080334187
44,d120,120,310000,
44,d120,120,320000,
44,d120,120,330000,
44,d120,120,340000,
44,d120,120,350000,
44,d120,120,360000,
44,d120,120,370000,
44,d120,120,380000,
44,d120,120,390000,
44,d120,120,400000,0.00989999994635582
44,d120,120,410000,
44,d120,120,420000,
44,d120,120,430000,
44,d120,120,440000,
44,d120,120,450000,
44,d120,120,460000,
44,d120,120,470000,
44,d120,120,480000,
44,d120,120,490000,
44,d120,120,500000,0.0142000000923872
44,d120,120,510000,
44,d120,120,520000,
44,d120,120,530000,
44,d120,120,540000,
44,d120,120,550000,
44,d120,120,560000,
44,d120,120,570000,
44,d120,120,580000,
44,d120,120,590000,
44,d120,120,600000,0.01899999938905239
44,d120,120,610000,
44,d120,120,620000,
44,d120,120,630000,
44,d120,120,640000,
44,d120,120,650000,
44,d120,120,660000,
44,d120,120,670000,
44,d120,120,680000,
44,d120,120,690000,
44,d120,120,700000,0.02810000069439411
44,d120,120,710000,
44,d120,120,720000,
44,d120,120,730000,
44,d120,120,740000,
44,d120,120,750000,
44,d120,120,760000,
44,d120,120,770000,
44,d120,120,780000,
44,d120,120,790000,
44,d120,120,800000,0.034299999475479126
44,d120,120,810000,
44,d120,120,820000,
44,d120,120,830000,
44,d120,120,840000,
44,d120,120,850000,
44,d120,120,860000,
44,d120,120,870000,
44,d120,120,880000,
44,d120,120,890000,
44,d120,120,900000,0.05139999836683273
44,d120,120,910000,
44,d120,120,920000,
44,d120,120,930000,
44,d120,120,940000,
44,d120,120,950000,
44,d120,120,960000,
44,d120,120,970000,
44,d120,120,980000,
44,d120,120,990000,
44,d120,120,1000000,0.05909999832510948
44,d120,120,1010000,
44,d120,120,1020000,
44,d120,120,1030000,
44,d120,120,1040000,
44,d120,120,1050000,
44,d120,120,1060000,
44,d120,120,1070000,
44,d120,120,1080000,
44,d120,120,1090000,
44,d120,120,1100000,0.05909999832510948
44,d120,120,1110000,
44,d120,120,1120000,
44,d120,120,1130000,
44,d120,120,1140000,
44,d120,120,1150000,
44,d120,120,1160000,
44,d120,120,1170000,
44,d120,120,1180000,
44,d120,120,1190000,
44,d120,120,1200000,0.0885000005364418
44,d120,120,1210000,
44,d120,120,1220000,
44,d120,120,1230000,
44,d120,120,1240000,
44,d120,120,1250000,
44,d120,120,1260000,
44,d120,120,1270000,
44,d120,120,1280000,
44,d120,120,1290000,
44,d120,120,1300000,0.10930000245571136
44,d120,120,1310000,
44,d120,120,1320000,
44,d120,120,1330000,
44,d120,120,1340000,
44,d120,120,1350000,
44,d120,120,1360000,
44,d120,120,1370000,
44,d120,120,1380000,
44,d120,120,1390000,
44,d120,120,1400000,0.1265999972820282
44,d120,120,1410000,
44,d120,120,1420000,
44,d120,120,1430000,
44,d120,120,1440000,
44,d120,120,1450000,
44,d120,120,1460000,
44,d120,120,1470000,
44,d120,120,1480000,
44,d120,120,1490000,
44,d120,120,1500000,0.16830000281333923
44,d120,120,1510000,
44,d120,120,1520000,
44,d120,120,1530000,
44,d120,120,1540000,
44,d120,120,1550000,
44,d120,120,1560000,
44,d120,120,1570000,
44,d120,120,1580000,
44,d120,120,1590000,
44,d120,120,1600000,0.19359999895095825
44,d120,120,1610000,
44,d120,120,1620000,
44,d120,120,1630000,
44,d120,120,1640000,
44,d120,120,1650000,
44,d120,120,1660000,
44,d120,120,1670000,
44,d120,120,1680000,
44,d120,120,1690000,
44,d120,120,1700000,0.21070000529289246
44,d120,120,1710000,
44,d120,120,1720000,
44,d120,120,1730000,
44,d120,120,1740000,
44,d120,120,1750000,
44,d120,120,1760000,
44,d120,120,1770000,
44,d120,120,1780000,
44,d120,120,1790000,
44,d120,120,1800000,0.22360000014305115
44,d120,120,1810000,
44,d120,120,1820000,
44,d120,120,1830000,
44,d120,120,1840000,
44,d120,120,1850000,
44,d120,120,1860000,
44,d120,120,1870000,
44,d120,120,1880000,
44,d120,120,1890000,
44,d120,120,1900000,0.25609999895095825
44,d120,120,1910000,
44,d120,120,1920000,
44,d120,120,1930000,
44,d120,120,1940000,
44,d120,120,1950000,
44,d120,120,1960000,
44,d120,120,1970000,
44,d120,120,1980000,
44,d120,120,1990000,
44,d120,120,2000000,0.2797999978065491
44,d120,120,2010000,
44,d120,120,2020000,
44,d120,120,2030000,
44,d120,120,2040000,
44,d120,120,2050000,
44,d120,120,2060000,
44,d120,120,2070000,
44,d120,120,2080000,
44,d120,120,2090000,
44,d120,120,2100000,0.30399999022483826
44,d120,120,2110000,
44,d120,120,2120000,
44,d120,120,2130000,
44,d120,120,2140000,
44,d120,120,2150000,
44,d120,120,2160000,
44,d120,120,2170000,
44,d120,120,2180000,
44,d120,120,2190000,
44,d120,120,2200000,0.31790000200271606
44,d120,120,2210000,
44,d120,120,2220000,
44,d120,120,2230000,
44,d120,120,2240000,
44,d120,120,2250000,
44,d120,120,2260000,
44,d120,120,2270000,
44,d120,120,2280000,
44,d120,120,2290000,
44,d120,120,2300000,0.3447999954223633
44,d120,120,2310000,
44,d120,120,2320000,
44,d120,120,2330000,
44,d120,120,2340000,
44,d120,120,2350000,
44,d120,120,2360000,
44,d120,120,2370000,
44,d120,120,2380000,
44,d120,120,2390000,
44,d120,120,2400000,0.3587000072002411
44,d120,120,2410000,
44,d120,120,2420000,
44,d120,120,2430000,
44,d120,120,2440000,
44,d120,120,2450000,
44,d120,120,2460000,
44,d120,120,2470000,
44,d120,120,2480000,
44,d120,120,2490000,
44,d120,120,2500000,0.3783000111579895
44,d120,120,2510000,
44,d120,120,2520000,
44,d120,120,2530000,
44,d120,120,2540000,
44,d120,120,2550000,
44,d120,120,2560000,
44,d120,120,2570000,
44,d120,120,2580000,
44,d120,120,2590000,
44,d120,120,2600000,0.39879998564720154
44,d120,120,2610000,
44,d120,120,2620000,
44,d120,120,2630000,
44,d120,120,2640000,
44,d120,120,2650000,
44,d120,120,2660000,
44,d120,120,2670000,
44,d120,120,2680000,
44,d120,120,2690000,
44,d120,120,2700000,0.4284000098705292
44,d120,120,2710000,
44,d120,120,2720000,
44,d120,120,2730000,
44,d120,120,2740000,
44,d120,120,2750000,
44,d120,120,2760000,
44,d120,120,2770000,
44,d120,120,2780000,
44,d120,120,2790000,
44,d120,120,2800000,0.42829999327659607
44,d120,120,2810000,
44,d120,120,2820000,
44,d120,120,2830000,
44,d120,120,2840000,
44,d120,120,2850000,
44,d120,120,2860000,
44,d120,120,2870000,
44,d120,120,2880000,
44,d120,120,2890000,
44,d120,120,2900000,0.4345000088214874
44,d120,120,2910000,
44,d120,120,2920000,
44,d120,120,2930000,
44,d120,120,2940000,
44,d120,120,2950000,
44,d120,120,2960000,
44,d120,120,2970000,
44,d120,120,2980000,
44,d120,120,2990000,
44,d120,120,3000000,0.43689998984336853
44,d120,120,3010000,
44,d120,120,3020000,
44,d120,120,3030000,
44,d120,120,3040000,
44,d120,120,3050000,
44,d120,120,3060000,
44,d120,120,3070000,
44,d120,120,3080000,
44,d120,120,3090000,
44,d120,120,3100000,0.4772999882698059
44,d120,120,3110000,
44,d120,120,3120000,
44,d120,120,3130000,
44,d120,120,3140000,
44,d120,120,3150000,
44,d120,120,3160000,
44,d120,120,3170000,
44,d120,120,3180000,
44,d120,120,3190000,
44,d120,120,3200000,0.47200000286102295
44,d120,120,3210000,
44,d120,120,3220000,
44,d120,120,3230000,
44,d120,120,3240000,
44,d120,120,3250000,
44,d120,120,3260000,
44,d120,120,3270000,
44,d120,120,3280000,
44,d120,120,3290000,
44,d120,120,3300000,0.4763000011444092
44,d120,120,3310000,
44,d120,120,3320000,
44,d120,120,3330000,
44,d120,120,3340000,
44,d120,120,3350000,
44,d120,120,3360000,
44,d120,120,3370000,
44,d120,120,3380000,
44,d120,120,3390000,
44,d120,120,3400000,0.48410001397132874
44,d120,120,3410000,
44,d120,120,3420000,
44,d120,120,3430000,
44,d120,120,3440000,
44,d120,120,3450000,
44,d120,120,3460000,
44,d120,120,3470000,
44,d120,120,3480000,
44,d120,120,3490000,
44,d120,120,3500000,0.5108000040054321
44,d120,120,3510000,
44,d120,120,3520000,
44,d120,120,3530000,
44,d120,120,3540000,
44,d120,120,3550000,
44,d120,120,3560000,
44,d120,120,3570000,
44,d120,120,3580000,
44,d120,120,3590000,
44,d120,120,3600000,0.5281000137329102
44,d120,120,3610000,
44,d120,120,3620000,
44,d120,120,3630000,
44,d120,120,3640000,
44,d120,120,3650000,
44,d120,120,3660000,
44,d120,120,3670000,
44,d120,120,3680000,
44,d120,120,3690000,
44,d120,120,3700000,0.5148000121116638
44,d120,120,3710000,
44,d120,120,3720000,
44,d120,120,3730000,
44,d120,120,3740000,
44,d120,120,3750000,
44,d120,120,3760000,
44,d120,120,3770000,
44,d120,120,3780000,
44,d120,120,3790000,
44,d120,120,3800000,0.5198000073432922
44,d120,120,3810000,
44,d120,120,3820000,
44,d120,120,3830000,
44,d120,120,3840000,
44,d120,120,3850000,
44,d120,120,3860000,
44,d120,120,3870000,
44,d120,120,3880000,
44,d120,120,3890000,
44,d120,120,3900000,0.5485000014305115
44,d120,120,3910000,
44,d120,120,3920000,
44,d120,120,3930000,
44,d120,120,3940000,
44,d120,120,3950000,
44,d120,120,3960000,
44,d120,120,3970000,
44,d120,120,3980000,
44,d120,120,3990000,
44,d120,120,4000000,0.5349000096321106
44,d120,120,4010000,
44,d120,120,4020000,
44,d120,120,4030000,
44,d120,120,4040000,
44,d120,120,4050000,
44,d120,120,4060000,
44,d120,120,4070000,
44,d120,120,4080000,
44,d120,120,4090000,
44,d120,120,4100000,0.534600019454956
44,d120,120,4110000,
44,d120,120,4120000,
44,d120,120,4130000,
44,d120,120,4140000,
44,d120,120,4150000,
44,d120,120,4160000,
44,d120,120,4170000,
44,d120,120,4180000,
44,d120,120,4190000,
44,d120,120,4200000,0.5608999729156494
44,d120,120,4210000,
44,d120,120,4220000,
44,d120,120,4230000,
44,d120,120,4240000,
44,d120,120,4250000,
44,d120,120,4260000,
44,d120,120,4270000,
44,d120,120,4280000,
44,d120,120,4290000,
44,d120,120,4300000,0.5673999786376953
44,d120,120,4310000,
44,d120,120,4320000,
44,d120,120,4330000,
44,d120,120,4340000,
44,d120,120,4350000,
44,d120,120,4360000,
44,d120,120,4370000,
44,d120,120,4380000,
44,d120,120,4390000,
44,d120,120,4400000,0.5644999742507935
44,d120,120,4410000,
44,d120,120,4420000,
44,d120,120,4430000,
44,d120,120,4440000,
44,d120,120,4450000,
44,d120,120,4460000,
44,d120,120,4470000,
44,d120,120,4480000,
44,d120,120,4490000,
44,d120,120,4500000,0.5828999876976013
44,d120,120,4510000,
44,d120,120,4520000,
44,d120,120,4530000,
44,d120,120,4540000,
44,d120,120,4550000,
44,d120,120,4560000,
44,d120,120,4570000,
44,d120,120,4580000,
44,d120,120,4590000,
44,d120,120,4600000,0.5924999713897705
44,d120,120,4610000,
44,d120,120,4620000,
44,d120,120,4630000,
44,d120,120,4640000,
44,d120,120,4650000,
44,d120,120,4660000,
44,d120,120,4670000,
44,d120,120,4680000,
44,d120,120,4690000,
44,d120,120,4700000,0.6043000221252441
44,d120,120,4710000,
44,d120,120,4720000,
44,d120,120,4730000,
44,d120,120,4740000,
44,d120,120,4750000,
44,d120,120,4760000,
44,d120,120,4770000,
44,d120,120,4780000,
44,d120,120,4790000,
44,d120,120,4800000,0.6014000177383423
44,d120,120,4810000,
44,d120,120,4820000,
44,d120,120,4830000,
44,d120,120,4840000,
44,d120,120,4850000,
44,d120,120,4860000,
44,d120,120,4870000,
44,d120,120,4880000,
44,d120,120,4890000,
44,d120,120,4900000,0.6068999767303467
44,d120,120,4910000,
44,d120,120,4920000,
44,d120,120,4930000,
44,d120,120,4940000,
44,d120,120,4950000,
44,d120,120,4960000,
44,d120,120,4970000,
44,d120,120,4980000,
44,d120,120,4990000,
44,d120,120,5000000,0.6388999819755554
45,d120,120,1,0.0
45,d120,120,10000,
45,d120,120,20000,
45,d120,120,30000,
45,d120,120,40000,
45,d120,120,50000,
45,d120,120,60000,
45,d120,120,70000,
45,d120,120,80000,
45,d120,120,90000,
45,d120,120,100000,0.0
45,d120,120,110000,
45,d120,120,120000,
45,d120,120,130000,
45,d120,120,140000,
45,d120,120,150000,
45,d120,120,160000,
45,d120,120,170000,
45,d120,120,180000,
45,d120,120,190000,
45,d120,120,200000,0.0008999999845400453
45,d120,120,210000,
45,d120,120,220000,
45,d120,120,230000,
45,d120,120,240000,
45,d120,120,250000,
45,d120,120,260000,
45,d120,120,270000,
45,d120,120,280000,
45,d120,120,290000,
45,d120,120,300000,0.005900000222027302
45,d120,120,310000,
45,d120,120,320000,
45,d120,120,330000,
45,d120,120,340000,
45,d120,120,350000,
45,d120,120,360000,
45,d120,120,370000,
45,d120,120,380000,
45,d120,120,390000,
45,d120,120,400000,0.013799999840557575
45,d120,120,410000,
45,d120,120,420000,
45,d120,120,430000,
45,d120,120,440000,
45,d120,120,450000,
45,d120,120,460000,
45,d120,120,470000,
45,d120,120,480000,
45,d120,120,490000,
45,d120,120,500000,0.014299999922513962
45,d120,120,510000,
45,d120,120,520000,
45,d120,120,530000,
45,d120,120,540000,
45,d120,120,550000,
45,d120,120,560000,
45,d120,120,570000,
45,d120,120,580000,
45,d120,120,590000,
45,d120,120,600000,0.016499999910593033
45,d120,120,610000,
45,d120,120,620000,
45,d120,120,630000,
45,d120,120,640000,
45,d120,120,650000,
45,d120,120,660000,
45,d120,120,670000,
45,d120,120,680000,
45,d120,120,690000,
45,d120,120,700000,0.026399999856948853
45,d120,120,710000,
45,d120,120,720000,
45,d120,120,730000,
45,d120,120,740000,
45,d120,120,750000,
45,d120,120,760000,
45,d120,120,770000,
45,d120,120,780000,
45,d120,120,790000,
45,d120,120,800000,0.028200000524520874
45,d120,120,810000,
45,d120,120,820000,
45,d120,120,830000,
45,d120,120,840000,
45,d120,120,850000,
45,d120,120,860000,
45,d120,120,870000,
45,d120,120,880000,
45,d120,120,890000,
45,d120,120,900000,0.040800001472234726
45,d120,120,910000,
45,d120,120,920000,
45,d120,120,930000,
45,d120,120,940000,
45,d120,120,950000,
45,d120,120,960000,
45,d120,120,970000,
45,d120,120,980000,
45,d120,120,990000,
45,d120,120,1000000,0.050999999046325684
45,d120,120,1010000,
45,d120,120,1020000,
45,d120,120,1030000,
45,d120,120,1040000,
45,d120,120,1050000,
45,d120,120,1060000,
45,d120,120,1070000,
45,d120,120,1080000,
45,d120,120,1090000,
45,d120,120,1100000,0.06419999897480011
45,d120,120,1110000,
45,d120,120,1120000,
45,d120,120,1130000,
45,d120,120,1140000,
45,d120,120,1150000,
45,d120,120,1160000,
45,d120,120,1170000,
45,d120,120,1180000,
45,d120,120,1190000,
45,d120,120,1200000,0.08250000327825546
45,d120,120,1210000,
45,d120,120,1220000,
45,d120,120,1230000,
45,d120,120,1240000,
45,d120,120,1250000,
45,d120,120,1260000,
45,d120,120,1270000,
45,d120,120,1280000,
45,d120,120,1290000,
45,d120,120,1300000,0.09319999814033508
45,d120,120,1310000,
45,d120,120,1320000,
45,d120,120,1330000,
45,d120,120,1340000,
45,d120,120,1350000,
45,d120,120,1360000,
45,d120,120,1370000,
45,d120,120,1380000,
45,d120,120,1390000,
45,d120,120,1400000,0.10830000042915344
45,d120,120,1410000,
45,d120,120,1420000,
45,d120,120,1430000,
45,d120,120,1440000,
45,d120,120,1450000,
45,d120,120,1460000,
45,d120,120,1470000,
45,d120,120,1480000,
45,d120,120,1490000,
45,d120,120,1500000,0.1347000002861023
45,d120,120,1510000,
45,d120,120,1520000,
45,d120,120,1530000,
45,d120,120,1540000,
45,d120,120,1550000,
45,d120,120,1560000,
45,d120,120,1570000,
45,d120,120,1580000,
45,d120,120,1590000,
45,d120,120,1600000,0.1599999964237213
45,d120,120,1610000,
45,d120,120,1620000,
45,d120,120,1630000,
45,d120,120,1640000,
45,d120,120,1650000,
45,d120,120,1660000,
45,d120,120,1670000,
45,d120,120,1680000,
45,d120,120,1690000,
45,d120,120,1700000,0.18880000710487366
45,d120,120,1710000,
45,d120,120,1720000,
45,d120,120,1730000,
45,d120,120,1740000,
45,d120,120,1750000,
45,d120,120,1760000,
45,d120,120,1770000,
45,d120,120,1780000,
45,d120,120,1790000,
45,d120,120,1800000,0.21150000393390656
45,d120,120,1810000,
45,d120,120,1820000,
45,d120,120,1830000,
45,d120,120,1840000,
45,d120,120,1850000,
45,d120,120,1860000,
45,d120,120,1870000,
45,d120,120,1880000,
45,d120,120,1890000,
45,d120,120,1900000,0.24250000715255737
45,d120,120,1910000,
45,d120,120,1920000,
45,d120,120,1930000,
45,d120,120,1940000,
45,d120,120,1950000,
45,d120,120,1960000,
45,d120,120,1970000,
45,d120,120,1980000,
45,d120,120,1990000,
45,d120,120,2000000,0.25929999351501465
45,d120,120,2010000,
45,d120,120,2020000,
45,d120,120,2030000,
45,d120,120,2040000,
45,d120,120,2050000,
45,d120,120,2060000,
45,d120,120,2070000,
45,d120,120,2080000,
45,d120,120,2090000,
45,d120,120,2100000,0.29100000858306885
45,d120,120,2110000,
45,d120,120,2120000,
45,d120,120,2130000,
45,d120,120,2140000,
45,d120,120,2150000,
45,d120,120,2160000,
45,d120,120,2170000,
45,d120,120,2180000,
45,d120,120,2190000,
45,d120,120,2200000,0.3133000135421753
45,d120,120,2210000,
45,d120,120,2220000,
45,d120,120,2230000,
45,d120,120,2240000,
45,d120,120,2250000,
45,d120,120,2260000,
45,d120,120,2270000,
45,d120,120,2280000,
45,d120,120,2290000,
45,d120,120,2300000,0.32120001316070557
45,d120,120,2310000,
45,d120,120,2320000,
45,d120,120,2330000,
45,d120,120,2340000,
45,d120,120,2350000,
45,d120,120,2360000,
45,d120,120,2370000,
45,d120,120,2380000,
45,d120,120,2390000,
45,d120,120,2400000,0.35420000553131104
45,d120,120,2410000,
45,d120,120,2420000,
45,d120,120,2430000,
45,d120,120,2440000,
45,d120,120,2450000,
45,d120,120,2460000,
45,d120,120,2470000,
45,d120,120,2480000,
45,d120,120,2490000,
45,d120,120,2500000,0.36640000343322754
45,d120,120,2510000,
45,d120,120,2520000,
45,d120,120,2530000,
45,d120,120,2540000,
45,d120,120,2550000,
45,d120,120,2560000,
45,d120,120,2570000,
45,d120,120,2580000,
45,d120,120,2590000,
45,d120,120,2600000,0.3912999927997589
45,d120,120,2610000,
45,d120,120,2620000,
45,d120,120,2630000,
45,d120,120,2640000,
45,d120,120,2650000,
45,d120,120,2660000,
45,d120,120,2670000,
45,d120,120,2680000,
45,d120,120,2690000,
45,d120,120,2700000,0.39730000495910645
45,d120,120,2710000,
45,d120,120,2720000,
45,d120,120,2730000,
45,d120,120,2740000,
45,d120,120,2750000,
45,d120,120,2760000,
45,d120,120,2770000,
45,d120,120,2780000,
45,d120,120,2790000,
45,d120,120,2800000,0.4066999852657318
45,d120,120,2810000,
45,d120,120,2820000,
45,d120,120,2830000,
45,d120,120,2840000,
45,d120,120,2850000,
45,d120,120,2860000,
45,d120,120,2870000,
45,d120,120,2880000,
45,d120,120,2890000,
45,d120,120,2900000,0.44699999690055847
45,d120,120,2910000,
45,d120,120,2920000,
45,d120,120,2930000,
45,d120,120,2940000,
45,d120,120,2950000,
45,d120,120,2960000,
45,d120,120,2970000,
45,d120,120,2980000,
45,d120,120,2990000,
45,d120,120,3000000,0.44749999046325684
45,d120,120,3010000,
45,d120,120,3020000,
45,d120,120,3030000,
45,d120,120,3040000,
45,d120,120,3050000,
45,d120,120,3060000,
45,d120,120,3070000,
45,d120,120,3080000,
45,d120,120,3090000,
45,d120,120,3100000,0.4657000005245209
45,d120,120,3110000,
45,d120,120,3120000,
45,d120,120,3130000,
45,d120,120,3140000,
45,d120,120,3150000,
45,d120,120,3160000,
45,d120,120,3170000,
45,d120,120,3180000,
45,d120,120,3190000,
45,d120,120,3200000,0.45010000467300415
45,d120,120,3210000,
45,d120,120,3220000,
45,d120,120,3230000,
45,d120,120,3240000,
45,d120,120,3250000,
45,d120,120,3260000,
45,d120,120,3270000,
45,d120,120,3280000,
45,d120,120,3290000,
45,d120,120,3300000,0.4708999991416931
45,d120,120,3310000,
45,d120,120,3320000,
45,d120,120,3330000,
45,d120,120,3340000,
45,d120,120,3350000,
45,d120,120,3360000,
45,d120,120,3370000,
45,d120,120,3380000,
45,d120,120,3390000,
45,d120,120,3400000,0.4984999895095825
45,d120,120,3410000,
45,d120,120,3420000,
45,d120,120,3430000,
45,d120,120,3440000,
45,d120,120,3450000,
45,d120,120,3460000,
45,d120,120,3470000,
45,d120,120,3480000,
45,d120,120,3490000,
45,d120,120,3500000,0.4982999861240387
45,d120,120,3510000,
45,d120,120,3520000,
45,d120,120,3530000,
45,d120,120,3540000,
45,d120,120,3550000,
45,d120,120,3560000,
45,d120,120,3570000,
45,d120,120,3580000,
45,d120,120,3590000,
45,d120,120,3600000,0.5199000239372253
45,d120,120,3610000,
45,d120,120,3620000,
45,d120,120,3630000,
45,d120,120,3640000,
45,d120,120,3650000,
45,d120,120,3660000,
45,d120,120,3670000,
45,d120,120,3680000,
45,d120,120,3690000,
45,d120,120,3700000,0.5139999985694885
45,d120,120,3710000,
45,d120,120,3720000,
45,d120,120,3730000,
45,d120,120,3740000,
45,d120,120,3750000,
45,d120,120,3760000,
45,d120,120,3770000,
45,d120,120,3780000,
45,d120,120,3790000,
45,d120,120,3800000,0.5184000134468079
45,d120,120,3810000,
45,d120,120,3820000,
45,d120,120,3830000,
45,d120,120,3840000,
45,d120,120,3850000,
45,d120,120,3860000,
45,d120,120,3870000,
45,d120,120,3880000,
45,d120,120,3890000,
45,d120,120,3900000,0.5346999764442444
45,d120,120,3910000,
45,d120,120,3920000,
45,d120,120,3930000,
45,d120,120,3940000,
45,d120,120,3950000,
45,d120,120,3960000,
45,d120,120,3970000,
45,d120,120,3980000,
45,d120,120,3990000,
45,d120,120,4000000,0.5297999978065491
45,d120,120,4010000,
45,d120,120,4020000,
45,d120,120,4030000,
45,d120,120,4040000,
45,d120,120,4050000,
45,d120,120,4060000,
45,d120,120,4070000,
45,d120,120,4080000,
45,d120,120,4090000,
45,d120,120,4100000,0.555899977684021
45,d120,120,4110000,
45,d120,120,4120000,
45,d120,120,4130000,
45,d120,120,4140000,
45,d120,120,4150000,
45,d120,120,4160000,
45,d120,120,4170000,
45,d120,120,4180000,
45,d120,120,4190000,
45,d120,120,4200000,0.5680000185966492
45,d120,120,4210000,
45,d120,120,4220000,
45,d120,120,4230000,
45,d120,120,4240000,
45,d120,120,4250000,
45,d120,120,4260000,
45,d120,120,4270000,
45,d120,120,4280000,
45,d120,120,4290000,
45,d120,120,4300000,0.5644999742507935
45,d120,120,4310000,
45,d120,120,4320000,
45,d120,120,4330000,
45,d120,120,4340000,
45,d120,120,4350000,
45,d120,120,4360000,
45,d120,120,4370000,
45,d120,120,4380000,
45,d120,120,4390000,
45,d120,120,4400000,0.5665000081062317
45,d120,120,4410000,
45,d120,120,4420000,
45,d120,120,4430000,
45,d120,120,4440000,
45,d120,120,4450000,
45,d120,120,4460000,
45,d120,120,4470000,
45,d120,120,4480000,
45,d120,120,4490000,
45,d120,120,4500000,0.5846999883651733
45,d120,120,4510000,
45,d120,120,4520000,
45,d120,120,4530000,
45,d120,120,4540000,
45,d120,120,4550000,
45,d120,120,4560000,
45,d120,120,4570000,
45,d120,120,4580000,
45,d120,120,4590000,
45,d120,120,4600000,0.5921000242233276
45,d120,120,4610000,
45,d120,120,4620000,
45,d120,120,4630000,
45,d120,120,4640000,
45,d120,120,4650000,
45,d120,120,4660000,
45,d120,120,4670000,
45,d120,120,4680000,
45,d120,120,4690000,
45,d120,120,4700000,0.6053000092506409
45,d120,120,4710000,
45,d120,120,4720000,
45,d120,120,4730000,
45,d120,120,4740000,
45,d120,120,4750000,
45,d120,120,4760000,
45,d120,120,4770000,
45,d120,120,4780000,
45,d120,120,4790000,
45,d120,120,4800000,0.5837000012397766
45,d120,120,4810000,
45,d120,120,4820000,
45,d120,120,4830000,
45,d120,120,4840000,
45,d120,120,4850000,
45,d120,120,4860000,
45,d120,120,4870000,
45,d120,120,4880000,
45,d120,120,4890000,
45,d120,120,4900000,0.5745999813079834
45,d120,120,4910000,
45,d120,120,4920000,
45,d120,120,4930000,
45,d120,120,4940000,
45,d120,120,4950000,
45,d120,120,4960000,
45,d120,120,4970000,
45,d120,120,4980000,
45,d120,120,4990000,
45,d120,120,5000000,0.6037999987602234
46,d120,120,1,0.0
46,d120,120,10000,
46,d120,120,20000,
46,d120,120,30000,
46,d120,120,40000,
46,d120,120,50000,
46,d120,120,60000,
46,d120,120,70000,
46,d120,120,80000,
46,d120,120,90000,
46,d120,120,100000,0.0
46,d120,120,110000,
46,d120,120,120000,
46,d120,120,130000,
46,d120,120,140000,
46,d120,120,150000,
46,d120,120,160000,
46,d120,120,170000,
46,d120,120,180000,
46,d120,120,190000,
46,d120,120,200000,0.002400000113993883
46,d120,120,210000,
46,d120,120,220000,
46,d120,120,230000,
46,d120,120,240000,
46,d120,120,250000,
46,d120,120,260000,
46,d120,120,270000,
46,d120,120,280000,
46,d120,120,290000,
46,d120,120,300000,0.004600000102072954
46,d120,120,310000,
46,d120,120,320000,
46,d120,120,330000,
46,d120,120,340000,
46,d120,120,350000,
46,d120,120,360000,
46,d120,120,370000,
46,d120,120,380000,
46,d120,120,390000,
46,d120,120,400000,0.00930000003427267
46,d120,120,410000,
46,d120,120,420000,
46,d120,120,430000,
46,d120,120,440000,
46,d120,120,450000,
46,d120,120,460000,
46,d120,120,470000,
46,d120,120,480000,
46,d120,120,490000,
46,d120,120,500000,0.013700000010430813
46,d120,120,510000,
46,d120,120,520000,
46,d120,120,530000,
46,d120,120,540000,
46,d120,120,550000,
46,d120,120,560000,
46,d120,120,570000,
46,d120,120,580000,
46,d120,120,590000,
46,d120,120,600000,0.019099999219179153
46,d120,120,610000,
46,d120,120,620000,
46,d120,120,630000,
46,d120,120,640000,
46,d120,120,650000,
46,d120,120,660000,
46,d120,120,670000,
46,d120,120,680000,
46,d120,120,690000,
46,d120,120,700000,0.03420000150799751
46,d120,120,710000,
46,d120,120,720000,
46,d120,120,730000,
46,d120,120,740000,
46,d120,120,750000,
46,d120,120,760000,
46,d120,120,770000,
46,d120,120,780000,
46,d120,120,790000,
46,d120,120,800000,0.02810000069439411
46,d120,120,810000,
46,d120,120,820000,
46,d120,120,830000,
46,d120,120,840000,
46,d120,120,850000,
46,d120,120,860000,
46,d120,120,870000,
46,d120,120,880000,
46,d120,120,890000,
46,d120,120,900000,0.04490000009536743
46,d120,120,910000,
46,d120,120,920000,
46,d120,120,930000,
46,d120,120,940000,
46,d120,120,950000,
46,d120,120,960000,
46,d120,120,970000,
46,d120,120,980000,
46,d120,120,990000,
46,d120,120,1000000,0.04910000041127205
46,d120,120,1010000,
46,d120,120,1020000,
46,d120,120,1030000,
46,d120,120,1040000,
46,d120,120,1050000,
46,d120,120,1060000,
46,d120,120,1070000,
46,d120,120,1080000,
46,d120,120,1090000,
46,d120,120,1100000,0.06539999693632126
46,d120,120,1110000,
46,d120,120,1120000,
46,d120,120,1130000,
46,d120,120,1140000,
46,d120,120,1150000,
46,d120,120,1160000,
46,d120,120,1170000,
46,d120,120,1180000,
46,d120,120,1190000,
46,d120,120,1200000,0.07810000330209732
46,d120,120,1210000,
46,d120,120,1220000,
46,d120,120,1230000,
46,d120,120,1240000,
46,d120,120,1250000,
46,d120,120,1260000,
46,d120,120,1270000,
46,d120,120,1280000,
46,d120,120,1290000,
46,d120,120,1300000,0.07959999889135361
46,d120,120,1310000,
46,d120,120,1320000,
46,d120,120,1330000,
46,d120,120,1340000,
46,d120,120,1350000,
46,d120,120,1360000,
46,d120,120,1370000,
46,d120,120,1380000,
46,d120,120,1390000,
46,d120,120,1400000,0.09709999710321426
46,d120,120,1410000,
46,d120,120,1420000,
46,d120,120,1430000,
46,d120,120,1440000,
46,d120,120,1450000,
46,d120,120,1460000,
46,d120,120,1470000,
46,d120,120,1480000,
46,d120,120,1490000,
46,d120,120,1500000,0.1111999973654747
46,d120,120,1510000,
46,d120,120,1520000,
46,d120,120,1530000,
46,d120,120,1540000,
46,d120,120,1550000,
46,d120,120,1560000,
46,d120,120,1570000,
46,d120,120,1580000,
46,d120,120,1590000,
46,d120,120,1600000,0.12020000070333481
46,d120,120,1610000,
46,d120,120,1620000,
46,d120,120,1630000,
46,d120,120,1640000,
46,d120,120,1650000,
46,d120,120,1660000,
46,d120,120,1670000,
46,d120,120,1680000,
46,d120,120,1690000,
46,d120,120,1700000,0.16529999673366547
46,d120,120,1710000,
46,d120,120,1720000,
46,d120,120,1730000,
46,d120,120,1740000,
46,d120,120,1750000,
46,d120,120,1760000,
46,d120,120,1770000,
46,d120,120,1780000,
46,d120,120,1790000,
46,d120,120,1800000,0.1851000040769577
46,d120,120,1810000,
46,d120,120,1820000,
46,d120,120,1830000,
46,d120,120,1840000,
46,d120,120,1850000,
46,d120,120,1860000,
46,d120,120,1870000,
46,d120,120,1880000,
46,d120,120,1890000,
46,d120,120,1900000,0.21230000257492065
46,d120,120,1910000,
46,d120,120,1920000,
46,d120,120,1930000,
46,d120,120,1940000,
46,d120,120,1950000,
46,d120,120,1960000,
46,d120,120,1970000,
46,d120,120,1980000,
46,d120,120,1990000,
46,d120,120,2000000,0.21819999814033508
46,d120,120,2010000,
46,d120,120,2020000,
46,d120,120,2030000,
46,d120,120,2040000,
46,d120,120,2050000,
46,d120,120,2060000,
46,d120,120,2070000,
46,d120,120,2080000,
46,d120,120,2090000,
46,d120,120,2100000,0.22849999368190765
46,d120,120,2110000,
46,d120,120,2120000,
46,d120,120,2130000,
46,d120,120,2140000,
46,d120,120,2150000,
46,d120,120,2160000,
46,d120,120,2170000,
46,d120,120,2180000,
46,d120,120,2190000,
46,d120,120,2200000,0.26930001378059387
46,d120,120,2210000,
46,d120,120,2220000,
46,d120,120,2230000,
46,d120,120,2240000,
46,d120,120,2250000,
46,d120,120,2260000,
46,d120,120,2270000,
46,d120,120,2280000,
46,d120,120,2290000,
46,d120,120,2300000,0.30230000615119934
46,d120,120,2310000,
46,d120,120,2320000,
46,d120,120,2330000,
46,d120,120,2340000,
46,d120,120,2350000,
46,d120,120,2360000,
46,d120,120,2370000,
46,d120,120,2380000,
46,d120,120,2390000,
46,d120,120,2400000,0.3197000026702881
46,d120,120,2410000,
46,d120,120,2420000,
46,d120,120,2430000,
46,d120,120,2440000,
46,d120,120,2450000,
46,d120,120,2460000,
46,d120,120,2470000,
46,d120,120,2480000,
46,d120,120,2490000,
46,d120,120,2500000,0.3287000060081482
46,d120,120,2510000,
46,d120,120,2520000,
46,d120,120,2530000,
46,d120,120,2540000,
46,d120,120,2550000,
46,d120,120,2560000,
46,d120,120,2570000,
46,d120,120,2580000,
46,d120,120,2590000,
46,d120,120,2600000,0.349700003862381
46,d120,120,2610000,
46,d120,120,2620000,
46,d120,120,2630000,
46,d120,120,2640000,
46,d120,120,2650000,
46,d120,120,2660000,
46,d120,120,2670000,
46,d120,120,2680000,
46,d120,120,2690000,
46,d120,120,2700000,0.367000013589859
46,d120,120,2710000,
46,d120,120,2720000,
46,d120,120,2730000,
46,d120,120,2740000,
46,d120,120,2750000,
46,d120,120,2760000,
46,d120,120,2770000,
46,d120,120,2780000,
46,d120,120,2790000,
46,d120,120,2800000,0.38260000944137573
46,d120,120,2810000,
46,d120,120,2820000,
46,d120,120,2830000,
46,d120,120,2840000,
46,d120,120,2850000,
46,d120,120,2860000,
46,d120,120,2870000,
46,d120,120,2880000,
46,d120,120,2890000,
46,d120,120,2900000,0.40790000557899475
46,d120,120,2910000,
46,d120,120,2920000,
46,d120,120,2930000,
46,d120,120,2940000,
46,d120,120,2950000,
46,d120,120,2960000,
46,d120,120,2970000,
46,d120,120,2980000,
46,d120,120,2990000,
46,d120,120,3000000,0.41029998660087585
46,d120,120,3010000,
46,d120,120,3020000,
46,d120,120,3030000,
46,d120,120,3040000,
46,d120,120,3050000,
46,d120,120,3060000,
46,d120,120,3070000,
46,d120,120,3080000,
46,d120,120,3090000,
46,d120,120,3100000,0.41179999709129333
46,d120,120,3110000,
46,d120,120,3120000,
46,d120,120,3130000,
46,d120,120,3140000,
46,d120,120,3150000,
46,d120,120,3160000,
46,d120,120,3170000,
46,d120,120,3180000,
46,d120,120,3190000,
46,d120,120,3200000,0.45239999890327454
46,d120,120,3210000,
46,d120,120,3220000,
46,d120,120,3230000,
46,d120,120,3240000,
46,d120,120,3250000,
46,d120,120,3260000,
46,d120,120,3270000,
46,d120,120,3280000,
46,d120,120,3290000,
46,d120,120,3300000,0.4474000036716461
46,d120,120,3310000,
46,d120,120,3320000,
46,d120,120,3330000,
46,d120,120,3340000,
46,d120,120,3350000,
46,d120,120,3360000,
46,d120,120,3370000,
46,d120,120,3380000,
46,d120,120,3390000,
46,d120,120,3400000,0.46369999647140503
46,d120,120,3410000,
46,d120,120,3420000,
46,d120,120,3430000,
46,d120,120,3440000,
46,d120,120,3450000,
46,d120,120,3460000,
46,d120,120,3470000,
46,d120,120,3480000,
46,d120,120,3490000,
46,d120,120,3500000,0.46810001134872437
46,d120,120,3510000,
46,d120,120,3520000,
46,d120,120,3530000,
46,d120,120,3540000,
46,d120,120,3550000,
46,d120,120,3560000,
46,d120,120,3570000,
46,d120,120,3580000,
46,d120,120,3590000,
46,d120,120,3600000,0.46970000863075256
46,d120,120,3610000,
46,d120,120,3620000,
46,d120,120,3630000,
46,d120,120,3640000,
46,d120,120,3650000,
46,d120,120,3660000,
46,d120,120,3670000,
46,d120,120,3680000,
46,d120,120,3690000,
46,d120,120,3700000,0.4887999892234802
46,d120,120,3710000,
46,d120,120,3720000,
46,d120,120,3730000,
46,d120,120,3740000,
46,d120,120,3750000,
46,d120,120,3760000,
46,d120,120,3770000,
46,d120,120,3780000,
46,d120,120,3790000,
46,d120,120,3800000,0.4957999885082245
46,d120,120,3810000,
46,d120,120,3820000,
46,d120,120,3830000,
46,d120,120,3840000,
46,d120,120,3850000,
46,d120,120,3860000,
46,d120,120,3870000,
46,d120,120,3880000,
46,d120,120,3890000,
46,d120,120,3900000,0.5034000277519226
46,d120,120,3910000,
46,d120,120,3920000,
46,d120,120,3930000,
46,d120,120,3940000,
46,d120,120,3950000,
46,d120,120,3960000,
46,d120,120,3970000,
46,d120,120,3980000,
46,d120,120,3990000,
46,d120,120,4000000,0.5253000259399414
46,d120,120,4010000,
46,d120,120,4020000,
46,d120,120,4030000,
46,d120,120,4040000,
46,d120,120,4050000,
46,d120,120,4060000,
46,d120,120,4070000,
46,d120,120,4080000,
46,d120,120,4090000,
46,d120,120,4100000,0.5005000233650208
46,d120,120,4110000,
46,d120,120,4120000,
46,d120,120,4130000,
46,d120,120,4140000,
46,d120,120,4150000,
46,d120,120,4160000,
46,d120,120,4170000,
46,d120,120,4180000,
46,d120,120,4190000,
46,d120,120,4200000,0.5401999950408936
46,d120,120,4210000,
46,d120,120,4220000,
46,d120,120,4230000,
46,d120,120,4240000,
46,d120,120,4250000,
46,d120,120,4260000,
46,d120,120,4270000,
46,d120,120,4280000,
46,d120,120,4290000,
46,d120,120,4300000,0.5210999846458435
46,d120,120,4310000,
46,d120,120,4320000,
46,d120,120,4330000,
46,d120,120,4340000,
46,d120,120,4350000,
46,d120,120,4360000,
46,d120,120,4370000,
46,d120,120,4380000,
46,d120,120,4390000,
46,d120,120,4400000,0.5493999719619751
46,d120,120,4410000,
46,d120,120,4420000,
46,d120,120,4430000,
46,d120,120,4440000,
46,d120,120,4450000,
46,d120,120,4460000,
46,d120,120,4470000,
46,d120,120,4480000,
46,d120,120,4490000,
46,d120,120,4500000,0.5414999723434448
46,d120,120,4510000,
46,d120,120,4520000,
46,d120,120,4530000,
46,d120,120,4540000,
46,d120,120,4550000,
46,d120,120,4560000,
46,d120,120,4570000,
46,d120,120,4580000,
46,d120,120,4590000,
46,d120,120,4600000,0.5442000031471252
46,d120,120,4610000,
46,d120,120,4620000,
46,d120,120,4630000,
46,d120,120,4640000,
46,d120,120,4650000,
46,d120,120,4660000,
46,d120,120,4670000,
46,d120,120,4680000,
46,d120,120,4690000,
46,d120,120,4700000,0.5580999851226807
46,d120,120,4710000,
46,d120,120,4720000,
46,d120,120,4730000,
46,d120,120,4740000,
46,d120,120,4750000,
46,d120,120,4760000,
46,d120,120,4770000,
46,d120,120,4780000,
46,d120,120,4790000,
46,d120,120,4800000,0.5674999952316284
46,d120,120,4810000,
46,d120,120,4820000,
46,d120,120,4830000,
46,d120,120,4840000,
46,d120,120,4850000,
46,d120,120,4860000,
46,d120,120,4870000,
46,d120,120,4880000,
46,d120,120,4890000,
46,d120,120,4900000,0.5896000266075134
46,d120,120,4910000,
46,d120,120,4920000,
46,d120,120,4930000,
46,d120,120,4940000,
46,d120,120,4950000,
46,d120,120,4960000,
46,d120,120,4970000,
46,d120,120,4980000,
46,d120,120,4990000,
46,d120,120,5000000,0.5724999904632568
42,d140,140,1,0.0
42,d140,140,10000,
42,d140,140,20000,
42,d140,140,30000,
42,d140,140,40000,
42,d140,140,50000,
42,d140,140,60000,
42,d140,140,70000,
42,d140,140,80000,
42,d140,140,90000,
42,d140,140,100000,0.0
42,d140,140,110000,
42,d140,140,120000,
42,d140,140,130000,
42,d140,140,140000,
42,d140,140,150000,
42,d140,140,160000,
42,d140,140,170000,
42,d140,140,180000,
42,d140,140,190000,
42,d140,140,200000,0.000699999975040555
42,d140,140,210000,
42,d140,140,220000,
42,d140,140,230000,
42,d140,140,240000,
42,d140,140,250000,
42,d140,140,260000,
42,d140,140,270000,
42,d140,140,280000,
42,d140,140,290000,
42,d140,140,300000,0.00279999990016222
42,d140,140,310000,
42,d140,140,320000,
42,d140,140,330000,
42,d140,140,340000,
42,d140,140,350000,
42,d140,140,360000,
42,d140,140,370000,
42,d140,140,380000,
42,d140,140,390000,
42,d140,140,400000,0.003800000064074993
42,d140,140,410000,
42,d140,140,420000,
42,d140,140,430000,
42,d140,140,440000,
42,d140,140,450000,
42,d140,140,460000,
42,d140,140,470000,
42,d140,140,480000,
42,d140,140,490000,
42,d140,140,500000,0.007799999788403511
42,d140,140,510000,
42,d140,140,520000,
42,d140,140,530000,
42,d140,140,540000,
42,d140,140,550000,
42,d140,140,560000,
42,d140,140,570000,
42,d140,140,580000,
42,d140,140,590000,
42,d140,140,600000,0.00989999994635582
42,d140,140,610000,
42,d140,140,620000,
42,d140,140,630000,
42,d140,140,640000,
42,d140,140,650000,
42,d140,140,660000,
42,d140,140,670000,
42,d140,140,680000,
42,d140,140,690000,
42,d140,140,700000,0.01489999983459711
42,d140,140,710000,
42,d140,140,720000,
42,d140,140,730000,
42,d140,140,740000,
42,d140,140,750000,
42,d140,140,760000,
42,d140,140,770000,
42,d140,140,780000,
42,d140,140,790000,
42,d140,140,800000,0.023399999365210533
42,d140,140,810000,
42,d140,140,820000,
42,d140,140,830000,
42,d140,140,840000,
42,d140,140,850000,
42,d140,140,860000,
42,d140,140,870000,
42,d140,140,880000,
42,d140,140,890000,
42,d140,140,900000,0.039400000125169754
42,d140,140,910000,
42,d140,140,920000,
42,d140,140,930000,
42,d140,140,940000,
42,d140,140,950000,
42,d140,140,960000,
42,d140,140,970000,
42,d140,140,980000,
42,d140,140,990000,
42,d140,140,1000000,0.050700001418590546
42,d140,140,1010000,
42,d140,140,1020000,
42,d140,140,1030000,
42,d140,140,1040000,
42,d140,140,1050000,
42,d140,140,1060000,
42,d140,140,1070000,
42,d140,140,1080000,
42,d140,140,1090000,
42,d140,140,1100000,0.06159999966621399
42,d140,140,1110000,
42,d140,140,1120000,
42,d140,140,1130000,
42,d140,140,1140000,
42,d140,140,1150000,
42,d140,140,1160000,
42,d140,140,1170000,
42,d140,140,1180000,
42,d140,140,1190000,
42,d140,140,1200000,0.07779999822378159
42,d140,140,1210000,
42,d140,140,1220000,
42,d140,140,1230000,
42,d140,140,1240000,
42,d140,140,1250000,
42,d140,140,1260000,
42,d140,140,1270000,
42,d140,140,1280000,
42,d140,140,1290000,
42,d140,140,1300000,0.0982000008225441
42,d140,140,1310000,
42,d140,140,1320000,
42,d140,140,1330000,
42,d140,140,1340000,
42,d140,140,1350000,
42,d140,140,1360000,
42,d140,140,1370000,
42,d140,140,1380000,
42,d140,140,1390000,
42,d140,140,1400000,0.12479999661445618
42,d140,140,1410000,
42,d140,140,1420000,
42,d140,140,1430000,
42,d140,140,1440000,
42,d140,140,1450000,
42,d140,140,1460000,
42,d140,140,1470000,
42,d140,140,1480000,
42,d140,140,1490000,
42,d140,140,1500000,0.16089999675750732
42,d140,140,1510000,
42,d140,140,1520000,
42,d140,140,1530000,
42,d140,140,1540000,
42,d140,140,1550000,
42,d140,140,1560000,
42,d140,140,1570000,
42,d140,140,1580000,
42,d140,140,1590000,
42,d140,140,1600000,0.17149999737739563
42,d140,140,1610000,
42,d140,140,1620000,
42,d140,140,1630000,
42,d140,140,1640000,
42,d140,140,1650000,
42,d140,140,1660000,
42,d140,140,1670000,
42,d140,140,1680000,
42,d140,140,1690000,
42,d140,140,1700000,0.22190000116825104
42,d140,140,1710000,
42,d140,140,1720000,
42,d140,140,1730000,
42,d140,140,1740000,
42,d140,140,1750000,
42,d140,140,1760000,
42,d140,140,1770000,
42,d140,140,1780000,
42,d140,140,1790000,
42,d140,140,1800000,0.2433999925851822
42,d140,140,1810000,
42,d140,140,1820000,
42,d140,140,1830000,
42,d140,140,1840000,
42,d140,140,1850000,
42,d140,140,1860000,
42,d140,140,1870000,
42,d140,140,1880000,
42,d140,140,1890000,
42,d140,140,1900000,0.2680000066757202
42,d140,140,1910000,
42,d140,140,1920000,
42,d140,140,1930000,
42,d140,140,1940000,
42,d140,140,1950000,
42,d140,140,1960000,
42,d140,140,1970000,
42,d140,140,1980000,
42,d140,140,1990000,
42,d140,140,2000000,0.320499986410141
42,d140,140,2010000,
42,d140,140,2020000,
42,d140,140,2030000,
42,d140,140,2040000,
42,d140,140,2050000,
42,d140,140,2060000,
42,d140,140,2070000,
42,d140,140,2080000,
42,d140,140,2090000,
42,d140,140,2100000,0.31279999017715454
42,d140,140,2110000,
42,d140,140,2120000,
42,d140,140,2130000,
42,d140,140,2140000,
42,d140,140,2150000,
42,d140,140,2160000,
42,d140,140,2170000,
42,d140,140,2180000,
42,d140,140,2190000,
42,d140,140,2200000,0.35839998722076416
42,d140,140,2210000,
42,d140,140,2220000,
42,d140,140,2230000,
42,d140,140,2240000,
42,d140,140,2250000,
42,d140,140,2260000,
42,d140,140,2270000,
42,d140,140,2280000,
42,d140,140,2290000,
42,d140,140,2300000,0.3817000091075897
42,d140,140,2310000,
42,d140,140,2320000,
42,d140,140,2330000,
42,d140,140,2340000,
42,d140,140,2350000,
42,d140,140,2360000,
42,d140,140,2370000,
42,d140,140,2380000,
42,d140,140,2390000,
42,d140,140,2400000,0.3937999904155731
42,d140,140,2410000,
42,d140,140,2420000,
42,d140,140,2430000,
42,d140,140,2440000,
42,d140,140,2450000,
42,d140,140,2460000,
42,d140,140,2470000,
42,d140,140,2480000,
42,d140,140,2490000,
42,d140,140,2500000,0.39239999651908875
42,d140,140,2510000,
42,d140,140,2520000,
42,d140,140,2530000,
42,d140,140,2540000,
42,d140,140,2550000,
42,d140,140,2560000,
42,d140,140,2570000,
42,d140,140,2580000,
42,d140,140,2590000,
42,d140,140,2600000,0.4449000060558319
42,d140,140,2610000,
42,d140,140,2620000,
42,d140,140,2630000,
42,d140,140,2640000,
42,d140,140,2650000,
42,d140,140,2660000,
42,d140,140,2670000,
42,d140,140,2680000,
42,d140,140,2690000,
42,d140,140,2700000,0.4300000071525574
42,d140,140,2710000,
42,d140,140,2720000,
42,d140,140,2730000,
42,d140,140,2740000,
42,d140,140,2750000,
42,d140,140,2760000,
42,d140,140,2770000,
42,d140,140,2780000,
42,d140,140,2790000,
42,d140,140,2800000,0.4551999866962433
42,d140,140,2810000,
42,d140,140,2820000,
42,d140,140,2830000,
42,d140,140,2840000,
42,d140,140,2850000,
42,d140,140,2860000,
42,d140,140,2870000,
42,d140,140,2880000,
42,d140,140,2890000,
42,d140,140,2900000,0.47380000352859497
42,d140,140,2910000,
42,d140,140,2920000,
42,d140,140,2930000,
42,d140,140,2940000,
42,d140,140,2950000,
42,d140,140,2960000,
42,d140,140,2970000,
42,d140,140,2980000,
42,d140,140,2990000,
42,d140,140,3000000,0.4846999943256378
42,d140,140,3010000,
42,d140,140,3020000,
42,d140,140,3030000,
42,d140,140,3040000,
42,d140,140,3050000,
42,d140,140,3060000,
42,d140,140,3070000,
42,d140,140,3080000,
42,d140,140,3090000,
42,d140,140,3100000,0.4918999969959259
42,d140,140,3110000,
42,d140,140,3120000,
42,d140,140,3130000,
42,d140,140,3140000,
42,d140,140,3150000,
42,d140,140,3160000,
42,d140,140,3170000,
42,d140,140,3180000,
42,d140,140,3190000,
42,d140,140,3200000,0.5157999992370605
42,d140,140,3210000,
42,d140,140,3220000,
42,d140,140,3230000,
42,d140,140,3240000,
42,d140,140,3250000,
42,d140,140,3260000,
42,d140,140,3270000,
42,d140,140,3280000,
42,d140,140,3290000,
42,d140,140,3300000,0.5236999988555908
42,d140,140,3310000,
42,d140,140,3320000,
42,d140,140,3330000,
42,d140,140,3340000,
42,d140,140,3350000,
42,d140,140,3360000,
42,d140,140,3370000,
42,d140,140,3380000,
42,d140,140,3390000,
42,d140,140,3400000,0.5166000127792358
42,d140,140,3410000,
42,d140,140,3420000,
42,d140,140,3430000,
42,d140,140,3440000,
42,d140,140,3450000,
42,d140,140,3460000,
42,d140,140,3470000,
42,d140,140,3480000,
42,d140,140,3490000,
42,d140,140,3500000,0.5378000140190125
42,d140,140,3510000,
42,d140,140,3520000,
42,d140,140,3530000,
42,d140,140,3540000,
42,d140,140,3550000,
42,d140,140,3560000,
42,d140,140,3570000,
42,d140,140,3580000,
42,d140,140,3590000,
42,d140,140,3600000,0.532800018787384
42,d140,140,3610000,
42,d140,140,3620000,
42,d140,140,3630000,
42,d140,140,3640000,
42,d140,140,3650000,
42,d140,140,3660000,
42,d140,140,3670000,
42,d140,140,3680000,
42,d140,140,3690000,
42,d140,140,3700000,0.5978000164031982
42,d140,140,3710000,
42,d140,140,3720000,
42,d140,140,3730000,
42,d140,140,3740000,
42,d140,140,3750000,
42,d140,140,3760000,
42,d140,140,3770000,
42,d140,140,3780000,
42,d140,140,3790000,
42,d140,140,3800000,0.5604000091552734
42,d140,140,3810000,
42,d140,140,3820000,
42,d140,140,3830000,
42,d140,140,3840000,
42,d140,140,3850000,
42,d140,140,3860000,
42,d140,140,3870000,
42,d140,140,3880000,
42,d140,140,3890000,
42,d140,140,3900000,0.5548999905586243
42,d140,140,3910000,
42,d140,140,3920000,
42,d140,140,3930000,
42,d140,140,3940000,
42,d140,140,3950000,
42,d140,140,3960000,
42,d140,140,3970000,
42,d140,140,3980000,
42,d140,140,3990000,
42,d140,140,4000000,0.5896999835968018
42,d140,140,4010000,
42,d140,140,4020000,
42,d140,140,4030000,
42,d140,140,4040000,
42,d140,140,4050000,
42,d140,140,4060000,
42,d140,140,4070000,
42,d140,140,4080000,
42,d140,140,4090000,
42,d140,140,4100000,0.6061000227928162
42,d140,140,4110000,
42,d140,140,4120000,
42,d140,140,4130000,
42,d140,140,4140000,
42,d140,140,4150000,
42,d140,140,4160000,
42,d140,140,4170000,
42,d140,140,4180000,
42,d140,140,4190000,
42,d140,140,4200000,0.6000999808311462
42,d140,140,4210000,
42,d140,140,4220000,
42,d140,140,4230000,
42,d140,140,4240000,
42,d140,140,4250000,
42,d140,140,4260000,
42,d140,140,4270000,
42,d140,140,4280000,
42,d140,140,4290000,
42,d140,140,4300000,0.5960000157356262
42,d140,140,4310000,
42,d140,140,4320000,
42,d140,140,4330000,
42,d140,140,4340000,
42,d140,140,4350000,
42,d140,140,4360000,
42,d140,140,4370000,
42,d140,140,4380000,
42,d140,140,4390000,
42,d140,140,4400000,0.5953999757766724
42,d140,140,4410000,
42,d140,140,4420000,
42,d140,140,4430000,
42,d140,140,4440000,
42,d140,140,4450000,
42,d140,140,4460000,
42,d140,140,4470000,
42,d140,140,4480000,
42,d140,140,4490000,
42,d140,140,4500000,0.6075999736785889
42,d140,140,4510000,
42,d140,140,4520000,
42,d140,140,4530000,
42,d140,140,4540000,
42,d140,140,4550000,
42,d140,140,4560000,
42,d140,140,4570000,
42,d140,140,4580000,
42,d140,140,4590000,
42,d140,140,4600000,0.6172999739646912
42,d140,140,4610000,
42,d140,140,4620000,
42,d140,140,4630000,
42,d140,140,4640000,
42,d140,140,4650000,
42,d140,140,4660000,
42,d140,140,4670000,
42,d140,140,4680000,
42,d140,140,4690000,
42,d140,140,4700000,0.650600016117096
42,d140,140,4710000,
42,d140,140,4720000,
42,d140,140,4730000,
42,d140,140,4740000,
42,d140,140,4750000,
42,d140,140,4760000,
42,d140,140,4770000,
42,d140,140,4780000,
42,d140,140,4790000,
42,d140,140,4800000,0.6486999988555908
42,d140,140,4810000,
42,d140,140,4820000,
42,d140,140,4830000,
42,d140,140,4840000,
42,d140,140,4850000,
42,d140,140,4860000,
42,d140,140,4870000,
42,d140,140,4880000,
42,d140,140,4890000,
42,d140,140,4900000,0.6234999895095825
42,d140,140,4910000,
42,d140,140,4920000,
42,d140,140,4930000,
42,d140,140,4940000,
42,d140,140,4950000,
42,d140,140,4960000,
42,d140,140,4970000,
42,d140,140,4980000,
42,d140,140,4990000,
42,d140,140,5000000,0.6100999712944031
43,d140,140,1,0.0
43,d140,140,10000,
43,d140,140,20000,
43,d140,140,30000,
43,d140,140,40000,
43,d140,140,50000,
43,d140,140,60000,
43,d140,140,70000,
43,d140,140,80000,
43,d140,140,90000,
43,d140,140,100000,0.0
43,d140,140,110000,
43,d140,140,120000,
43,d140,140,130000,
43,d140,140,140000,
43,d140,140,150000,
43,d140,140,160000,
43,d140,140,170000,
43,d140,140,180000,
43,d140,140,190000,
43,d140,140,200000,0.00019999999494757503
43,d140,140,210000,
43,d140,140,220000,
43,d140,140,230000,
43,d140,140,240000,
43,d140,140,250000,
43,d140,140,260000,
43,d140,140,270000,
43,d140,140,280000,
43,d140,140,290000,
43,d140,140,300000,0.0008999999845400453
43,d140,140,310000,
43,d140,140,320000,
43,d140,140,330000,
43,d140,140,340000,
43,d140,140,350000,
43,d140,140,360000,
43,d140,140,370000,
43,d140,140,380000,
43,d140,140,390000,
43,d140,140,400000,0.0012000000569969416
43,d140,140,410000,
43,d140,140,420000,
43,d140,140,430000,
43,d140,140,440000,
43,d140,140,450000,
43,d140,140,460000,
43,d140,140,470000,
43,d140,140,480000,
43,d140,140,490000,
43,d140,140,500000,0.006099999882280827
43,d140,140,510000,
43,d140,140,520000,
43,d140,140,530000,
43,d140,140,540000,
43,d140,140,550000,
43,d140,140,560000,
43,d140,140,570000,
43,d140,140,580000,
43,d140,140,590000,
43,d140,140,600000,0.009200000204145908
43,d140,140,610000,
43,d140,140,620000,
43,d140,140,630000,
43,d140,140,640000,
43,d140,140,650000,
43,d140,140,660000,
43,d140,140,670000,
43,d140,140,680000,
43,d140,140,690000,
43,d140,140,700000,0.017899999395012856
43,d140,140,710000,
43,d140,140,720000,
43,d140,140,730000,
43,d140,140,740000,
43,d140,140,750000,
43,d140,140,760000,
43,d140,140,770000,
43,d140,140,780000,
43,d140,140,790000,
43,d140,140,800000,0.02539999969303608
43,d140,140,810000,
43,d140,140,820000,
43,d140,140,830000,
43,d140,140,840000,
43,d140,140,850000,
43,d140,140,860000,
43,d140,140,870000,
43,d140,140,880000,
43,d140,140,890000,
43,d140,140,900000,0.039400000125169754
43,d140,140,910000,
43,d140,140,920000,
43,d140,140,930000,
43,d140,140,940000,
43,d140,140,950000,
43,d140,140,960000,
43,d140,140,970000,
43,d140,140,980000,
43,d140,140,990000,
43,d140,140,1000000,0.05119999870657921
43,d140,140,1010000,
43,d140,140,1020000,
43,d140,140,1030000,
43,d140,140,1040000,
43,d140,140,1050000,
43,d140,140,1060000,
43,d140,140,1070000,
43,d140,140,1080000,
43,d140,140,1090000,
43,d140,140,1100000,0.07810000330209732
43,d140,140,1110000,
43,d140,140,1120000,
43,d140,140,1130000,
43,d140,140,1140000,
43,d140,140,1150000,
43,d140,140,1160000,
43,d140,140,1170000,
43,d140,140,1180000,
43,d140,140,1190000,
43,d140,140,1200000,0.0989999994635582
43,d140,140,1210000,
43,d140,140,1220000,
43,d140,140,1230000,
43,d140,140,1240000,
43,d140,140,1250000,
43,d140,140,1260000,
43,d140,140,1270000,
43,d140,140,1280000,
43,d140,140,1290000,
43,d140,140,1300000,0.11890000104904175
43,d140,140,1310000,
43,d140,140,1320000,
43,d140,140,1330000,
43,d140,140,1340000,
43,d140,140,1350000,
43,d140,140,1360000,
43,d140,140,1370000,
43,d140,140,1380000,
43,d140,140,1390000,
43,d140,140,1400000,0.1265999972820282
43,d140,140,1410000,
43,d140,140,1420000,
43,d140,140,1430000,
43,d140,140,1440000,
43,d140,140,1450000,
43,d140,140,1460000,
43,d140,140,1470000,
43,d140,140,1480000,
43,d140,140,1490000,
43,d140,140,1500000,0.16580000519752502
43,d140,140,1510000,
43,d140,140,1520000,
43,d140,140,1530000,
43,d140,140,1540000,
43,d140,140,1550000,
43,d140,140,1560000,
43,d140,140,1570000,
43,d140,140,1580000,
43,d140,140,1590000,
43,d140,140,1600000,0.19990000128746033
43,d140,140,1610000,
43,d140,140,1620000,
43,d140,140,1630000,
43,d140,140,1640000,
43,d140,140,1650000,
43,d140,140,1660000,
43,d140,140,1670000,
43,d140,140,1680000,
43,d140,140,1690000,
43,d140,140,1700000,0.1987999975681305
43,d140,140,1710000,
43,d140,140,1720000,
43,d140,140,1730000,
43,d140,140,1740000,
43,d140,140,1750000,
43,d140,140,1760000,
43,d140,140,1770000,
43,d140,140,1780000,
43,d140,140,1790000,
43,d140,140,1800000,0.22990000247955322
43,d140,140,1810000,
43,d140,140,1820000,
43,d140,140,1830000,
43,d140,140,1840000,
43,d140,140,1850000,
43,d140,140,1860000,
43,d140,140,1870000,
43,d140,140,1880000,
43,d140,140,1890000,
43,d140,140,1900000,0.2615000009536743
43,d140,140,1910000,
43,d140,140,1920000,
43,d140,140,1930000,
43,d140,140,1940000,
43,d140,140,1950000,
43,d140,140,1960000,
43,d140,140,1970000,
43,d140,140,1980000,
43,d140,140,1990000,
43,d140,140,2000000,0.26019999384880066
43,d140,140,2010000,
43,d140,140,2020000,
43,d140,140,2030000,
43,d140,140,2040000,
43,d140,140,2050000,
43,d140,140,2060000,
43,d140,140,2070000,
43,d140,140,2080000,
43,d140,140,2090000,
43,d140,140,2100000,0.31279999017715454
43,d140,140,2110000,
43,d140,140,2120000,
43,d140,140,2130000,
43,d140,140,2140000,
43,d140,140,2150000,
43,d140,140,2160000,
43,d140,140,2170000,
43,d140,140,2180000,
43,d140,140,2190000,
43,d140,140,2200000,0.31119999289512634
43,d140,140,2210000,
43,d140,140,2220000,
43,d140,140,2230000,
43,d140,140,2240000,
43,d140,140,2250000,
43,d140,140,2260000,
43,d140,140,2270000,
43,d140,140,2280000,
43,d140,140,2290000,
43,d140,140,2300000,0.3287999927997589
43,d140,140,2310000,
43,d140,140,2320000,
43,d140,140,2330000,
43,d140,140,2340000,
43,d140,140,2350000,
43,d140,140,2360000,
43,d140,140,2370000,
43,d140,140,2380000,
43,d140,140,2390000,
43,d140,140,2400000,0.3571000099182129
43,d140,140,2410000,
43,d140,140,2420000,
43,d140,140,2430000,
43,d140,140,2440000,
43,d140,140,2450000,
43,d140,140,2460000,
43,d140,140,2470000,
43,d140,140,2480000,
43,d140,140,2490000,
43,d140,140,2500000,0.34880000352859497
43,d140,140,2510000,
43,d140,140,2520000,
43,d140,140,2530000,
43,d140,140,2540000,
43,d140,140,2550000,
43,d140,140,2560000,
43,d140,140,2570000,
43,d140,140,2580000,
43,d140,140,2590000,
43,d140,140,2600000,0.42980000376701355
43,d140,140,2610000,
43,d140,140,2620000,
43,d140,140,2630000,
43,d140,140,2640000,
43,d140,140,2650000,
43,d140,140,2660000,
43,d140,140,2670000,
43,d140,140,2680000,
43,d140,140,2690000,
43,d140,140,2700000,0.4027000069618225
43,d140,140,2710000,
43,d140,140,2720000,
43,d140,140,2730000,
43,d140,140,2740000,
43,d140,140,2750000,
43,d140,140,2760000,
43,d140,140,2770000,
43,d140,140,2780000,
43,d140,140,2790000,
43,d140,140,2800000,0.3995000123977661
43,d140,140,2810000,
43,d140,140,2820000,
43,d140,140,2830000,
43,d140,140,2840000,
43,d140,140,2850000,
43,d140,140,2860000,
43,d140,140,2870000,
43,d140,140,2880000,
43,d140,140,2890000,
43,d140,140,2900000,0.42800000309944153
43,d140,140,2910000,
43,d140,140,2920000,
43,d140,140,2930000,
43,d140,140,2940000,
43,d140,140,2950000,
43,d140,140,2960000,
43,d140,140,2970000,
43,d140,140,2980000,
43,d140,140,2990000,
43,d140,140,3000000,0.4526999890804291
43,d140,140,3010000,
43,d140,140,3020000,
43,d140,140,3030000,
43,d140,140,3040000,
43,d140,140,3050000,
43,d140,140,3060000,
43,d140,140,3070000,
43,d140,140,3080000,
43,d140,140,3090000,
43,d140,140,3100000,0.4478999972343445
43,d140,140,3110000,
43,d140,140,3120000,
43,d140,140,3130000,
43,d140,140,3140000,
43,d140,140,3150000,
43,d140,140,3160000,
43,d140,140,3170000,
43,d140,140,3180000,
43,d140,140,3190000,
43,d140,140,3200000,0.4487000107765198
43,d140,140,3210000,
43,d140,140,3220000,
43,d140,140,3230000,
43,d140,140,3240000,
43,d140,140,3250000,
43,d140,140,3260000,
43,d140,140,3270000,
43,d140,140,3280000,
43,d140,140,3290000,
43,d140,140,3300000,0.48190000653266907
43,d140,140,3310000,
43,d140,140,3320000,
43,d140,140,3330000,
43,d140,140,3340000,
43,d140,140,3350000,
43,d140,140,3360000,
43,d140,140,3370000,
43,d140,140,3380000,
43,d140,140,3390000,
43,d140,140,3400000,0.5389999747276306
43,d140,140,3410000,
43,d140,140,3420000,
43,d140,140,3430000,
43,d140,140,3440000,
43,d140,140,3450000,
43,d140,140,3460000,
43,d140,140,3470000,
43,d140,140,3480000,
43,d140,140,3490000,
43,d140,140,3500000,0.5091999769210815
43,d140,140,3510000,
43,d140,140,3520000,
43,d140,140,3530000,
43,d140,140,3540000,
43,d140,140,3550000,
43,d140,140,3560000,
43,d140,140,3570000,
43,d140,140,3580000,
43,d140,140,3590000,
43,d140,140,3600000,0.49790000915527344
43,d140,140,3610000,
43,d140,140,3620000,
43,d140,140,3630000,
43,d140,140,3640000,
43,d140,140,3650000,
43,d140,140,3660000,
43,d140,140,3670000,
43,d140,140,3680000,
43,d140,140,3690000,
43,d140,140,3700000,0.48170000314712524
43,d140,140,3710000,
43,d140,140,3720000,
43,d140,140,3730000,
43,d140,140,3740000,
43,d140,140,3750000,
43,d140,140,3760000,
43,d140,140,3770000,
43,d140,140,3780000,
43,d140,140,3790000,
43,d140,140,3800000,0.5051000118255615
43,d140,140,3810000,
43,d140,140,3820000,
43,d140,140,3830000,
43,d140,140,3840000,
43,d140,140,3850000,
43,d140,140,3860000,
43,d140,140,3870000,
43,d140,140,3880000,
43,d140,140,3890000,
43,d140,140,3900000,0.5203999876976013
43,d140,140,3910000,
43,d140,140,3920000,
43,d140,140,3930000,
43,d140,140,3940000,
43,d140,140,3950000,
43,d140,140,3960000,
43,d140,140,3970000,
43,d140,140,3980000,
43,d140,140,3990000,
43,d140,140,4000000,0.5480999946594238
43,d140,140,4010000,
43,d140,140,4020000,
43,d140,140,4030000,
43,d140,140,4040000,
43,d140,140,4050000,
43,d140,140,4060000,
43,d140,140,4070000,
43,d140,140,4080000,
43,d140,140,4090000,
43,d140,140,4100000,0.5371999740600586
43,d140,140,4110000,
43,d140,140,4120000,
43,d140,140,4130000,
43,d140,140,4140000,
43,d140,140,4150000,
43,d140,140,4160000,
43,d140,140,4170000,
43,d140,140,4180000,
43,d140,140,4190000,
43,d140,140,4200000,0.5637999773025513
43,d140,140,4210000,
43,d140,140,4220000,
43,d140,140,4230000,
43,d140,140,4240000,
43,d140,140,4250000,
43,d140,140,4260000,
43,d140,140,4270000,
43,d140,140,4280000,
43,d140,140,4290000,
43,d140,140,4300000,0.5113999843597412
43,d140,140,4310000,
43,d140,140,4320000,
43,d140,140,4330000,
43,d140,140,4340000,
43,d140,140,4350000,
43,d140,140,4360000,
43,d140,140,4370000,
43,d140,140,4380000,
43,d140,140,4390000,
43,d140,140,4400000,0.5598000288009644
43,d140,140,4410000,
43,d140,140,4420000,
43,d140,140,4430000,
43,d140,140,4440000,
43,d140,140,4450000,
43,d140,140,4460000,
43,d140,140,4470000,
43,d140,140,4480000,
43,d140,140,4490000,
43,d140,140,4500000,0.578000009059906
43,d140,140,4510000,
43,d140,140,4520000,
43,d140,140,4530000,
43,d140,140,4540000,
43,d140,140,4550000,
43,d140,140,4560000,
43,d140,140,4570000,
43,d140,140,4580000,
43,d140,140,4590000,
43,d140,140,4600000,0.5809000134468079
43,d140,140,4610000,
43,d140,140,4620000,
43,d140,140,4630000,
43,d140,140,4640000,
43,d140,140,4650000,
43,d140,140,4660000,
43,d140,140,4670000,
43,d140,140,4680000,
43,d140,140,4690000,
43,d140,140,4700000,0.5587999820709229
43,d140,140,4710000,
43,d140,140,4720000,
43,d140,140,4730000,
43,d140,140,4740000,
43,d140,140,4750000,
43,d140,140,4760000,
43,d140,140,4770000,
43,d140,140,4780000,
43,d140,140,4790000,
43,d140,140,4800000,0.5687000155448914
43,d140,140,4810000,
43,d140,140,4820000,
43,d140,140,4830000,
43,d140,140,4840000,
43,d140,140,4850000,
43,d140,140,4860000,
43,d140,140,4870000,
43,d140,140,4880000,
43,d140,140,4890000,
43,d140,140,4900000,0.5637000203132629
43,d140,140,4910000,
43,d140,140,4920000,
43,d140,140,4930000,
43,d140,140,4940000,
43,d140,140,4950000,
43,d140,140,4960000,
43,d140,140,4970000,
43,d140,140,4980000,
43,d140,140,4990000,
43,d140,140,5000000,0.5715000033378601
44,d140,140,1,0.0
44,d140,140,10000,
44,d140,140,20000,
44,d140,140,30000,
44,d140,140,40000,
44,d140,140,50000,
44,d140,140,60000,
44,d140,140,70000,
44,d140,140,80000,
44,d140,140,90000,
44,d140,140,100000,0.0
44,d140,140,110000,
44,d140,140,120000,
44,d140,140,130000,
44,d140,140,140000,
44,d140,140,150000,
44,d140,140,160000,
44,d140,140,170000,
44,d140,140,180000,
44,d140,140,190000,
44,d140,140,200000,0.0007999999797903001
44,d140,140,210000,
44,d140,140,220000,
44,d140,140,230000,
44,d140,140,240000,
44,d140,140,250000,
44,d140,140,260000,
44,d140,140,270000,
44,d140,140,280000,
44,d140,140,290000,
44,d140,140,300000,0.00019999999494757503
44,d140,140,310000,
44,d140,140,320000,
44,d140,140,330000,
44,d140,140,340000,
44,d140,140,350000,
44,d140,140,360000,
44,d140,140,370000,
44,d140,140,380000,
44,d140,140,390000,
44,d140,140,400000,0.00279999990016222
44,d140,140,410000,
44,d140,140,420000,
44,d140,140,430000,
44,d140,140,440000,
44,d140,140,450000,
44,d140,140,460000,
44,d140,140,470000,
44,d140,140,480000,
44,d140,140,490000,
44,d140,140,500000,0.0017999999690800905
44,d140,140,510000,
44,d140,140,520000,
44,d140,140,530000,
44,d140,140,540000,
44,d140,140,550000,
44,d140,140,560000,
44,d140,140,570000,
44,d140,140,580000,
44,d140,140,590000,
44,d140,140,600000,0.006200000178068876
44,d140,140,610000,
44,d140,140,620000,
44,d140,140,630000,
44,d140,140,640000,
44,d140,140,650000,
44,d140,140,660000,
44,d140,140,670000,
44,d140,140,680000,
44,d140,140,690000,
44,d140,140,700000,0.01119999960064888
44,d140,140,710000,
44,d140,140,720000,
44,d140,140,730000,
44,d140,140,740000,
44,d140,140,750000,
44,d140,140,760000,
44,d140,140,770000,
44,d140,140,780000,
44,d140,140,790000,
44,d140,140,800000,0.010400000028312206
44,d140,140,810000,
44,d140,140,820000,
44,d140,140,830000,
44,d140,140,840000,
44,d140,140,850000,
44,d140,140,860000,
44,d140,140,870000,
44,d140,140,880000,
44,d140,140,890000,
44,d140,140,900000,0.016699999570846558
44,d140,140,910000,
44,d140,140,920000,
44,d140,140,930000,
44,d140,140,940000,
44,d140,140,950000,
44,d140,140,960000,
44,d140,140,970000,
44,d140,140,980000,
44,d140,140,990000,
44,d140,140,1000000,0.02759999968111515
44,d140,140,1010000,
44,d140,140,1020000,
44,d140,140,1030000,
44,d140,140,1040000,
44,d140,140,1050000,
44,d140,140,1060000,
44,d140,140,1070000,
44,d140,140,1080000,
44,d140,140,1090000,
44,d140,140,1100000,0.03359999880194664
44,d140,140,1110000,
44,d140,140,1120000,
44,d140,140,1130000,
44,d140,140,1140000,
44,d140,140,1150000,
44,d140,140,1160000,
44,d140,140,1170000,
44,d140,140,1180000,
44,d140,140,1190000,
44,d140,140,1200000,0.052799999713897705
44,d140,140,1210000,
44,d140,140,1220000,
44,d140,140,1230000,
44,d140,140,1240000,
44,d140,140,1250000,
44,d140,140,1260000,
44,d140,140,1270000,
44,d140,140,1280000,
44,d140,140,1290000,
44,d140,140,1300000,0.061799999326467514
44,d140,140,1310000,
44,d140,140,1320000,
44,d140,140,1330000,
44,d140,140,1340000,
44,d140,140,1350000,
44,d140,140,1360000,
44,d140,140,1370000,
44,d140,140,1380000,
44,d140,140,1390000,
44,d140,140,1400000,0.06599999964237213
44,d140,140,1410000,
44,d140,140,1420000,
44,d140,140,1430000,
44,d140,140,1440000,
44,d140,140,1450000,
44,d140,140,1460000,
44,d140,140,1470000,
44,d140,140,1480000,
44,d140,140,1490000,
44,d140,140,1500000,0.09570000320672989
44,d140,140,1510000,
44,d140,140,1520000,
44,d140,140,1530000,
44,d140,140,1540000,
44,d140,140,1550000,
44,d140,140,1560000,
44,d140,140,1570000,
44,d140,140,1580000,
44,d140,140,1590000,
44,d140,140,1600000,0.1023000031709671
44,d140,140,1610000,
44,d140,140,1620000,
44,d140,140,1630000,
44,d140,140,1640000,
44,d140,140,1650000,
44,d140,140,1660000,
44,d140,140,1670000,
44,d140,140,1680000,
44,d140,140,1690000,
44,d140,140,1700000,0.11649999767541885
44,d140,140,1710000,
44,d140,140,1720000,
44,d140,140,1730000,
44,d140,140,1740000,
44,d140,140,1750000,
44,d140,140,1760000,
44,d140,140,1770000,
44,d140,140,1780000,
44,d140,140,1790000,
44,d140,140,1800000,0.14219999313354492
44,d140,140,1810000,
44,d140,140,1820000,
44,d140,140,1830000,
44,d140,140,1840000,
44,d140,140,1850000,
44,d140,140,1860000,
44,d140,140,1870000,
44,d140,140,1880000,
44,d140,140,1890000,
44,d140,140,1900000,0.1462000012397766
44,d140,140,1910000,
44,d140,140,1920000,
44,d140,140,1930000,
44,d140,140,1940000,
44,d140,140,1950000,
44,d140,140,1960000,
44,d140,140,1970000,
44,d140,140,1980000,
44,d140,140,1990000,
44,d140,140,2000000,0.17030000686645508
44,d140,140,2010000,
44,d140,140,2020000,
44,d140,140,2030000,
44,d140,140,2040000,
44,d140,140,2050000,
44,d140,140,2060000,
44,d140,140,2070000,
44,d140,140,2080000,
44,d140,140,2090000,
44,d140,140,2100000,0.19629999995231628
44,d140,140,2110000,
44,d140,140,2120000,
44,d140,140,2130000,
44,d140,140,2140000,
44,d140,140,2150000,
44,d140,140,2160000,
44,d140,140,2170000,
44,d140,140,2180000,
44,d140,140,2190000,
44,d140,140,2200000,0.22210000455379486
44,d140,140,2210000,
44,d140,140,2220000,
44,d140,140,2230000,
44,d140,140,2240000,
44,d140,140,2250000,
44,d140,140,2260000,
44,d140,140,2270000,
44,d140,140,2280000,
44,d140,140,2290000,
44,d140,140,2300000,0.20509999990463257
44,d140,140,2310000,
44,d140,140,2320000,
44,d140,140,2330000,
44,d140,140,2340000,
44,d140,140,2350000,
44,d140,140,2360000,
44,d140,140,2370000,
44,d140,140,2380000,
44,d140,140,2390000,
44,d140,140,2400000,0.21969999372959137
44,d140,140,2410000,
44,d140,140,2420000,
44,d140,140,2430000,
44,d140,140,2440000,
44,d140,140,2450000,
44,d140,140,2460000,
44,d140,140,2470000,
44,d140,140,2480000,
44,d140,140,2490000,
44,d140,140,2500000,0.24979999661445618
44,d140,140,2510000,
44,d140,140,2520000,
44,d140,140,2530000,
44,d140,140,2540000,
44,d140,140,2550000,
44,d140,140,2560000,
44,d140,140,2570000,
44,d140,140,2580000,
44,d140,140,2590000,
44,d140,140,2600000,0.2971000075340271
44,d140,140,2610000,
44,d140,140,2620000,
44,d140,140,2630000,
44,d140,140,2640000,
44,d140,140,2650000,
44,d140,140,2660000,
44,d140,140,2670000,
44,d140,140,2680000,
44,d140,140,2690000,
44,d140,140,2700000,0.29319998621940613
44,d140,140,2710000,
44,d140,140,2720000,
44,d140,140,2730000,
44,d140,140,2740000,
44,d140,140,2750000,
44,d140,140,2760000,
44,d140,140,2770000,
44,d140,140,2780000,
44,d140,140,2790000,
44,d140,140,2800000,0.303600013256073
44,d140,140,2810000,
44,d140,140,2820000,
44,d140,140,2830000,
44,d140,140,2840000,
44,d140,140,2850000,
44,d140,140,2860000,
44,d140,140,2870000,
44,d140,140,2880000,
44,d140,140,2890000,
44,d140,140,2900000,0.2935999929904938
44,d140,140,2910000,
44,d140,140,2920000,
44,d140,140,2930000,
44,d140,140,2940000,
44,d140,140,2950000,
44,d140,140,2960000,
44,d140,140,2970000,
44,d140,140,2980000,
44,d140,140,2990000,
44,d140,140,3000000,0.3312000036239624
44,d140,140,3010000,
44,d140,140,3020000,
44,d140,140,3030000,
44,d140,140,3040000,
44,d140,140,3050000,
44,d140,140,3060000,
44,d140,140,3070000,
44,d140,140,3080000,
44,d140,140,3090000,
44,d140,140,3100000,0.3424000144004822
44,d140,140,3110000,
44,d140,140,3120000,
44,d140,140,3130000,
44,d140,140,3140000,
44,d140,140,3150000,
44,d140,140,3160000,
44,d140,140,3170000,
44,d140,140,3180000,
44,d140,140,3190000,
44,d140,140,3200000,0.33230000734329224
44,d140,140,3210000,
44,d140,140,3220000,
44,d140,140,3230000,
44,d140,140,3240000,
44,d140,140,3250000,
44,d140,140,3260000,
44,d140,140,3270000,
44,d140,140,3280000,
44,d140,140,3290000,
44,d140,140,3300000,0.3901999890804291
44,d140,140,3310000,
44,d140,140,3320000,
44,d140,140,3330000,
44,d140,140,3340000,
44,d140,140,3350000,
44,d140,140,3360000,
44,d140,140,3370000,
44,d140,140,3380000,
44,d140,140,3390000,
44,d140,140,3400000,0.3743000030517578
44,d140,140,3410000,
44,d140,140,3420000,
44,d140,140,3430000,
44,d140,140,3440000,
44,d140,140,3450000,
44,d140,140,3460000,
44,d140,140,3470000,
44,d140,140,3480000,
44,d140,140,3490000,
44,d140,140,3500000,0.39160001277923584
44,d140,140,3510000,
44,d140,140,3520000,
44,d140,140,3530000,
44,d140,140,3540000,
44,d140,140,3550000,
44,d140,140,3560000,
44,d140,140,3570000,
44,d140,140,3580000,
44,d140,140,3590000,
44,d140,140,3600000,0.37529999017715454
44,d140,140,3610000,
44,d140,140,3620000,
44,d140,140,3630000,
44,d140,140,3640000,
44,d140,140,3650000,
44,d140,140,3660000,
44,d140,140,3670000,
44,d140,140,3680000,
44,d140,140,3690000,
44,d140,140,3700000,0.42089998722076416
44,d140,140,3710000,
44,d140,140,3720000,
44,d140,140,3730000,
44,d140,140,3740000,
44,d140,140,3750000,
44,d140,140,3760000,
44,d140,140,3770000,
44,d140,140,3780000,
44,d140,140,3790000,
44,d140,140,3800000,0.38690000772476196
44,d140,140,3810000,
44,d140,140,3820000,
44,d140,140,3830000,
44,d140,140,3840000,
44,d140,140,3850000,
44,d140,140,3860000,
44,d140,140,3870000,
44,d140,140,3880000,
44,d140,140,3890000,
44,d140,140,3900000,0.4275999963283539
44,d140,140,3910000,
44,d140,140,3920000,
44,d140,140,3930000,
44,d140,140,3940000,
44,d140,140,3950000,
44,d140,140,3960000,
44,d140,140,3970000,
44,d140,140,3980000,
44,d140,140,3990000,
44,d140,140,4000000,0.42579999566078186
44,d140,140,4010000,
44,d140,140,4020000,
44,d140,140,4030000,
44,d140,140,4040000,
44,d140,140,4050000,
44,d140,140,4060000,
44,d140,140,4070000,
44,d140,140,4080000,
44,d140,140,4090000,
44,d140,140,4100000,0.39649999141693115
44,d140,140,4110000,
44,d140,140,4120000,
44,d140,140,4130000,
44,d140,140,4140000,
44,d140,140,4150000,
44,d140,140,4160000,
44,d140,140,4170000,
44,d140,140,4180000,
44,d140,140,4190000,
44,d140,140,4200000,0.45500001311302185
44,d140,140,4210000,
44,d140,140,4220000,
44,d140,140,4230000,
44,d140,140,4240000,
44,d140,140,4250000,
44,d140,140,4260000,
44,d140,140,4270000,
44,d140,140,4280000,
44,d140,140,4290000,
44,d140,140,4300000,0.4447000026702881
44,d140,140,4310000,
44,d140,140,4320000,
44,d140,140,4330000,
44,d140,140,4340000,
44,d140,140,4350000,
44,d140,140,4360000,
44,d140,140,4370000,
44,d140,140,4380000,
44,d140,140,4390000,
44,d140,140,4400000,0.4790000021457672
44,d140,140,4410000,
44,d140,140,4420000,
44,d140,140,4430000,
44,d140,140,4440000,
44,d140,140,4450000,
44,d140,140,4460000,
44,d140,140,4470000,
44,d140,140,4480000,
44,d140,140,4490000,
44,d140,140,4500000,0.4490000009536743
44,d140,140,4510000,
44,d140,140,4520000,
44,d140,140,4530000,
44,d140,140,4540000,
44,d140,140,4550000,
44,d140,140,4560000,
44,d140,140,4570000,
44,d140,140,4580000,
44,d140,140,4590000,
44,d140,140,4600000,0.4977000057697296
44,d140,140,4610000,
44,d140,140,4620000,
44,d140,140,4630000,
44,d140,140,4640000,
44,d140,140,4650000,
44,d140,140,4660000,
44,d140,140,4670000,
44,d140,140,4680000,
44,d140,140,4690000,
44,d140,140,4700000,0.4846000075340271
44,d140,140,4710000,
44,d140,140,4720000,
44,d140,140,4730000,
44,d140,140,4740000,
44,d140,140,4750000,
44,d140,140,4760000,
44,d140,140,4770000,
44,d140,140,4780000,
44,d140,140,4790000,
44,d140,140,4800000,0.45910000801086426
44,d140,140,4810000,
44,d140,140,4820000,
44,d140,140,4830000,
44,d140,140,4840000,
44,d140,140,4850000,
44,d140,140,4860000,
44,d140,140,4870000,
44,d140,140,4880000,
44,d140,140,4890000,
44,d140,140,4900000,0.476500004529953
44,d140,140,4910000,
44,d140,140,4920000,
44,d140,140,4930000,
44,d140,140,4940000,
44,d140,140,4950000,
44,d140,140,4960000,
44,d140,140,4970000,
44,d140,140,4980000,
44,d140,140,4990000,
44,d140,140,5000000,0.4853000044822693
45,d140,140,1,0.0
45,d140,140,10000,
45,d140,140,20000,
45,d140,140,30000,
45,d140,140,40000,
45,d140,140,50000,
45,d140,140,60000,
45,d140,140,70000,
45,d140,140,80000,
45,d140,140,90000,
45,d140,140,100000,9.999999747378752e-05
45,d140,140,110000,
45,d140,140,120000,
45,d140,140,130000,
45,d140,140,140000,
45,d140,140,150000,
45,d140,140,160000,
45,d140,140,170000,
45,d140,140,180000,
45,d140,140,190000,
45,d140,140,200000,0.000699999975040555
45,d140,140,210000,
45,d140,140,220000,
45,d140,140,230000,
45,d140,140,240000,
45,d140,140,250000,
45,d140,140,260000,
45,d140,140,270000,
45,d140,140,280000,
45,d140,140,290000,
45,d140,140,300000,0.0024999999441206455
45,d140,140,310000,
45,d140,140,320000,
45,d140,140,330000,
45,d140,140,340000,
45,d140,140,350000,
45,d140,140,360000,
45,d140,140,370000,
45,d140,140,380000,
45,d140,140,390000,
45,d140,140,400000,0.00430000014603138
45,d140,140,410000,
45,d140,140,420000,
45,d140,140,430000,
45,d140,140,440000,
45,d140,140,450000,
45,d140,140,460000,
45,d140,140,470000,
45,d140,140,480000,
45,d140,140,490000,
45,d140,140,500000,0.008100000210106373
45,d140,140,510000,
45,d140,140,520000,
45,d140,140,530000,
45,d140,140,540000,
45,d140,140,550000,
45,d140,140,560000,
45,d140,140,570000,
45,d140,140,580000,
45,d140,140,590000,
45,d140,140,600000,0.012799999676644802
45,d140,140,610000,
45,d140,140,620000,
45,d140,140,630000,
45,d140,140,640000,
45,d140,140,650000,
45,d140,140,660000,
45,d140,140,670000,
45,d140,140,680000,
45,d140,140,690000,
45,d140,140,700000,0.013299999758601189
45,d140,140,710000,
45,d140,140,720000,
45,d140,140,730000,
45,d140,140,740000,
45,d140,140,750000,
45,d140,140,760000,
45,d140,140,770000,
45,d140,140,780000,
45,d140,140,790000,
45,d140,140,800000,0.018300000578165054
45,d140,140,810000,
45,d140,140,820000,
45,d140,140,830000,
45,d140,140,840000,
45,d140,140,850000,
45,d140,140,860000,
45,d140,140,870000,
45,d140,140,880000,
45,d140,140,890000,
45,d140,140,900000,0.028599999845027924
45,d140,140,910000,
45,d140,140,920000,
45,d140,140,930000,
45,d140,140,940000,
45,d140,140,950000,
45,d140,140,960000,
45,d140,140,970000,
45,d140,140,980000,
45,d140,140,990000,
45,d140,140,1000000,0.03669999912381172
45,d140,140,1010000,
45,d140,140,1020000,
45,d140,140,1030000,
45,d140,140,1040000,
45,d140,140,1050000,
45,d140,140,1060000,
45,d140,140,1070000,
45,d140,140,1080000,
45,d140,140,1090000,
45,d140,140,1100000,0.04809999838471413
45,d140,140,1110000,
45,d140,140,1120000,
45,d140,140,1130000,
45,d140,140,1140000,
45,d140,140,1150000,
45,d140,140,1160000,
45,d140,140,1170000,
45,d140,140,1180000,
45,d140,140,1190000,
45,d140,140,1200000,0.051899999380111694
45,d140,140,1210000,
45,d140,140,1220000,
45,d140,140,1230000,
45,d140,140,1240000,
45,d140,140,1250000,
45,d140,140,1260000,
45,d140,140,1270000,
45,d140,140,1280000,
45,d140,140,1290000,
45,d140,140,1300000,0.07199999690055847
45,d140,140,1310000,
45,d140,140,1320000,
45,d140,140,1330000,
45,d140,140,1340000,
45,d140,140,1350000,
45,d140,140,1360000,
45,d140,140,1370000,
45,d140,140,1380000,
45,d140,140,1390000,
45,d140,140,1400000,0.093299999833107
45,d140,140,1410000,
45,d140,140,1420000,
45,d140,140,1430000,
45,d140,140,1440000,
45,d140,140,1450000,
45,d140,140,1460000,
45,d140,140,1470000,
45,d140,140,1480000,
45,d140,140,1490000,
45,d140,140,1500000,0.1096000000834465
45,d140,140,1510000,
45,d140,140,1520000,
45,d140,140,1530000,
45,d140,140,1540000,
45,d140,140,1550000,
45,d140,140,1560000,
45,d140,140,1570000,
45,d140,140,1580000,
45,d140,140,1590000,
45,d140,140,1600000,0.13650000095367432
45,d140,140,1610000,
45,d140,140,1620000,
45,d140,140,1630000,
45,d140,140,1640000,
45,d140,140,1650000,
45,d140,140,1660000,
45,d140,140,1670000,
45,d140,140,1680000,
45,d140,140,1690000,
45,d140,140,1700000,0.18359999358654022
45,d140,140,1710000,
45,d140,140,1720000,
45,d140,140,1730000,
45,d140,140,1740000,
45,d140,140,1750000,
45,d140,140,1760000,
45,d140,140,1770000,
45,d140,140,1780000,
45,d140,140,1790000,
45,d140,140,1800000,0.17839999496936798
45,d140,140,1810000,
45,d140,140,1820000,
45,d140,140,1830000,
45,d140,140,1840000,
45,d140,140,1850000,
45,d140,140,1860000,
45,d140,140,1870000,
45,d140,140,1880000,
45,d140,140,1890000,
45,d140,140,1900000,0.2231999933719635
45,d140,140,1910000,
45,d140,140,1920000,
45,d140,140,1930000,
45,d140,140,1940000,
45,d140,140,1950000,
45,d140,140,1960000,
45,d140,140,1970000,
45,d140,140,1980000,
45,d140,140,1990000,
45,d140,140,2000000,0.23909999430179596
45,d140,140,2010000,
45,d140,140,2020000,
45,d140,140,2030000,
45,d140,140,2040000,
45,d140,140,2050000,
45,d140,140,2060000,
45,d140,140,2070000,
45,d140,140,2080000,
45,d140,140,2090000,
45,d140,140,2100000,0.2578999996185303
45,d140,140,2110000,
45,d140,140,2120000,
45,d140,140,2130000,
45,d140,140,2140000,
45,d140,140,2150000,
45,d140,140,2160000,
45,d140,140,2170000,
45,d140,140,2180000,
45,d140,140,2190000,
45,d140,140,2200000,0.29260000586509705
45,d140,140,2210000,
45,d140,140,2220000,
45,d140,140,2230000,
45,d140,140,2240000,
45,d140,140,2250000,
45,d140,140,2260000,
45,d140,140,2270000,
45,d140,140,2280000,
45,d140,140,2290000,
45,d140,140,2300000,0.29750001430511475
45,d140,140,2310000,
45,d140,140,2320000,
45,d140,140,2330000,
45,d140,140,2340000,
45,d140,140,2350000,
45,d140,140,2360000,
45,d140,140,2370000,
45,d140,140,2380000,
45,d140,140,2390000,
45,d140,140,2400000,0.3269999921321869
45,d140,140,2410000,
45,d140,140,2420000,
45,d140,140,2430000,
45,d140,140,2440000,
45,d140,140,2450000,
45,d140,140,2460000,
45,d140,140,2470000,
45,d140,140,2480000,
45,d140,140,2490000,
45,d140,140,2500000,0.3776000142097473
45,d140,140,2510000,
45,d140,140,2520000,
45,d140,140,2530000,
45,d140,140,2540000,
45,d140,140,2550000,
45,d140,140,2560000,
45,d140,140,2570000,
45,d140,140,2580000,
45,d140,140,2590000,
45,d140,140,2600000,0.4000000059604645
45,d140,140,2610000,
45,d140,140,2620000,
45,d140,140,2630000,
45,d140,140,2640000,
45,d140,140,2650000,
45,d140,140,2660000,
45,d140,140,2670000,
45,d140,140,2680000,
45,d140,140,2690000,
45,d140,140,2700000,0.3833000063896179
45,d140,140,2710000,
45,d140,140,2720000,
45,d140,140,2730000,
45,d140,140,2740000,
45,d140,140,2750000,
45,d140,140,2760000,
45,d140,140,2770000,
45,d140,140,2780000,
45,d140,140,2790000,
45,d140,140,2800000,0.4065999984741211
45,d140,140,2810000,
45,d140,140,2820000,
45,d140,140,2830000,
45,d140,140,2840000,
45,d140,140,2850000,
45,d140,140,2860000,
45,d140,140,2870000,
45,d140,140,2880000,
45,d140,140,2890000,
45,d140,140,2900000,0.420199990272522
45,d140,140,2910000,
45,d140,140,2920000,
45,d140,140,2930000,
45,d140,140,2940000,
45,d140,140,2950000,
45,d140,140,2960000,
45,d140,140,2970000,
45,d140,140,2980000,
45,d140,140,2990000,
45,d140,140,3000000,0.4230000078678131
45,d140,140,3010000,
45,d140,140,3020000,
45,d140,140,3030000,
45,d140,140,3040000,
45,d140,140,3050000,
45,d140,140,3060000,
45,d140,140,3070000,
45,d140,140,3080000,
45,d140,140,3090000,
45,d140,140,3100000,0.4584999978542328
45,d140,140,3110000,
45,d140,140,3120000,
45,d140,140,3130000,
45,d140,140,3140000,
45,d140,140,3150000,
45,d140,140,3160000,
45,d140,140,3170000,
45,d140,140,3180000,
45,d140,140,3190000,
45,d140,140,3200000,0.45829999446868896
45,d140,140,3210000,
45,d140,140,3220000,
45,d140,140,3230000,
45,d140,140,3240000,
45,d140,140,3250000,
45,d140,140,3260000,
45,d140,140,3270000,
45,d140,140,3280000,
45,d140,140,3290000,
45,d140,140,3300000,0.47589999437332153
45,d140,140,3310000,
45,d140,140,3320000,
45,d140,140,3330000,
45,d140,140,3340000,
45,d140,140,3350000,
45,d140,140,3360000,
45,d140,140,3370000,
45,d140,140,3380000,
45,d140,140,3390000,
45,d140,140,3400000,0.4999000132083893
45,d140,140,3410000,
45,d140,140,3420000,
45,d140,140,3430000,
45,d140,140,3440000,
45,d140,140,3450000,
45,d140,140,3460000,
45,d140,140,3470000,
45,d140,140,3480000,
45,d140,140,3490000,
45,d140,140,3500000,0.49639999866485596
45,d140,140,3510000,
45,d140,140,3520000,
45,d140,140,3530000,
45,d140,140,3540000,
45,d140,140,3550000,
45,d140,140,3560000,
45,d140,140,3570000,
45,d140,140,3580000,
45,d140,140,3590000,
45,d140,140,3600000,0.5
45,d140,140,3610000,
45,d140,140,3620000,
45,d140,140,3630000,
45,d140,140,3640000,
45,d140,140,3650000,
45,d140,140,3660000,
45,d140,140,3670000,
45,d140,140,3680000,
45,d140,140,3690000,
45,d140,140,3700000,0.5105999708175659
45,d140,140,3710000,
45,d140,140,3720000,
45,d140,140,3730000,
45,d140,140,3740000,
45,d140,140,3750000,
45,d140,140,3760000,
45,d140,140,3770000,
45,d140,140,3780000,
45,d140,140,3790000,
45,d140,140,3800000,0.5367000102996826
45,d140,140,3810000,
45,d140,140,3820000,
45,d140,140,3830000,
45,d140,140,3840000,
45,d140,140,3850000,
45,d140,140,3860000,
45,d140,140,3870000,
45,d140,140,3880000,
45,d140,140,3890000,
45,d140,140,3900000,0.5212000012397766
45,d140,140,3910000,
45,d140,140,3920000,
45,d140,140,3930000,
45,d140,140,3940000,
45,d140,140,3950000,
45,d140,140,3960000,
45,d140,140,3970000,
45,d140,140,3980000,
45,d140,140,3990000,
45,d140,140,4000000,0.5390999913215637
45,d140,140,4010000,
45,d140,140,4020000,
45,d140,140,4030000,
45,d140,140,4040000,
45,d140,140,4050000,
45,d140,140,4060000,
45,d140,140,4070000,
45,d140,140,4080000,
45,d140,140,4090000,
45,d140,140,4100000,0.5781999826431274
45,d140,140,4110000,
45,d140,140,4120000,
45,d140,140,4130000,
45,d140,140,4140000,
45,d140,140,4150000,
45,d140,140,4160000,
45,d140,140,4170000,
45,d140,140,4180000,
45,d140,140,4190000,
45,d140,140,4200000,0.5386000275611877
45,d140,140,4210000,
45,d140,140,4220000,
45,d140,140,4230000,
45,d140,140,4240000,
45,d140,140,4250000,
45,d140,140,4260000,
45,d140,140,4270000,
45,d140,140,4280000,
45,d140,140,4290000,
45,d140,140,4300000,0.5564000010490417
45,d140,140,4310000,
45,d140,140,4320000,
45,d140,140,4330000,
45,d140,140,4340000,
45,d140,140,4350000,
45,d140,140,4360000,
45,d140,140,4370000,
45,d140,140,4380000,
45,d140,140,4390000,
45,d140,140,4400000,0.5641000270843506
45,d140,140,4410000,
45,d140,140,4420000,
45,d140,140,4430000,
45,d140,140,4440000,
45,d140,140,4450000,
45,d140,140,4460000,
45,d140,140,4470000,
45,d140,140,4480000,
45,d140,140,4490000,
45,d140,140,4500000,0.5982999801635742
45,d140,140,4510000,
45,d140,140,4520000,
45,d140,140,4530000,
45,d140,140,4540000,
45,d140,140,4550000,
45,d140,140,4560000,
45,d140,140,4570000,
45,d140,140,4580000,
45,d140,140,4590000,
45,d140,140,4600000,0.5807999968528748
45,d140,140,4610000,
45,d140,140,4620000,
45,d140,140,4630000,
45,d140,140,4640000,
45,d140,140,4650000,
45,d140,140,4660000,
45,d140,140,4670000,
45,d140,140,4680000,
45,d140,140,4690000,
45,d140,140,4700000,0.5958999991416931
45,d140,140,4710000,
45,d140,140,4720000,
45,d140,140,4730000,
45,d140,140,4740000,
45,d140,140,4750000,
45,d140,140,4760000,
45,d140,140,4770000,
45,d140,140,4780000,
45,d140,140,4790000,
45,d140,140,4800000,0.6219000220298767
45,d140,140,4810000,
45,d140,140,4820000,
45,d140,140,4830000,
45,d140,140,4840000,
45,d140,140,4850000,
45,d140,140,4860000,
45,d140,140,4870000,
45,d140,140,4880000,
45,d140,140,4890000,
45,d140,140,4900000,0.6194999814033508
45,d140,140,4910000,
45,d140,140,4920000,
45,d140,140,4930000,
45,d140,140,4940000,
45,d140,140,4950000,
45,d140,140,4960000,
45,d140,140,4970000,
45,d140,140,4980000,
45,d140,140,4990000,
45,d140,140,5000000,0.6101999878883362
46,d140,140,1,0.0
46,d140,140,10000,
46,d140,140,20000,
46,d140,140,30000,
46,d140,140,40000,
46,d140,140,50000,
46,d140,140,60000,
46,d140,140,70000,
46,d140,140,80000,
46,d140,140,90000,
46,d140,140,100000,0.0
46,d140,140,110000,
46,d140,140,120000,
46,d140,140,130000,
46,d140,140,140000,
46,d140,140,150000,
46,d140,140,160000,
46,d140,140,170000,
46,d140,140,180000,
46,d140,140,190000,
46,d140,140,200000,0.0008999999845400453
46,d140,140,210000,
46,d140,140,220000,
46,d140,140,230000,
46,d140,140,240000,
46,d140,140,250000,
46,d140,140,260000,
46,d140,140,270000,
46,d140,140,280000,
46,d140,140,290000,
46,d140,140,300000,0.0019000000320374966
46,d140,140,310000,
46,d140,140,320000,
46,d140,140,330000,
46,d140,140,340000,
46,d140,140,350000,
46,d140,140,360000,
46,d140,140,370000,
46,d140,140,380000,
46,d140,140,390000,
46,d140,140,400000,0.005100000184029341
46,d140,140,410000,
46,d140,140,420000,
46,d140,140,430000,
46,d140,140,440000,
46,d140,140,450000,
46,d140,140,460000,
46,d140,140,470000,
46,d140,140,480000,
46,d140,140,490000,
46,d140,140,500000,0.008799999952316284
46,d140,140,510000,
46,d140,140,520000,
46,d140,140,530000,
46,d140,140,540000,
46,d140,140,550000,
46,d140,140,560000,
46,d140,140,570000,
46,d140,140,580000,
46,d140,140,590000,
46,d140,140,600000,0.014000000432133675
46,d140,140,610000,
46,d140,140,620000,
46,d140,140,630000,
46,d140,140,640000,
46,d140,140,650000,
46,d140,140,660000,
46,d140,140,670000,
46,d140,140,680000,
46,d140,140,690000,
46,d140,140,700000,0.01899999938905239
46,d140,140,710000,
46,d140,140,720000,
46,d140,140,730000,
46,d140,140,740000,
46,d140,140,750000,
46,d140,140,760000,
46,d140,140,770000,
46,d140,140,780000,
46,d140,140,790000,
46,d140,140,800000,0.02329999953508377
46,d140,140,810000,
46,d140,140,820000,
46,d140,140,830000,
46,d140,140,840000,
46,d140,140,850000,
46,d140,140,860000,
46,d140,140,870000,
46,d140,140,880000,
46,d140,140,890000,
46,d140,140,900000,0.03099999949336052
46,d140,140,910000,
46,d140,140,920000,
46,d140,140,930000,
46,d140,140,940000,
46,d140,140,950000,
46,d140,140,960000,
46,d140,140,970000,
46,d140,140,980000,
46,d140,140,990000,
46,d140,140,1000000,0.034699998795986176
46,d140,140,1010000,
46,d140,140,1020000,
46,d140,140,1030000,
46,d140,140,1040000,
46,d140,140,1050000,
46,d140,140,1060000,
46,d140,140,1070000,
46,d140,140,1080000,
46,d140,140,1090000,
46,d140,140,1100000,0.05249999836087227
46,d140,140,1110000,
46,d140,140,1120000,
46,d140,140,1130000,
46,d140,140,1140000,
46,d140,140,1150000,
46,d140,140,1160000,
46,d140,140,1170000,
46,d140,140,1180000,
46,d140,140,1190000,
46,d140,140,1200000,0.060499999672174454
46,d140,140,1210000,
46,d140,140,1220000,
46,d140,140,1230000,
46,d140,140,1240000,
46,d140,140,1250000,
46,d140,140,1260000,
46,d140,140,1270000,
46,d140,140,1280000,
46,d140,140,1290000,
46,d140,140,1300000,0.08429999649524689
46,d140,140,1310000,
46,d140,140,1320000,
46,d140,140,1330000,
46,d140,140,1340000,
46,d140,140,1350000,
46,d140,140,1360000,
46,d140,140,1370000,
46,d140,140,1380000,
46,d140,140,1390000,
46,d140,140,1400000,0.09399999678134918
46,d140,140,1410000,
46,d140,140,1420000,
46,d140,140,1430000,
46,d140,140,1440000,
46,d140,140,1450000,
46,d140,140,1460000,
46,d140,140,1470000,
46,d140,140,1480000,
46,d140,140,1490000,
46,d140,140,1500000,0.13580000400543213
46,d140,140,1510000,
46,d140,140,1520000,
46,d140,140,1530000,
46,d140,140,1540000,
46,d140,140,1550000,
46,d140,140,1560000,
46,d140,140,1570000,
46,d140,140,1580000,
46,d140,140,1590000,
46,d140,140,1600000,0.16300000250339508
46,d140,140,1610000,
46,d140,140,1620000,
46,d140,140,1630000,
46,d140,140,1640000,
46,d140,140,1650000,
46,d140,140,1660000,
46,d140,140,1670000,
46,d140,140,1680000,
46,d140,140,1690000,
46,d140,140,1700000,0.18050000071525574
46,d140,140,1710000,
46,d140,140,1720000,
46,d140,140,1730000,
46,d140,140,1740000,
46,d140,140,1750000,
46,d140,140,1760000,
46,d140,140,1770000,
46,d140,140,1780000,
46,d140,140,1790000,
46,d140,140,1800000,0.210099995136261
46,d140,140,1810000,
46,d140,140,1820000,
46,d140,140,1830000,
46,d140,140,1840000,
46,d140,140,1850000,
46,d140,140,1860000,
46,d140,140,1870000,
46,d140,140,1880000,
46,d140,140,1890000,
46,d140,140,1900000,0.2287999987602234
46,d140,140,1910000,
46,d140,140,1920000,
46,d140,140,1930000,
46,d140,140,1940000,
46,d140,140,1950000,
46,d140,140,1960000,
46,d140,140,1970000,
46,d140,140,1980000,
46,d140,140,1990000,
46,d140,140,2000000,0.26429998874664307
46,d140,140,2010000,
46,d140,140,2020000,
46,d140,140,2030000,
46,d140,140,2040000,
46,d140,140,2050000,
46,d140,140,2060000,
46,d140,140,2070000,
46,d140,140,2080000,
46,d140,140,2090000,
46,d140,140,2100000,0.29269999265670776
46,d140,140,2110000,
46,d140,140,2120000,
46,d140,140,2130000,
46,d140,140,2140000,
46,d140,140,2150000,
46,d140,140,2160000,
46,d140,140,2170000,
46,d140,140,2180000,
46,d140,140,2190000,
46,d140,140,2200000,0.30320000648498535
46,d140,140,2210000,
46,d140,140,2220000,
46,d140,140,2230000,
46,d140,140,2240000,
46,d140,140,2250000,
46,d140,140,2260000,
46,d140,140,2270000,
46,d140,140,2280000,
46,d140,140,2290000,
46,d140,140,2300000,0.3228999972343445
46,d140,140,2310000,
46,d140,140,2320000,
46,d140,140,2330000,
46,d140,140,2340000,
46,d140,140,2350000,
46,d140,140,2360000,
46,d140,140,2370000,
46,d140,140,2380000,
46,d140,140,2390000,
46,d140,140,2400000,0.3569999933242798
46,d140,140,2410000,
46,d140,140,2420000,
46,d140,140,2430000,
46,d140,140,2440000,
46,d140,140,2450000,
46,d140,140,2460000,
46,d140,140,2470000,
46,d140,140,2480000,
46,d140,140,2490000,
46,d140,140,2500000,0.382999986410141
46,d140,140,2510000,
46,d140,140,2520000,
46,d140,140,2530000,
46,d140,140,2540000,
46,d140,140,2550000,
46,d140,140,2560000,
46,d140,140,2570000,
46,d140,140,2580000,
46,d140,140,2590000,
46,d140,140,2600000,0.40529999136924744
46,d140,140,2610000,
46,d140,140,2620000,
46,d140,140,2630000,
46,d140,140,2640000,
46,d140,140,2650000,
46,d140,140,2660000,
46,d140,140,2670000,
46,d140,140,2680000,
46,d140,140,2690000,
46,d140,140,2700000,0.3882000148296356
46,d140,140,2710000,
46,d140,140,2720000,
46,d140,140,2730000,
46,d140,140,2740000,
46,d140,140,2750000,
46,d140,140,2760000,
46,d140,140,2770000,
46,d140,140,2780000,
46,d140,140,2790000,
46,d140,140,2800000,0.4406999945640564
46,d140,140,2810000,
46,d140,140,2820000,
46,d140,140,2830000,
46,d140,140,2840000,
46,d140,140,2850000,
46,d140,140,2860000,
46,d140,140,2870000,
46,d140,140,2880000,
46,d140,140,2890000,
46,d140,140,2900000,0.43970000743865967
46,d140,140,2910000,
46,d140,140,2920000,
46,d140,140,2930000,
46,d140,140,2940000,
46,d140,140,2950000,
46,d140,140,2960000,
46,d140,140,2970000,
46,d140,140,2980000,
46,d140,140,2990000,
46,d140,140,3000000,0.4580000042915344
46,d140,140,3010000,
46,d140,140,3020000,
46,d140,140,3030000,
46,d140,140,3040000,
46,d140,140,3050000,
46,d140,140,3060000,
46,d140,140,3070000,
46,d140,140,3080000,
46,d140,140,3090000,
46,d140,140,3100000,0.4758000075817108
46,d140,140,3110000,
46,d140,140,3120000,
46,d140,140,3130000,
46,d140,140,3140000,
46,d140,140,3150000,
46,d140,140,3160000,
46,d140,140,3170000,
46,d140,140,3180000,
46,d140,140,3190000,
46,d140,140,3200000,0.47920000553131104
46,d140,140,3210000,
46,d140,140,3220000,
46,d140,140,3230000,
46,d140,140,3240000,
46,d140,140,3250000,
46,d140,140,3260000,
46,d140,140,3270000,
46,d140,140,3280000,
46,d140,140,3290000,
46,d140,140,3300000,0.508899986743927
46,d140,140,3310000,
46,d140,140,3320000,
46,d140,140,3330000,
46,d140,140,3340000,
46,d140,140,3350000,
46,d140,140,3360000,
46,d140,140,3370000,
46,d140,140,3380000,
46,d140,140,3390000,
46,d140,140,3400000,0.5418999791145325
46,d140,140,3410000,
46,d140,140,3420000,
46,d140,140,3430000,
46,d140,140,3440000,
46,d140,140,3450000,
46,d140,140,3460000,
46,d140,140,3470000,
46,d140,140,3480000,
46,d140,140,3490000,
46,d140,140,3500000,0.5414999723434448
46,d140,140,3510000,
46,d140,140,3520000,
46,d140,140,3530000,
46,d140,140,3540000,
46,d140,140,3550000,
46,d140,140,3560000,
46,d140,140,3570000,
46,d140,140,3580000,
46,d140,140,3590000,
46,d140,140,3600000,0.5354999899864197
46,d140,140,3610000,
46,d140,140,3620000,
46,d140,140,3630000,
46,d140,140,3640000,
46,d140,140,3650000,
46,d140,140,3660000,
46,d140,140,3670000,
46,d140,140,3680000,
46,d140,140,3690000,
46,d140,140,3700000,0.5267000198364258
46,d140,140,3710000,
46,d140,140,3720000,
46,d140,140,3730000,
46,d140,140,3740000,
46,d140,140,3750000,
46,d140,140,3760000,
46,d140,140,3770000,
46,d140,140,3780000,
46,d140,140,3790000,
46,d140,140,3800000,0.5516999959945679
46,d140,140,3810000,
46,d140,140,3820000,
46,d140,140,3830000,
46,d140,140,3840000,
46,d140,140,3850000,
46,d140,140,3860000,
46,d140,140,3870000,
46,d140,140,3880000,
46,d140,140,3890000,
46,d140,140,3900000,0.5752999782562256
46,d140,140,3910000,
46,d140,140,3920000,
46,d140,140,3930000,
46,d140,140,3940000,
46,d140,140,3950000,
46,d140,140,3960000,
46,d140,140,3970000,
46,d140,140,3980000,
46,d140,140,3990000,
46,d140,140,4000000,0.5576000213623047
46,d140,140,4010000,
46,d140,140,4020000,
46,d140,140,4030000,
46,d140,140,4040000,
46,d140,140,4050000,
46,d140,140,4060000,
46,d140,140,4070000,
46,d140,140,4080000,
46,d140,140,4090000,
46,d140,140,4100000,0.5680000185966492
46,d140,140,4110000,
46,d140,140,4120000,
46,d140,140,4130000,
46,d140,140,4140000,
46,d140,140,4150000,
46,d140,140,4160000,
46,d140,140,4170000,
46,d140,140,4180000,
46,d140,140,4190000,
46,d140,140,4200000,0.5861999988555908
46,d140,140,4210000,
46,d140,140,4220000,
46,d140,140,4230000,
46,d140,140,4240000,
46,d140,140,4250000,
46,d140,140,4260000,
46,d140,140,4270000,
46,d140,140,4280000,
46,d140,140,4290000,
46,d140,140,4300000,0.6026999950408936
46,d140,140,4310000,
46,d140,140,4320000,
46,d140,140,4330000,
46,d140,140,4340000,
46,d140,140,4350000,
46,d140,140,4360000,
46,d140,140,4370000,
46,d140,140,4380000,
46,d140,140,4390000,
46,d140,140,4400000,0.6119999885559082
46,d140,140,4410000,
46,d140,140,4420000,
46,d140,140,4430000,
46,d140,140,4440000,
46,d140,140,4450000,
46,d140,140,4460000,
46,d140,140,4470000,
46,d140,140,4480000,
46,d140,140,4490000,
46,d140,140,4500000,0.6010000109672546
46,d140,140,4510000,
46,d140,140,4520000,
46,d140,140,4530000,
46,d140,140,4540000,
46,d140,140,4550000,
46,d140,140,4560000,
46,d140,140,4570000,
46,d140,140,4580000,
46,d140,140,4590000,
46,d140,140,4600000,0.6204000115394592
46,d140,140,4610000,
46,d140,140,4620000,
46,d140,140,4630000,
46,d140,140,4640000,
46,d140,140,4650000,
46,d140,140,4660000,
46,d140,140,4670000,
46,d140,140,4680000,
46,d140,140,4690000,
46,d140,140,4700000,0.6158999800682068
46,d140,140,4710000,
46,d140,140,4720000,
46,d140,140,4730000,
46,d140,140,4740000,
46,d140,140,4750000,
46,d140,140,4760000,
46,d140,140,4770000,
46,d140,140,4780000,
46,d140,140,4790000,
46,d140,140,4800000,0.6226999759674072
46,d140,140,4810000,
46,d140,140,4820000,
46,d140,140,4830000,
46,d140,140,4840000,
46,d140,140,4850000,
46,d140,140,4860000,
46,d140,140,4870000,
46,d140,140,4880000,
46,d140,140,4890000,
46,d140,140,4900000,0.6248000264167786
46,d140,140,4910000,
46,d140,140,4920000,
46,d140,140,4930000,
46,d140,140,4940000,
46,d140,140,4950000,
46,d140,140,4960000,
46,d140,140,4970000,
46,d140,140,4980000,
46,d140,140,4990000,
46,d140,140,5000000,0.6273999810218811
42,d160,160,1,0.0
42,d160,160,10000,
42,d160,160,20000,
42,d160,160,30000,
42,d160,160,40000,
42,d160,160,50000,
42,d160,160,60000,
42,d160,160,70000,
42,d160,160,80000,
42,d160,160,90000,
42,d160,160,100000,0.0
42,d160,160,110000,
42,d160,160,120000,
42,d160,160,130000,
42,d160,160,140000,
42,d160,160,150000,
42,d160,160,160000,
42,d160,160,170000,
42,d160,160,180000,
42,d160,160,190000,
42,d160,160,200000,0.00019999999494757503
42,d160,160,210000,
42,d160,160,220000,
42,d160,160,230000,
42,d160,160,240000,
42,d160,160,250000,
42,d160,160,260000,
42,d160,160,270000,
42,d160,160,280000,
42,d160,160,290000,
42,d160,160,300000,0.001500000013038516
42,d160,160,310000,
42,d160,160,320000,
42,d160,160,330000,
42,d160,160,340000,
42,d160,160,350000,
42,d160,160,360000,
42,d160,160,370000,
42,d160,160,380000,
42,d160,160,390000,
42,d160,160,400000,0.0017999999690800905
42,d160,160,410000,
42,d160,160,420000,
42,d160,160,430000,
42,d160,160,440000,
42,d160,160,450000,
42,d160,160,460000,
42,d160,160,470000,
42,d160,160,480000,
42,d160,160,490000,
42,d160,160,500000,0.007300000172108412
42,d160,160,510000,
42,d160,160,520000,
42,d160,160,530000,
42,d160,160,540000,
42,d160,160,550000,
42,d160,160,560000,
42,d160,160,570000,
42,d160,160,580000,
42,d160,160,590000,
42,d160,160,600000,0.012199999764561653
42,d160,160,610000,
42,d160,160,620000,
42,d160,160,630000,
42,d160,160,640000,
42,d160,160,650000,
42,d160,160,660000,
42,d160,160,670000,
42,d160,160,680000,
42,d160,160,690000,
42,d160,160,700000,0.020899999886751175
42,d160,160,710000,
42,d160,160,720000,
42,d160,160,730000,
42,d160,160,740000,
42,d160,160,750000,
42,d160,160,760000,
42,d160,160,770000,
42,d160,160,780000,
42,d160,160,790000,
42,d160,160,800000,0.028200000524520874
42,d160,160,810000,
42,d160,160,820000,
42,d160,160,830000,
42,d160,160,840000,
42,d160,160,850000,
42,d160,160,860000,
42,d160,160,870000,
42,d160,160,880000,
42,d160,160,890000,
42,d160,160,900000,0.038100000470876694
42,d160,160,910000,
42,d160,160,920000,
42,d160,160,930000,
42,d160,160,940000,
42,d160,160,950000,
42,d160,160,960000,
42,d160,160,970000,
42,d160,160,980000,
42,d160,160,990000,
42,d160,160,1000000,0.06109999865293503
42,d160,160,1010000,
42,d160,160,1020000,
42,d160,160,1030000,
42,d160,160,1040000,
42,d160,160,1050000,
42,d160,160,1060000,
42,d160,160,1070000,
42,d160,160,1080000,
42,d160,160,1090000,
42,d160,160,1100000,0.08879999816417694
42,d160,160,1110000,
42,d160,160,1120000,
42,d160,160,1130000,
42,d160,160,1140000,
42,d160,160,1150000,
42,d160,160,1160000,
42,d160,160,1170000,
42,d160,160,1180000,
42,d160,160,1190000,
42,d160,160,1200000,0.12479999661445618
42,d160,160,1210000,
42,d160,160,1220000,
42,d160,160,1230000,
42,d160,160,1240000,
42,d160,160,1250000,
42,d160,160,1260000,
42,d160,160,1270000,
42,d160,160,1280000,
42,d160,160,1290000,
42,d160,160,1300000,0.14399999380111694
42,d160,160,1310000,
42,d160,160,1320000,
42,d160,160,1330000,
42,d160,160,1340000,
42,d160,160,1350000,
42,d160,160,1360000,
42,d160,160,1370000,
42,d160,160,1380000,
42,d160,160,1390000,
42,d160,160,1400000,0.1670999974012375
42,d160,160,1410000,
42,d160,160,1420000,
42,d160,160,1430000,
42,d160,160,1440000,
42,d160,160,1450000,
42,d160,160,1460000,
42,d160,160,1470000,
42,d160,160,1480000,
42,d160,160,1490000,
42,d160,160,1500000,0.20229999721050262
42,d160,160,1510000,
42,d160,160,1520000,
42,d160,160,1530000,
42,d160,160,1540000,
42,d160,160,1550000,
42,d160,160,1560000,
42,d160,160,1570000,
42,d160,160,1580000,
42,d160,160,1590000,
42,d160,160,1600000,0.23729999363422394
42,d160,160,1610000,
42,d160,160,1620000,
42,d160,160,1630000,
42,d160,160,1640000,
42,d160,160,1650000,
42,d160,160,1660000,
42,d160,160,1670000,
42,d160,160,1680000,
42,d160,160,1690000,
42,d160,160,1700000,0.23749999701976776
42,d160,160,1710000,
42,d160,160,1720000,
42,d160,160,1730000,
42,d160,160,1740000,
42,d160,160,1750000,
42,d160,160,1760000,
42,d160,160,1770000,
42,d160,160,1780000,
42,d160,160,1790000,
42,d160,160,1800000,0.24799999594688416
42,d160,160,1810000,
42,d160,160,1820000,
42,d160,160,1830000,
42,d160,160,1840000,
42,d160,160,1850000,
42,d160,160,1860000,
42,d160,160,1870000,
42,d160,160,1880000,
42,d160,160,1890000,
42,d160,160,1900000,0.3084000051021576
42,d160,160,1910000,
42,d160,160,1920000,
42,d160,160,1930000,
42,d160,160,1940000,
42,d160,160,1950000,
42,d160,160,1960000,
42,d160,160,1970000,
42,d160,160,1980000,
42,d160,160,1990000,
42,d160,160,2000000,0.335099995136261
42,d160,160,2010000,
42,d160,160,2020000,
42,d160,160,2030000,
42,d160,160,2040000,
42,d160,160,2050000,
42,d160,160,2060000,
42,d160,160,2070000,
42,d160,160,2080000,
42,d160,160,2090000,
42,d160,160,2100000,0.34290000796318054
42,d160,160,2110000,
42,d160,160,2120000,
42,d160,160,2130000,
42,d160,160,2140000,
42,d160,160,2150000,
42,d160,160,2160000,
42,d160,160,2170000,
42,d160,160,2180000,
42,d160,160,2190000,
42,d160,160,2200000,0.358599990606308
42,d160,160,2210000,
42,d160,160,2220000,
42,d160,160,2230000,
42,d160,160,2240000,
42,d160,160,2250000,
42,d160,160,2260000,
42,d160,160,2270000,
42,d160,160,2280000,
42,d160,160,2290000,
42,d160,160,2300000,0.3935999870300293
42,d160,160,2310000,
42,d160,160,2320000,
42,d160,160,2330000,
42,d160,160,2340000,
42,d160,160,2350000,
42,d160,160,2360000,
42,d160,160,2370000,
42,d160,160,2380000,
42,d160,160,2390000,
42,d160,160,2400000,0.40459999442100525
42,d160,160,2410000,
42,d160,160,2420000,
42,d160,160,2430000,
42,d160,160,2440000,
42,d160,160,2450000,
42,d160,160,2460000,
42,d160,160,2470000,
42,d160,160,2480000,
42,d160,160,2490000,
42,d160,160,2500000,0.4154999852180481
42,d160,160,2510000,
42,d160,160,2520000,
42,d160,160,2530000,
42,d160,160,2540000,
42,d160,160,2550000,
42,d160,160,2560000,
42,d160,160,2570000,
42,d160,160,2580000,
42,d160,160,2590000,
42,d160,160,2600000,0.4316999912261963
42,d160,160,2610000,
42,d160,160,2620000,
42,d160,160,2630000,
42,d160,160,2640000,
42,d160,160,2650000,
42,d160,160,2660000,
42,d160,160,2670000,
42,d160,160,2680000,
42,d160,160,2690000,
42,d160,160,2700000,0.454800009727478
42,d160,160,2710000,
42,d160,160,2720000,
42,d160,160,2730000,
42,d160,160,2740000,
42,d160,160,2750000,
42,d160,160,2760000,
42,d160,160,2770000,
42,d160,160,2780000,
42,d160,160,2790000,
42,d160,160,2800000,0.4724999964237213
42,d160,160,2810000,
42,d160,160,2820000,
42,d160,160,2830000,
42,d160,160,2840000,
42,d160,160,2850000,
42,d160,160,2860000,
42,d160,160,2870000,
42,d160,160,2880000,
42,d160,160,2890000,
42,d160,160,2900000,0.49459999799728394
42,d160,160,2910000,
42,d160,160,2920000,
42,d160,160,2930000,
42,d160,160,2940000,
42,d160,160,2950000,
42,d160,160,2960000,
42,d160,160,2970000,
42,d160,160,2980000,
42,d160,160,2990000,
42,d160,160,3000000,0.4779999852180481
42,d160,160,3010000,
42,d160,160,3020000,
42,d160,160,3030000,
42,d160,160,3040000,
42,d160,160,3050000,
42,d160,160,3060000,
42,d160,160,3070000,
42,d160,160,3080000,
42,d160,160,3090000,
42,d160,160,3100000,0.4975999891757965
42,d160,160,3110000,
42,d160,160,3120000,
42,d160,160,3130000,
42,d160,160,3140000,
42,d160,160,3150000,
42,d160,160,3160000,
42,d160,160,3170000,
42,d160,160,3180000,
42,d160,160,3190000,
42,d160,160,3200000,0.536899983882904
42,d160,160,3210000,
42,d160,160,3220000,
42,d160,160,3230000,
42,d160,160,3240000,
42,d160,160,3250000,
42,d160,160,3260000,
42,d160,160,3270000,
42,d160,160,3280000,
42,d160,160,3290000,
42,d160,160,3300000,0.5048999786376953
42,d160,160,3310000,
42,d160,160,3320000,
42,d160,160,3330000,
42,d160,160,3340000,
42,d160,160,3350000,
42,d160,160,3360000,
42,d160,160,3370000,
42,d160,160,3380000,
42,d160,160,3390000,
42,d160,160,3400000,0.5234000086784363
42,d160,160,3410000,
42,d160,160,3420000,
42,d160,160,3430000,
42,d160,160,3440000,
42,d160,160,3450000,
42,d160,160,3460000,
42,d160,160,3470000,
42,d160,160,3480000,
42,d160,160,3490000,
42,d160,160,3500000,0.5248000025749207
42,d160,160,3510000,
42,d160,160,3520000,
42,d160,160,3530000,
42,d160,160,3540000,
42,d160,160,3550000,
42,d160,160,3560000,
42,d160,160,3570000,
42,d160,160,3580000,
42,d160,160,3590000,
42,d160,160,3600000,0.5494999885559082
42,d160,160,3610000,
42,d160,160,3620000,
42,d160,160,3630000,
42,d160,160,3640000,
42,d160,160,3650000,
42,d160,160,3660000,
42,d160,160,3670000,
42,d160,160,3680000,
42,d160,160,3690000,
42,d160,160,3700000,0.542900025844574
42,d160,160,3710000,
42,d160,160,3720000,
42,d160,160,3730000,
42,d160,160,3740000,
42,d160,160,3750000,
42,d160,160,3760000,
42,d160,160,3770000,
42,d160,160,3780000,
42,d160,160,3790000,
42,d160,160,3800000,0.5752999782562256
42,d160,160,3810000,
42,d160,160,3820000,
42,d160,160,3830000,
42,d160,160,3840000,
42,d160,160,3850000,
42,d160,160,3860000,
42,d160,160,3870000,
42,d160,160,3880000,
42,d160,160,3890000,
42,d160,160,3900000,0.5667999982833862
42,d160,160,3910000,
42,d160,160,3920000,
42,d160,160,3930000,
42,d160,160,3940000,
42,d160,160,3950000,
42,d160,160,3960000,
42,d160,160,3970000,
42,d160,160,3980000,
42,d160,160,3990000,
42,d160,160,4000000,0.6086000204086304
42,d160,160,4010000,
42,d160,160,4020000,
42,d160,160,4030000,
42,d160,160,4040000,
42,d160,160,4050000,
42,d160,160,4060000,
42,d160,160,4070000,
42,d160,160,4080000,
42,d160,160,4090000,
42,d160,160,4100000,0.57669997215271
42,d160,160,4110000,
42,d160,160,4120000,
42,d160,160,4130000,
42,d160,160,4140000,
42,d160,160,4150000,
42,d160,160,4160000,
42,d160,160,4170000,
42,d160,160,4180000,
42,d160,160,4190000,
42,d160,160,4200000,0.5637999773025513
42,d160,160,4210000,
42,d160,160,4220000,
42,d160,160,4230000,
42,d160,160,4240000,
42,d160,160,4250000,
42,d160,160,4260000,
42,d160,160,4270000,
42,d160,160,4280000,
42,d160,160,4290000,
42,d160,160,4300000,0.5806000232696533
42,d160,160,4310000,
42,d160,160,4320000,
42,d160,160,4330000,
42,d160,160,4340000,
42,d160,160,4350000,
42,d160,160,4360000,
42,d160,160,4370000,
42,d160,160,4380000,
42,d160,160,4390000,
42,d160,160,4400000,0.5960000157356262
42,d160,160,4410000,
42,d160,160,4420000,
42,d160,160,4430000,
42,d160,160,4440000,
42,d160,160,4450000,
42,d160,160,4460000,
42,d160,160,4470000,
42,d160,160,4480000,
42,d160,160,4490000,
42,d160,160,4500000,0.6158000230789185
42,d160,160,4510000,
42,d160,160,4520000,
42,d160,160,4530000,
42,d160,160,4540000,
42,d160,160,4550000,
42,d160,160,4560000,
42,d160,160,4570000,
42,d160,160,4580000,
42,d160,160,4590000,
42,d160,160,4600000,0.5963000059127808
42,d160,160,4610000,
42,d160,160,4620000,
42,d160,160,4630000,
42,d160,160,4640000,
42,d160,160,4650000,
42,d160,160,4660000,
42,d160,160,4670000,
42,d160,160,4680000,
42,d160,160,4690000,
42,d160,160,4700000,0.5843999981880188
42,d160,160,4710000,
42,d160,160,4720000,
42,d160,160,4730000,
42,d160,160,4740000,
42,d160,160,4750000,
42,d160,160,4760000,
42,d160,160,4770000,
42,d160,160,4780000,
42,d160,160,4790000,
42,d160,160,4800000,0.6183000206947327
42,d160,160,4810000,
42,d160,160,4820000,
42,d160,160,4830000,
42,d160,160,4840000,
42,d160,160,4850000,
42,d160,160,4860000,
42,d160,160,4870000,
42,d160,160,4880000,
42,d160,160,4890000,
42,d160,160,4900000,0.5796999931335449
42,d160,160,4910000,
42,d160,160,4920000,
42,d160,160,4930000,
42,d160,160,4940000,
42,d160,160,4950000,
42,d160,160,4960000,
42,d160,160,4970000,
42,d160,160,4980000,
42,d160,160,4990000,
42,d160,160,5000000,0.6355999708175659
43,d160,160,1,0.0
43,d160,160,10000,
43,d160,160,20000,
43,d160,160,30000,
43,d160,160,40000,
43,d160,160,50000,
43,d160,160,60000,
43,d160,160,70000,
43,d160,160,80000,
43,d160,160,90000,
43,d160,160,100000,0.0
43,d160,160,110000,
43,d160,160,120000,
43,d160,160,130000,
43,d160,160,140000,
43,d160,160,150000,
43,d160,160,160000,
43,d160,160,170000,
43,d160,160,180000,
43,d160,160,190000,
43,d160,160,200000,9.999999747378752e-05
43,d160,160,210000,
43,d160,160,220000,
43,d160,160,230000,
43,d160,160,240000,
43,d160,160,250000,
43,d160,160,260000,
43,d160,160,270000,
43,d160,160,280000,
43,d160,160,290000,
43,d160,160,300000,0.0010000000474974513
43,d160,160,310000,
43,d160,160,320000,
43,d160,160,330000,
43,d160,160,340000,
43,d160,160,350000,
43,d160,160,360000,
43,d160,160,370000,
43,d160,160,380000,
43,d160,160,390000,
43,d160,160,400000,0.0012000000569969416
43,d160,160,410000,
43,d160,160,420000,
43,d160,160,430000,
43,d160,160,440000,
43,d160,160,450000,
43,d160,160,460000,
43,d160,160,470000,
43,d160,160,480000,
43,d160,160,490000,
43,d160,160,500000,0.0052999998442828655
43,d160,160,510000,
43,d160,160,520000,
43,d160,160,530000,
43,d160,160,540000,
43,d160,160,550000,
43,d160,160,560000,
43,d160,160,570000,
43,d160,160,580000,
43,d160,160,590000,
43,d160,160,600000,0.008200000040233135
43,d160,160,610000,
43,d160,160,620000,
43,d160,160,630000,
43,d160,160,640000,
43,d160,160,650000,
43,d160,160,660000,
43,d160,160,670000,
43,d160,160,680000,
43,d160,160,690000,
43,d160,160,700000,0.016599999740719795
43,d160,160,710000,
43,d160,160,720000,
43,d160,160,730000,
43,d160,160,740000,
43,d160,160,750000,
43,d160,160,760000,
43,d160,160,770000,
43,d160,160,780000,
43,d160,160,790000,
43,d160,160,800000,0.029500000178813934
43,d160,160,810000,
43,d160,160,820000,
43,d160,160,830000,
43,d160,160,840000,
43,d160,160,850000,
43,d160,160,860000,
43,d160,160,870000,
43,d160,160,880000,
43,d160,160,890000,
43,d160,160,900000,0.04809999838471413
43,d160,160,910000,
43,d160,160,920000,
43,d160,160,930000,
43,d160,160,940000,
43,d160,160,950000,
43,d160,160,960000,
43,d160,160,970000,
43,d160,160,980000,
43,d160,160,990000,
43,d160,160,1000000,0.07199999690055847
43,d160,160,1010000,
43,d160,160,1020000,
43,d160,160,1030000,
43,d160,160,1040000,
43,d160,160,1050000,
43,d160,160,1060000,
43,d160,160,1070000,
43,d160,160,1080000,
43,d160,160,1090000,
43,d160,160,1100000,0.08799999952316284
43,d160,160,1110000,
43,d160,160,1120000,
43,d160,160,1130000,
43,d160,160,1140000,
43,d160,160,1150000,
43,d160,160,1160000,
43,d160,160,1170000,
43,d160,160,1180000,
43,d160,160,1190000,
43,d160,160,1200000,0.11479999870061874
43,d160,160,1210000,
43,d160,160,1220000,
43,d160,160,1230000,
43,d160,160,1240000,
43,d160,160,1250000,
43,d160,160,1260000,
43,d160,160,1270000,
43,d160,160,1280000,
43,d160,160,1290000,
43,d160,160,1300000,0.1354999989271164
43,d160,160,1310000,
43,d160,160,1320000,
43,d160,160,1330000,
43,d160,160,1340000,
43,d160,160,1350000,
43,d160,160,1360000,
43,d160,160,1370000,
43,d160,160,1380000,
43,d160,160,1390000,
43,d160,160,1400000,0.17080000042915344
43,d160,160,1410000,
43,d160,160,1420000,
43,d160,160,1430000,
43,d160,160,1440000,
43,d160,160,1450000,
43,d160,160,1460000,
43,d160,160,1470000,
43,d160,160,1480000,
43,d160,160,1490000,
43,d160,160,1500000,0.21449999511241913
43,d160,160,1510000,
43,d160,160,1520000,
43,d160,160,1530000,
43,d160,160,1540000,
43,d160,160,1550000,
43,d160,160,1560000,
43,d160,160,1570000,
43,d160,160,1580000,
43,d160,160,1590000,
43,d160,160,1600000,0.22339999675750732
43,d160,160,1610000,
43,d160,160,1620000,
43,d160,160,1630000,
43,d160,160,1640000,
43,d160,160,1650000,
43,d160,160,1660000,
43,d160,160,1670000,
43,d160,160,1680000,
43,d160,160,1690000,
43,d160,160,1700000,0.20469999313354492
43,d160,160,1710000,
43,d160,160,1720000,
43,d160,160,1730000,
43,d160,160,1740000,
43,d160,160,1750000,
43,d160,160,1760000,
43,d160,160,1770000,
43,d160,160,1780000,
43,d160,160,1790000,
43,d160,160,1800000,0.258899986743927
43,d160,160,1810000,
43,d160,160,1820000,
43,d160,160,1830000,
43,d160,160,1840000,
43,d160,160,1850000,
43,d160,160,1860000,
43,d160,160,1870000,
43,d160,160,1880000,
43,d160,160,1890000,
43,d160,160,1900000,0.29679998755455017
43,d160,160,1910000,
43,d160,160,1920000,
43,d160,160,1930000,
43,d160,160,1940000,
43,d160,160,1950000,
43,d160,160,1960000,
43,d160,160,1970000,
43,d160,160,1980000,
43,d160,160,1990000,
43,d160,160,2000000,0.2937000095844269
43,d160,160,2010000,
43,d160,160,2020000,
43,d160,160,2030000,
43,d160,160,2040000,
43,d160,160,2050000,
43,d160,160,2060000,
43,d160,160,2070000,
43,d160,160,2080000,
43,d160,160,2090000,
43,d160,160,2100000,0.3292999863624573
43,d160,160,2110000,
43,d160,160,2120000,
43,d160,160,2130000,
43,d160,160,2140000,
43,d160,160,2150000,
43,d160,160,2160000,
43,d160,160,2170000,
43,d160,160,2180000,
43,d160,160,2190000,
43,d160,160,2200000,0.32600000500679016
43,d160,160,2210000,
43,d160,160,2220000,
43,d160,160,2230000,
43,d160,160,2240000,
43,d160,160,2250000,
43,d160,160,2260000,
43,d160,160,2270000,
43,d160,160,2280000,
43,d160,160,2290000,
43,d160,160,2300000,0.359499990940094
43,d160,160,2310000,
43,d160,160,2320000,
43,d160,160,2330000,
43,d160,160,2340000,
43,d160,160,2350000,
43,d160,160,2360000,
43,d160,160,2370000,
43,d160,160,2380000,
43,d160,160,2390000,
43,d160,160,2400000,0.3815999925136566
43,d160,160,2410000,
43,d160,160,2420000,
43,d160,160,2430000,
43,d160,160,2440000,
43,d160,160,2450000,
43,d160,160,2460000,
43,d160,160,2470000,
43,d160,160,2480000,
43,d160,160,2490000,
43,d160,160,2500000,0.35760000348091125
43,d160,160,2510000,
43,d160,160,2520000,
43,d160,160,2530000,
43,d160,160,2540000,
43,d160,160,2550000,
43,d160,160,2560000,
43,d160,160,2570000,
43,d160,160,2580000,
43,d160,160,2590000,
43,d160,160,2600000,0.34150001406669617
43,d160,160,2610000,
43,d160,160,2620000,
43,d160,160,2630000,
43,d160,160,2640000,
43,d160,160,2650000,
43,d160,160,2660000,
43,d160,160,2670000,
43,d160,160,2680000,
43,d160,160,2690000,
43,d160,160,2700000,0.39649999141693115
43,d160,160,2710000,
43,d160,160,2720000,
43,d160,160,2730000,
43,d160,160,2740000,
43,d160,160,2750000,
43,d160,160,2760000,
43,d160,160,2770000,
43,d160,160,2780000,
43,d160,160,2790000,
43,d160,160,2800000,0.3869999945163727
43,d160,160,2810000,
43,d160,160,2820000,
43,d160,160,2830000,
43,d160,160,2840000,
43,d160,160,2850000,
43,d160,160,2860000,
43,d160,160,2870000,
43,d160,160,2880000,
43,d160,160,2890000,
43,d160,160,2900000,0.40790000557899475
43,d160,160,2910000,
43,d160,160,2920000,
43,d160,160,2930000,
43,d160,160,2940000,
43,d160,160,2950000,
43,d160,160,2960000,
43,d160,160,2970000,
43,d160,160,2980000,
43,d160,160,2990000,
43,d160,160,3000000,0.40369999408721924
43,d160,160,3010000,
43,d160,160,3020000,
43,d160,160,3030000,
43,d160,160,3040000,
43,d160,160,3050000,
43,d160,160,3060000,
43,d160,160,3070000,
43,d160,160,3080000,
43,d160,160,3090000,
43,d160,160,3100000,0.4081999957561493
43,d160,160,3110000,
43,d160,160,3120000,
43,d160,160,3130000,
43,d160,160,3140000,
43,d160,160,3150000,
43,d160,160,3160000,
43,d160,160,3170000,
43,d160,160,3180000,
43,d160,160,3190000,
43,d160,160,3200000,0.414900004863739
43,d160,160,3210000,
43,d160,160,3220000,
43,d160,160,3230000,
43,d160,160,3240000,
43,d160,160,3250000,
43,d160,160,3260000,
43,d160,160,3270000,
43,d160,160,3280000,
43,d160,160,3290000,
43,d160,160,3300000,0.43389999866485596
43,d160,160,3310000,
43,d160,160,3320000,
43,d160,160,3330000,
43,d160,160,3340000,
43,d160,160,3350000,
43,d160,160,3360000,
43,d160,160,3370000,
43,d160,160,3380000,
43,d160,160,3390000,
43,d160,160,3400000,0.4410000145435333
43,d160,160,3410000,
43,d160,160,3420000,
43,d160,160,3430000,
43,d160,160,3440000,
43,d160,160,3450000,
43,d160,160,3460000,
43,d160,160,3470000,
43,d160,160,3480000,
43,d160,160,3490000,
43,d160,160,3500000,0.4521999955177307
43,d160,160,3510000,
43,d160,160,3520000,
43,d160,160,3530000,
43,d160,160,3540000,
43,d160,160,3550000,
43,d160,160,3560000,
43,d160,160,3570000,
43,d160,160,3580000,
43,d160,160,3590000,
43,d160,160,3600000,0.47119998931884766
43,d160,160,3610000,
43,d160,160,3620000,
43,d160,160,3630000,
43,d160,160,3640000,
43,d160,160,3650000,
43,d160,160,3660000,
43,d160,160,3670000,
43,d160,160,3680000,
43,d160,160,3690000,
43,d160,160,3700000,0.4544000029563904
43,d160,160,3710000,
43,d160,160,3720000,
43,d160,160,3730000,
43,d160,160,3740000,
43,d160,160,3750000,
43,d160,160,3760000,
43,d160,160,3770000,
43,d160,160,3780000,
43,d160,160,3790000,
43,d160,160,3800000,0.4487000107765198
43,d160,160,3810000,
43,d160,160,3820000,
43,d160,160,3830000,
43,d160,160,3840000,
43,d160,160,3850000,
43,d160,160,3860000,
43,d160,160,3870000,
43,d160,160,3880000,
43,d160,160,3890000,
43,d160,160,3900000,0.476500004529953
43,d160,160,3910000,
43,d160,160,3920000,
43,d160,160,3930000,
43,d160,160,3940000,
43,d160,160,3950000,
43,d160,160,3960000,
43,d160,160,3970000,
43,d160,160,3980000,
43,d160,160,3990000,
43,d160,160,4000000,0.4853000044822693
43,d160,160,4010000,
43,d160,160,4020000,
43,d160,160,4030000,
43,d160,160,4040000,
43,d160,160,4050000,
43,d160,160,4060000,
43,d160,160,4070000,
43,d160,160,4080000,
43,d160,160,4090000,
43,d160,160,4100000,0.4805999994277954
43,d160,160,4110000,
43,d160,160,4120000,
43,d160,160,4130000,
43,d160,160,4140000,
43,d160,160,4150000,
43,d160,160,4160000,
43,d160,160,4170000,
43,d160,160,4180000,
43,d160,160,4190000,
43,d160,160,4200000,0.48809999227523804
43,d160,160,4210000,
43,d160,160,4220000,
43,d160,160,4230000,
43,d160,160,4240000,
43,d160,160,4250000,
43,d160,160,4260000,
43,d160,160,4270000,
43,d160,160,4280000,
43,d160,160,4290000,
43,d160,160,4300000,0.49779999256134033
43,d160,160,4310000,
43,d160,160,4320000,
43,d160,160,4330000,
43,d160,160,4340000,
43,d160,160,4350000,
43,d160,160,4360000,
43,d160,160,4370000,
43,d160,160,4380000,
43,d160,160,4390000,
43,d160,160,4400000,0.49889999628067017
43,d160,160,4410000,
43,d160,160,4420000,
43,d160,160,4430000,
43,d160,160,4440000,
43,d160,160,4450000,
43,d160,160,4460000,
43,d160,160,4470000,
43,d160,160,4480000,
43,d160,160,4490000,
43,d160,160,4500000,0.4964999854564667
43,d160,160,4510000,
43,d160,160,4520000,
43,d160,160,4530000,
43,d160,160,4540000,
43,d160,160,4550000,
43,d160,160,4560000,
43,d160,160,4570000,
43,d160,160,4580000,
43,d160,160,4590000,
43,d160,160,4600000,0.5232999920845032
43,d160,160,4610000,
43,d160,160,4620000,
43,d160,160,4630000,
43,d160,160,4640000,
43,d160,160,4650000,
43,d160,160,4660000,
43,d160,160,4670000,
43,d160,160,4680000,
43,d160,160,4690000,
43,d160,160,4700000,0.5008000135421753
43,d160,160,4710000,
43,d160,160,4720000,
43,d160,160,4730000,
43,d160,160,4740000,
43,d160,160,4750000,
43,d160,160,4760000,
43,d160,160,4770000,
43,d160,160,4780000,
43,d160,160,4790000,
43,d160,160,4800000,0.5335000157356262
43,d160,160,4810000,
43,d160,160,4820000,
43,d160,160,4830000,
43,d160,160,4840000,
43,d160,160,4850000,
43,d160,160,4860000,
43,d160,160,4870000,
43,d160,160,4880000,
43,d160,160,4890000,
43,d160,160,4900000,0.4950999915599823
43,d160,160,4910000,
43,d160,160,4920000,
43,d160,160,4930000,
43,d160,160,4940000,
43,d160,160,4950000,
43,d160,160,4960000,
43,d160,160,4970000,
43,d160,160,4980000,
43,d160,160,4990000,
43,d160,160,5000000,0.5713000297546387
44,d160,160,1,0.0
44,d160,160,10000,
44,d160,160,20000,
44,d160,160,30000,
44,d160,160,40000,
44,d160,160,50000,
44,d160,160,60000,
44,d160,160,70000,
44,d160,160,80000,
44,d160,160,90000,
44,d160,160,100000,0.0
44,d160,160,110000,
44,d160,160,120000,
44,d160,160,130000,
44,d160,160,140000,
44,d160,160,150000,
44,d160,160,160000,
44,d160,160,170000,
44,d160,160,180000,
44,d160,160,190000,
44,d160,160,200000,0.0
44,d160,160,210000,
44,d160,160,220000,
44,d160,160,230000,
44,d160,160,240000,
44,d160,160,250000,
44,d160,160,260000,
44,d160,160,270000,
44,d160,160,280000,
44,d160,160,290000,
44,d160,160,300000,0.0010999999940395355
44,d160,160,310000,
44,d160,160,320000,
44,d160,160,330000,
44,d160,160,340000,
44,d160,160,350000,
44,d160,160,360000,
44,d160,160,370000,
44,d160,160,380000,
44,d160,160,390000,
44,d160,160,400000,0.0031999999191612005
44,d160,160,410000,
44,d160,160,420000,
44,d160,160,430000,
44,d160,160,440000,
44,d160,160,450000,
44,d160,160,460000,
44,d160,160,470000,
44,d160,160,480000,
44,d160,160,490000,
44,d160,160,500000,0.00419999985024333
44,d160,160,510000,
44,d160,160,520000,
44,d160,160,530000,
44,d160,160,540000,
44,d160,160,550000,
44,d160,160,560000,
44,d160,160,570000,
44,d160,160,580000,
44,d160,160,590000,
44,d160,160,600000,0.00930000003427267
44,d160,160,610000,
44,d160,160,620000,
44,d160,160,630000,
44,d160,160,640000,
44,d160,160,650000,
44,d160,160,660000,
44,d160,160,670000,
44,d160,160,680000,
44,d160,160,690000,
44,d160,160,700000,0.013799999840557575
44,d160,160,710000,
44,d160,160,720000,
44,d160,160,730000,
44,d160,160,740000,
44,d160,160,750000,
44,d160,160,760000,
44,d160,160,770000,
44,d160,160,780000,
44,d160,160,790000,
44,d160,160,800000,0.018300000578165054
44,d160,160,810000,
44,d160,160,820000,
44,d160,160,830000,
44,d160,160,840000,
44,d160,160,850000,
44,d160,160,860000,
44,d160,160,870000,
44,d160,160,880000,
44,d160,160,890000,
44,d160,160,900000,0.03579999879002571
44,d160,160,910000,
44,d160,160,920000,
44,d160,160,930000,
44,d160,160,940000,
44,d160,160,950000,
44,d160,160,960000,
44,d160,160,970000,
44,d160,160,980000,
44,d160,160,990000,
44,d160,160,1000000,0.046799998730421066
44,d160,160,1010000,
44,d160,160,1020000,
44,d160,160,1030000,
44,d160,160,1040000,
44,d160,160,1050000,
44,d160,160,1060000,
44,d160,160,1070000,
44,d160,160,1080000,
44,d160,160,1090000,
44,d160,160,1100000,0.06549999862909317
44,d160,160,1110000,
44,d160,160,1120000,
44,d160,160,1130000,
44,d160,160,1140000,
44,d160,160,1150000,
44,d160,160,1160000,
44,d160,160,1170000,
44,d160,160,1180000,
44,d160,160,1190000,
44,d160,160,1200000,0.08389999717473984
44,d160,160,1210000,
44,d160,160,1220000,
44,d160,160,1230000,
44,d160,160,1240000,
44,d160,160,1250000,
44,d160,160,1260000,
44,d160,160,1270000,
44,d160,160,1280000,
44,d160,160,1290000,
44,d160,160,1300000,0.10419999808073044
44,d160,160,1310000,
44,d160,160,1320000,
44,d160,160,1330000,
44,d160,160,1340000,
44,d160,160,1350000,
44,d160,160,1360000,
44,d160,160,1370000,
44,d160,160,1380000,
44,d160,160,1390000,
44,d160,160,1400000,0.13459999859333038
44,d160,160,1410000,
44,d160,160,1420000,
44,d160,160,1430000,
44,d160,160,1440000,
44,d160,160,1450000,
44,d160,160,1460000,
44,d160,160,1470000,
44,d160,160,1480000,
44,d160,160,1490000,
44,d160,160,1500000,0.15719999372959137
44,d160,160,1510000,
44,d160,160,1520000,
44,d160,160,1530000,
44,d160,160,1540000,
44,d160,160,1550000,
44,d160,160,1560000,
44,d160,160,1570000,
44,d160,160,1580000,
44,d160,160,1590000,
44,d160,160,1600000,0.20080000162124634
44,d160,160,1610000,
44,d160,160,1620000,
44,d160,160,1630000,
44,d160,160,1640000,
44,d160,160,1650000,
44,d160,160,1660000,
44,d160,160,1670000,
44,d160,160,1680000,
44,d160,160,1690000,
44,d160,160,1700000,0.2296999990940094
44,d160,160,1710000,
44,d160,160,1720000,
44,d160,160,1730000,
44,d160,160,1740000,
44,d160,160,1750000,
44,d160,160,1760000,
44,d160,160,1770000,
44,d160,160,1780000,
44,d160,160,1790000,
44,d160,160,1800000,0.2502000033855438
44,d160,160,1810000,
44,d160,160,1820000,
44,d160,160,1830000,
44,d160,160,1840000,
44,d160,160,1850000,
44,d160,160,1860000,
44,d160,160,1870000,
44,d160,160,1880000,
44,d160,160,1890000,
44,d160,160,1900000,0.27079999446868896
44,d160,160,1910000,
44,d160,160,1920000,
44,d160,160,1930000,
44,d160,160,1940000,
44,d160,160,1950000,
44,d160,160,1960000,
44,d160,160,1970000,
44,d160,160,1980000,
44,d160,160,1990000,
44,d160,160,2000000,0.31369999051094055
44,d160,160,2010000,
44,d160,160,2020000,
44,d160,160,2030000,
44,d160,160,2040000,
44,d160,160,2050000,
44,d160,160,2060000,
44,d160,160,2070000,
44,d160,160,2080000,
44,d160,160,2090000,
44,d160,160,2100000,0.3084000051021576
44,d160,160,2110000,
44,d160,160,2120000,
44,d160,160,2130000,
44,d160,160,2140000,
44,d160,160,2150000,
44,d160,160,2160000,
44,d160,160,2170000,
44,d160,160,2180000,
44,d160,160,2190000,
44,d160,160,2200000,0.3449000120162964
44,d160,160,2210000,
44,d160,160,2220000,
44,d160,160,2230000,
44,d160,160,2240000,
44,d160,160,2250000,
44,d160,160,2260000,
44,d160,160,2270000,
44,d160,160,2280000,
44,d160,160,2290000,
44,d160,160,2300000,0.3587999939918518
44,d160,160,2310000,
44,d160,160,2320000,
44,d160,160,2330000,
44,d160,160,2340000,
44,d160,160,2350000,
44,d160,160,2360000,
44,d160,160,2370000,
44,d160,160,2380000,
44,d160,160,2390000,
44,d160,160,2400000,0.37940001487731934
44,d160,160,2410000,
44,d160,160,2420000,
44,d160,160,2430000,
44,d160,160,2440000,
44,d160,160,2450000,
44,d160,160,2460000,
44,d160,160,2470000,
44,d160,160,2480000,
44,d160,160,2490000,
44,d160,160,2500000,0.4056999981403351
44,d160,160,2510000,
44,d160,160,2520000,
44,d160,160,2530000,
44,d160,160,2540000,
44,d160,160,2550000,
44,d160,160,2560000,
44,d160,160,2570000,
44,d160,160,2580000,
44,d160,160,2590000,
44,d160,160,2600000,0.4268999993801117
44,d160,160,2610000,
44,d160,160,2620000,
44,d160,160,2630000,
44,d160,160,2640000,
44,d160,160,2650000,
44,d160,160,2660000,
44,d160,160,2670000,
44,d160,160,2680000,
44,d160,160,2690000,
44,d160,160,2700000,0.43720000982284546
44,d160,160,2710000,
44,d160,160,2720000,
44,d160,160,2730000,
44,d160,160,2740000,
44,d160,160,2750000,
44,d160,160,2760000,
44,d160,160,2770000,
44,d160,160,2780000,
44,d160,160,2790000,
44,d160,160,2800000,0.4530999958515167
44,d160,160,2810000,
44,d160,160,2820000,
44,d160,160,2830000,
44,d160,160,2840000,
44,d160,160,2850000,
44,d160,160,2860000,
44,d160,160,2870000,
44,d160,160,2880000,
44,d160,160,2890000,
44,d160,160,2900000,0.4772999882698059
44,d160,160,2910000,
44,d160,160,2920000,
44,d160,160,2930000,
44,d160,160,2940000,
44,d160,160,2950000,
44,d160,160,2960000,
44,d160,160,2970000,
44,d160,160,2980000,
44,d160,160,2990000,
44,d160,160,3000000,0.47859999537467957
44,d160,160,3010000,
44,d160,160,3020000,
44,d160,160,3030000,
44,d160,160,3040000,
44,d160,160,3050000,
44,d160,160,3060000,
44,d160,160,3070000,
44,d160,160,3080000,
44,d160,160,3090000,
44,d160,160,3100000,0.4932999908924103
44,d160,160,3110000,
44,d160,160,3120000,
44,d160,160,3130000,
44,d160,160,3140000,
44,d160,160,3150000,
44,d160,160,3160000,
44,d160,160,3170000,
44,d160,160,3180000,
44,d160,160,3190000,
44,d160,160,3200000,0.48739999532699585
44,d160,160,3210000,
44,d160,160,3220000,
44,d160,160,3230000,
44,d160,160,3240000,
44,d160,160,3250000,
44,d160,160,3260000,
44,d160,160,3270000,
44,d160,160,3280000,
44,d160,160,3290000,
44,d160,160,3300000,0.5157999992370605
44,d160,160,3310000,
44,d160,160,3320000,
44,d160,160,3330000,
44,d160,160,3340000,
44,d160,160,3350000,
44,d160,160,3360000,
44,d160,160,3370000,
44,d160,160,3380000,
44,d160,160,3390000,
44,d160,160,3400000,0.5253999829292297
44,d160,160,3410000,
44,d160,160,3420000,
44,d160,160,3430000,
44,d160,160,3440000,
44,d160,160,3450000,
44,d160,160,3460000,
44,d160,160,3470000,
44,d160,160,3480000,
44,d160,160,3490000,
44,d160,160,3500000,0.5267000198364258
44,d160,160,3510000,
44,d160,160,3520000,
44,d160,160,3530000,
44,d160,160,3540000,
44,d160,160,3550000,
44,d160,160,3560000,
44,d160,160,3570000,
44,d160,160,3580000,
44,d160,160,3590000,
44,d160,160,3600000,0.5342000126838684
44,d160,160,3610000,
44,d160,160,3620000,
44,d160,160,3630000,
44,d160,160,3640000,
44,d160,160,3650000,
44,d160,160,3660000,
44,d160,160,3670000,
44,d160,160,3680000,
44,d160,160,3690000,
44,d160,160,3700000,0.559499979019165
44,d160,160,3710000,
44,d160,160,3720000,
44,d160,160,3730000,
44,d160,160,3740000,
44,d160,160,3750000,
44,d160,160,3760000,
44,d160,160,3770000,
44,d160,160,3780000,
44,d160,160,3790000,
44,d160,160,3800000,0.5716000199317932
44,d160,160,3810000,
44,d160,160,3820000,
44,d160,160,3830000,
44,d160,160,3840000,
44,d160,160,3850000,
44,d160,160,3860000,
44,d160,160,3870000,
44,d160,160,3880000,
44,d160,160,3890000,
44,d160,160,3900000,0.5368000268936157
44,d160,160,3910000,
44,d160,160,3920000,
44,d160,160,3930000,
44,d160,160,3940000,
44,d160,160,3950000,
44,d160,160,3960000,
44,d160,160,3970000,
44,d160,160,3980000,
44,d160,160,3990000,
44,d160,160,4000000,0.5906999707221985
44,d160,160,4010000,
44,d160,160,4020000,
44,d160,160,4030000,
44,d160,160,4040000,
44,d160,160,4050000,
44,d160,160,4060000,
44,d160,160,4070000,
44,d160,160,4080000,
44,d160,160,4090000,
44,d160,160,4100000,0.5928000211715698
44,d160,160,4110000,
44,d160,160,4120000,
44,d160,160,4130000,
44,d160,160,4140000,
44,d160,160,4150000,
44,d160,160,4160000,
44,d160,160,4170000,
44,d160,160,4180000,
44,d160,160,4190000,
44,d160,160,4200000,0.6204000115394592
44,d160,160,4210000,
44,d160,160,4220000,
44,d160,160,4230000,
44,d160,160,4240000,
44,d160,160,4250000,
44,d160,160,4260000,
44,d160,160,4270000,
44,d160,160,4280000,
44,d160,160,4290000,
44,d160,160,4300000,0.5879999995231628
44,d160,160,4310000,
44,d160,160,4320000,
44,d160,160,4330000,
44,d160,160,4340000,
44,d160,160,4350000,
44,d160,160,4360000,
44,d160,160,4370000,
44,d160,160,4380000,
44,d160,160,4390000,
44,d160,160,4400000,0.5641000270843506
44,d160,160,4410000,
44,d160,160,4420000,
44,d160,160,4430000,
44,d160,160,4440000,
44,d160,160,4450000,
44,d160,160,4460000,
44,d160,160,4470000,
44,d160,160,4480000,
44,d160,160,4490000,
44,d160,160,4500000,0.6082000136375427
44,d160,160,4510000,
44,d160,160,4520000,
44,d160,160,4530000,
44,d160,160,4540000,
44,d160,160,4550000,
44,d160,160,4560000,
44,d160,160,4570000,
44,d160,160,4580000,
44,d160,160,4590000,
44,d160,160,4600000,0.6057999730110168
44,d160,160,4610000,
44,d160,160,4620000,
44,d160,160,4630000,
44,d160,160,4640000,
44,d160,160,4650000,
44,d160,160,4660000,
44,d160,160,4670000,
44,d160,160,4680000,
44,d160,160,4690000,
44,d160,160,4700000,0.6171000003814697
44,d160,160,4710000,
44,d160,160,4720000,
44,d160,160,4730000,
44,d160,160,4740000,
44,d160,160,4750000,
44,d160,160,4760000,
44,d160,160,4770000,
44,d160,160,4780000,
44,d160,160,4790000,
44,d160,160,4800000,0.6092000007629395
44,d160,160,4810000,
44,d160,160,4820000,
44,d160,160,4830000,
44,d160,160,4840000,
44,d160,160,4850000,
44,d160,160,4860000,
44,d160,160,4870000,
44,d160,160,4880000,
44,d160,160,4890000,
44,d160,160,4900000,0.6222000122070312
44,d160,160,4910000,
44,d160,160,4920000,
44,d160,160,4930000,
44,d160,160,4940000,
44,d160,160,4950000,
44,d160,160,4960000,
44,d160,160,4970000,
44,d160,160,4980000,
44,d160,160,4990000,
44,d160,160,5000000,0.6625999808311462
45,d160,160,1,0.0
45,d160,160,10000,
45,d160,160,20000,
45,d160,160,30000,
45,d160,160,40000,
45,d160,160,50000,
45,d160,160,60000,
45,d160,160,70000,
45,d160,160,80000,
45,d160,160,90000,
45,d160,160,100000,0.0
45,d160,160,110000,
45,d160,160,120000,
45,d160,160,130000,
45,d160,160,140000,
45,d160,160,150000,
45,d160,160,160000,
45,d160,160,170000,
45,d160,160,180000,
45,d160,160,190000,
45,d160,160,200000,0.0
45,d160,160,210000,
45,d160,160,220000,
45,d160,160,230000,
45,d160,160,240000,
45,d160,160,250000,
45,d160,160,260000,
45,d160,160,270000,
45,d160,160,280000,
45,d160,160,290000,
45,d160,160,300000,0.00039999998989515007
45,d160,160,310000,
45,d160,160,320000,
45,d160,160,330000,
45,d160,160,340000,
45,d160,160,350000,
45,d160,160,360000,
45,d160,160,370000,
45,d160,160,380000,
45,d160,160,390000,
45,d160,160,400000,0.0017999999690800905
45,d160,160,410000,
45,d160,160,420000,
45,d160,160,430000,
45,d160,160,440000,
45,d160,160,450000,
45,d160,160,460000,
45,d160,160,470000,
45,d160,160,480000,
45,d160,160,490000,
45,d160,160,500000,0.0044999998062849045
45,d160,160,510000,
45,d160,160,520000,
45,d160,160,530000,
45,d160,160,540000,
45,d160,160,550000,
45,d160,160,560000,
45,d160,160,570000,
45,d160,160,580000,
45,d160,160,590000,
45,d160,160,600000,0.009399999864399433
45,d160,160,610000,
45,d160,160,620000,
45,d160,160,630000,
45,d160,160,640000,
45,d160,160,650000,
45,d160,160,660000,
45,d160,160,670000,
45,d160,160,680000,
45,d160,160,690000,
45,d160,160,700000,0.01600000075995922
45,d160,160,710000,
45,d160,160,720000,
45,d160,160,730000,
45,d160,160,740000,
45,d160,160,750000,
45,d160,160,760000,
45,d160,160,770000,
45,d160,160,780000,
45,d160,160,790000,
45,d160,160,800000,0.02370000071823597
45,d160,160,810000,
45,d160,160,820000,
45,d160,160,830000,
45,d160,160,840000,
45,d160,160,850000,
45,d160,160,860000,
45,d160,160,870000,
45,d160,160,880000,
45,d160,160,890000,
45,d160,160,900000,0.03319999948143959
45,d160,160,910000,
45,d160,160,920000,
45,d160,160,930000,
45,d160,160,940000,
45,d160,160,950000,
45,d160,160,960000,
45,d160,160,970000,
45,d160,160,980000,
45,d160,160,990000,
45,d160,160,1000000,0.05299999937415123
45,d160,160,1010000,
45,d160,160,1020000,
45,d160,160,1030000,
45,d160,160,1040000,
45,d160,160,1050000,
45,d160,160,1060000,
45,d160,160,1070000,
45,d160,160,1080000,
45,d160,160,1090000,
45,d160,160,1100000,0.0763000026345253
45,d160,160,1110000,
45,d160,160,1120000,
45,d160,160,1130000,
45,d160,160,1140000,
45,d160,160,1150000,
45,d160,160,1160000,
45,d160,160,1170000,
45,d160,160,1180000,
45,d160,160,1190000,
45,d160,160,1200000,0.09260000288486481
45,d160,160,1210000,
45,d160,160,1220000,
45,d160,160,1230000,
45,d160,160,1240000,
45,d160,160,1250000,
45,d160,160,1260000,
45,d160,160,1270000,
45,d160,160,1280000,
45,d160,160,1290000,
45,d160,160,1300000,0.10750000178813934
45,d160,160,1310000,
45,d160,160,1320000,
45,d160,160,1330000,
45,d160,160,1340000,
45,d160,160,1350000,
45,d160,160,1360000,
45,d160,160,1370000,
45,d160,160,1380000,
45,d160,160,1390000,
45,d160,160,1400000,0.1565999984741211
45,d160,160,1410000,
45,d160,160,1420000,
45,d160,160,1430000,
45,d160,160,1440000,
45,d160,160,1450000,
45,d160,160,1460000,
45,d160,160,1470000,
45,d160,160,1480000,
45,d160,160,1490000,
45,d160,160,1500000,0.14990000426769257
45,d160,160,1510000,
45,d160,160,1520000,
45,d160,160,1530000,
45,d160,160,1540000,
45,d160,160,1550000,
45,d160,160,1560000,
45,d160,160,1570000,
45,d160,160,1580000,
45,d160,160,1590000,
45,d160,160,1600000,0.18250000476837158
45,d160,160,1610000,
45,d160,160,1620000,
45,d160,160,1630000,
45,d160,160,1640000,
45,d160,160,1650000,
45,d160,160,1660000,
45,d160,160,1670000,
45,d160,160,1680000,
45,d160,160,1690000,
45,d160,160,1700000,0.2084999978542328
45,d160,160,1710000,
45,d160,160,1720000,
45,d160,160,1730000,
45,d160,160,1740000,
45,d160,160,1750000,
45,d160,160,1760000,
45,d160,160,1770000,
45,d160,160,1780000,
45,d160,160,1790000,
45,d160,160,1800000,0.20340000092983246
45,d160,160,1810000,
45,d160,160,1820000,
45,d160,160,1830000,
45,d160,160,1840000,
45,d160,160,1850000,
45,d160,160,1860000,
45,d160,160,1870000,
45,d160,160,1880000,
45,d160,160,1890000,
45,d160,160,1900000,0.218299999833107
45,d160,160,1910000,
45,d160,160,1920000,
45,d160,160,1930000,
45,d160,160,1940000,
45,d160,160,1950000,
45,d160,160,1960000,
45,d160,160,1970000,
45,d160,160,1980000,
45,d160,160,1990000,
45,d160,160,2000000,0.23989999294281006
45,d160,160,2010000,
45,d160,160,2020000,
45,d160,160,2030000,
45,d160,160,2040000,
45,d160,160,2050000,
45,d160,160,2060000,
45,d160,160,2070000,
45,d160,160,2080000,
45,d160,160,2090000,
45,d160,160,2100000,0.26649999618530273
45,d160,160,2110000,
45,d160,160,2120000,
45,d160,160,2130000,
45,d160,160,2140000,
45,d160,160,2150000,
45,d160,160,2160000,
45,d160,160,2170000,
45,d160,160,2180000,
45,d160,160,2190000,
45,d160,160,2200000,0.29789999127388
45,d160,160,2210000,
45,d160,160,2220000,
45,d160,160,2230000,
45,d160,160,2240000,
45,d160,160,2250000,
45,d160,160,2260000,
45,d160,160,2270000,
45,d160,160,2280000,
45,d160,160,2290000,
45,d160,160,2300000,0.32089999318122864
45,d160,160,2310000,
45,d160,160,2320000,
45,d160,160,2330000,
45,d160,160,2340000,
45,d160,160,2350000,
45,d160,160,2360000,
45,d160,160,2370000,
45,d160,160,2380000,
45,d160,160,2390000,
45,d160,160,2400000,0.35269999504089355
45,d160,160,2410000,
45,d160,160,2420000,
45,d160,160,2430000,
45,d160,160,2440000,
45,d160,160,2450000,
45,d160,160,2460000,
45,d160,160,2470000,
45,d160,160,2480000,
45,d160,160,2490000,
45,d160,160,2500000,0.3310999870300293
45,d160,160,2510000,
45,d160,160,2520000,
45,d160,160,2530000,
45,d160,160,2540000,
45,d160,160,2550000,
45,d160,160,2560000,
45,d160,160,2570000,
45,d160,160,2580000,
45,d160,160,2590000,
45,d160,160,2600000,0.34630000591278076
45,d160,160,2610000,
45,d160,160,2620000,
45,d160,160,2630000,
45,d160,160,2640000,
45,d160,160,2650000,
45,d160,160,2660000,
45,d160,160,2670000,
45,d160,160,2680000,
45,d160,160,2690000,
45,d160,160,2700000,0.36160001158714294
45,d160,160,2710000,
45,d160,160,2720000,
45,d160,160,2730000,
45,d160,160,2740000,
45,d160,160,2750000,
45,d160,160,2760000,
45,d160,160,2770000,
45,d160,160,2780000,
45,d160,160,2790000,
45,d160,160,2800000,0.3644999861717224
45,d160,160,2810000,
45,d160,160,2820000,
45,d160,160,2830000,
45,d160,160,2840000,
45,d160,160,2850000,
45,d160,160,2860000,
45,d160,160,2870000,
45,d160,160,2880000,
45,d160,160,2890000,
45,d160,160,2900000,0.3580000102519989
45,d160,160,2910000,
45,d160,160,2920000,
45,d160,160,2930000,
45,d160,160,2940000,
45,d160,160,2950000,
45,d160,160,2960000,
45,d160,160,2970000,
45,d160,160,2980000,
45,d160,160,2990000,
45,d160,160,3000000,0.37299999594688416
45,d160,160,3010000,
45,d160,160,3020000,
45,d160,160,3030000,
45,d160,160,3040000,
45,d160,160,3050000,
45,d160,160,3060000,
45,d160,160,3070000,
45,d160,160,3080000,
45,d160,160,3090000,
45,d160,160,3100000,0.3991999924182892
45,d160,160,3110000,
45,d160,160,3120000,
45,d160,160,3130000,
45,d160,160,3140000,
45,d160,160,3150000,
45,d160,160,3160000,
45,d160,160,3170000,
45,d160,160,3180000,
45,d160,160,3190000,
45,d160,160,3200000,0.3912999927997589
45,d160,160,3210000,
45,d160,160,3220000,
45,d160,160,3230000,
45,d160,160,3240000,
45,d160,160,3250000,
45,d160,160,3260000,
45,d160,160,3270000,
45,d160,160,3280000,
45,d160,160,3290000,
45,d160,160,3300000,0.44780001044273376
45,d160,160,3310000,
45,d160,160,3320000,
45,d160,160,3330000,
45,d160,160,3340000,
45,d160,160,3350000,
45,d160,160,3360000,
45,d160,160,3370000,
45,d160,160,3380000,
45,d160,160,3390000,
45,d160,160,3400000,0.43059998750686646
45,d160,160,3410000,
45,d160,160,3420000,
45,d160,160,3430000,
45,d160,160,3440000,
45,d160,160,3450000,
45,d160,160,3460000,
45,d160,160,3470000,
45,d160,160,3480000,
45,d160,160,3490000,
45,d160,160,3500000,0.4542999863624573
45,d160,160,3510000,
45,d160,160,3520000,
45,d160,160,3530000,
45,d160,160,3540000,
45,d160,160,3550000,
45,d160,160,3560000,
45,d160,160,3570000,
45,d160,160,3580000,
45,d160,160,3590000,
45,d160,160,3600000,0.42500001192092896
45,d160,160,3610000,
45,d160,160,3620000,
45,d160,160,3630000,
45,d160,160,3640000,
45,d160,160,3650000,
45,d160,160,3660000,
45,d160,160,3670000,
45,d160,160,3680000,
45,d160,160,3690000,
45,d160,160,3700000,0.43860000371932983
45,d160,160,3710000,
45,d160,160,3720000,
45,d160,160,3730000,
45,d160,160,3740000,
45,d160,160,3750000,
45,d160,160,3760000,
45,d160,160,3770000,
45,d160,160,3780000,
45,d160,160,3790000,
45,d160,160,3800000,0.45739999413490295
45,d160,160,3810000,
45,d160,160,3820000,
45,d160,160,3830000,
45,d160,160,3840000,
45,d160,160,3850000,
45,d160,160,3860000,
45,d160,160,3870000,
45,d160,160,3880000,
45,d160,160,3890000,
45,d160,160,3900000,0.4453999996185303
45,d160,160,3910000,
45,d160,160,3920000,
45,d160,160,3930000,
45,d160,160,3940000,
45,d160,160,3950000,
45,d160,160,3960000,
45,d160,160,3970000,
45,d160,160,3980000,
45,d160,160,3990000,
45,d160,160,4000000,0.45739999413490295
45,d160,160,4010000,
45,d160,160,4020000,
45,d160,160,4030000,
45,d160,160,4040000,
45,d160,160,4050000,
45,d160,160,4060000,
45,d160,160,4070000,
45,d160,160,4080000,
45,d160,160,4090000,
45,d160,160,4100000,0.4864000082015991
45,d160,160,4110000,
45,d160,160,4120000,
45,d160,160,4130000,
45,d160,160,4140000,
45,d160,160,4150000,
45,d160,160,4160000,
45,d160,160,4170000,
45,d160,160,4180000,
45,d160,160,4190000,
45,d160,160,4200000,0.4880000054836273
45,d160,160,4210000,
45,d160,160,4220000,
45,d160,160,4230000,
45,d160,160,4240000,
45,d160,160,4250000,
45,d160,160,4260000,
45,d160,160,4270000,
45,d160,160,4280000,
45,d160,160,4290000,
45,d160,160,4300000,0.49950000643730164
45,d160,160,4310000,
45,d160,160,4320000,
45,d160,160,4330000,
45,d160,160,4340000,
45,d160,160,4350000,
45,d160,160,4360000,
45,d160,160,4370000,
45,d160,160,4380000,
45,d160,160,4390000,
45,d160,160,4400000,0.49129998683929443
45,d160,160,4410000,
45,d160,160,4420000,
45,d160,160,4430000,
45,d160,160,4440000,
45,d160,160,4450000,
45,d160,160,4460000,
45,d160,160,4470000,
45,d160,160,4480000,
45,d160,160,4490000,
45,d160,160,4500000,0.47119998931884766
45,d160,160,4510000,
45,d160,160,4520000,
45,d160,160,4530000,
45,d160,160,4540000,
45,d160,160,4550000,
45,d160,160,4560000,
45,d160,160,4570000,
45,d160,160,4580000,
45,d160,160,4590000,
45,d160,160,4600000,0.513700008392334
45,d160,160,4610000,
45,d160,160,4620000,
45,d160,160,4630000,
45,d160,160,4640000,
45,d160,160,4650000,
45,d160,160,4660000,
45,d160,160,4670000,
45,d160,160,4680000,
45,d160,160,4690000,
45,d160,160,4700000,0.5303999781608582
45,d160,160,4710000,
45,d160,160,4720000,
45,d160,160,4730000,
45,d160,160,4740000,
45,d160,160,4750000,
45,d160,160,4760000,
45,d160,160,4770000,
45,d160,160,4780000,
45,d160,160,4790000,
45,d160,160,4800000,0.5182999968528748
45,d160,160,4810000,
45,d160,160,4820000,
45,d160,160,4830000,
45,d160,160,4840000,
45,d160,160,4850000,
45,d160,160,4860000,
45,d160,160,4870000,
45,d160,160,4880000,
45,d160,160,4890000,
45,d160,160,4900000,0.5476999878883362
45,d160,160,4910000,
45,d160,160,4920000,
45,d160,160,4930000,
45,d160,160,4940000,
45,d160,160,4950000,
45,d160,160,4960000,
45,d160,160,4970000,
45,d160,160,4980000,
45,d160,160,4990000,
45,d160,160,5000000,0.5145999789237976
46,d160,160,1,0.0
46,d160,160,10000,
46,d160,160,20000,
46,d160,160,30000,
46,d160,160,40000,
46,d160,160,50000,
46,d160,160,60000,
46,d160,160,70000,
46,d160,160,80000,
46,d160,160,90000,
46,d160,160,100000,0.0
46,d160,160,110000,
46,d160,160,120000,
46,d160,160,130000,
46,d160,160,140000,
46,d160,160,150000,
46,d160,160,160000,
46,d160,160,170000,
46,d160,160,180000,
46,d160,160,190000,
46,d160,160,200000,0.0
46,d160,160,210000,
46,d160,160,220000,
46,d160,160,230000,
46,d160,160,240000,
46,d160,160,250000,
46,d160,160,260000,
46,d160,160,270000,
46,d160,160,280000,
46,d160,160,290000,
46,d160,160,300000,0.0010999999940395355
46,d160,160,310000,
46,d160,160,320000,
46,d160,160,330000,
46,d160,160,340000,
46,d160,160,350000,
46,d160,160,360000,
46,d160,160,370000,
46,d160,160,380000,
46,d160,160,390000,
46,d160,160,400000,0.0026000000070780516
46,d160,160,410000,
46,d160,160,420000,
46,d160,160,430000,
46,d160,160,440000,
46,d160,160,450000,
46,d160,160,460000,
46,d160,160,470000,
46,d160,160,480000,
46,d160,160,490000,
46,d160,160,500000,0.00559999980032444
46,d160,160,510000,
46,d160,160,520000,
46,d160,160,530000,
46,d160,160,540000,
46,d160,160,550000,
46,d160,160,560000,
46,d160,160,570000,
46,d160,160,580000,
46,d160,160,590000,
46,d160,160,600000,0.009499999694526196
46,d160,160,610000,
46,d160,160,620000,
46,d160,160,630000,
46,d160,160,640000,
46,d160,160,650000,
46,d160,160,660000,
46,d160,160,670000,
46,d160,160,680000,
46,d160,160,690000,
46,d160,160,700000,0.015699999406933784
46,d160,160,710000,
46,d160,160,720000,
46,d160,160,730000,
46,d160,160,740000,
46,d160,160,750000,
46,d160,160,760000,
46,d160,160,770000,
46,d160,160,780000,
46,d160,160,790000,
46,d160,160,800000,0.021900000050663948
46,d160,160,810000,
46,d160,160,820000,
46,d160,160,830000,
46,d160,160,840000,
46,d160,160,850000,
46,d160,160,860000,
46,d160,160,870000,
46,d160,160,880000,
46,d160,160,890000,
46,d160,160,900000,0.031300000846385956
46,d160,160,910000,
46,d160,160,920000,
46,d160,160,930000,
46,d160,160,940000,
46,d160,160,950000,
46,d160,160,960000,
46,d160,160,970000,
46,d160,160,980000,
46,d160,160,990000,
46,d160,160,1000000,0.04019999876618385
46,d160,160,1010000,
46,d160,160,1020000,
46,d160,160,1030000,
46,d160,160,1040000,
46,d160,160,1050000,
46,d160,160,1060000,
46,d160,160,1070000,
46,d160,160,1080000,
46,d160,160,1090000,
46,d160,160,1100000,0.05810000002384186
46,d160,160,1110000,
46,d160,160,1120000,
46,d160,160,1130000,
46,d160,160,1140000,
46,d160,160,1150000,
46,d160,160,1160000,
46,d160,160,1170000,
46,d160,160,1180000,
46,d160,160,1190000,
46,d160,160,1200000,0.07400000095367432
46,d160,160,1210000,
46,d160,160,1220000,
46,d160,160,1230000,
46,d160,160,1240000,
46,d160,160,1250000,
46,d160,160,1260000,
46,d160,160,1270000,
46,d160,160,1280000,
46,d160,160,1290000,
46,d160,160,1300000,0.10440000146627426
46,d160,160,1310000,
46,d160,160,1320000,
46,d160,160,1330000,
46,d160,160,1340000,
46,d160,160,1350000,
46,d160,160,1360000,
46,d160,160,1370000,
46,d160,160,1380000,
46,d160,160,1390000,
46,d160,160,1400000,0.13120000064373016
46,d160,160,1410000,
46,d160,160,1420000,
46,d160,160,1430000,
46,d160,160,1440000,
46,d160,160,1450000,
46,d160,160,1460000,
46,d160,160,1470000,
46,d160,160,1480000,
46,d160,160,1490000,
46,d160,160,1500000,0.16019999980926514
46,d160,160,1510000,
46,d160,160,1520000,
46,d160,160,1530000,
46,d160,160,1540000,
46,d160,160,1550000,
46,d160,160,1560000,
46,d160,160,1570000,
46,d160,160,1580000,
46,d160,160,1590000,
46,d160,160,1600000,0.18629999458789825
46,d160,160,1610000,
46,d160,160,1620000,
46,d160,160,1630000,
46,d160,160,1640000,
46,d160,160,1650000,
46,d160,160,1660000,
46,d160,160,1670000,
46,d160,160,1680000,
46,d160,160,1690000,
46,d160,160,1700000,0.21379999816417694
46,d160,160,1710000,
46,d160,160,1720000,
46,d160,160,1730000,
46,d160,160,1740000,
46,d160,160,1750000,
46,d160,160,1760000,
46,d160,160,1770000,
46,d160,160,1780000,
46,d160,160,1790000,
46,d160,160,1800000,0.21889999508857727
46,d160,160,1810000,
46,d160,160,1820000,
46,d160,160,1830000,
46,d160,160,1840000,
46,d160,160,1850000,
46,d160,160,1860000,
46,d160,160,1870000,
46,d160,160,1880000,
46,d160,160,1890000,
46,d160,160,1900000,0.2606000006198883
46,d160,160,1910000,
46,d160,160,1920000,
46,d160,160,1930000,
46,d160,160,1940000,
46,d160,160,1950000,
46,d160,160,1960000,
46,d160,160,1970000,
46,d160,160,1980000,
46,d160,160,1990000,
46,d160,160,2000000,0.2935999929904938
46,d160,160,2010000,
46,d160,160,2020000,
46,d160,160,2030000,
46,d160,160,2040000,
46,d160,160,2050000,
46,d160,160,2060000,
46,d160,160,2070000,
46,d160,160,2080000,
46,d160,160,2090000,
46,d160,160,2100000,0.31290000677108765
46,d160,160,2110000,
46,d160,160,2120000,
46,d160,160,2130000,
46,d160,160,2140000,
46,d160,160,2150000,
46,d160,160,2160000,
46,d160,160,2170000,
46,d160,160,2180000,
46,d160,160,2190000,
46,d160,160,2200000,0.31610000133514404
46,d160,160,2210000,
46,d160,160,2220000,
46,d160,160,2230000,
46,d160,160,2240000,
46,d160,160,2250000,
46,d160,160,2260000,
46,d160,160,2270000,
46,d160,160,2280000,
46,d160,160,2290000,
46,d160,160,2300000,0.3837999999523163
46,d160,160,2310000,
46,d160,160,2320000,
46,d160,160,2330000,
46,d160,160,2340000,
46,d160,160,2350000,
46,d160,160,2360000,
46,d160,160,2370000,
46,d160,160,2380000,
46,d160,160,2390000,
46,d160,160,2400000,0.39629998803138733
46,d160,160,2410000,
46,d160,160,2420000,
46,d160,160,2430000,
46,d160,160,2440000,
46,d160,160,2450000,
46,d160,160,2460000,
46,d160,160,2470000,
46,d160,160,2480000,
46,d160,160,2490000,
46,d160,160,2500000,0.39100000262260437
46,d160,160,2510000,
46,d160,160,2520000,
46,d160,160,2530000,
46,d160,160,2540000,
46,d160,160,2550000,
46,d160,160,2560000,
46,d160,160,2570000,
46,d160,160,2580000,
46,d160,160,2590000,
46,d160,160,2600000,0.4198000133037567
46,d160,160,2610000,
46,d160,160,2620000,
46,d160,160,2630000,
46,d160,160,2640000,
46,d160,160,2650000,
46,d160,160,2660000,
46,d160,160,2670000,
46,d160,160,2680000,
46,d160,160,2690000,
46,d160,160,2700000,0.4406999945640564
46,d160,160,2710000,
46,d160,160,2720000,
46,d160,160,2730000,
46,d160,160,2740000,
46,d160,160,2750000,
46,d160,160,2760000,
46,d160,160,2770000,
46,d160,160,2780000,
46,d160,160,2790000,
46,d160,160,2800000,0.4302000105381012
46,d160,160,2810000,
46,d160,160,2820000,
46,d160,160,2830000,
46,d160,160,2840000,
46,d160,160,2850000,
46,d160,160,2860000,
46,d160,160,2870000,
46,d160,160,2880000,
46,d160,160,2890000,
46,d160,160,2900000,0.4632999897003174
46,d160,160,2910000,
46,d160,160,2920000,
46,d160,160,2930000,
46,d160,160,2940000,
46,d160,160,2950000,
46,d160,160,2960000,
46,d160,160,2970000,
46,d160,160,2980000,
46,d160,160,2990000,
46,d160,160,3000000,0.5062999725341797
46,d160,160,3010000,
46,d160,160,3020000,
46,d160,160,3030000,
46,d160,160,3040000,
46,d160,160,3050000,
46,d160,160,3060000,
46,d160,160,3070000,
46,d160,160,3080000,
46,d160,160,3090000,
46,d160,160,3100000,0.5041999816894531
46,d160,160,3110000,
46,d160,160,3120000,
46,d160,160,3130000,
46,d160,160,3140000,
46,d160,160,3150000,
46,d160,160,3160000,
46,d160,160,3170000,
46,d160,160,3180000,
46,d160,160,3190000,
46,d160,160,3200000,0.49630001187324524
46,d160,160,3210000,
46,d160,160,3220000,
46,d160,160,3230000,
46,d160,160,3240000,
46,d160,160,3250000,
46,d160,160,3260000,
46,d160,160,3270000,
46,d160,160,3280000,
46,d160,160,3290000,
46,d160,160,3300000,0.4957999885082245
46,d160,160,3310000,
46,d160,160,3320000,
46,d160,160,3330000,
46,d160,160,3340000,
46,d160,160,3350000,
46,d160,160,3360000,
46,d160,160,3370000,
46,d160,160,3380000,
46,d160,160,3390000,
46,d160,160,3400000,0.5257999897003174
46,d160,160,3410000,
46,d160,160,3420000,
46,d160,160,3430000,
46,d160,160,3440000,
46,d160,160,3450000,
46,d160,160,3460000,
46,d160,160,3470000,
46,d160,160,3480000,
46,d160,160,3490000,
46,d160,160,3500000,0.5582000017166138
46,d160,160,3510000,
46,d160,160,3520000,
46,d160,160,3530000,
46,d160,160,3540000,
46,d160,160,3550000,
46,d160,160,3560000,
46,d160,160,3570000,
46,d160,160,3580000,
46,d160,160,3590000,
46,d160,160,3600000,0.5507000088691711
46,d160,160,3610000,
46,d160,160,3620000,
46,d160,160,3630000,
46,d160,160,3640000,
46,d160,160,3650000,
46,d160,160,3660000,
46,d160,160,3670000,
46,d160,160,3680000,
46,d160,160,3690000,
46,d160,160,3700000,0.5187000036239624
46,d160,160,3710000,
46,d160,160,3720000,
46,d160,160,3730000,
46,d160,160,3740000,
46,d160,160,3750000,
46,d160,160,3760000,
46,d160,160,3770000,
46,d160,160,3780000,
46,d160,160,3790000,
46,d160,160,3800000,0.5473999977111816
46,d160,160,3810000,
46,d160,160,3820000,
46,d160,160,3830000,
46,d160,160,3840000,
46,d160,160,3850000,
46,d160,160,3860000,
46,d160,160,3870000,
46,d160,160,3880000,
46,d160,160,3890000,
46,d160,160,3900000,0.5568000078201294
46,d160,160,3910000,
46,d160,160,3920000,
46,d160,160,3930000,
46,d160,160,3940000,
46,d160,160,3950000,
46,d160,160,3960000,
46,d160,160,3970000,
46,d160,160,3980000,
46,d160,160,3990000,
46,d160,160,4000000,0.5824999809265137
46,d160,160,4010000,
46,d160,160,4020000,
46,d160,160,4030000,
46,d160,160,4040000,
46,d160,160,4050000,
46,d160,160,4060000,
46,d160,160,4070000,
46,d160,160,4080000,
46,d160,160,4090000,
46,d160,160,4100000,0.5467000007629395
46,d160,160,4110000,
46,d160,160,4120000,
46,d160,160,4130000,
46,d160,160,4140000,
46,d160,160,4150000,
46,d160,160,4160000,
46,d160,160,4170000,
46,d160,160,4180000,
46,d160,160,4190000,
46,d160,160,4200000,0.595300018787384
46,d160,160,4210000,
46,d160,160,4220000,
46,d160,160,4230000,
46,d160,160,4240000,
46,d160,160,4250000,
46,d160,160,4260000,
46,d160,160,4270000,
46,d160,160,4280000,
46,d160,160,4290000,
46,d160,160,4300000,0.5950999855995178
46,d160,160,4310000,
46,d160,160,4320000,
46,d160,160,4330000,
46,d160,160,4340000,
46,d160,160,4350000,
46,d160,160,4360000,
46,d160,160,4370000,
46,d160,160,4380000,
46,d160,160,4390000,
46,d160,160,4400000,0.5774999856948853
46,d160,160,4410000,
46,d160,160,4420000,
46,d160,160,4430000,
46,d160,160,4440000,
46,d160,160,4450000,
46,d160,160,4460000,
46,d160,160,4470000,
46,d160,160,4480000,
46,d160,160,4490000,
46,d160,160,4500000,0.5983999967575073
46,d160,160,4510000,
46,d160,160,4520000,
46,d160,160,4530000,
46,d160,160,4540000,
46,d160,160,4550000,
46,d160,160,4560000,
46,d160,160,4570000,
46,d160,160,4580000,
46,d160,160,4590000,
46,d160,160,4600000,0.6022999882698059
46,d160,160,4610000,
46,d160,160,4620000,
46,d160,160,4630000,
46,d160,160,4640000,
46,d160,160,4650000,
46,d160,160,4660000,
46,d160,160,4670000,
46,d160,160,4680000,
46,d160,160,4690000,
46,d160,160,4700000,0.6269999742507935
46,d160,160,4710000,
46,d160,160,4720000,
46,d160,160,4730000,
46,d160,160,4740000,
46,d160,160,4750000,
46,d160,160,4760000,
46,d160,160,4770000,
46,d160,160,4780000,
46,d160,160,4790000,
46,d160,160,4800000,0.6233000159263611
46,d160,160,4810000,
46,d160,160,4820000,
46,d160,160,4830000,
46,d160,160,4840000,
46,d160,160,4850000,
46,d160,160,4860000,
46,d160,160,4870000,
46,d160,160,4880000,
46,d160,160,4890000,
46,d160,160,4900000,0.6398000121116638
46,d160,160,4910000,
46,d160,160,4920000,
46,d160,160,4930000,
46,d160,160,4940000,
46,d160,160,4950000,
46,d160,160,4960000,
46,d160,160,4970000,
46,d160,160,4980000,
46,d160,160,4990000,
46,d160,160,5000000,0.6179999709129333
42,d180,180,1,0.0
42,d180,180,10000,
42,d180,180,20000,
42,d180,180,30000,
42,d180,180,40000,
42,d180,180,50000,
42,d180,180,60000,
42,d180,180,70000,
42,d180,180,80000,
42,d180,180,90000,
42,d180,180,100000,0.0
42,d180,180,110000,
42,d180,180,120000,
42,d180,180,130000,
42,d180,180,140000,
42,d180,180,150000,
42,d180,180,160000,
42,d180,180,170000,
42,d180,180,180000,
42,d180,180,190000,
42,d180,180,200000,9.999999747378752e-05
42,d180,180,210000,
42,d180,180,220000,
42,d180,180,230000,
42,d180,180,240000,
42,d180,180,250000,
42,d180,180,260000,
42,d180,180,270000,
42,d180,180,280000,
42,d180,180,290000,
42,d180,180,300000,0.0007999999797903001
42,d180,180,310000,
42,d180,180,320000,
42,d180,180,330000,
42,d180,180,340000,
42,d180,180,350000,
42,d180,180,360000,
42,d180,180,370000,
42,d180,180,380000,
42,d180,180,390000,
42,d180,180,400000,0.0013000000035390258
42,d180,180,410000,
42,d180,180,420000,
42,d180,180,430000,
42,d180,180,440000,
42,d180,180,450000,
42,d180,180,460000,
42,d180,180,470000,
42,d180,180,480000,
42,d180,180,490000,
42,d180,180,500000,0.004600000102072954
42,d180,180,510000,
42,d180,180,520000,
42,d180,180,530000,
42,d180,180,540000,
42,d180,180,550000,
42,d180,180,560000,
42,d180,180,570000,
42,d180,180,580000,
42,d180,180,590000,
42,d180,180,600000,0.009600000455975533
42,d180,180,610000,
42,d180,180,620000,
42,d180,180,630000,
42,d180,180,640000,
42,d180,180,650000,
42,d180,180,660000,
42,d180,180,670000,
42,d180,180,680000,
42,d180,180,690000,
42,d180,180,700000,0.017100000753998756
42,d180,180,710000,
42,d180,180,720000,
42,d180,180,730000,
42,d180,180,740000,
42,d180,180,750000,
42,d180,180,760000,
42,d180,180,770000,
42,d180,180,780000,
42,d180,180,790000,
42,d180,180,800000,0.02370000071823597
42,d180,180,810000,
42,d180,180,820000,
42,d180,180,830000,
42,d180,180,840000,
42,d180,180,850000,
42,d180,180,860000,
42,d180,180,870000,
42,d180,180,880000,
42,d180,180,890000,
42,d180,180,900000,0.03460000082850456
42,d180,180,910000,
42,d180,180,920000,
42,d180,180,930000,
42,d180,180,940000,
42,d180,180,950000,
42,d180,180,960000,
42,d180,180,970000,
42,d180,180,980000,
42,d180,180,990000,
42,d180,180,1000000,0.0471000000834465
42,d180,180,1010000,
42,d180,180,1020000,
42,d180,180,1030000,
42,d180,180,1040000,
42,d180,180,1050000,
42,d180,180,1060000,
42,d180,180,1070000,
42,d180,180,1080000,
42,d180,180,1090000,
42,d180,180,1100000,0.05869999900460243
42,d180,180,1110000,
42,d180,180,1120000,
42,d180,180,1130000,
42,d180,180,1140000,
42,d180,180,1150000,
42,d180,180,1160000,
42,d180,180,1170000,
42,d180,180,1180000,
42,d180,180,1190000,
42,d180,180,1200000,0.06560000032186508
42,d180,180,1210000,
42,d180,180,1220000,
42,d180,180,1230000,
42,d180,180,1240000,
42,d180,180,1250000,
42,d180,180,1260000,
42,d180,180,1270000,
42,d180,180,1280000,
42,d180,180,1290000,
42,d180,180,1300000,0.08290000259876251
42,d180,180,1310000,
42,d180,180,1320000,
42,d180,180,1330000,
42,d180,180,1340000,
42,d180,180,1350000,
42,d180,180,1360000,
42,d180,180,1370000,
42,d180,180,1380000,
42,d180,180,1390000,
42,d180,180,1400000,0.09520000219345093
42,d180,180,1410000,
42,d180,180,1420000,
42,d180,180,1430000,
42,d180,180,1440000,
42,d180,180,1450000,
42,d180,180,1460000,
42,d180,180,1470000,
42,d180,180,1480000,
42,d180,180,1490000,
42,d180,180,1500000,0.11129999905824661
42,d180,180,1510000,
42,d180,180,1520000,
42,d180,180,1530000,
42,d180,180,1540000,
42,d180,180,1550000,
42,d180,180,1560000,
42,d180,180,1570000,
42,d180,180,1580000,
42,d180,180,1590000,
42,d180,180,1600000,0.11190000176429749
42,d180,180,1610000,
42,d180,180,1620000,
42,d180,180,1630000,
42,d180,180,1640000,
42,d180,180,1650000,
42,d180,180,1660000,
42,d180,180,1670000,
42,d180,180,1680000,
42,d180,180,1690000,
42,d180,180,1700000,0.12470000237226486
42,d180,180,1710000,
42,d180,180,1720000,
42,d180,180,1730000,
42,d180,180,1740000,
42,d180,180,1750000,
42,d180,180,1760000,
42,d180,180,1770000,
42,d180,180,1780000,
42,d180,180,1790000,
42,d180,180,1800000,0.1459999978542328
42,d180,180,1810000,
42,d180,180,1820000,
42,d180,180,1830000,
42,d180,180,1840000,
42,d180,180,1850000,
42,d180,180,1860000,
42,d180,180,1870000,
42,d180,180,1880000,
42,d180,180,1890000,
42,d180,180,1900000,0.18119999766349792
42,d180,180,1910000,
42,d180,180,1920000,
42,d180,180,1930000,
42,d180,180,1940000,
42,d180,180,1950000,
42,d180,180,1960000,
42,d180,180,1970000,
42,d180,180,1980000,
42,d180,180,1990000,
42,d180,180,2000000,0.1762000024318695
42,d180,180,2010000,
42,d180,180,2020000,
42,d180,180,2030000,
42,d180,180,2040000,
42,d180,180,2050000,
42,d180,180,2060000,
42,d180,180,2070000,
42,d180,180,2080000,
42,d180,180,2090000,
42,d180,180,2100000,0.21070000529289246
42,d180,180,2110000,
42,d180,180,2120000,
42,d180,180,2130000,
42,d180,180,2140000,
42,d180,180,2150000,
42,d180,180,2160000,
42,d180,180,2170000,
42,d180,180,2180000,
42,d180,180,2190000,
42,d180,180,2200000,0.23309999704360962
42,d180,180,2210000,
42,d180,180,2220000,
42,d180,180,2230000,
42,d180,180,2240000,
42,d180,180,2250000,
42,d180,180,2260000,
42,d180,180,2270000,
42,d180,180,2280000,
42,d180,180,2290000,
42,d180,180,2300000,0.2085999995470047
42,d180,180,2310000,
42,d180,180,2320000,
42,d180,180,2330000,
42,d180,180,2340000,
42,d180,180,2350000,
42,d180,180,2360000,
42,d180,180,2370000,
42,d180,180,2380000,
42,d180,180,2390000,
42,d180,180,2400000,0.2020999938249588
42,d180,180,2410000,
42,d180,180,2420000,
42,d180,180,2430000,
42,d180,180,2440000,
42,d180,180,2450000,
42,d180,180,2460000,
42,d180,180,2470000,
42,d180,180,2480000,
42,d180,180,2490000,
42,d180,180,2500000,0.22380000352859497
42,d180,180,2510000,
42,d180,180,2520000,
42,d180,180,2530000,
42,d180,180,2540000,
42,d180,180,2550000,
42,d180,180,2560000,
42,d180,180,2570000,
42,d180,180,2580000,
42,d180,180,2590000,
42,d180,180,2600000,0.2361000031232834
42,d180,180,2610000,
42,d180,180,2620000,
42,d180,180,2630000,
42,d180,180,2640000,
42,d180,180,2650000,
42,d180,180,2660000,
42,d180,180,2670000,
42,d180,180,2680000,
42,d180,180,2690000,
42,d180,180,2700000,0.26030001044273376
42,d180,180,2710000,
42,d180,180,2720000,
42,d180,180,2730000,
42,d180,180,2740000,
42,d180,180,2750000,
42,d180,180,2760000,
42,d180,180,2770000,
42,d180,180,2780000,
42,d180,180,2790000,
42,d180,180,2800000,0.26089999079704285
42,d180,180,2810000,
42,d180,180,2820000,
42,d180,180,2830000,
42,d180,180,2840000,
42,d180,180,2850000,
42,d180,180,2860000,
42,d180,180,2870000,
42,d180,180,2880000,
42,d180,180,2890000,
42,d180,180,2900000,0.27079999446868896
42,d180,180,2910000,
42,d180,180,2920000,
42,d180,180,2930000,
42,d180,180,2940000,
42,d180,180,2950000,
42,d180,180,2960000,
42,d180,180,2970000,
42,d180,180,2980000,
42,d180,180,2990000,
42,d180,180,3000000,0.30250000953674316
42,d180,180,3010000,
42,d180,180,3020000,
42,d180,180,3030000,
42,d180,180,3040000,
42,d180,180,3050000,
42,d180,180,3060000,
42,d180,180,3070000,
42,d180,180,3080000,
42,d180,180,3090000,
42,d180,180,3100000,0.3127000033855438
42,d180,180,3110000,
42,d180,180,3120000,
42,d180,180,3130000,
42,d180,180,3140000,
42,d180,180,3150000,
42,d180,180,3160000,
42,d180,180,3170000,
42,d180,180,3180000,
42,d180,180,3190000,
42,d180,180,3200000,0.3061999976634979
42,d180,180,3210000,
42,d180,180,3220000,
42,d180,180,3230000,
42,d180,180,3240000,
42,d180,180,3250000,
42,d180,180,3260000,
42,d180,180,3270000,
42,d180,180,3280000,
42,d180,180,3290000,
42,d180,180,3300000,0.3100000023841858
42,d180,180,3310000,
42,d180,180,3320000,
42,d180,180,3330000,
42,d180,180,3340000,
42,d180,180,3350000,
42,d180,180,3360000,
42,d180,180,3370000,
42,d180,180,3380000,
42,d180,180,3390000,
42,d180,180,3400000,0.27959999442100525
42,d180,180,3410000,
42,d180,180,3420000,
42,d180,180,3430000,
42,d180,180,3440000,
42,d180,180,3450000,
42,d180,180,3460000,
42,d180,180,3470000,
42,d180,180,3480000,
42,d180,180,3490000,
42,d180,180,3500000,0.31940001249313354
42,d180,180,3510000,
42,d180,180,3520000,
42,d180,180,3530000,
42,d180,180,3540000,
42,d180,180,3550000,
42,d180,180,3560000,
42,d180,180,3570000,
42,d180,180,3580000,
42,d180,180,3590000,
42,d180,180,3600000,0.31049999594688416
42,d180,180,3610000,
42,d180,180,3620000,
42,d180,180,3630000,
42,d180,180,3640000,
42,d180,180,3650000,
42,d180,180,3660000,
42,d180,180,3670000,
42,d180,180,3680000,
42,d180,180,3690000,
42,d180,180,3700000,0.35749998688697815
42,d180,180,3710000,
42,d180,180,3720000,
42,d180,180,3730000,
42,d180,180,3740000,
42,d180,180,3750000,
42,d180,180,3760000,
42,d180,180,3770000,
42,d180,180,3780000,
42,d180,180,3790000,
42,d180,180,3800000,0.3100000023841858
42,d180,180,3810000,
42,d180,180,3820000,
42,d180,180,3830000,
42,d180,180,3840000,
42,d180,180,3850000,
42,d180,180,3860000,
42,d180,180,3870000,
42,d180,180,3880000,
42,d180,180,3890000,
42,d180,180,3900000,0.36820000410079956
42,d180,180,3910000,
42,d180,180,3920000,
42,d180,180,3930000,
42,d180,180,3940000,
42,d180,180,3950000,
42,d180,180,3960000,
42,d180,180,3970000,
42,d180,180,3980000,
42,d180,180,3990000,
42,d180,180,4000000,0.358599990606308
42,d180,180,4010000,
42,d180,180,4020000,
42,d180,180,4030000,
42,d180,180,4040000,
42,d180,180,4050000,
42,d180,180,4060000,
42,d180,180,4070000,
42,d180,180,4080000,
42,d180,180,4090000,
42,d180,180,4100000,0.3637000024318695
42,d180,180,4110000,
42,d180,180,4120000,
42,d180,180,4130000,
42,d180,180,4140000,
42,d180,180,4150000,
42,d180,180,4160000,
42,d180,180,4170000,
42,d180,180,4180000,
42,d180,180,4190000,
42,d180,180,4200000,0.3702999949455261
42,d180,180,4210000,
42,d180,180,4220000,
42,d180,180,4230000,
42,d180,180,4240000,
42,d180,180,4250000,
42,d180,180,4260000,
42,d180,180,4270000,
42,d180,180,4280000,
42,d180,180,4290000,
42,d180,180,4300000,0.37400001287460327
42,d180,180,4310000,
42,d180,180,4320000,
42,d180,180,4330000,
42,d180,180,4340000,
42,d180,180,4350000,
42,d180,180,4360000,
42,d180,180,4370000,
42,d180,180,4380000,
42,d180,180,4390000,
42,d180,180,4400000,0.3921999931335449
42,d180,180,4410000,
42,d180,180,4420000,
42,d180,180,4430000,
42,d180,180,4440000,
42,d180,180,4450000,
42,d180,180,4460000,
42,d180,180,4470000,
42,d180,180,4480000,
42,d180,180,4490000,
42,d180,180,4500000,0.3813999891281128
42,d180,180,4510000,
42,d180,180,4520000,
42,d180,180,4530000,
42,d180,180,4540000,
42,d180,180,4550000,
42,d180,180,4560000,
42,d180,180,4570000,
42,d180,180,4580000,
42,d180,180,4590000,
42,d180,180,4600000,0.4092999994754791
42,d180,180,4610000,
42,d180,180,4620000,
42,d180,180,4630000,
42,d180,180,4640000,
42,d180,180,4650000,
42,d180,180,4660000,
42,d180,180,4670000,
42,d180,180,4680000,
42,d180,180,4690000,
42,d180,180,4700000,0.4189999997615814
42,d180,180,4710000,
42,d180,180,4720000,
42,d180,180,4730000,
42,d180,180,4740000,
42,d180,180,4750000,
42,d180,180,4760000,
42,d180,180,4770000,
42,d180,180,4780000,
42,d180,180,4790000,
42,d180,180,4800000,0.44929999113082886
42,d180,180,4810000,
42,d180,180,4820000,
42,d180,180,4830000,
42,d180,180,4840000,
42,d180,180,4850000,
42,d180,180,4860000,
42,d180,180,4870000,
42,d180,180,4880000,
42,d180,180,4890000,
42,d180,180,4900000,0.4156000018119812
42,d180,180,4910000,
42,d180,180,4920000,
42,d180,180,4930000,
42,d180,180,4940000,
42,d180,180,4950000,
42,d180,180,4960000,
42,d180,180,4970000,
42,d180,180,4980000,
42,d180,180,4990000,
42,d180,180,5000000,0.39559999108314514
43,d180,180,1,0.0
43,d180,180,10000,
43,d180,180,20000,
43,d180,180,30000,
43,d180,180,40000,
43,d180,180,50000,
43,d180,180,60000,
43,d180,180,70000,
43,d180,180,80000,
43,d180,180,90000,
43,d180,180,100000,0.0
43,d180,180,110000,
43,d180,180,120000,
43,d180,180,130000,
43,d180,180,140000,
43,d180,180,150000,
43,d180,180,160000,
43,d180,180,170000,
43,d180,180,180000,
43,d180,180,190000,
43,d180,180,200000,9.999999747378752e-05
43,d180,180,210000,
43,d180,180,220000,
43,d180,180,230000,
43,d180,180,240000,
43,d180,180,250000,
43,d180,180,260000,
43,d180,180,270000,
43,d180,180,280000,
43,d180,180,290000,
43,d180,180,300000,0.00039999998989515007
43,d180,180,310000,
43,d180,180,320000,
43,d180,180,330000,
43,d180,180,340000,
43,d180,180,350000,
43,d180,180,360000,
43,d180,180,370000,
43,d180,180,380000,
43,d180,180,390000,
43,d180,180,400000,0.0017999999690800905
43,d180,180,410000,
43,d180,180,420000,
43,d180,180,430000,
43,d180,180,440000,
43,d180,180,450000,
43,d180,180,460000,
43,d180,180,470000,
43,d180,180,480000,
43,d180,180,490000,
43,d180,180,500000,0.004800000227987766
43,d180,180,510000,
43,d180,180,520000,
43,d180,180,530000,
43,d180,180,540000,
43,d180,180,550000,
43,d180,180,560000,
43,d180,180,570000,
43,d180,180,580000,
43,d180,180,590000,
43,d180,180,600000,0.010400000028312206
43,d180,180,610000,
43,d180,180,620000,
43,d180,180,630000,
43,d180,180,640000,
43,d180,180,650000,
43,d180,180,660000,
43,d180,180,670000,
43,d180,180,680000,
43,d180,180,690000,
43,d180,180,700000,0.017400000244379044
43,d180,180,710000,
43,d180,180,720000,
43,d180,180,730000,
43,d180,180,740000,
43,d180,180,750000,
43,d180,180,760000,
43,d180,180,770000,
43,d180,180,780000,
43,d180,180,790000,
43,d180,180,800000,0.030500000342726707
43,d180,180,810000,
43,d180,180,820000,
43,d180,180,830000,
43,d180,180,840000,
43,d180,180,850000,
43,d180,180,860000,
43,d180,180,870000,
43,d180,180,880000,
43,d180,180,890000,
43,d180,180,900000,0.0357000008225441
43,d180,180,910000,
43,d180,180,920000,
43,d180,180,930000,
43,d180,180,940000,
43,d180,180,950000,
43,d180,180,960000,
43,d180,180,970000,
43,d180,180,980000,
43,d180,180,990000,
43,d180,180,1000000,0.05420000106096268
43,d180,180,1010000,
43,d180,180,1020000,
43,d180,180,1030000,
43,d180,180,1040000,
43,d180,180,1050000,
43,d180,180,1060000,
43,d180,180,1070000,
43,d180,180,1080000,
43,d180,180,1090000,
43,d180,180,1100000,0.06769999861717224
43,d180,180,1110000,
43,d180,180,1120000,
43,d180,180,1130000,
43,d180,180,1140000,
43,d180,180,1150000,
43,d180,180,1160000,
43,d180,180,1170000,
43,d180,180,1180000,
43,d180,180,1190000,
43,d180,180,1200000,0.08919999748468399
43,d180,180,1210000,
43,d180,180,1220000,
43,d180,180,1230000,
43,d180,180,1240000,
43,d180,180,1250000,
43,d180,180,1260000,
43,d180,180,1270000,
43,d180,180,1280000,
43,d180,180,1290000,
43,d180,180,1300000,0.09570000320672989
43,d180,180,1310000,
43,d180,180,1320000,
43,d180,180,1330000,
43,d180,180,1340000,
43,d180,180,1350000,
43,d180,180,1360000,
43,d180,180,1370000,
43,d180,180,1380000,
43,d180,180,1390000,
43,d180,180,1400000,0.1225999966263771
43,d180,180,1410000,
43,d180,180,1420000,
43,d180,180,1430000,
43,d180,180,1440000,
43,d180,180,1450000,
43,d180,180,1460000,
43,d180,180,1470000,
43,d180,180,1480000,
43,d180,180,1490000,
43,d180,180,1500000,0.13680000603199005
43,d180,180,1510000,
43,d180,180,1520000,
43,d180,180,1530000,
43,d180,180,1540000,
43,d180,180,1550000,
43,d180,180,1560000,
43,d180,180,1570000,
43,d180,180,1580000,
43,d180,180,1590000,
43,d180,180,1600000,0.15109999477863312
43,d180,180,1610000,
43,d180,180,1620000,
43,d180,180,1630000,
43,d180,180,1640000,
43,d180,180,1650000,
43,d180,180,1660000,
43,d180,180,1670000,
43,d180,180,1680000,
43,d180,180,1690000,
43,d180,180,1700000,0.17000000178813934
43,d180,180,1710000,
43,d180,180,1720000,
43,d180,180,1730000,
43,d180,180,1740000,
43,d180,180,1750000,
43,d180,180,1760000,
43,d180,180,1770000,
43,d180,180,1780000,
43,d180,180,1790000,
43,d180,180,1800000,0.18790000677108765
43,d180,180,1810000,
43,d180,180,1820000,
43,d180,180,1830000,
43,d180,180,1840000,
43,d180,180,1850000,
43,d180,180,1860000,
43,d180,180,1870000,
43,d180,180,1880000,
43,d180,180,1890000,
43,d180,180,1900000,0.20839999616146088
43,d180,180,1910000,
43,d180,180,1920000,
43,d180,180,1930000,
43,d180,180,1940000,
43,d180,180,1950000,
43,d180,180,1960000,
43,d180,180,1970000,
43,d180,180,1980000,
43,d180,180,1990000,
43,d180,180,2000000,0.20960000157356262
43,d180,180,2010000,
43,d180,180,2020000,
43,d180,180,2030000,
43,d180,180,2040000,
43,d180,180,2050000,
43,d180,180,2060000,
43,d180,180,2070000,
43,d180,180,2080000,
43,d180,180,2090000,
43,d180,180,2100000,0.24330000579357147
43,d180,180,2110000,
43,d180,180,2120000,
43,d180,180,2130000,
43,d180,180,2140000,
43,d180,180,2150000,
43,d180,180,2160000,
43,d180,180,2170000,
43,d180,180,2180000,
43,d180,180,2190000,
43,d180,180,2200000,0.2451000064611435
43,d180,180,2210000,
43,d180,180,2220000,
43,d180,180,2230000,
43,d180,180,2240000,
43,d180,180,2250000,
43,d180,180,2260000,
43,d180,180,2270000,
43,d180,180,2280000,
43,d180,180,2290000,
43,d180,180,2300000,0.2273000031709671
43,d180,180,2310000,
43,d180,180,2320000,
43,d180,180,2330000,
43,d180,180,2340000,
43,d180,180,2350000,
43,d180,180,2360000,
43,d180,180,2370000,
43,d180,180,2380000,
43,d180,180,2390000,
43,d180,180,2400000,0.257999986410141
43,d180,180,2410000,
43,d180,180,2420000,
43,d180,180,2430000,
43,d180,180,2440000,
43,d180,180,2450000,
43,d180,180,2460000,
43,d180,180,2470000,
43,d180,180,2480000,
43,d180,180,2490000,
43,d180,180,2500000,0.2808000147342682
43,d180,180,2510000,
43,d180,180,2520000,
43,d180,180,2530000,
43,d180,180,2540000,
43,d180,180,2550000,
43,d180,180,2560000,
43,d180,180,2570000,
43,d180,180,2580000,
43,d180,180,2590000,
43,d180,180,2600000,0.2736000120639801
43,d180,180,2610000,
43,d180,180,2620000,
43,d180,180,2630000,
43,d180,180,2640000,
43,d180,180,2650000,
43,d180,180,2660000,
43,d180,180,2670000,
43,d180,180,2680000,
43,d180,180,2690000,
43,d180,180,2700000,0.3028999865055084
43,d180,180,2710000,
43,d180,180,2720000,
43,d180,180,2730000,
43,d180,180,2740000,
43,d180,180,2750000,
43,d180,180,2760000,
43,d180,180,2770000,
43,d180,180,2780000,
43,d180,180,2790000,
43,d180,180,2800000,0.29440000653266907
43,d180,180,2810000,
43,d180,180,2820000,
43,d180,180,2830000,
43,d180,180,2840000,
43,d180,180,2850000,
43,d180,180,2860000,
43,d180,180,2870000,
43,d180,180,2880000,
43,d180,180,2890000,
43,d180,180,2900000,0.2955000102519989
43,d180,180,2910000,
43,d180,180,2920000,
43,d180,180,2930000,
43,d180,180,2940000,
43,d180,180,2950000,
43,d180,180,2960000,
43,d180,180,2970000,
43,d180,180,2980000,
43,d180,180,2990000,
43,d180,180,3000000,0.29899999499320984
43,d180,180,3010000,
43,d180,180,3020000,
43,d180,180,3030000,
43,d180,180,3040000,
43,d180,180,3050000,
43,d180,180,3060000,
43,d180,180,3070000,
43,d180,180,3080000,
43,d180,180,3090000,
43,d180,180,3100000,0.2971000075340271
43,d180,180,3110000,
43,d180,180,3120000,
43,d180,180,3130000,
43,d180,180,3140000,
43,d180,180,3150000,
43,d180,180,3160000,
43,d180,180,3170000,
43,d180,180,3180000,
43,d180,180,3190000,
43,d180,180,3200000,0.3328000009059906
43,d180,180,3210000,
43,d180,180,3220000,
43,d180,180,3230000,
43,d180,180,3240000,
43,d180,180,3250000,
43,d180,180,3260000,
43,d180,180,3270000,
43,d180,180,3280000,
43,d180,180,3290000,
43,d180,180,3300000,0.32710000872612
43,d180,180,3310000,
43,d180,180,3320000,
43,d180,180,3330000,
43,d180,180,3340000,
43,d180,180,3350000,
43,d180,180,3360000,
43,d180,180,3370000,
43,d180,180,3380000,
43,d180,180,3390000,
43,d180,180,3400000,0.3312000036239624
43,d180,180,3410000,
43,d180,180,3420000,
43,d180,180,3430000,
43,d180,180,3440000,
43,d180,180,3450000,
43,d180,180,3460000,
43,d180,180,3470000,
43,d180,180,3480000,
43,d180,180,3490000,
43,d180,180,3500000,0.3312999904155731
43,d180,180,3510000,
43,d180,180,3520000,
43,d180,180,3530000,
43,d180,180,3540000,
43,d180,180,3550000,
43,d180,180,3560000,
43,d180,180,3570000,
43,d180,180,3580000,
43,d180,180,3590000,
43,d180,180,3600000,0.35010001063346863
43,d180,180,3610000,
43,d180,180,3620000,
43,d180,180,3630000,
43,d180,180,3640000,
43,d180,180,3650000,
43,d180,180,3660000,
43,d180,180,3670000,
43,d180,180,3680000,
43,d180,180,3690000,
43,d180,180,3700000,0.3605000078678131
43,d180,180,3710000,
43,d180,180,3720000,
43,d180,180,3730000,
43,d180,180,3740000,
43,d180,180,3750000,
43,d180,180,3760000,
43,d180,180,3770000,
43,d180,180,3780000,
43,d180,180,3790000,
43,d180,180,3800000,0.3806999921798706
43,d180,180,3810000,
43,d180,180,3820000,
43,d180,180,3830000,
43,d180,180,3840000,
43,d180,180,3850000,
43,d180,180,3860000,
43,d180,180,3870000,
43,d180,180,3880000,
43,d180,180,3890000,
43,d180,180,3900000,0.3628000020980835
43,d180,180,3910000,
43,d180,180,3920000,
43,d180,180,3930000,
43,d180,180,3940000,
43,d180,180,3950000,
43,d180,180,3960000,
43,d180,180,3970000,
43,d180,180,3980000,
43,d180,180,3990000,
43,d180,180,4000000,0.3797999918460846
43,d180,180,4010000,
43,d180,180,4020000,
43,d180,180,4030000,
43,d180,180,4040000,
43,d180,180,4050000,
43,d180,180,4060000,
43,d180,180,4070000,
43,d180,180,4080000,
43,d180,180,4090000,
43,d180,180,4100000,0.35850000381469727
43,d180,180,4110000,
43,d180,180,4120000,
43,d180,180,4130000,
43,d180,180,4140000,
43,d180,180,4150000,
43,d180,180,4160000,
43,d180,180,4170000,
43,d180,180,4180000,
43,d180,180,4190000,
43,d180,180,4200000,0.4027000069618225
43,d180,180,4210000,
43,d180,180,4220000,
43,d180,180,4230000,
43,d180,180,4240000,
43,d180,180,4250000,
43,d180,180,4260000,
43,d180,180,4270000,
43,d180,180,4280000,
43,d180,180,4290000,
43,d180,180,4300000,0.4242999851703644
43,d180,180,4310000,
43,d180,180,4320000,
43,d180,180,4330000,
43,d180,180,4340000,
43,d180,180,4350000,
43,d180,180,4360000,
43,d180,180,4370000,
43,d180,180,4380000,
43,d180,180,4390000,
43,d180,180,4400000,0.40860000252723694
43,d180,180,4410000,
43,d180,180,4420000,
43,d180,180,4430000,
43,d180,180,4440000,
43,d180,180,4450000,
43,d180,180,4460000,
43,d180,180,4470000,
43,d180,180,4480000,
43,d180,180,4490000,
43,d180,180,4500000,0.38850000500679016
43,d180,180,4510000,
43,d180,180,4520000,
43,d180,180,4530000,
43,d180,180,4540000,
43,d180,180,4550000,
43,d180,180,4560000,
43,d180,180,4570000,
43,d180,180,4580000,
43,d180,180,4590000,
43,d180,180,4600000,0.41850000619888306
43,d180,180,4610000,
43,d180,180,4620000,
43,d180,180,4630000,
43,d180,180,4640000,
43,d180,180,4650000,
43,d180,180,4660000,
43,d180,180,4670000,
43,d180,180,4680000,
43,d180,180,4690000,
43,d180,180,4700000,0.421099990606308
43,d180,180,4710000,
43,d180,180,4720000,
43,d180,180,4730000,
43,d180,180,4740000,
43,d180,180,4750000,
43,d180,180,4760000,
43,d180,180,4770000,
43,d180,180,4780000,
43,d180,180,4790000,
43,d180,180,4800000,0.3939000070095062
43,d180,180,4810000,
43,d180,180,4820000,
43,d180,180,4830000,
43,d180,180,4840000,
43,d180,180,4850000,
43,d180,180,4860000,
43,d180,180,4870000,
43,d180,180,4880000,
43,d180,180,4890000,
43,d180,180,4900000,0.4180999994277954
43,d180,180,4910000,
43,d180,180,4920000,
43,d180,180,4930000,
43,d180,180,4940000,
43,d180,180,4950000,
43,d180,180,4960000,
43,d180,180,4970000,
43,d180,180,4980000,
43,d180,180,4990000,
43,d180,180,5000000,0.3804999887943268
44,d180,180,1,0.0
44,d180,180,10000,
44,d180,180,20000,
44,d180,180,30000,
44,d180,180,40000,
44,d180,180,50000,
44,d180,180,60000,
44,d180,180,70000,
44,d180,180,80000,
44,d180,180,90000,
44,d180,180,100000,0.0
44,d180,180,110000,
44,d180,180,120000,
44,d180,180,130000,
44,d180,180,140000,
44,d180,180,150000,
44,d180,180,160000,
44,d180,180,170000,
44,d180,180,180000,
44,d180,180,190000,
44,d180,180,200000,0.0
44,d180,180,210000,
44,d180,180,220000,
44,d180,180,230000,
44,d180,180,240000,
44,d180,180,250000,
44,d180,180,260000,
44,d180,180,270000,
44,d180,180,280000,
44,d180,180,290000,
44,d180,180,300000,0.0013000000035390258
44,d180,180,310000,
44,d180,180,320000,
44,d180,180,330000,
44,d180,180,340000,
44,d180,180,350000,
44,d180,180,360000,
44,d180,180,370000,
44,d180,180,380000,
44,d180,180,390000,
44,d180,180,400000,0.0026000000070780516
44,d180,180,410000,
44,d180,180,420000,
44,d180,180,430000,
44,d180,180,440000,
44,d180,180,450000,
44,d180,180,460000,
44,d180,180,470000,
44,d180,180,480000,
44,d180,180,490000,
44,d180,180,500000,0.00419999985024333
44,d180,180,510000,
44,d180,180,520000,
44,d180,180,530000,
44,d180,180,540000,
44,d180,180,550000,
44,d180,180,560000,
44,d180,180,570000,
44,d180,180,580000,
44,d180,180,590000,
44,d180,180,600000,0.01269999984651804
44,d180,180,610000,
44,d180,180,620000,
44,d180,180,630000,
44,d180,180,640000,
44,d180,180,650000,
44,d180,180,660000,
44,d180,180,670000,
44,d180,180,680000,
44,d180,180,690000,
44,d180,180,700000,0.019500000402331352
44,d180,180,710000,
44,d180,180,720000,
44,d180,180,730000,
44,d180,180,740000,
44,d180,180,750000,
44,d180,180,760000,
44,d180,180,770000,
44,d180,180,780000,
44,d180,180,790000,
44,d180,180,800000,0.02879999950528145
44,d180,180,810000,
44,d180,180,820000,
44,d180,180,830000,
44,d180,180,840000,
44,d180,180,850000,
44,d180,180,860000,
44,d180,180,870000,
44,d180,180,880000,
44,d180,180,890000,
44,d180,180,900000,0.046799998730421066
44,d180,180,910000,
44,d180,180,920000,
44,d180,180,930000,
44,d180,180,940000,
44,d180,180,950000,
44,d180,180,960000,
44,d180,180,970000,
44,d180,180,980000,
44,d180,180,990000,
44,d180,180,1000000,0.06970000267028809
44,d180,180,1010000,
44,d180,180,1020000,
44,d180,180,1030000,
44,d180,180,1040000,
44,d180,180,1050000,
44,d180,180,1060000,
44,d180,180,1070000,
44,d180,180,1080000,
44,d180,180,1090000,
44,d180,180,1100000,0.08789999783039093
44,d180,180,1110000,
44,d180,180,1120000,
44,d180,180,1130000,
44,d180,180,1140000,
44,d180,180,1150000,
44,d180,180,1160000,
44,d180,180,1170000,
44,d180,180,1180000,
44,d180,180,1190000,
44,d180,180,1200000,0.11190000176429749
44,d180,180,1210000,
44,d180,180,1220000,
44,d180,180,1230000,
44,d180,180,1240000,
44,d180,180,1250000,
44,d180,180,1260000,
44,d180,180,1270000,
44,d180,180,1280000,
44,d180,180,1290000,
44,d180,180,1300000,0.12370000034570694
44,d180,180,1310000,
44,d180,180,1320000,
44,d180,180,1330000,
44,d180,180,1340000,
44,d180,180,1350000,
44,d180,180,1360000,
44,d180,180,1370000,
44,d180,180,1380000,
44,d180,180,1390000,
44,d180,180,1400000,0.1468999981880188
44,d180,180,1410000,
44,d180,180,1420000,
44,d180,180,1430000,
44,d180,180,1440000,
44,d180,180,1450000,
44,d180,180,1460000,
44,d180,180,1470000,
44,d180,180,1480000,
44,d180,180,1490000,
44,d180,180,1500000,0.18549999594688416
44,d180,180,1510000,
44,d180,180,1520000,
44,d180,180,1530000,
44,d180,180,1540000,
44,d180,180,1550000,
44,d180,180,1560000,
44,d180,180,1570000,
44,d180,180,1580000,
44,d180,180,1590000,
44,d180,180,1600000,0.19869999587535858
44,d180,180,1610000,
44,d180,180,1620000,
44,d180,180,1630000,
44,d180,180,1640000,
44,d180,180,1650000,
44,d180,180,1660000,
44,d180,180,1670000,
44,d180,180,1680000,
44,d180,180,1690000,
44,d180,180,1700000,0.21250000596046448
44,d180,180,1710000,
44,d180,180,1720000,
44,d180,180,1730000,
44,d180,180,1740000,
44,d180,180,1750000,
44,d180,180,1760000,
44,d180,180,1770000,
44,d180,180,1780000,
44,d180,180,1790000,
44,d180,180,1800000,0.2345000058412552
44,d180,180,1810000,
44,d180,180,1820000,
44,d180,180,1830000,
44,d180,180,1840000,
44,d180,180,1850000,
44,d180,180,1860000,
44,d180,180,1870000,
44,d180,180,1880000,
44,d180,180,1890000,
44,d180,180,1900000,0.2556000053882599
44,d180,180,1910000,
44,d180,180,1920000,
44,d180,180,1930000,
44,d180,180,1940000,
44,d180,180,1950000,
44,d180,180,1960000,
44,d180,180,1970000,
44,d180,180,1980000,
44,d180,180,1990000,
44,d180,180,2000000,0.2703999876976013
44,d180,180,2010000,
44,d180,180,2020000,
44,d180,180,2030000,
44,d180,180,2040000,
44,d180,180,2050000,
44,d180,180,2060000,
44,d180,180,2070000,
44,d180,180,2080000,
44,d180,180,2090000,
44,d180,180,2100000,0.3005000054836273
44,d180,180,2110000,
44,d180,180,2120000,
44,d180,180,2130000,
44,d180,180,2140000,
44,d180,180,2150000,
44,d180,180,2160000,
44,d180,180,2170000,
44,d180,180,2180000,
44,d180,180,2190000,
44,d180,180,2200000,0.31940001249313354
44,d180,180,2210000,
44,d180,180,2220000,
44,d180,180,2230000,
44,d180,180,2240000,
44,d180,180,2250000,
44,d180,180,2260000,
44,d180,180,2270000,
44,d180,180,2280000,
44,d180,180,2290000,
44,d180,180,2300000,0.3292999863624573
44,d180,180,2310000,
44,d180,180,2320000,
44,d180,180,2330000,
44,d180,180,2340000,
44,d180,180,2350000,
44,d180,180,2360000,
44,d180,180,2370000,
44,d180,180,2380000,
44,d180,180,2390000,
44,d180,180,2400000,0.37709999084472656
44,d180,180,2410000,
44,d180,180,2420000,
44,d180,180,2430000,
44,d180,180,2440000,
44,d180,180,2450000,
44,d180,180,2460000,
44,d180,180,2470000,
44,d180,180,2480000,
44,d180,180,2490000,
44,d180,180,2500000,0.3481999933719635
44,d180,180,2510000,
44,d180,180,2520000,
44,d180,180,2530000,
44,d180,180,2540000,
44,d180,180,2550000,
44,d180,180,2560000,
44,d180,180,2570000,
44,d180,180,2580000,
44,d180,180,2590000,
44,d180,180,2600000,0.39730000495910645
44,d180,180,2610000,
44,d180,180,2620000,
44,d180,180,2630000,
44,d180,180,2640000,
44,d180,180,2650000,
44,d180,180,2660000,
44,d180,180,2670000,
44,d180,180,2680000,
44,d180,180,2690000,
44,d180,180,2700000,0.3693000078201294
44,d180,180,2710000,
44,d180,180,2720000,
44,d180,180,2730000,
44,d180,180,2740000,
44,d180,180,2750000,
44,d180,180,2760000,
44,d180,180,2770000,
44,d180,180,2780000,
44,d180,180,2790000,
44,d180,180,2800000,0.40059998631477356
44,d180,180,2810000,
44,d180,180,2820000,
44,d180,180,2830000,
44,d180,180,2840000,
44,d180,180,2850000,
44,d180,180,2860000,
44,d180,180,2870000,
44,d180,180,2880000,
44,d180,180,2890000,
44,d180,180,2900000,0.4251999855041504
44,d180,180,2910000,
44,d180,180,2920000,
44,d180,180,2930000,
44,d180,180,2940000,
44,d180,180,2950000,
44,d180,180,2960000,
44,d180,180,2970000,
44,d180,180,2980000,
44,d180,180,2990000,
44,d180,180,3000000,0.397599995136261
44,d180,180,3010000,
44,d180,180,3020000,
44,d180,180,3030000,
44,d180,180,3040000,
44,d180,180,3050000,
44,d180,180,3060000,
44,d180,180,3070000,
44,d180,180,3080000,
44,d180,180,3090000,
44,d180,180,3100000,0.435699999332428
44,d180,180,3110000,
44,d180,180,3120000,
44,d180,180,3130000,
44,d180,180,3140000,
44,d180,180,3150000,
44,d180,180,3160000,
44,d180,180,3170000,
44,d180,180,3180000,
44,d180,180,3190000,
44,d180,180,3200000,0.44440001249313354
44,d180,180,3210000,
44,d180,180,3220000,
44,d180,180,3230000,
44,d180,180,3240000,
44,d180,180,3250000,
44,d180,180,3260000,
44,d180,180,3270000,
44,d180,180,3280000,
44,d180,180,3290000,
44,d180,180,3300000,0.45910000801086426
44,d180,180,3310000,
44,d180,180,3320000,
44,d180,180,3330000,
44,d180,180,3340000,
44,d180,180,3350000,
44,d180,180,3360000,
44,d180,180,3370000,
44,d180,180,3380000,
44,d180,180,3390000,
44,d180,180,3400000,0.4537999927997589
44,d180,180,3410000,
44,d180,180,3420000,
44,d180,180,3430000,
44,d180,180,3440000,
44,d180,180,3450000,
44,d180,180,3460000,
44,d180,180,3470000,
44,d180,180,3480000,
44,d180,180,3490000,
44,d180,180,3500000,0.47780001163482666
44,d180,180,3510000,
44,d180,180,3520000,
44,d180,180,3530000,
44,d180,180,3540000,
44,d180,180,3550000,
44,d180,180,3560000,
44,d180,180,3570000,
44,d180,180,3580000,
44,d180,180,3590000,
44,d180,180,3600000,0.4724999964237213
44,d180,180,3610000,
44,d180,180,3620000,
44,d180,180,3630000,
44,d180,180,3640000,
44,d180,180,3650000,
44,d180,180,3660000,
44,d180,180,3670000,
44,d180,180,3680000,
44,d180,180,3690000,
44,d180,180,3700000,0.47690001130104065
44,d180,180,3710000,
44,d180,180,3720000,
44,d180,180,3730000,
44,d180,180,3740000,
44,d180,180,3750000,
44,d180,180,3760000,
44,d180,180,3770000,
44,d180,180,3780000,
44,d180,180,3790000,
44,d180,180,3800000,0.5012000203132629
44,d180,180,3810000,
44,d180,180,3820000,
44,d180,180,3830000,
44,d180,180,3840000,
44,d180,180,3850000,
44,d180,180,3860000,
44,d180,180,3870000,
44,d180,180,3880000,
44,d180,180,3890000,
44,d180,180,3900000,0.45809999108314514
44,d180,180,3910000,
44,d180,180,3920000,
44,d180,180,3930000,
44,d180,180,3940000,
44,d180,180,3950000,
44,d180,180,3960000,
44,d180,180,3970000,
44,d180,180,3980000,
44,d180,180,3990000,
44,d180,180,4000000,0.48890000581741333
44,d180,180,4010000,
44,d180,180,4020000,
44,d180,180,4030000,
44,d180,180,4040000,
44,d180,180,4050000,
44,d180,180,4060000,
44,d180,180,4070000,
44,d180,180,4080000,
44,d180,180,4090000,
44,d180,180,4100000,0.4749999940395355
44,d180,180,4110000,
44,d180,180,4120000,
44,d180,180,4130000,
44,d180,180,4140000,
44,d180,180,4150000,
44,d180,180,4160000,
44,d180,180,4170000,
44,d180,180,4180000,
44,d180,180,4190000,
44,d180,180,4200000,0.5277000069618225
44,d180,180,4210000,
44,d180,180,4220000,
44,d180,180,4230000,
44,d180,180,4240000,
44,d180,180,4250000,
44,d180,180,4260000,
44,d180,180,4270000,
44,d180,180,4280000,
44,d180,180,4290000,
44,d180,180,4300000,0.5372999906539917
44,d180,180,4310000,
44,d180,180,4320000,
44,d180,180,4330000,
44,d180,180,4340000,
44,d180,180,4350000,
44,d180,180,4360000,
44,d180,180,4370000,
44,d180,180,4380000,
44,d180,180,4390000,
44,d180,180,4400000,0.5461000204086304
44,d180,180,4410000,
44,d180,180,4420000,
44,d180,180,4430000,
44,d180,180,4440000,
44,d180,180,4450000,
44,d180,180,4460000,
44,d180,180,4470000,
44,d180,180,4480000,
44,d180,180,4490000,
44,d180,180,4500000,0.5347999930381775
44,d180,180,4510000,
44,d180,180,4520000,
44,d180,180,4530000,
44,d180,180,4540000,
44,d180,180,4550000,
44,d180,180,4560000,
44,d180,180,4570000,
44,d180,180,4580000,
44,d180,180,4590000,
44,d180,180,4600000,0.5644999742507935
44,d180,180,4610000,
44,d180,180,4620000,
44,d180,180,4630000,
44,d180,180,4640000,
44,d180,180,4650000,
44,d180,180,4660000,
44,d180,180,4670000,
44,d180,180,4680000,
44,d180,180,4690000,
44,d180,180,4700000,0.5475999712944031
44,d180,180,4710000,
44,d180,180,4720000,
44,d180,180,4730000,
44,d180,180,4740000,
44,d180,180,4750000,
44,d180,180,4760000,
44,d180,180,4770000,
44,d180,180,4780000,
44,d180,180,4790000,
44,d180,180,4800000,0.5659000277519226
44,d180,180,4810000,
44,d180,180,4820000,
44,d180,180,4830000,
44,d180,180,4840000,
44,d180,180,4850000,
44,d180,180,4860000,
44,d180,180,4870000,
44,d180,180,4880000,
44,d180,180,4890000,
44,d180,180,4900000,0.5288000106811523
44,d180,180,4910000,
44,d180,180,4920000,
44,d180,180,4930000,
44,d180,180,4940000,
44,d180,180,4950000,
44,d180,180,4960000,
44,d180,180,4970000,
44,d180,180,4980000,
44,d180,180,4990000,
44,d180,180,5000000,0.5559999942779541
45,d180,180,1,0.0
45,d180,180,10000,
45,d180,180,20000,
45,d180,180,30000,
45,d180,180,40000,
45,d180,180,50000,
45,d180,180,60000,
45,d180,180,70000,
45,d180,180,80000,
45,d180,180,90000,
45,d180,180,100000,0.0
45,d180,180,110000,
45,d180,180,120000,
45,d180,180,130000,
45,d180,180,140000,
45,d180,180,150000,
45,d180,180,160000,
45,d180,180,170000,
45,d180,180,180000,
45,d180,180,190000,
45,d180,180,200000,0.00019999999494757503
45,d180,180,210000,
45,d180,180,220000,
45,d180,180,230000,
45,d180,180,240000,
45,d180,180,250000,
45,d180,180,260000,
45,d180,180,270000,
45,d180,180,280000,
45,d180,180,290000,
45,d180,180,300000,0.0006000000284984708
45,d180,180,310000,
45,d180,180,320000,
45,d180,180,330000,
45,d180,180,340000,
45,d180,180,350000,
45,d180,180,360000,
45,d180,180,370000,
45,d180,180,380000,
45,d180,180,390000,
45,d180,180,400000,0.0007999999797903001
45,d180,180,410000,
45,d180,180,420000,
45,d180,180,430000,
45,d180,180,440000,
45,d180,180,450000,
45,d180,180,460000,
45,d180,180,470000,
45,d180,180,480000,
45,d180,180,490000,
45,d180,180,500000,0.006000000052154064
45,d180,180,510000,
45,d180,180,520000,
45,d180,180,530000,
45,d180,180,540000,
45,d180,180,550000,
45,d180,180,560000,
45,d180,180,570000,
45,d180,180,580000,
45,d180,180,590000,
45,d180,180,600000,0.00930000003427267
45,d180,180,610000,
45,d180,180,620000,
45,d180,180,630000,
45,d180,180,640000,
45,d180,180,650000,
45,d180,180,660000,
45,d180,180,670000,
45,d180,180,680000,
45,d180,180,690000,
45,d180,180,700000,0.021900000050663948
45,d180,180,710000,
45,d180,180,720000,
45,d180,180,730000,
45,d180,180,740000,
45,d180,180,750000,
45,d180,180,760000,
45,d180,180,770000,
45,d180,180,780000,
45,d180,180,790000,
45,d180,180,800000,0.027899999171495438
45,d180,180,810000,
45,d180,180,820000,
45,d180,180,830000,
45,d180,180,840000,
45,d180,180,850000,
45,d180,180,860000,
45,d180,180,870000,
45,d180,180,880000,
45,d180,180,890000,
45,d180,180,900000,0.047600001096725464
45,d180,180,910000,
45,d180,180,920000,
45,d180,180,930000,
45,d180,180,940000,
45,d180,180,950000,
45,d180,180,960000,
45,d180,180,970000,
45,d180,180,980000,
45,d180,180,990000,
45,d180,180,1000000,0.06030000001192093
45,d180,180,1010000,
45,d180,180,1020000,
45,d180,180,1030000,
45,d180,180,1040000,
45,d180,180,1050000,
45,d180,180,1060000,
45,d180,180,1070000,
45,d180,180,1080000,
45,d180,180,1090000,
45,d180,180,1100000,0.08370000123977661
45,d180,180,1110000,
45,d180,180,1120000,
45,d180,180,1130000,
45,d180,180,1140000,
45,d180,180,1150000,
45,d180,180,1160000,
45,d180,180,1170000,
45,d180,180,1180000,
45,d180,180,1190000,
45,d180,180,1200000,0.08479999750852585
45,d180,180,1210000,
45,d180,180,1220000,
45,d180,180,1230000,
45,d180,180,1240000,
45,d180,180,1250000,
45,d180,180,1260000,
45,d180,180,1270000,
45,d180,180,1280000,
45,d180,180,1290000,
45,d180,180,1300000,0.12839999794960022
45,d180,180,1310000,
45,d180,180,1320000,
45,d180,180,1330000,
45,d180,180,1340000,
45,d180,180,1350000,
45,d180,180,1360000,
45,d180,180,1370000,
45,d180,180,1380000,
45,d180,180,1390000,
45,d180,180,1400000,0.14640000462532043
45,d180,180,1410000,
45,d180,180,1420000,
45,d180,180,1430000,
45,d180,180,1440000,
45,d180,180,1450000,
45,d180,180,1460000,
45,d180,180,1470000,
45,d180,180,1480000,
45,d180,180,1490000,
45,d180,180,1500000,0.16529999673366547
45,d180,180,1510000,
45,d180,180,1520000,
45,d180,180,1530000,
45,d180,180,1540000,
45,d180,180,1550000,
45,d180,180,1560000,
45,d180,180,1570000,
45,d180,180,1580000,
45,d180,180,1590000,
45,d180,180,1600000,0.18440000712871552
45,d180,180,1610000,
45,d180,180,1620000,
45,d180,180,1630000,
45,d180,180,1640000,
45,d180,180,1650000,
45,d180,180,1660000,
45,d180,180,1670000,
45,d180,180,1680000,
45,d180,180,1690000,
45,d180,180,1700000,0.20499999821186066
45,d180,180,1710000,
45,d180,180,1720000,
45,d180,180,1730000,
45,d180,180,1740000,
45,d180,180,1750000,
45,d180,180,1760000,
45,d180,180,1770000,
45,d180,180,1780000,
45,d180,180,1790000,
45,d180,180,1800000,0.2045000046491623
45,d180,180,1810000,
45,d180,180,1820000,
45,d180,180,1830000,
45,d180,180,1840000,
45,d180,180,1850000,
45,d180,180,1860000,
45,d180,180,1870000,
45,d180,180,1880000,
45,d180,180,1890000,
45,d180,180,1900000,0.22499999403953552
45,d180,180,1910000,
45,d180,180,1920000,
45,d180,180,1930000,
45,d180,180,1940000,
45,d180,180,1950000,
45,d180,180,1960000,
45,d180,180,1970000,
45,d180,180,1980000,
45,d180,180,1990000,
45,d180,180,2000000,0.2459000051021576
45,d180,180,2010000,
45,d180,180,2020000,
45,d180,180,2030000,
45,d180,180,2040000,
45,d180,180,2050000,
45,d180,180,2060000,
45,d180,180,2070000,
45,d180,180,2080000,
45,d180,180,2090000,
45,d180,180,2100000,0.26750001311302185
45,d180,180,2110000,
45,d180,180,2120000,
45,d180,180,2130000,
45,d180,180,2140000,
45,d180,180,2150000,
45,d180,180,2160000,
45,d180,180,2170000,
45,d180,180,2180000,
45,d180,180,2190000,
45,d180,180,2200000,0.25690001249313354
45,d180,180,2210000,
45,d180,180,2220000,
45,d180,180,2230000,
45,d180,180,2240000,
45,d180,180,2250000,
45,d180,180,2260000,
45,d180,180,2270000,
45,d180,180,2280000,
45,d180,180,2290000,
45,d180,180,2300000,0.2581999897956848
45,d180,180,2310000,
45,d180,180,2320000,
45,d180,180,2330000,
45,d180,180,2340000,
45,d180,180,2350000,
45,d180,180,2360000,
45,d180,180,2370000,
45,d180,180,2380000,
45,d180,180,2390000,
45,d180,180,2400000,0.29179999232292175
45,d180,180,2410000,
45,d180,180,2420000,
45,d180,180,2430000,
45,d180,180,2440000,
45,d180,180,2450000,
45,d180,180,2460000,
45,d180,180,2470000,
45,d180,180,2480000,
45,d180,180,2490000,
45,d180,180,2500000,0.34200000762939453
45,d180,180,2510000,
45,d180,180,2520000,
45,d180,180,2530000,
45,d180,180,2540000,
45,d180,180,2550000,
45,d180,180,2560000,
45,d180,180,2570000,
45,d180,180,2580000,
45,d180,180,2590000,
45,d180,180,2600000,0.3199000060558319
45,d180,180,2610000,
45,d180,180,2620000,
45,d180,180,2630000,
45,d180,180,2640000,
45,d180,180,2650000,
45,d180,180,2660000,
45,d180,180,2670000,
45,d180,180,2680000,
45,d180,180,2690000,
45,d180,180,2700000,0.3409000039100647
45,d180,180,2710000,
45,d180,180,2720000,
45,d180,180,2730000,
45,d180,180,2740000,
45,d180,180,2750000,
45,d180,180,2760000,
45,d180,180,2770000,
45,d180,180,2780000,
45,d180,180,2790000,
45,d180,180,2800000,0.3345000147819519
45,d180,180,2810000,
45,d180,180,2820000,
45,d180,180,2830000,
45,d180,180,2840000,
45,d180,180,2850000,
45,d180,180,2860000,
45,d180,180,2870000,
45,d180,180,2880000,
45,d180,180,2890000,
45,d180,180,2900000,0.33480000495910645
45,d180,180,2910000,
45,d180,180,2920000,
45,d180,180,2930000,
45,d180,180,2940000,
45,d180,180,2950000,
45,d180,180,2960000,
45,d180,180,2970000,
45,d180,180,2980000,
45,d180,180,2990000,
45,d180,180,3000000,0.35249999165534973
45,d180,180,3010000,
45,d180,180,3020000,
45,d180,180,3030000,
45,d180,180,3040000,
45,d180,180,3050000,
45,d180,180,3060000,
45,d180,180,3070000,
45,d180,180,3080000,
45,d180,180,3090000,
45,d180,180,3100000,0.32519999146461487
45,d180,180,3110000,
45,d180,180,3120000,
45,d180,180,3130000,
45,d180,180,3140000,
45,d180,180,3150000,
45,d180,180,3160000,
45,d180,180,3170000,
45,d180,180,3180000,
45,d180,180,3190000,
45,d180,180,3200000,0.3718999922275543
45,d180,180,3210000,
45,d180,180,3220000,
45,d180,180,3230000,
45,d180,180,3240000,
45,d180,180,3250000,
45,d180,180,3260000,
45,d180,180,3270000,
45,d180,180,3280000,
45,d180,180,3290000,
45,d180,180,3300000,0.35420000553131104
45,d180,180,3310000,
45,d180,180,3320000,
45,d180,180,3330000,
45,d180,180,3340000,
45,d180,180,3350000,
45,d180,180,3360000,
45,d180,180,3370000,
45,d180,180,3380000,
45,d180,180,3390000,
45,d180,180,3400000,0.4036000072956085
45,d180,180,3410000,
45,d180,180,3420000,
45,d180,180,3430000,
45,d180,180,3440000,
45,d180,180,3450000,
45,d180,180,3460000,
45,d180,180,3470000,
45,d180,180,3480000,
45,d180,180,3490000,
45,d180,180,3500000,0.37459999322891235
45,d180,180,3510000,
45,d180,180,3520000,
45,d180,180,3530000,
45,d180,180,3540000,
45,d180,180,3550000,
45,d180,180,3560000,
45,d180,180,3570000,
45,d180,180,3580000,
45,d180,180,3590000,
45,d180,180,3600000,0.39559999108314514
45,d180,180,3610000,
45,d180,180,3620000,
45,d180,180,3630000,
45,d180,180,3640000,
45,d180,180,3650000,
45,d180,180,3660000,
45,d180,180,3670000,
45,d180,180,3680000,
45,d180,180,3690000,
45,d180,180,3700000,0.3799999952316284
45,d180,180,3710000,
45,d180,180,3720000,
45,d180,180,3730000,
45,d180,180,3740000,
45,d180,180,3750000,
45,d180,180,3760000,
45,d180,180,3770000,
45,d180,180,3780000,
45,d180,180,3790000,
45,d180,180,3800000,0.37779998779296875
45,d180,180,3810000,
45,d180,180,3820000,
45,d180,180,3830000,
45,d180,180,3840000,
45,d180,180,3850000,
45,d180,180,3860000,
45,d180,180,3870000,
45,d180,180,3880000,
45,d180,180,3890000,
45,d180,180,3900000,0.41359999775886536
45,d180,180,3910000,
45,d180,180,3920000,
45,d180,180,3930000,
45,d180,180,3940000,
45,d180,180,3950000,
45,d180,180,3960000,
45,d180,180,3970000,
45,d180,180,3980000,
45,d180,180,3990000,
45,d180,180,4000000,0.41620001196861267
45,d180,180,4010000,
45,d180,180,4020000,
45,d180,180,4030000,
45,d180,180,4040000,
45,d180,180,4050000,
45,d180,180,4060000,
45,d180,180,4070000,
45,d180,180,4080000,
45,d180,180,4090000,
45,d180,180,4100000,0.3862000107765198
45,d180,180,4110000,
45,d180,180,4120000,
45,d180,180,4130000,
45,d180,180,4140000,
45,d180,180,4150000,
45,d180,180,4160000,
45,d180,180,4170000,
45,d180,180,4180000,
45,d180,180,4190000,
45,d180,180,4200000,0.4404999911785126
45,d180,180,4210000,
45,d180,180,4220000,
45,d180,180,4230000,
45,d180,180,4240000,
45,d180,180,4250000,
45,d180,180,4260000,
45,d180,180,4270000,
45,d180,180,4280000,
45,d180,180,4290000,
45,d180,180,4300000,0.45719999074935913
45,d180,180,4310000,
45,d180,180,4320000,
45,d180,180,4330000,
45,d180,180,4340000,
45,d180,180,4350000,
45,d180,180,4360000,
45,d180,180,4370000,
45,d180,180,4380000,
45,d180,180,4390000,
45,d180,180,4400000,0.4262999892234802
45,d180,180,4410000,
45,d180,180,4420000,
45,d180,180,4430000,
45,d180,180,4440000,
45,d180,180,4450000,
45,d180,180,4460000,
45,d180,180,4470000,
45,d180,180,4480000,
45,d180,180,4490000,
45,d180,180,4500000,0.4571000039577484
45,d180,180,4510000,
45,d180,180,4520000,
45,d180,180,4530000,
45,d180,180,4540000,
45,d180,180,4550000,
45,d180,180,4560000,
45,d180,180,4570000,
45,d180,180,4580000,
45,d180,180,4590000,
45,d180,180,4600000,0.45980000495910645
45,d180,180,4610000,
45,d180,180,4620000,
45,d180,180,4630000,
45,d180,180,4640000,
45,d180,180,4650000,
45,d180,180,4660000,
45,d180,180,4670000,
45,d180,180,4680000,
45,d180,180,4690000,
45,d180,180,4700000,0.43130001425743103
45,d180,180,4710000,
45,d180,180,4720000,
45,d180,180,4730000,
45,d180,180,4740000,
45,d180,180,4750000,
45,d180,180,4760000,
45,d180,180,4770000,
45,d180,180,4780000,
45,d180,180,4790000,
45,d180,180,4800000,0.4767000079154968
45,d180,180,4810000,
45,d180,180,4820000,
45,d180,180,4830000,
45,d180,180,4840000,
45,d180,180,4850000,
45,d180,180,4860000,
45,d180,180,4870000,
45,d180,180,4880000,
45,d180,180,4890000,
45,d180,180,4900000,0.4632999897003174
45,d180,180,4910000,
45,d180,180,4920000,
45,d180,180,4930000,
45,d180,180,4940000,
45,d180,180,4950000,
45,d180,180,4960000,
45,d180,180,4970000,
45,d180,180,4980000,
45,d180,180,4990000,
45,d180,180,5000000,0.5123000144958496
46,d180,180,1,0.0
46,d180,180,10000,
46,d180,180,20000,
46,d180,180,30000,
46,d180,180,40000,
46,d180,180,50000,
46,d180,180,60000,
46,d180,180,70000,
46,d180,180,80000,
46,d180,180,90000,
46,d180,180,100000,0.0
46,d180,180,110000,
46,d180,180,120000,
46,d180,180,130000,
46,d180,180,140000,
46,d180,180,150000,
46,d180,180,160000,
46,d180,180,170000,
46,d180,180,180000,
46,d180,180,190000,
46,d180,180,200000,9.999999747378752e-05
46,d180,180,210000,
46,d180,180,220000,
46,d180,180,230000,
46,d180,180,240000,
46,d180,180,250000,
46,d180,180,260000,
46,d180,180,270000,
46,d180,180,280000,
46,d180,180,290000,
46,d180,180,300000,0.0005000000237487257
46,d180,180,310000,
46,d180,180,320000,
46,d180,180,330000,
46,d180,180,340000,
46,d180,180,350000,
46,d180,180,360000,
46,d180,180,370000,
46,d180,180,380000,
46,d180,180,390000,
46,d180,180,400000,0.0017000000225380063
46,d180,180,410000,
46,d180,180,420000,
46,d180,180,430000,
46,d180,180,440000,
46,d180,180,450000,
46,d180,180,460000,
46,d180,180,470000,
46,d180,180,480000,
46,d180,180,490000,
46,d180,180,500000,0.00570000009611249
46,d180,180,510000,
46,d180,180,520000,
46,d180,180,530000,
46,d180,180,540000,
46,d180,180,550000,
46,d180,180,560000,
46,d180,180,570000,
46,d180,180,580000,
46,d180,180,590000,
46,d180,180,600000,0.007600000128149986
46,d180,180,610000,
46,d180,180,620000,
46,d180,180,630000,
46,d180,180,640000,
46,d180,180,650000,
46,d180,180,660000,
46,d180,180,670000,
46,d180,180,680000,
46,d180,180,690000,
46,d180,180,700000,0.01590000092983246
46,d180,180,710000,
46,d180,180,720000,
46,d180,180,730000,
46,d180,180,740000,
46,d180,180,750000,
46,d180,180,760000,
46,d180,180,770000,
46,d180,180,780000,
46,d180,180,790000,
46,d180,180,800000,0.027899999171495438
46,d180,180,810000,
46,d180,180,820000,
46,d180,180,830000,
46,d180,180,840000,
46,d180,180,850000,
46,d180,180,860000,
46,d180,180,870000,
46,d180,180,880000,
46,d180,180,890000,
46,d180,180,900000,0.042399998754262924
46,d180,180,910000,
46,d180,180,920000,
46,d180,180,930000,
46,d180,180,940000,
46,d180,180,950000,
46,d180,180,960000,
46,d180,180,970000,
46,d180,180,980000,
46,d180,180,990000,
46,d180,180,1000000,0.05920000001788139
46,d180,180,1010000,
46,d180,180,1020000,
46,d180,180,1030000,
46,d180,180,1040000,
46,d180,180,1050000,
46,d180,180,1060000,
46,d180,180,1070000,
46,d180,180,1080000,
46,d180,180,1090000,
46,d180,180,1100000,0.07050000131130219
46,d180,180,1110000,
46,d180,180,1120000,
46,d180,180,1130000,
46,d180,180,1140000,
46,d180,180,1150000,
46,d180,180,1160000,
46,d180,180,1170000,
46,d180,180,1180000,
46,d180,180,1190000,
46,d180,180,1200000,0.09049999713897705
46,d180,180,1210000,
46,d180,180,1220000,
46,d180,180,1230000,
46,d180,180,1240000,
46,d180,180,1250000,
46,d180,180,1260000,
46,d180,180,1270000,
46,d180,180,1280000,
46,d180,180,1290000,
46,d180,180,1300000,0.1137000024318695
46,d180,180,1310000,
46,d180,180,1320000,
46,d180,180,1330000,
46,d180,180,1340000,
46,d180,180,1350000,
46,d180,180,1360000,
46,d180,180,1370000,
46,d180,180,1380000,
46,d180,180,1390000,
46,d180,180,1400000,0.11209999769926071
46,d180,180,1410000,
46,d180,180,1420000,
46,d180,180,1430000,
46,d180,180,1440000,
46,d180,180,1450000,
46,d180,180,1460000,
46,d180,180,1470000,
46,d180,180,1480000,
46,d180,180,1490000,
46,d180,180,1500000,0.1395999938249588
46,d180,180,1510000,
46,d180,180,1520000,
46,d180,180,1530000,
46,d180,180,1540000,
46,d180,180,1550000,
46,d180,180,1560000,
46,d180,180,1570000,
46,d180,180,1580000,
46,d180,180,1590000,
46,d180,180,1600000,0.17720000445842743
46,d180,180,1610000,
46,d180,180,1620000,
46,d180,180,1630000,
46,d180,180,1640000,
46,d180,180,1650000,
46,d180,180,1660000,
46,d180,180,1670000,
46,d180,180,1680000,
46,d180,180,1690000,
46,d180,180,1700000,0.18369999527931213
46,d180,180,1710000,
46,d180,180,1720000,
46,d180,180,1730000,
46,d180,180,1740000,
46,d180,180,1750000,
46,d180,180,1760000,
46,d180,180,1770000,
46,d180,180,1780000,
46,d180,180,1790000,
46,d180,180,1800000,0.18619999289512634
46,d180,180,1810000,
46,d180,180,1820000,
46,d180,180,1830000,
46,d180,180,1840000,
46,d180,180,1850000,
46,d180,180,1860000,
46,d180,180,1870000,
46,d180,180,1880000,
46,d180,180,1890000,
46,d180,180,1900000,0.21330000460147858
46,d180,180,1910000,
46,d180,180,1920000,
46,d180,180,1930000,
46,d180,180,1940000,
46,d180,180,1950000,
46,d180,180,1960000,
46,d180,180,1970000,
46,d180,180,1980000,
46,d180,180,1990000,
46,d180,180,2000000,0.25920000672340393
46,d180,180,2010000,
46,d180,180,2020000,
46,d180,180,2030000,
46,d180,180,2040000,
46,d180,180,2050000,
46,d180,180,2060000,
46,d180,180,2070000,
46,d180,180,2080000,
46,d180,180,2090000,
46,d180,180,2100000,0.25440001487731934
46,d180,180,2110000,
46,d180,180,2120000,
46,d180,180,2130000,
46,d180,180,2140000,
46,d180,180,2150000,
46,d180,180,2160000,
46,d180,180,2170000,
46,d180,180,2180000,
46,d180,180,2190000,
46,d180,180,2200000,0.259799987077713
46,d180,180,2210000,
46,d180,180,2220000,
46,d180,180,2230000,
46,d180,180,2240000,
46,d180,180,2250000,
46,d180,180,2260000,
46,d180,180,2270000,
46,d180,180,2280000,
46,d180,180,2290000,
46,d180,180,2300000,0.2467000037431717
46,d180,180,2310000,
46,d180,180,2320000,
46,d180,180,2330000,
46,d180,180,2340000,
46,d180,180,2350000,
46,d180,180,2360000,
46,d180,180,2370000,
46,d180,180,2380000,
46,d180,180,2390000,
46,d180,180,2400000,0.26899999380111694
46,d180,180,2410000,
46,d180,180,2420000,
46,d180,180,2430000,
46,d180,180,2440000,
46,d180,180,2450000,
46,d180,180,2460000,
46,d180,180,2470000,
46,d180,180,2480000,
46,d180,180,2490000,
46,d180,180,2500000,0.295199990272522
46,d180,180,2510000,
46,d180,180,2520000,
46,d180,180,2530000,
46,d180,180,2540000,
46,d180,180,2550000,
46,d180,180,2560000,
46,d180,180,2570000,
46,d180,180,2580000,
46,d180,180,2590000,
46,d180,180,2600000,0.31859999895095825
46,d180,180,2610000,
46,d180,180,2620000,
46,d180,180,2630000,
46,d180,180,2640000,
46,d180,180,2650000,
46,d180,180,2660000,
46,d180,180,2670000,
46,d180,180,2680000,
46,d180,180,2690000,
46,d180,180,2700000,0.2989000082015991
46,d180,180,2710000,
46,d180,180,2720000,
46,d180,180,2730000,
46,d180,180,2740000,
46,d180,180,2750000,
46,d180,180,2760000,
46,d180,180,2770000,
46,d180,180,2780000,
46,d180,180,2790000,
46,d180,180,2800000,0.2858000099658966
46,d180,180,2810000,
46,d180,180,2820000,
46,d180,180,2830000,
46,d180,180,2840000,
46,d180,180,2850000,
46,d180,180,2860000,
46,d180,180,2870000,
46,d180,180,2880000,
46,d180,180,2890000,
46,d180,180,2900000,0.3197000026702881
46,d180,180,2910000,
46,d180,180,2920000,
46,d180,180,2930000,
46,d180,180,2940000,
46,d180,180,2950000,
46,d180,180,2960000,
46,d180,180,2970000,
46,d180,180,2980000,
46,d180,180,2990000,
46,d180,180,3000000,0.3522000014781952
46,d180,180,3010000,
46,d180,180,3020000,
46,d180,180,3030000,
46,d180,180,3040000,
46,d180,180,3050000,
46,d180,180,3060000,
46,d180,180,3070000,
46,d180,180,3080000,
46,d180,180,3090000,
46,d180,180,3100000,0.3386000096797943
46,d180,180,3110000,
46,d180,180,3120000,
46,d180,180,3130000,
46,d180,180,3140000,
46,d180,180,3150000,
46,d180,180,3160000,
46,d180,180,3170000,
46,d180,180,3180000,
46,d180,180,3190000,
46,d180,180,3200000,0.36970001459121704
46,d180,180,3210000,
46,d180,180,3220000,
46,d180,180,3230000,
46,d180,180,3240000,
46,d180,180,3250000,
46,d180,180,3260000,
46,d180,180,3270000,
46,d180,180,3280000,
46,d180,180,3290000,
46,d180,180,3300000,0.367000013589859
46,d180,180,3310000,
46,d180,180,3320000,
46,d180,180,3330000,
46,d180,180,3340000,
46,d180,180,3350000,
46,d180,180,3360000,
46,d180,180,3370000,
46,d180,180,3380000,
46,d180,180,3390000,
46,d180,180,3400000,0.36629998683929443
46,d180,180,3410000,
46,d180,180,3420000,
46,d180,180,3430000,
46,d180,180,3440000,
46,d180,180,3450000,
46,d180,180,3460000,
46,d180,180,3470000,
46,d180,180,3480000,
46,d180,180,3490000,
46,d180,180,3500000,0.37599998712539673
46,d180,180,3510000,
46,d180,180,3520000,
46,d180,180,3530000,
46,d180,180,3540000,
46,d180,180,3550000,
46,d180,180,3560000,
46,d180,180,3570000,
46,d180,180,3580000,
46,d180,180,3590000,
46,d180,180,3600000,0.3416999876499176
46,d180,180,3610000,
46,d180,180,3620000,
46,d180,180,3630000,
46,d180,180,3640000,
46,d180,180,3650000,
46,d180,180,3660000,
46,d180,180,3670000,
46,d180,180,3680000,
46,d180,180,3690000,
46,d180,180,3700000,0.3774999976158142
46,d180,180,3710000,
46,d180,180,3720000,
46,d180,180,3730000,
46,d180,180,3740000,
46,d180,180,3750000,
46,d180,180,3760000,
46,d180,180,3770000,
46,d180,180,3780000,
46,d180,180,3790000,
46,d180,180,3800000,0.39989998936653137
46,d180,180,3810000,
46,d180,180,3820000,
46,d180,180,3830000,
46,d180,180,3840000,
46,d180,180,3850000,
46,d180,180,3860000,
46,d180,180,3870000,
46,d180,180,3880000,
46,d180,180,3890000,
46,d180,180,3900000,0.4009000062942505
46,d180,180,3910000,
46,d180,180,3920000,
46,d180,180,3930000,
46,d180,180,3940000,
46,d180,180,3950000,
46,d180,180,3960000,
46,d180,180,3970000,
46,d180,180,3980000,
46,d180,180,3990000,
46,d180,180,4000000,0.391400009393692
46,d180,180,4010000,
46,d180,180,4020000,
46,d180,180,4030000,
46,d180,180,4040000,
46,d180,180,4050000,
46,d180,180,4060000,
46,d180,180,4070000,
46,d180,180,4080000,
46,d180,180,4090000,
46,d180,180,4100000,0.3898000121116638
46,d180,180,4110000,
46,d180,180,4120000,
46,d180,180,4130000,
46,d180,180,4140000,
46,d180,180,4150000,
46,d180,180,4160000,
46,d180,180,4170000,
46,d180,180,4180000,
46,d180,180,4190000,
46,d180,180,4200000,0.44269999861717224
46,d180,180,4210000,
46,d180,180,4220000,
46,d180,180,4230000,
46,d180,180,4240000,
46,d180,180,4250000,
46,d180,180,4260000,
46,d180,180,4270000,
46,d180,180,4280000,
46,d180,180,4290000,
46,d180,180,4300000,0.4117000102996826
46,d180,180,4310000,
46,d180,180,4320000,
46,d180,180,4330000,
46,d180,180,4340000,
46,d180,180,4350000,
46,d180,180,4360000,
46,d180,180,4370000,
46,d180,180,4380000,
46,d180,180,4390000,
46,d180,180,4400000,0.41339999437332153
46,d180,180,4410000,
46,d180,180,4420000,
46,d180,180,4430000,
46,d180,180,4440000,
46,d180,180,4450000,
46,d180,180,4460000,
46,d180,180,4470000,
46,d180,180,4480000,
46,d180,180,4490000,
46,d180,180,4500000,0.4311999976634979
46,d180,180,4510000,
46,d180,180,4520000,
46,d180,180,4530000,
46,d180,180,4540000,
46,d180,180,4550000,
46,d180,180,4560000,
46,d180,180,4570000,
46,d180,180,4580000,
46,d180,180,4590000,
46,d180,180,4600000,0.4542999863624573
46,d180,180,4610000,
46,d180,180,4620000,
46,d180,180,4630000,
46,d180,180,4640000,
46,d180,180,4650000,
46,d180,180,4660000,
46,d180,180,4670000,
46,d180,180,4680000,
46,d180,180,4690000,
46,d180,180,4700000,0.4537999927997589
46,d180,180,4710000,
46,d180,180,4720000,
46,d180,180,4730000,
46,d180,180,4740000,
46,d180,180,4750000,
46,d180,180,4760000,
46,d180,180,4770000,
46,d180,180,4780000,
46,d180,180,4790000,
46,d180,180,4800000,0.4796999990940094
46,d180,180,4810000,
46,d180,180,4820000,
46,d180,180,4830000,
46,d180,180,4840000,
46,d180,180,4850000,
46,d180,180,4860000,
46,d180,180,4870000,
46,d180,180,4880000,
46,d180,180,4890000,
46,d180,180,4900000,0.4724000096321106
46,d180,180,4910000,
46,d180,180,4920000,
46,d180,180,4930000,
46,d180,180,4940000,
46,d180,180,4950000,
46,d180,180,4960000,
46,d180,180,4970000,
46,d180,180,4980000,
46,d180,180,4990000,
46,d180,180,5000000,0.43479999899864197
42,d200,200,1,0.0
42,d200,200,10000,
42,d200,200,20000,
42,d200,200,30000,
42,d200,200,40000,
42,d200,200,50000,
42,d200,200,60000,
42,d200,200,70000,
42,d200,200,80000,
42,d200,200,90000,
42,d200,200,100000,0.0
42,d200,200,110000,
42,d200,200,120000,
42,d200,200,130000,
42,d200,200,140000,
42,d200,200,150000,
42,d200,200,160000,
42,d200,200,170000,
42,d200,200,180000,
42,d200,200,190000,
42,d200,200,200000,0.0003000000142492354
42,d200,200,210000,
42,d200,200,220000,
42,d200,200,230000,
42,d200,200,240000,
42,d200,200,250000,
42,d200,200,260000,
42,d200,200,270000,
42,d200,200,280000,
42,d200,200,290000,
42,d200,200,300000,0.0012000000569969416
42,d200,200,310000,
42,d200,200,320000,
42,d200,200,330000,
42,d200,200,340000,
42,d200,200,350000,
42,d200,200,360000,
42,d200,200,370000,
42,d200,200,380000,
42,d200,200,390000,
42,d200,200,400000,0.00279999990016222
42,d200,200,410000,
42,d200,200,420000,
42,d200,200,430000,
42,d200,200,440000,
42,d200,200,450000,
42,d200,200,460000,
42,d200,200,470000,
42,d200,200,480000,
42,d200,200,490000,
42,d200,200,500000,0.006599999964237213
42,d200,200,510000,
42,d200,200,520000,
42,d200,200,530000,
42,d200,200,540000,
42,d200,200,550000,
42,d200,200,560000,
42,d200,200,570000,
42,d200,200,580000,
42,d200,200,590000,
42,d200,200,600000,0.01119999960064888
42,d200,200,610000,
42,d200,200,620000,
42,d200,200,630000,
42,d200,200,640000,
42,d200,200,650000,
42,d200,200,660000,
42,d200,200,670000,
42,d200,200,680000,
42,d200,200,690000,
42,d200,200,700000,0.017400000244379044
42,d200,200,710000,
42,d200,200,720000,
42,d200,200,730000,
42,d200,200,740000,
42,d200,200,750000,
42,d200,200,760000,
42,d200,200,770000,
42,d200,200,780000,
42,d200,200,790000,
42,d200,200,800000,0.023099999874830246
42,d200,200,810000,
42,d200,200,820000,
42,d200,200,830000,
42,d200,200,840000,
42,d200,200,850000,
42,d200,200,860000,
42,d200,200,870000,
42,d200,200,880000,
42,d200,200,890000,
42,d200,200,900000,0.031599998474121094
42,d200,200,910000,
42,d200,200,920000,
42,d200,200,930000,
42,d200,200,940000,
42,d200,200,950000,
42,d200,200,960000,
42,d200,200,970000,
42,d200,200,980000,
42,d200,200,990000,
42,d200,200,1000000,0.0414000004529953
42,d200,200,1010000,
42,d200,200,1020000,
42,d200,200,1030000,
42,d200,200,1040000,
42,d200,200,1050000,
42,d200,200,1060000,
42,d200,200,1070000,
42,d200,200,1080000,
42,d200,200,1090000,
42,d200,200,1100000,0.051500000059604645
42,d200,200,1110000,
42,d200,200,1120000,
42,d200,200,1130000,
42,d200,200,1140000,
42,d200,200,1150000,
42,d200,200,1160000,
42,d200,200,1170000,
42,d200,200,1180000,
42,d200,200,1190000,
42,d200,200,1200000,0.06040000170469284
42,d200,200,1210000,
42,d200,200,1220000,
42,d200,200,1230000,
42,d200,200,1240000,
42,d200,200,1250000,
42,d200,200,1260000,
42,d200,200,1270000,
42,d200,200,1280000,
42,d200,200,1290000,
42,d200,200,1300000,0.06949999928474426
42,d200,200,1310000,
42,d200,200,1320000,
42,d200,200,1330000,
42,d200,200,1340000,
42,d200,200,1350000,
42,d200,200,1360000,
42,d200,200,1370000,
42,d200,200,1380000,
42,d200,200,1390000,
42,d200,200,1400000,0.07209999859333038
42,d200,200,1410000,
42,d200,200,1420000,
42,d200,200,1430000,
42,d200,200,1440000,
42,d200,200,1450000,
42,d200,200,1460000,
42,d200,200,1470000,
42,d200,200,1480000,
42,d200,200,1490000,
42,d200,200,1500000,0.08370000123977661
42,d200,200,1510000,
42,d200,200,1520000,
42,d200,200,1530000,
42,d200,200,1540000,
42,d200,200,1550000,
42,d200,200,1560000,
42,d200,200,1570000,
42,d200,200,1580000,
42,d200,200,1590000,
42,d200,200,1600000,0.08860000222921371
42,d200,200,1610000,
42,d200,200,1620000,
42,d200,200,1630000,
42,d200,200,1640000,
42,d200,200,1650000,
42,d200,200,1660000,
42,d200,200,1670000,
42,d200,200,1680000,
42,d200,200,1690000,
42,d200,200,1700000,0.10989999771118164
42,d200,200,1710000,
42,d200,200,1720000,
42,d200,200,1730000,
42,d200,200,1740000,
42,d200,200,1750000,
42,d200,200,1760000,
42,d200,200,1770000,
42,d200,200,1780000,
42,d200,200,1790000,
42,d200,200,1800000,0.10840000212192535
42,d200,200,1810000,
42,d200,200,1820000,
42,d200,200,1830000,
42,d200,200,1840000,
42,d200,200,1850000,
42,d200,200,1860000,
42,d200,200,1870000,
42,d200,200,1880000,
42,d200,200,1890000,
42,d200,200,1900000,0.11309999972581863
42,d200,200,1910000,
42,d200,200,1920000,
42,d200,200,1930000,
42,d200,200,1940000,
42,d200,200,1950000,
42,d200,200,1960000,
42,d200,200,1970000,
42,d200,200,1980000,
42,d200,200,1990000,
42,d200,200,2000000,0.11699999868869781
42,d200,200,2010000,
42,d200,200,2020000,
42,d200,200,2030000,
42,d200,200,2040000,
42,d200,200,2050000,
42,d200,200,2060000,
42,d200,200,2070000,
42,d200,200,2080000,
42,d200,200,2090000,
42,d200,200,2100000,0.13179999589920044
42,d200,200,2110000,
42,d200,200,2120000,
42,d200,200,2130000,
42,d200,200,2140000,
42,d200,200,2150000,
42,d200,200,2160000,
42,d200,200,2170000,
42,d200,200,2180000,
42,d200,200,2190000,
42,d200,200,2200000,0.13760000467300415
42,d200,200,2210000,
42,d200,200,2220000,
42,d200,200,2230000,
42,d200,200,2240000,
42,d200,200,2250000,
42,d200,200,2260000,
42,d200,200,2270000,
42,d200,200,2280000,
42,d200,200,2290000,
42,d200,200,2300000,0.14339999854564667
42,d200,200,2310000,
42,d200,200,2320000,
42,d200,200,2330000,
42,d200,200,2340000,
42,d200,200,2350000,
42,d200,200,2360000,
42,d200,200,2370000,
42,d200,200,2380000,
42,d200,200,2390000,
42,d200,200,2400000,0.1720000058412552
42,d200,200,2410000,
42,d200,200,2420000,
42,d200,200,2430000,
42,d200,200,2440000,
42,d200,200,2450000,
42,d200,200,2460000,
42,d200,200,2470000,
42,d200,200,2480000,
42,d200,200,2490000,
42,d200,200,2500000,0.1688999980688095
42,d200,200,2510000,
42,d200,200,2520000,
42,d200,200,2530000,
42,d200,200,2540000,
42,d200,200,2550000,
42,d200,200,2560000,
42,d200,200,2570000,
42,d200,200,2580000,
42,d200,200,2590000,
42,d200,200,2600000,0.1898999959230423
42,d200,200,2610000,
42,d200,200,2620000,
42,d200,200,2630000,
42,d200,200,2640000,
42,d200,200,2650000,
42,d200,200,2660000,
42,d200,200,2670000,
42,d200,200,2680000,
42,d200,200,2690000,
42,d200,200,2700000,0.20909999310970306
42,d200,200,2710000,
42,d200,200,2720000,
42,d200,200,2730000,
42,d200,200,2740000,
42,d200,200,2750000,
42,d200,200,2760000,
42,d200,200,2770000,
42,d200,200,2780000,
42,d200,200,2790000,
42,d200,200,2800000,0.18140000104904175
42,d200,200,2810000,
42,d200,200,2820000,
42,d200,200,2830000,
42,d200,200,2840000,
42,d200,200,2850000,
42,d200,200,2860000,
42,d200,200,2870000,
42,d200,200,2880000,
42,d200,200,2890000,
42,d200,200,2900000,0.21469999849796295
42,d200,200,2910000,
42,d200,200,2920000,
42,d200,200,2930000,
42,d200,200,2940000,
42,d200,200,2950000,
42,d200,200,2960000,
42,d200,200,2970000,
42,d200,200,2980000,
42,d200,200,2990000,
42,d200,200,3000000,0.21070000529289246
42,d200,200,3010000,
42,d200,200,3020000,
42,d200,200,3030000,
42,d200,200,3040000,
42,d200,200,3050000,
42,d200,200,3060000,
42,d200,200,3070000,
42,d200,200,3080000,
42,d200,200,3090000,
42,d200,200,3100000,0.21240000426769257
42,d200,200,3110000,
42,d200,200,3120000,
42,d200,200,3130000,
42,d200,200,3140000,
42,d200,200,3150000,
42,d200,200,3160000,
42,d200,200,3170000,
42,d200,200,3180000,
42,d200,200,3190000,
42,d200,200,3200000,0.2467000037431717
42,d200,200,3210000,
42,d200,200,3220000,
42,d200,200,3230000,
42,d200,200,3240000,
42,d200,200,3250000,
42,d200,200,3260000,
42,d200,200,3270000,
42,d200,200,3280000,
42,d200,200,3290000,
42,d200,200,3300000,0.21230000257492065
42,d200,200,3310000,
42,d200,200,3320000,
42,d200,200,3330000,
42,d200,200,3340000,
42,d200,200,3350000,
42,d200,200,3360000,
42,d200,200,3370000,
42,d200,200,3380000,
42,d200,200,3390000,
42,d200,200,3400000,0.2370000034570694
42,d200,200,3410000,
42,d200,200,3420000,
42,d200,200,3430000,
42,d200,200,3440000,
42,d200,200,3450000,
42,d200,200,3460000,
42,d200,200,3470000,
42,d200,200,3480000,
42,d200,200,3490000,
42,d200,200,3500000,0.27390000224113464
42,d200,200,3510000,
42,d200,200,3520000,
42,d200,200,3530000,
42,d200,200,3540000,
42,d200,200,3550000,
42,d200,200,3560000,
42,d200,200,3570000,
42,d200,200,3580000,
42,d200,200,3590000,
42,d200,200,3600000,0.27300000190734863
42,d200,200,3610000,
42,d200,200,3620000,
42,d200,200,3630000,
42,d200,200,3640000,
42,d200,200,3650000,
42,d200,200,3660000,
42,d200,200,3670000,
42,d200,200,3680000,
42,d200,200,3690000,
42,d200,200,3700000,0.26100000739097595
42,d200,200,3710000,
42,d200,200,3720000,
42,d200,200,3730000,
42,d200,200,3740000,
42,d200,200,3750000,
42,d200,200,3760000,
42,d200,200,3770000,
42,d200,200,3780000,
42,d200,200,3790000,
42,d200,200,3800000,0.259799987077713
42,d200,200,3810000,
42,d200,200,3820000,
42,d200,200,3830000,
42,d200,200,3840000,
42,d200,200,3850000,
42,d200,200,3860000,
42,d200,200,3870000,
42,d200,200,3880000,
42,d200,200,3890000,
42,d200,200,3900000,0.28369998931884766
42,d200,200,3910000,
42,d200,200,3920000,
42,d200,200,3930000,
42,d200,200,3940000,
42,d200,200,3950000,
42,d200,200,3960000,
42,d200,200,3970000,
42,d200,200,3980000,
42,d200,200,3990000,
42,d200,200,4000000,0.32760000228881836
42,d200,200,4010000,
42,d200,200,4020000,
42,d200,200,4030000,
42,d200,200,4040000,
42,d200,200,4050000,
42,d200,200,4060000,
42,d200,200,4070000,
42,d200,200,4080000,
42,d200,200,4090000,
42,d200,200,4100000,0.2637999951839447
42,d200,200,4110000,
42,d200,200,4120000,
42,d200,200,4130000,
42,d200,200,4140000,
42,d200,200,4150000,
42,d200,200,4160000,
42,d200,200,4170000,
42,d200,200,4180000,
42,d200,200,4190000,
42,d200,200,4200000,0.3050999939441681
42,d200,200,4210000,
42,d200,200,4220000,
42,d200,200,4230000,
42,d200,200,4240000,
42,d200,200,4250000,
42,d200,200,4260000,
42,d200,200,4270000,
42,d200,200,4280000,
42,d200,200,4290000,
42,d200,200,4300000,0.2833000123500824
42,d200,200,4310000,
42,d200,200,4320000,
42,d200,200,4330000,
42,d200,200,4340000,
42,d200,200,4350000,
42,d200,200,4360000,
42,d200,200,4370000,
42,d200,200,4380000,
42,d200,200,4390000,
42,d200,200,4400000,0.30809998512268066
42,d200,200,4410000,
42,d200,200,4420000,
42,d200,200,4430000,
42,d200,200,4440000,
42,d200,200,4450000,
42,d200,200,4460000,
42,d200,200,4470000,
42,d200,200,4480000,
42,d200,200,4490000,
42,d200,200,4500000,0.2770000100135803
42,d200,200,4510000,
42,d200,200,4520000,
42,d200,200,4530000,
42,d200,200,4540000,
42,d200,200,4550000,
42,d200,200,4560000,
42,d200,200,4570000,
42,d200,200,4580000,
42,d200,200,4590000,
42,d200,200,4600000,0.3246999979019165
42,d200,200,4610000,
42,d200,200,4620000,
42,d200,200,4630000,
42,d200,200,4640000,
42,d200,200,4650000,
42,d200,200,4660000,
42,d200,200,4670000,
42,d200,200,4680000,
42,d200,200,4690000,
42,d200,200,4700000,0.31619998812675476
42,d200,200,4710000,
42,d200,200,4720000,
42,d200,200,4730000,
42,d200,200,4740000,
42,d200,200,4750000,
42,d200,200,4760000,
42,d200,200,4770000,
42,d200,200,4780000,
42,d200,200,4790000,
42,d200,200,4800000,0.3027999997138977
42,d200,200,4810000,
42,d200,200,4820000,
42,d200,200,4830000,
42,d200,200,4840000,
42,d200,200,4850000,
42,d200,200,4860000,
42,d200,200,4870000,
42,d200,200,4880000,
42,d200,200,4890000,
42,d200,200,4900000,0.33799999952316284
42,d200,200,4910000,
42,d200,200,4920000,
42,d200,200,4930000,
42,d200,200,4940000,
42,d200,200,4950000,
42,d200,200,4960000,
42,d200,200,4970000,
42,d200,200,4980000,
42,d200,200,4990000,
42,d200,200,5000000,0.3662000000476837
43,d200,200,1,0.0
43,d200,200,10000,
43,d200,200,20000,
43,d200,200,30000,
43,d200,200,40000,
43,d200,200,50000,
43,d200,200,60000,
43,d200,200,70000,
43,d200,200,80000,
43,d200,200,90000,
43,d200,200,100000,0.0
43,d200,200,110000,
43,d200,200,120000,
43,d200,200,130000,
43,d200,200,140000,
43,d200,200,150000,
43,d200,200,160000,
43,d200,200,170000,
43,d200,200,180000,
43,d200,200,190000,
43,d200,200,200000,0.0003000000142492354
43,d200,200,210000,
43,d200,200,220000,
43,d200,200,230000,
43,d200,200,240000,
43,d200,200,250000,
43,d200,200,260000,
43,d200,200,270000,
43,d200,200,280000,
43,d200,200,290000,
43,d200,200,300000,0.0007999999797903001
43,d200,200,310000,
43,d200,200,320000,
43,d200,200,330000,
43,d200,200,340000,
43,d200,200,350000,
43,d200,200,360000,
43,d200,200,370000,
43,d200,200,380000,
43,d200,200,390000,
43,d200,200,400000,0.002199999988079071
43,d200,200,410000,
43,d200,200,420000,
43,d200,200,430000,
43,d200,200,440000,
43,d200,200,450000,
43,d200,200,460000,
43,d200,200,470000,
43,d200,200,480000,
43,d200,200,490000,
43,d200,200,500000,0.005100000184029341
43,d200,200,510000,
43,d200,200,520000,
43,d200,200,530000,
43,d200,200,540000,
43,d200,200,550000,
43,d200,200,560000,
43,d200,200,570000,
43,d200,200,580000,
43,d200,200,590000,
43,d200,200,600000,0.007699999958276749
43,d200,200,610000,
43,d200,200,620000,
43,d200,200,630000,
43,d200,200,640000,
43,d200,200,650000,
43,d200,200,660000,
43,d200,200,670000,
43,d200,200,680000,
43,d200,200,690000,
43,d200,200,700000,0.015200000256299973
43,d200,200,710000,
43,d200,200,720000,
43,d200,200,730000,
43,d200,200,740000,
43,d200,200,750000,
43,d200,200,760000,
43,d200,200,770000,
43,d200,200,780000,
43,d200,200,790000,
43,d200,200,800000,0.015200000256299973
43,d200,200,810000,
43,d200,200,820000,
43,d200,200,830000,
43,d200,200,840000,
43,d200,200,850000,
43,d200,200,860000,
43,d200,200,870000,
43,d200,200,880000,
43,d200,200,890000,
43,d200,200,900000,0.02319999970495701
43,d200,200,910000,
43,d200,200,920000,
43,d200,200,930000,
43,d200,200,940000,
43,d200,200,950000,
43,d200,200,960000,
43,d200,200,970000,
43,d200,200,980000,
43,d200,200,990000,
43,d200,200,1000000,0.032999999821186066
43,d200,200,1010000,
43,d200,200,1020000,
43,d200,200,1030000,
43,d200,200,1040000,
43,d200,200,1050000,
43,d200,200,1060000,
43,d200,200,1070000,
43,d200,200,1080000,
43,d200,200,1090000,
43,d200,200,1100000,0.04690000042319298
43,d200,200,1110000,
43,d200,200,1120000,
43,d200,200,1130000,
43,d200,200,1140000,
43,d200,200,1150000,
43,d200,200,1160000,
43,d200,200,1170000,
43,d200,200,1180000,
43,d200,200,1190000,
43,d200,200,1200000,0.05000000074505806
43,d200,200,1210000,
43,d200,200,1220000,
43,d200,200,1230000,
43,d200,200,1240000,
43,d200,200,1250000,
43,d200,200,1260000,
43,d200,200,1270000,
43,d200,200,1280000,
43,d200,200,1290000,
43,d200,200,1300000,0.05959999933838844
43,d200,200,1310000,
43,d200,200,1320000,
43,d200,200,1330000,
43,d200,200,1340000,
43,d200,200,1350000,
43,d200,200,1360000,
43,d200,200,1370000,
43,d200,200,1380000,
43,d200,200,1390000,
43,d200,200,1400000,0.06809999793767929
43,d200,200,1410000,
43,d200,200,1420000,
43,d200,200,1430000,
43,d200,200,1440000,
43,d200,200,1450000,
43,d200,200,1460000,
43,d200,200,1470000,
43,d200,200,1480000,
43,d200,200,1490000,
43,d200,200,1500000,0.0746999979019165
43,d200,200,1510000,
43,d200,200,1520000,
43,d200,200,1530000,
43,d200,200,1540000,
43,d200,200,1550000,
43,d200,200,1560000,
43,d200,200,1570000,
43,d200,200,1580000,
43,d200,200,1590000,
43,d200,200,1600000,0.08460000157356262
43,d200,200,1610000,
43,d200,200,1620000,
43,d200,200,1630000,
43,d200,200,1640000,
43,d200,200,1650000,
43,d200,200,1660000,
43,d200,200,1670000,
43,d200,200,1680000,
43,d200,200,1690000,
43,d200,200,1700000,0.09149999916553497
43,d200,200,1710000,
43,d200,200,1720000,
43,d200,200,1730000,
43,d200,200,1740000,
43,d200,200,1750000,
43,d200,200,1760000,
43,d200,200,1770000,
43,d200,200,1780000,
43,d200,200,1790000,
43,d200,200,1800000,0.09390000253915787
43,d200,200,1810000,
43,d200,200,1820000,
43,d200,200,1830000,
43,d200,200,1840000,
43,d200,200,1850000,
43,d200,200,1860000,
43,d200,200,1870000,
43,d200,200,1880000,
43,d200,200,1890000,
43,d200,200,1900000,0.11249999701976776
43,d200,200,1910000,
43,d200,200,1920000,
43,d200,200,1930000,
43,d200,200,1940000,
43,d200,200,1950000,
43,d200,200,1960000,
43,d200,200,1970000,
43,d200,200,1980000,
43,d200,200,1990000,
43,d200,200,2000000,0.11819999665021896
43,d200,200,2010000,
43,d200,200,2020000,
43,d200,200,2030000,
43,d200,200,2040000,
43,d200,200,2050000,
43,d200,200,2060000,
43,d200,200,2070000,
43,d200,200,2080000,
43,d200,200,2090000,
43,d200,200,2100000,0.1356000006198883
43,d200,200,2110000,
43,d200,200,2120000,
43,d200,200,2130000,
43,d200,200,2140000,
43,d200,200,2150000,
43,d200,200,2160000,
43,d200,200,2170000,
43,d200,200,2180000,
43,d200,200,2190000,
43,d200,200,2200000,0.13740000128746033
43,d200,200,2210000,
43,d200,200,2220000,
43,d200,200,2230000,
43,d200,200,2240000,
43,d200,200,2250000,
43,d200,200,2260000,
43,d200,200,2270000,
43,d200,200,2280000,
43,d200,200,2290000,
43,d200,200,2300000,0.14470000565052032
43,d200,200,2310000,
43,d200,200,2320000,
43,d200,200,2330000,
43,d200,200,2340000,
43,d200,200,2350000,
43,d200,200,2360000,
43,d200,200,2370000,
43,d200,200,2380000,
43,d200,200,2390000,
43,d200,200,2400000,0.14399999380111694
43,d200,200,2410000,
43,d200,200,2420000,
43,d200,200,2430000,
43,d200,200,2440000,
43,d200,200,2450000,
43,d200,200,2460000,
43,d200,200,2470000,
43,d200,200,2480000,
43,d200,200,2490000,
43,d200,200,2500000,0.17020000517368317
43,d200,200,2510000,
43,d200,200,2520000,
43,d200,200,2530000,
43,d200,200,2540000,
43,d200,200,2550000,
43,d200,200,2560000,
43,d200,200,2570000,
43,d200,200,2580000,
43,d200,200,2590000,
43,d200,200,2600000,0.16590000689029694
43,d200,200,2610000,
43,d200,200,2620000,
43,d200,200,2630000,
43,d200,200,2640000,
43,d200,200,2650000,
43,d200,200,2660000,
43,d200,200,2670000,
43,d200,200,2680000,
43,d200,200,2690000,
43,d200,200,2700000,0.18140000104904175
43,d200,200,2710000,
43,d200,200,2720000,
43,d200,200,2730000,
43,d200,200,2740000,
43,d200,200,2750000,
43,d200,200,2760000,
43,d200,200,2770000,
43,d200,200,2780000,
43,d200,200,2790000,
43,d200,200,2800000,0.17630000412464142
43,d200,200,2810000,
43,d200,200,2820000,
43,d200,200,2830000,
43,d200,200,2840000,
43,d200,200,2850000,
43,d200,200,2860000,
43,d200,200,2870000,
43,d200,200,2880000,
43,d200,200,2890000,
43,d200,200,2900000,0.21649999916553497
43,d200,200,2910000,
43,d200,200,2920000,
43,d200,200,2930000,
43,d200,200,2940000,
43,d200,200,2950000,
43,d200,200,2960000,
43,d200,200,2970000,
43,d200,200,2980000,
43,d200,200,2990000,
43,d200,200,3000000,0.21060000360012054
43,d200,200,3010000,
43,d200,200,3020000,
43,d200,200,3030000,
43,d200,200,3040000,
43,d200,200,3050000,
43,d200,200,3060000,
43,d200,200,3070000,
43,d200,200,3080000,
43,d200,200,3090000,
43,d200,200,3100000,0.23399999737739563
43,d200,200,3110000,
43,d200,200,3120000,
43,d200,200,3130000,
43,d200,200,3140000,
43,d200,200,3150000,
43,d200,200,3160000,
43,d200,200,3170000,
43,d200,200,3180000,
43,d200,200,3190000,
43,d200,200,3200000,0.22769999504089355
43,d200,200,3210000,
43,d200,200,3220000,
43,d200,200,3230000,
43,d200,200,3240000,
43,d200,200,3250000,
43,d200,200,3260000,
43,d200,200,3270000,
43,d200,200,3280000,
43,d200,200,3290000,
43,d200,200,3300000,0.25
43,d200,200,3310000,
43,d200,200,3320000,
43,d200,200,3330000,
43,d200,200,3340000,
43,d200,200,3350000,
43,d200,200,3360000,
43,d200,200,3370000,
43,d200,200,3380000,
43,d200,200,3390000,
43,d200,200,3400000,0.22089999914169312
43,d200,200,3410000,
43,d200,200,3420000,
43,d200,200,3430000,
43,d200,200,3440000,
43,d200,200,3450000,
43,d200,200,3460000,
43,d200,200,3470000,
43,d200,200,3480000,
43,d200,200,3490000,
43,d200,200,3500000,0.27399998903274536
43,d200,200,3510000,
43,d200,200,3520000,
43,d200,200,3530000,
43,d200,200,3540000,
43,d200,200,3550000,
43,d200,200,3560000,
43,d200,200,3570000,
43,d200,200,3580000,
43,d200,200,3590000,
43,d200,200,3600000,0.28380000591278076
43,d200,200,3610000,
43,d200,200,3620000,
43,d200,200,3630000,
43,d200,200,3640000,
43,d200,200,3650000,
43,d200,200,3660000,
43,d200,200,3670000,
43,d200,200,3680000,
43,d200,200,3690000,
43,d200,200,3700000,0.24709999561309814
43,d200,200,3710000,
43,d200,200,3720000,
43,d200,200,3730000,
43,d200,200,3740000,
43,d200,200,3750000,
43,d200,200,3760000,
43,d200,200,3770000,
43,d200,200,3780000,
43,d200,200,3790000,
43,d200,200,3800000,0.2890999913215637
43,d200,200,3810000,
43,d200,200,3820000,
43,d200,200,3830000,
43,d200,200,3840000,
43,d200,200,3850000,
43,d200,200,3860000,
43,d200,200,3870000,
43,d200,200,3880000,
43,d200,200,3890000,
43,d200,200,3900000,0.28029999136924744
43,d200,200,3910000,
43,d200,200,3920000,
43,d200,200,3930000,
43,d200,200,3940000,
43,d200,200,3950000,
43,d200,200,3960000,
43,d200,200,3970000,
43,d200,200,3980000,
43,d200,200,3990000,
43,d200,200,4000000,0.30140000581741333
43,d200,200,4010000,
43,d200,200,4020000,
43,d200,200,4030000,
43,d200,200,4040000,
43,d200,200,4050000,
43,d200,200,4060000,
43,d200,200,4070000,
43,d200,200,4080000,
43,d200,200,4090000,
43,d200,200,4100000,0.2678999900817871
43,d200,200,4110000,
43,d200,200,4120000,
43,d200,200,4130000,
43,d200,200,4140000,
43,d200,200,4150000,
43,d200,200,4160000,
43,d200,200,4170000,
43,d200,200,4180000,
43,d200,200,4190000,
43,d200,200,4200000,0.320499986410141
43,d200,200,4210000,
43,d200,200,4220000,
43,d200,200,4230000,
43,d200,200,4240000,
43,d200,200,4250000,
43,d200,200,4260000,
43,d200,200,4270000,
43,d200,200,4280000,
43,d200,200,4290000,
43,d200,200,4300000,0.3043000102043152
43,d200,200,4310000,
43,d200,200,4320000,
43,d200,200,4330000,
43,d200,200,4340000,
43,d200,200,4350000,
43,d200,200,4360000,
43,d200,200,4370000,
43,d200,200,4380000,
43,d200,200,4390000,
43,d200,200,4400000,0.32760000228881836
43,d200,200,4410000,
43,d200,200,4420000,
43,d200,200,4430000,
43,d200,200,4440000,
43,d200,200,4450000,
43,d200,200,4460000,
43,d200,200,4470000,
43,d200,200,4480000,
43,d200,200,4490000,
43,d200,200,4500000,0.3709999918937683
43,d200,200,4510000,
43,d200,200,4520000,
43,d200,200,4530000,
43,d200,200,4540000,
43,d200,200,4550000,
43,d200,200,4560000,
43,d200,200,4570000,
43,d200,200,4580000,
43,d200,200,4590000,
43,d200,200,4600000,0.35499998927116394
43,d200,200,4610000,
43,d200,200,4620000,
43,d200,200,4630000,
43,d200,200,4640000,
43,d200,200,4650000,
43,d200,200,4660000,
43,d200,200,4670000,
43,d200,200,4680000,
43,d200,200,4690000,
43,d200,200,4700000,0.334199994802475
43,d200,200,4710000,
43,d200,200,4720000,
43,d200,200,4730000,
43,d200,200,4740000,
43,d200,200,4750000,
43,d200,200,4760000,
43,d200,200,4770000,
43,d200,200,4780000,
43,d200,200,4790000,
43,d200,200,4800000,0.34459999203681946
43,d200,200,4810000,
43,d200,200,4820000,
43,d200,200,4830000,
43,d200,200,4840000,
43,d200,200,4850000,
43,d200,200,4860000,
43,d200,200,4870000,
43,d200,200,4880000,
43,d200,200,4890000,
43,d200,200,4900000,0.36550000309944153
43,d200,200,4910000,
43,d200,200,4920000,
43,d200,200,4930000,
43,d200,200,4940000,
43,d200,200,4950000,
43,d200,200,4960000,
43,d200,200,4970000,
43,d200,200,4980000,
43,d200,200,4990000,
43,d200,200,5000000,0.35899999737739563
44,d200,200,1,0.0
44,d200,200,10000,
44,d200,200,20000,
44,d200,200,30000,
44,d200,200,40000,
44,d200,200,50000,
44,d200,200,60000,
44,d200,200,70000,
44,d200,200,80000,
44,d200,200,90000,
44,d200,200,100000,0.0
44,d200,200,110000,
44,d200,200,120000,
44,d200,200,130000,
44,d200,200,140000,
44,d200,200,150000,
44,d200,200,160000,
44,d200,200,170000,
44,d200,200,180000,
44,d200,200,190000,
44,d200,200,200000,0.00019999999494757503
44,d200,200,210000,
44,d200,200,220000,
44,d200,200,230000,
44,d200,200,240000,
44,d200,200,250000,
44,d200,200,260000,
44,d200,200,270000,
44,d200,200,280000,
44,d200,200,290000,
44,d200,200,300000,0.0005000000237487257
44,d200,200,310000,
44,d200,200,320000,
44,d200,200,330000,
44,d200,200,340000,
44,d200,200,350000,
44,d200,200,360000,
44,d200,200,370000,
44,d200,200,380000,
44,d200,200,390000,
44,d200,200,400000,0.002400000113993883
44,d200,200,410000,
44,d200,200,420000,
44,d200,200,430000,
44,d200,200,440000,
44,d200,200,450000,
44,d200,200,460000,
44,d200,200,470000,
44,d200,200,480000,
44,d200,200,490000,
44,d200,200,500000,0.005900000222027302
44,d200,200,510000,
44,d200,200,520000,
44,d200,200,530000,
44,d200,200,540000,
44,d200,200,550000,
44,d200,200,560000,
44,d200,200,570000,
44,d200,200,580000,
44,d200,200,590000,
44,d200,200,600000,0.013000000268220901
44,d200,200,610000,
44,d200,200,620000,
44,d200,200,630000,
44,d200,200,640000,
44,d200,200,650000,
44,d200,200,660000,
44,d200,200,670000,
44,d200,200,680000,
44,d200,200,690000,
44,d200,200,700000,0.019099999219179153
44,d200,200,710000,
44,d200,200,720000,
44,d200,200,730000,
44,d200,200,740000,
44,d200,200,750000,
44,d200,200,760000,
44,d200,200,770000,
44,d200,200,780000,
44,d200,200,790000,
44,d200,200,800000,0.024399999529123306
44,d200,200,810000,
44,d200,200,820000,
44,d200,200,830000,
44,d200,200,840000,
44,d200,200,850000,
44,d200,200,860000,
44,d200,200,870000,
44,d200,200,880000,
44,d200,200,890000,
44,d200,200,900000,0.03530000150203705
44,d200,200,910000,
44,d200,200,920000,
44,d200,200,930000,
44,d200,200,940000,
44,d200,200,950000,
44,d200,200,960000,
44,d200,200,970000,
44,d200,200,980000,
44,d200,200,990000,
44,d200,200,1000000,0.04190000146627426
44,d200,200,1010000,
44,d200,200,1020000,
44,d200,200,1030000,
44,d200,200,1040000,
44,d200,200,1050000,
44,d200,200,1060000,
44,d200,200,1070000,
44,d200,200,1080000,
44,d200,200,1090000,
44,d200,200,1100000,0.060499999672174454
44,d200,200,1110000,
44,d200,200,1120000,
44,d200,200,1130000,
44,d200,200,1140000,
44,d200,200,1150000,
44,d200,200,1160000,
44,d200,200,1170000,
44,d200,200,1180000,
44,d200,200,1190000,
44,d200,200,1200000,0.07069999724626541
44,d200,200,1210000,
44,d200,200,1220000,
44,d200,200,1230000,
44,d200,200,1240000,
44,d200,200,1250000,
44,d200,200,1260000,
44,d200,200,1270000,
44,d200,200,1280000,
44,d200,200,1290000,
44,d200,200,1300000,0.08009999990463257
44,d200,200,1310000,
44,d200,200,1320000,
44,d200,200,1330000,
44,d200,200,1340000,
44,d200,200,1350000,
44,d200,200,1360000,
44,d200,200,1370000,
44,d200,200,1380000,
44,d200,200,1390000,
44,d200,200,1400000,0.09470000118017197
44,d200,200,1410000,
44,d200,200,1420000,
44,d200,200,1430000,
44,d200,200,1440000,
44,d200,200,1450000,
44,d200,200,1460000,
44,d200,200,1470000,
44,d200,200,1480000,
44,d200,200,1490000,
44,d200,200,1500000,0.10499999672174454
44,d200,200,1510000,
44,d200,200,1520000,
44,d200,200,1530000,
44,d200,200,1540000,
44,d200,200,1550000,
44,d200,200,1560000,
44,d200,200,1570000,
44,d200,200,1580000,
44,d200,200,1590000,
44,d200,200,1600000,0.13269999623298645
44,d200,200,1610000,
44,d200,200,1620000,
44,d200,200,1630000,
44,d200,200,1640000,
44,d200,200,1650000,
44,d200,200,1660000,
44,d200,200,1670000,
44,d200,200,1680000,
44,d200,200,1690000,
44,d200,200,1700000,0.13989999890327454
44,d200,200,1710000,
44,d200,200,1720000,
44,d200,200,1730000,
44,d200,200,1740000,
44,d200,200,1750000,
44,d200,200,1760000,
44,d200,200,1770000,
44,d200,200,1780000,
44,d200,200,1790000,
44,d200,200,1800000,0.15369999408721924
44,d200,200,1810000,
44,d200,200,1820000,
44,d200,200,1830000,
44,d200,200,1840000,
44,d200,200,1850000,
44,d200,200,1860000,
44,d200,200,1870000,
44,d200,200,1880000,
44,d200,200,1890000,
44,d200,200,1900000,0.15189999341964722
44,d200,200,1910000,
44,d200,200,1920000,
44,d200,200,1930000,
44,d200,200,1940000,
44,d200,200,1950000,
44,d200,200,1960000,
44,d200,200,1970000,
44,d200,200,1980000,
44,d200,200,1990000,
44,d200,200,2000000,0.1729000061750412
44,d200,200,2010000,
44,d200,200,2020000,
44,d200,200,2030000,
44,d200,200,2040000,
44,d200,200,2050000,
44,d200,200,2060000,
44,d200,200,2070000,
44,d200,200,2080000,
44,d200,200,2090000,
44,d200,200,2100000,0.18490000069141388
44,d200,200,2110000,
44,d200,200,2120000,
44,d200,200,2130000,
44,d200,200,2140000,
44,d200,200,2150000,
44,d200,200,2160000,
44,d200,200,2170000,
44,d200,200,2180000,
44,d200,200,2190000,
44,d200,200,2200000,0.18729999661445618
44,d200,200,2210000,
44,d200,200,2220000,
44,d200,200,2230000,
44,d200,200,2240000,
44,d200,200,2250000,
44,d200,200,2260000,
44,d200,200,2270000,
44,d200,200,2280000,
44,d200,200,2290000,
44,d200,200,2300000,0.19820000231266022
44,d200,200,2310000,
44,d200,200,2320000,
44,d200,200,2330000,
44,d200,200,2340000,
44,d200,200,2350000,
44,d200,200,2360000,
44,d200,200,2370000,
44,d200,200,2380000,
44,d200,200,2390000,
44,d200,200,2400000,0.2037000060081482
44,d200,200,2410000,
44,d200,200,2420000,
44,d200,200,2430000,
44,d200,200,2440000,
44,d200,200,2450000,
44,d200,200,2460000,
44,d200,200,2470000,
44,d200,200,2480000,
44,d200,200,2490000,
44,d200,200,2500000,0.23149999976158142
44,d200,200,2510000,
44,d200,200,2520000,
44,d200,200,2530000,
44,d200,200,2540000,
44,d200,200,2550000,
44,d200,200,2560000,
44,d200,200,2570000,
44,d200,200,2580000,
44,d200,200,2590000,
44,d200,200,2600000,0.23589999973773956
44,d200,200,2610000,
44,d200,200,2620000,
44,d200,200,2630000,
44,d200,200,2640000,
44,d200,200,2650000,
44,d200,200,2660000,
44,d200,200,2670000,
44,d200,200,2680000,
44,d200,200,2690000,
44,d200,200,2700000,0.2257000058889389
44,d200,200,2710000,
44,d200,200,2720000,
44,d200,200,2730000,
44,d200,200,2740000,
44,d200,200,2750000,
44,d200,200,2760000,
44,d200,200,2770000,
44,d200,200,2780000,
44,d200,200,2790000,
44,d200,200,2800000,0.24860000610351562
44,d200,200,2810000,
44,d200,200,2820000,
44,d200,200,2830000,
44,d200,200,2840000,
44,d200,200,2850000,
44,d200,200,2860000,
44,d200,200,2870000,
44,d200,200,2880000,
44,d200,200,2890000,
44,d200,200,2900000,0.25369998812675476
44,d200,200,2910000,
44,d200,200,2920000,
44,d200,200,2930000,
44,d200,200,2940000,
44,d200,200,2950000,
44,d200,200,2960000,
44,d200,200,2970000,
44,d200,200,2980000,
44,d200,200,2990000,
44,d200,200,3000000,0.2578999996185303
44,d200,200,3010000,
44,d200,200,3020000,
44,d200,200,3030000,
44,d200,200,3040000,
44,d200,200,3050000,
44,d200,200,3060000,
44,d200,200,3070000,
44,d200,200,3080000,
44,d200,200,3090000,
44,d200,200,3100000,0.2759000062942505
44,d200,200,3110000,
44,d200,200,3120000,
44,d200,200,3130000,
44,d200,200,3140000,
44,d200,200,3150000,
44,d200,200,3160000,
44,d200,200,3170000,
44,d200,200,3180000,
44,d200,200,3190000,
44,d200,200,3200000,0.28790000081062317
44,d200,200,3210000,
44,d200,200,3220000,
44,d200,200,3230000,
44,d200,200,3240000,
44,d200,200,3250000,
44,d200,200,3260000,
44,d200,200,3270000,
44,d200,200,3280000,
44,d200,200,3290000,
44,d200,200,3300000,0.2957000136375427
44,d200,200,3310000,
44,d200,200,3320000,
44,d200,200,3330000,
44,d200,200,3340000,
44,d200,200,3350000,
44,d200,200,3360000,
44,d200,200,3370000,
44,d200,200,3380000,
44,d200,200,3390000,
44,d200,200,3400000,0.3197999894618988
44,d200,200,3410000,
44,d200,200,3420000,
44,d200,200,3430000,
44,d200,200,3440000,
44,d200,200,3450000,
44,d200,200,3460000,
44,d200,200,3470000,
44,d200,200,3480000,
44,d200,200,3490000,
44,d200,200,3500000,0.27630001306533813
44,d200,200,3510000,
44,d200,200,3520000,
44,d200,200,3530000,
44,d200,200,3540000,
44,d200,200,3550000,
44,d200,200,3560000,
44,d200,200,3570000,
44,d200,200,3580000,
44,d200,200,3590000,
44,d200,200,3600000,0.3082999885082245
44,d200,200,3610000,
44,d200,200,3620000,
44,d200,200,3630000,
44,d200,200,3640000,
44,d200,200,3650000,
44,d200,200,3660000,
44,d200,200,3670000,
44,d200,200,3680000,
44,d200,200,3690000,
44,d200,200,3700000,0.30550000071525574
44,d200,200,3710000,
44,d200,200,3720000,
44,d200,200,3730000,
44,d200,200,3740000,
44,d200,200,3750000,
44,d200,200,3760000,
44,d200,200,3770000,
44,d200,200,3780000,
44,d200,200,3790000,
44,d200,200,3800000,0.3402000069618225
44,d200,200,3810000,
44,d200,200,3820000,
44,d200,200,3830000,
44,d200,200,3840000,
44,d200,200,3850000,
44,d200,200,3860000,
44,d200,200,3870000,
44,d200,200,3880000,
44,d200,200,3890000,
44,d200,200,3900000,0.3319999873638153
44,d200,200,3910000,
44,d200,200,3920000,
44,d200,200,3930000,
44,d200,200,3940000,
44,d200,200,3950000,
44,d200,200,3960000,
44,d200,200,3970000,
44,d200,200,3980000,
44,d200,200,3990000,
44,d200,200,4000000,0.3190000057220459
44,d200,200,4010000,
44,d200,200,4020000,
44,d200,200,4030000,
44,d200,200,4040000,
44,d200,200,4050000,
44,d200,200,4060000,
44,d200,200,4070000,
44,d200,200,4080000,
44,d200,200,4090000,
44,d200,200,4100000,0.3357999920845032
44,d200,200,4110000,
44,d200,200,4120000,
44,d200,200,4130000,
44,d200,200,4140000,
44,d200,200,4150000,
44,d200,200,4160000,
44,d200,200,4170000,
44,d200,200,4180000,
44,d200,200,4190000,
44,d200,200,4200000,0.3325999975204468
44,d200,200,4210000,
44,d200,200,4220000,
44,d200,200,4230000,
44,d200,200,4240000,
44,d200,200,4250000,
44,d200,200,4260000,
44,d200,200,4270000,
44,d200,200,4280000,
44,d200,200,4290000,
44,d200,200,4300000,0.3433000147342682
44,d200,200,4310000,
44,d200,200,4320000,
44,d200,200,4330000,
44,d200,200,4340000,
44,d200,200,4350000,
44,d200,200,4360000,
44,d200,200,4370000,
44,d200,200,4380000,
44,d200,200,4390000,
44,d200,200,4400000,0.3752000033855438
44,d200,200,4410000,
44,d200,200,4420000,
44,d200,200,4430000,
44,d200,200,4440000,
44,d200,200,4450000,
44,d200,200,4460000,
44,d200,200,4470000,
44,d200,200,4480000,
44,d200,200,4490000,
44,d200,200,4500000,0.39469999074935913
44,d200,200,4510000,
44,d200,200,4520000,
44,d200,200,4530000,
44,d200,200,4540000,
44,d200,200,4550000,
44,d200,200,4560000,
44,d200,200,4570000,
44,d200,200,4580000,
44,d200,200,4590000,
44,d200,200,4600000,0.3635999858379364
44,d200,200,4610000,
44,d200,200,4620000,
44,d200,200,4630000,
44,d200,200,4640000,
44,d200,200,4650000,
44,d200,200,4660000,
44,d200,200,4670000,
44,d200,200,4680000,
44,d200,200,4690000,
44,d200,200,4700000,0.385699987411499
44,d200,200,4710000,
44,d200,200,4720000,
44,d200,200,4730000,
44,d200,200,4740000,
44,d200,200,4750000,
44,d200,200,4760000,
44,d200,200,4770000,
44,d200,200,4780000,
44,d200,200,4790000,
44,d200,200,4800000,0.3506999909877777
44,d200,200,4810000,
44,d200,200,4820000,
44,d200,200,4830000,
44,d200,200,4840000,
44,d200,200,4850000,
44,d200,200,4860000,
44,d200,200,4870000,
44,d200,200,4880000,
44,d200,200,4890000,
44,d200,200,4900000,0.3540000021457672
44,d200,200,4910000,
44,d200,200,4920000,
44,d200,200,4930000,
44,d200,200,4940000,
44,d200,200,4950000,
44,d200,200,4960000,
44,d200,200,4970000,
44,d200,200,4980000,
44,d200,200,4990000,
44,d200,200,5000000,0.39309999346733093
45,d200,200,1,0.0
45,d200,200,10000,
45,d200,200,20000,
45,d200,200,30000,
45,d200,200,40000,
45,d200,200,50000,
45,d200,200,60000,
45,d200,200,70000,
45,d200,200,80000,
45,d200,200,90000,
45,d200,200,100000,0.0
45,d200,200,110000,
45,d200,200,120000,
45,d200,200,130000,
45,d200,200,140000,
45,d200,200,150000,
45,d200,200,160000,
45,d200,200,170000,
45,d200,200,180000,
45,d200,200,190000,
45,d200,200,200000,0.00019999999494757503
45,d200,200,210000,
45,d200,200,220000,
45,d200,200,230000,
45,d200,200,240000,
45,d200,200,250000,
45,d200,200,260000,
45,d200,200,270000,
45,d200,200,280000,
45,d200,200,290000,
45,d200,200,300000,0.0006000000284984708
45,d200,200,310000,
45,d200,200,320000,
45,d200,200,330000,
45,d200,200,340000,
45,d200,200,350000,
45,d200,200,360000,
45,d200,200,370000,
45,d200,200,380000,
45,d200,200,390000,
45,d200,200,400000,0.0032999999821186066
45,d200,200,410000,
45,d200,200,420000,
45,d200,200,430000,
45,d200,200,440000,
45,d200,200,450000,
45,d200,200,460000,
45,d200,200,470000,
45,d200,200,480000,
45,d200,200,490000,
45,d200,200,500000,0.004900000058114529
45,d200,200,510000,
45,d200,200,520000,
45,d200,200,530000,
45,d200,200,540000,
45,d200,200,550000,
45,d200,200,560000,
45,d200,200,570000,
45,d200,200,580000,
45,d200,200,590000,
45,d200,200,600000,0.006300000008195639
45,d200,200,610000,
45,d200,200,620000,
45,d200,200,630000,
45,d200,200,640000,
45,d200,200,650000,
45,d200,200,660000,
45,d200,200,670000,
45,d200,200,680000,
45,d200,200,690000,
45,d200,200,700000,0.010200000368058681
45,d200,200,710000,
45,d200,200,720000,
45,d200,200,730000,
45,d200,200,740000,
45,d200,200,750000,
45,d200,200,760000,
45,d200,200,770000,
45,d200,200,780000,
45,d200,200,790000,
45,d200,200,800000,0.019099999219179153
45,d200,200,810000,
45,d200,200,820000,
45,d200,200,830000,
45,d200,200,840000,
45,d200,200,850000,
45,d200,200,860000,
45,d200,200,870000,
45,d200,200,880000,
45,d200,200,890000,
45,d200,200,900000,0.0210999995470047
45,d200,200,910000,
45,d200,200,920000,
45,d200,200,930000,
45,d200,200,940000,
45,d200,200,950000,
45,d200,200,960000,
45,d200,200,970000,
45,d200,200,980000,
45,d200,200,990000,
45,d200,200,1000000,0.02879999950528145
45,d200,200,1010000,
45,d200,200,1020000,
45,d200,200,1030000,
45,d200,200,1040000,
45,d200,200,1050000,
45,d200,200,1060000,
45,d200,200,1070000,
45,d200,200,1080000,
45,d200,200,1090000,
45,d200,200,1100000,0.03319999948143959
45,d200,200,1110000,
45,d200,200,1120000,
45,d200,200,1130000,
45,d200,200,1140000,
45,d200,200,1150000,
45,d200,200,1160000,
45,d200,200,1170000,
45,d200,200,1180000,
45,d200,200,1190000,
45,d200,200,1200000,0.03400000184774399
45,d200,200,1210000,
45,d200,200,1220000,
45,d200,200,1230000,
45,d200,200,1240000,
45,d200,200,1250000,
45,d200,200,1260000,
45,d200,200,1270000,
45,d200,200,1280000,
45,d200,200,1290000,
45,d200,200,1300000,0.039900001138448715
45,d200,200,1310000,
45,d200,200,1320000,
45,d200,200,1330000,
45,d200,200,1340000,
45,d200,200,1350000,
45,d200,200,1360000,
45,d200,200,1370000,
45,d200,200,1380000,
45,d200,200,1390000,
45,d200,200,1400000,0.05009999871253967
45,d200,200,1410000,
45,d200,200,1420000,
45,d200,200,1430000,
45,d200,200,1440000,
45,d200,200,1450000,
45,d200,200,1460000,
45,d200,200,1470000,
45,d200,200,1480000,
45,d200,200,1490000,
45,d200,200,1500000,0.0551999993622303
45,d200,200,1510000,
45,d200,200,1520000,
45,d200,200,1530000,
45,d200,200,1540000,
45,d200,200,1550000,
45,d200,200,1560000,
45,d200,200,1570000,
45,d200,200,1580000,
45,d200,200,1590000,
45,d200,200,1600000,0.053599998354911804
45,d200,200,1610000,
45,d200,200,1620000,
45,d200,200,1630000,
45,d200,200,1640000,
45,d200,200,1650000,
45,d200,200,1660000,
45,d200,200,1670000,
45,d200,200,1680000,
45,d200,200,1690000,
45,d200,200,1700000,0.07090000063180923
45,d200,200,1710000,
45,d200,200,1720000,
45,d200,200,1730000,
45,d200,200,1740000,
45,d200,200,1750000,
45,d200,200,1760000,
45,d200,200,1770000,
45,d200,200,1780000,
45,d200,200,1790000,
45,d200,200,1800000,0.07500000298023224
45,d200,200,1810000,
45,d200,200,1820000,
45,d200,200,1830000,
45,d200,200,1840000,
45,d200,200,1850000,
45,d200,200,1860000,
45,d200,200,1870000,
45,d200,200,1880000,
45,d200,200,1890000,
45,d200,200,1900000,0.07670000195503235
45,d200,200,1910000,
45,d200,200,1920000,
45,d200,200,1930000,
45,d200,200,1940000,
45,d200,200,1950000,
45,d200,200,1960000,
45,d200,200,1970000,
45,d200,200,1980000,
45,d200,200,1990000,
45,d200,200,2000000,0.08760000020265579
45,d200,200,2010000,
45,d200,200,2020000,
45,d200,200,2030000,
45,d200,200,2040000,
45,d200,200,2050000,
45,d200,200,2060000,
45,d200,200,2070000,
45,d200,200,2080000,
45,d200,200,2090000,
45,d200,200,2100000,0.09279999881982803
45,d200,200,2110000,
45,d200,200,2120000,
45,d200,200,2130000,
45,d200,200,2140000,
45,d200,200,2150000,
45,d200,200,2160000,
45,d200,200,2170000,
45,d200,200,2180000,
45,d200,200,2190000,
45,d200,200,2200000,0.09380000084638596
45,d200,200,2210000,
45,d200,200,2220000,
45,d200,200,2230000,
45,d200,200,2240000,
45,d200,200,2250000,
45,d200,200,2260000,
45,d200,200,2270000,
45,d200,200,2280000,
45,d200,200,2290000,
45,d200,200,2300000,0.10090000182390213
45,d200,200,2310000,
45,d200,200,2320000,
45,d200,200,2330000,
45,d200,200,2340000,
45,d200,200,2350000,
45,d200,200,2360000,
45,d200,200,2370000,
45,d200,200,2380000,
45,d200,200,2390000,
45,d200,200,2400000,0.1103999987244606
45,d200,200,2410000,
45,d200,200,2420000,
45,d200,200,2430000,
45,d200,200,2440000,
45,d200,200,2450000,
45,d200,200,2460000,
45,d200,200,2470000,
45,d200,200,2480000,
45,d200,200,2490000,
45,d200,200,2500000,0.11330000311136246
45,d200,200,2510000,
45,d200,200,2520000,
45,d200,200,2530000,
45,d200,200,2540000,
45,d200,200,2550000,
45,d200,200,2560000,
45,d200,200,2570000,
45,d200,200,2580000,
45,d200,200,2590000,
45,d200,200,2600000,0.12080000340938568
45,d200,200,2610000,
45,d200,200,2620000,
45,d200,200,2630000,
45,d200,200,2640000,
45,d200,200,2650000,
45,d200,200,2660000,
45,d200,200,2670000,
45,d200,200,2680000,
45,d200,200,2690000,
45,d200,200,2700000,0.11829999834299088
45,d200,200,2710000,
45,d200,200,2720000,
45,d200,200,2730000,
45,d200,200,2740000,
45,d200,200,2750000,
45,d200,200,2760000,
45,d200,200,2770000,
45,d200,200,2780000,
45,d200,200,2790000,
45,d200,200,2800000,0.13179999589920044
45,d200,200,2810000,
45,d200,200,2820000,
45,d200,200,2830000,
45,d200,200,2840000,
45,d200,200,2850000,
45,d200,200,2860000,
45,d200,200,2870000,
45,d200,200,2880000,
45,d200,200,2890000,
45,d200,200,2900000,0.14990000426769257
45,d200,200,2910000,
45,d200,200,2920000,
45,d200,200,2930000,
45,d200,200,2940000,
45,d200,200,2950000,
45,d200,200,2960000,
45,d200,200,2970000,
45,d200,200,2980000,
45,d200,200,2990000,
45,d200,200,3000000,0.1421000063419342
45,d200,200,3010000,
45,d200,200,3020000,
45,d200,200,3030000,
45,d200,200,3040000,
45,d200,200,3050000,
45,d200,200,3060000,
45,d200,200,3070000,
45,d200,200,3080000,
45,d200,200,3090000,
45,d200,200,3100000,0.12809999287128448
45,d200,200,3110000,
45,d200,200,3120000,
45,d200,200,3130000,
45,d200,200,3140000,
45,d200,200,3150000,
45,d200,200,3160000,
45,d200,200,3170000,
45,d200,200,3180000,
45,d200,200,3190000,
45,d200,200,3200000,0.15369999408721924
45,d200,200,3210000,
45,d200,200,3220000,
45,d200,200,3230000,
45,d200,200,3240000,
45,d200,200,3250000,
45,d200,200,3260000,
45,d200,200,3270000,
45,d200,200,3280000,
45,d200,200,3290000,
45,d200,200,3300000,0.14980000257492065
45,d200,200,3310000,
45,d200,200,3320000,
45,d200,200,3330000,
45,d200,200,3340000,
45,d200,200,3350000,
45,d200,200,3360000,
45,d200,200,3370000,
45,d200,200,3380000,
45,d200,200,3390000,
45,d200,200,3400000,0.17409999668598175
45,d200,200,3410000,
45,d200,200,3420000,
45,d200,200,3430000,
45,d200,200,3440000,
45,d200,200,3450000,
45,d200,200,3460000,
45,d200,200,3470000,
45,d200,200,3480000,
45,d200,200,3490000,
45,d200,200,3500000,0.17010000348091125
45,d200,200,3510000,
45,d200,200,3520000,
45,d200,200,3530000,
45,d200,200,3540000,
45,d200,200,3550000,
45,d200,200,3560000,
45,d200,200,3570000,
45,d200,200,3580000,
45,d200,200,3590000,
45,d200,200,3600000,0.16910000145435333
45,d200,200,3610000,
45,d200,200,3620000,
45,d200,200,3630000,
45,d200,200,3640000,
45,d200,200,3650000,
45,d200,200,3660000,
45,d200,200,3670000,
45,d200,200,3680000,
45,d200,200,3690000,
45,d200,200,3700000,0.17239999771118164
45,d200,200,3710000,
45,d200,200,3720000,
45,d200,200,3730000,
45,d200,200,3740000,
45,d200,200,3750000,
45,d200,200,3760000,
45,d200,200,3770000,
45,d200,200,3780000,
45,d200,200,3790000,
45,d200,200,3800000,0.18039999902248383
45,d200,200,3810000,
45,d200,200,3820000,
45,d200,200,3830000,
45,d200,200,3840000,
45,d200,200,3850000,
45,d200,200,3860000,
45,d200,200,3870000,
45,d200,200,3880000,
45,d200,200,3890000,
45,d200,200,3900000,0.1882999986410141
45,d200,200,3910000,
45,d200,200,3920000,
45,d200,200,3930000,
45,d200,200,3940000,
45,d200,200,3950000,
45,d200,200,3960000,
45,d200,200,3970000,
45,d200,200,3980000,
45,d200,200,3990000,
45,d200,200,4000000,0.19750000536441803
45,d200,200,4010000,
45,d200,200,4020000,
45,d200,200,4030000,
45,d200,200,4040000,
45,d200,200,4050000,
45,d200,200,4060000,
45,d200,200,4070000,
45,d200,200,4080000,
45,d200,200,4090000,
45,d200,200,4100000,0.21170000731945038
45,d200,200,4110000,
45,d200,200,4120000,
45,d200,200,4130000,
45,d200,200,4140000,
45,d200,200,4150000,
45,d200,200,4160000,
45,d200,200,4170000,
45,d200,200,4180000,
45,d200,200,4190000,
45,d200,200,4200000,0.19920000433921814
45,d200,200,4210000,
45,d200,200,4220000,
45,d200,200,4230000,
45,d200,200,4240000,
45,d200,200,4250000,
45,d200,200,4260000,
45,d200,200,4270000,
45,d200,200,4280000,
45,d200,200,4290000,
45,d200,200,4300000,0.21960000693798065
45,d200,200,4310000,
45,d200,200,4320000,
45,d200,200,4330000,
45,d200,200,4340000,
45,d200,200,4350000,
45,d200,200,4360000,
45,d200,200,4370000,
45,d200,200,4380000,
45,d200,200,4390000,
45,d200,200,4400000,0.21960000693798065
45,d200,200,4410000,
45,d200,200,4420000,
45,d200,200,4430000,
45,d200,200,4440000,
45,d200,200,4450000,
45,d200,200,4460000,
45,d200,200,4470000,
45,d200,200,4480000,
45,d200,200,4490000,
45,d200,200,4500000,0.2282000035047531
45,d200,200,4510000,
45,d200,200,4520000,
45,d200,200,4530000,
45,d200,200,4540000,
45,d200,200,4550000,
45,d200,200,4560000,
45,d200,200,4570000,
45,d200,200,4580000,
45,d200,200,4590000,
45,d200,200,4600000,0.2199999988079071
45,d200,200,4610000,
45,d200,200,4620000,
45,d200,200,4630000,
45,d200,200,4640000,
45,d200,200,4650000,
45,d200,200,4660000,
45,d200,200,4670000,
45,d200,200,4680000,
45,d200,200,4690000,
45,d200,200,4700000,0.23270000517368317
45,d200,200,4710000,
45,d200,200,4720000,
45,d200,200,4730000,
45,d200,200,4740000,
45,d200,200,4750000,
45,d200,200,4760000,
45,d200,200,4770000,
45,d200,200,4780000,
45,d200,200,4790000,
45,d200,200,4800000,0.2337999939918518
45,d200,200,4810000,
45,d200,200,4820000,
45,d200,200,4830000,
45,d200,200,4840000,
45,d200,200,4850000,
45,d200,200,4860000,
45,d200,200,4870000,
45,d200,200,4880000,
45,d200,200,4890000,
45,d200,200,4900000,0.2337000072002411
45,d200,200,4910000,
45,d200,200,4920000,
45,d200,200,4930000,
45,d200,200,4940000,
45,d200,200,4950000,
45,d200,200,4960000,
45,d200,200,4970000,
45,d200,200,4980000,
45,d200,200,4990000,
45,d200,200,5000000,0.2542000114917755
46,d200,200,1,0.0
46,d200,200,10000,
46,d200,200,20000,
46,d200,200,30000,
46,d200,200,40000,
46,d200,200,50000,
46,d200,200,60000,
46,d200,200,70000,
46,d200,200,80000,
46,d200,200,90000,
46,d200,200,100000,0.0
46,d200,200,110000,
46,d200,200,120000,
46,d200,200,130000,
46,d200,200,140000,
46,d200,200,150000,
46,d200,200,160000,
46,d200,200,170000,
46,d200,200,180000,
46,d200,200,190000,
46,d200,200,200000,0.00019999999494757503
46,d200,200,210000,
46,d200,200,220000,
46,d200,200,230000,
46,d200,200,240000,
46,d200,200,250000,
46,d200,200,260000,
46,d200,200,270000,
46,d200,200,280000,
46,d200,200,290000,
46,d200,200,300000,0.0006000000284984708
46,d200,200,310000,
46,d200,200,320000,
46,d200,200,330000,
46,d200,200,340000,
46,d200,200,350000,
46,d200,200,360000,
46,d200,200,370000,
46,d200,200,380000,
46,d200,200,390000,
46,d200,200,400000,0.0032999999821186066
46,d200,200,410000,
46,d200,200,420000,
46,d200,200,430000,
46,d200,200,440000,
46,d200,200,450000,
46,d200,200,460000,
46,d200,200,470000,
46,d200,200,480000,
46,d200,200,490000,
46,d200,200,500000,0.005900000222027302
46,d200,200,510000,
46,d200,200,520000,
46,d200,200,530000,
46,d200,200,540000,
46,d200,200,550000,
46,d200,200,560000,
46,d200,200,570000,
46,d200,200,580000,
46,d200,200,590000,
46,d200,200,600000,0.009600000455975533
46,d200,200,610000,
46,d200,200,620000,
46,d200,200,630000,
46,d200,200,640000,
46,d200,200,650000,
46,d200,200,660000,
46,d200,200,670000,
46,d200,200,680000,
46,d200,200,690000,
46,d200,200,700000,0.01679999940097332
46,d200,200,710000,
46,d200,200,720000,
46,d200,200,730000,
46,d200,200,740000,
46,d200,200,750000,
46,d200,200,760000,
46,d200,200,770000,
46,d200,200,780000,
46,d200,200,790000,
46,d200,200,800000,0.02630000002682209
46,d200,200,810000,
46,d200,200,820000,
46,d200,200,830000,
46,d200,200,840000,
46,d200,200,850000,
46,d200,200,860000,
46,d200,200,870000,
46,d200,200,880000,
46,d200,200,890000,
46,d200,200,900000,0.02969999983906746
46,d200,200,910000,
46,d200,200,920000,
46,d200,200,930000,
46,d200,200,940000,
46,d200,200,950000,
46,d200,200,960000,
46,d200,200,970000,
46,d200,200,980000,
46,d200,200,990000,
46,d200,200,1000000,0.046799998730421066
46,d200,200,1010000,
46,d200,200,1020000,
46,d200,200,1030000,
46,d200,200,1040000,
46,d200,200,1050000,
46,d200,200,1060000,
46,d200,200,1070000,
46,d200,200,1080000,
46,d200,200,1090000,
46,d200,200,1100000,0.052000001072883606
46,d200,200,1110000,
46,d200,200,1120000,
46,d200,200,1130000,
46,d200,200,1140000,
46,d200,200,1150000,
46,d200,200,1160000,
46,d200,200,1170000,
46,d200,200,1180000,
46,d200,200,1190000,
46,d200,200,1200000,0.07169999927282333
46,d200,200,1210000,
46,d200,200,1220000,
46,d200,200,1230000,
46,d200,200,1240000,
46,d200,200,1250000,
46,d200,200,1260000,
46,d200,200,1270000,
46,d200,200,1280000,
46,d200,200,1290000,
46,d200,200,1300000,0.08240000158548355
46,d200,200,1310000,
46,d200,200,1320000,
46,d200,200,1330000,
46,d200,200,1340000,
46,d200,200,1350000,
46,d200,200,1360000,
46,d200,200,1370000,
46,d200,200,1380000,
46,d200,200,1390000,
46,d200,200,1400000,0.08340000361204147
46,d200,200,1410000,
46,d200,200,1420000,
46,d200,200,1430000,
46,d200,200,1440000,
46,d200,200,1450000,
46,d200,200,1460000,
46,d200,200,1470000,
46,d200,200,1480000,
46,d200,200,1490000,
46,d200,200,1500000,0.09030000120401382
46,d200,200,1510000,
46,d200,200,1520000,
46,d200,200,1530000,
46,d200,200,1540000,
46,d200,200,1550000,
46,d200,200,1560000,
46,d200,200,1570000,
46,d200,200,1580000,
46,d200,200,1590000,
46,d200,200,1600000,0.10980000346899033
46,d200,200,1610000,
46,d200,200,1620000,
46,d200,200,1630000,
46,d200,200,1640000,
46,d200,200,1650000,
46,d200,200,1660000,
46,d200,200,1670000,
46,d200,200,1680000,
46,d200,200,1690000,
46,d200,200,1700000,0.11620000004768372
46,d200,200,1710000,
46,d200,200,1720000,
46,d200,200,1730000,
46,d200,200,1740000,
46,d200,200,1750000,
46,d200,200,1760000,
46,d200,200,1770000,
46,d200,200,1780000,
46,d200,200,1790000,
46,d200,200,1800000,0.14480000734329224
46,d200,200,1810000,
46,d200,200,1820000,
46,d200,200,1830000,
46,d200,200,1840000,
46,d200,200,1850000,
46,d200,200,1860000,
46,d200,200,1870000,
46,d200,200,1880000,
46,d200,200,1890000,
46,d200,200,1900000,0.12680000066757202
46,d200,200,1910000,
46,d200,200,1920000,
46,d200,200,1930000,
46,d200,200,1940000,
46,d200,200,1950000,
46,d200,200,1960000,
46,d200,200,1970000,
46,d200,200,1980000,
46,d200,200,1990000,
46,d200,200,2000000,0.16529999673366547
46,d200,200,2010000,
46,d200,200,2020000,
46,d200,200,2030000,
46,d200,200,2040000,
46,d200,200,2050000,
46,d200,200,2060000,
46,d200,200,2070000,
46,d200,200,2080000,
46,d200,200,2090000,
46,d200,200,2100000,0.15520000457763672
46,d200,200,2110000,
46,d200,200,2120000,
46,d200,200,2130000,
46,d200,200,2140000,
46,d200,200,2150000,
46,d200,200,2160000,
46,d200,200,2170000,
46,d200,200,2180000,
46,d200,200,2190000,
46,d200,200,2200000,0.18790000677108765
46,d200,200,2210000,
46,d200,200,2220000,
46,d200,200,2230000,
46,d200,200,2240000,
46,d200,200,2250000,
46,d200,200,2260000,
46,d200,200,2270000,
46,d200,200,2280000,
46,d200,200,2290000,
46,d200,200,2300000,0.18870000541210175
46,d200,200,2310000,
46,d200,200,2320000,
46,d200,200,2330000,
46,d200,200,2340000,
46,d200,200,2350000,
46,d200,200,2360000,
46,d200,200,2370000,
46,d200,200,2380000,
46,d200,200,2390000,
46,d200,200,2400000,0.20190000534057617
46,d200,200,2410000,
46,d200,200,2420000,
46,d200,200,2430000,
46,d200,200,2440000,
46,d200,200,2450000,
46,d200,200,2460000,
46,d200,200,2470000,
46,d200,200,2480000,
46,d200,200,2490000,
46,d200,200,2500000,0.21170000731945038
46,d200,200,2510000,
46,d200,200,2520000,
46,d200,200,2530000,
46,d200,200,2540000,
46,d200,200,2550000,
46,d200,200,2560000,
46,d200,200,2570000,
46,d200,200,2580000,
46,d200,200,2590000,
46,d200,200,2600000,0.20739999413490295
46,d200,200,2610000,
46,d200,200,2620000,
46,d200,200,2630000,
46,d200,200,2640000,
46,d200,200,2650000,
46,d200,200,2660000,
46,d200,200,2670000,
46,d200,200,2680000,
46,d200,200,2690000,
46,d200,200,2700000,0.21809999644756317
46,d200,200,2710000,
46,d200,200,2720000,
46,d200,200,2730000,
46,d200,200,2740000,
46,d200,200,2750000,
46,d200,200,2760000,
46,d200,200,2770000,
46,d200,200,2780000,
46,d200,200,2790000,
46,d200,200,2800000,0.23319999873638153
46,d200,200,2810000,
46,d200,200,2820000,
46,d200,200,2830000,
46,d200,200,2840000,
46,d200,200,2850000,
46,d200,200,2860000,
46,d200,200,2870000,
46,d200,200,2880000,
46,d200,200,2890000,
46,d200,200,2900000,0.22579999268054962
46,d200,200,2910000,
46,d200,200,2920000,
46,d200,200,2930000,
46,d200,200,2940000,
46,d200,200,2950000,
46,d200,200,2960000,
46,d200,200,2970000,
46,d200,200,2980000,
46,d200,200,2990000,
46,d200,200,3000000,0.25839999318122864
46,d200,200,3010000,
46,d200,200,3020000,
46,d200,200,3030000,
46,d200,200,3040000,
46,d200,200,3050000,
46,d200,200,3060000,
46,d200,200,3070000,
46,d200,200,3080000,
46,d200,200,3090000,
46,d200,200,3100000,0.2337999939918518
46,d200,200,3110000,
46,d200,200,3120000,
46,d200,200,3130000,
46,d200,200,3140000,
46,d200,200,3150000,
46,d200,200,3160000,
46,d200,200,3170000,
46,d200,200,3180000,
46,d200,200,3190000,
46,d200,200,3200000,0.24799999594688416
46,d200,200,3210000,
46,d200,200,3220000,
46,d200,200,3230000,
46,d200,200,3240000,
46,d200,200,3250000,
46,d200,200,3260000,
46,d200,200,3270000,
46,d200,200,3280000,
46,d200,200,3290000,
46,d200,200,3300000,0.25940001010894775
46,d200,200,3310000,
46,d200,200,3320000,
46,d200,200,3330000,
46,d200,200,3340000,
46,d200,200,3350000,
46,d200,200,3360000,
46,d200,200,3370000,
46,d200,200,3380000,
46,d200,200,3390000,
46,d200,200,3400000,0.27730000019073486
46,d200,200,3410000,
46,d200,200,3420000,
46,d200,200,3430000,
46,d200,200,3440000,
46,d200,200,3450000,
46,d200,200,3460000,
46,d200,200,3470000,
46,d200,200,3480000,
46,d200,200,3490000,
46,d200,200,3500000,0.2734000086784363
46,d200,200,3510000,
46,d200,200,3520000,
46,d200,200,3530000,
46,d200,200,3540000,
46,d200,200,3550000,
46,d200,200,3560000,
46,d200,200,3570000,
46,d200,200,3580000,
46,d200,200,3590000,
46,d200,200,3600000,0.2912999987602234
46,d200,200,3610000,
46,d200,200,3620000,
46,d200,200,3630000,
46,d200,200,3640000,
46,d200,200,3650000,
46,d200,200,3660000,
46,d200,200,3670000,
46,d200,200,3680000,
46,d200,200,3690000,
46,d200,200,3700000,0.3052999973297119
46,d200,200,3710000,
46,d200,200,3720000,
46,d200,200,3730000,
46,d200,200,3740000,
46,d200,200,3750000,
46,d200,200,3760000,
46,d200,200,3770000,
46,d200,200,3780000,
46,d200,200,3790000,
46,d200,200,3800000,0.30570000410079956
46,d200,200,3810000,
46,d200,200,3820000,
46,d200,200,3830000,
46,d200,200,3840000,
46,d200,200,3850000,
46,d200,200,3860000,
46,d200,200,3870000,
46,d200,200,3880000,
46,d200,200,3890000,
46,d200,200,3900000,0.3262999951839447
46,d200,200,3910000,
46,d200,200,3920000,
46,d200,200,3930000,
46,d200,200,3940000,
46,d200,200,3950000,
46,d200,200,3960000,
46,d200,200,3970000,
46,d200,200,3980000,
46,d200,200,3990000,
46,d200,200,4000000,0.34119999408721924
46,d200,200,4010000,
46,d200,200,4020000,
46,d200,200,4030000,
46,d200,200,4040000,
46,d200,200,4050000,
46,d200,200,4060000,
46,d200,200,4070000,
46,d200,200,4080000,
46,d200,200,4090000,
46,d200,200,4100000,0.3310999870300293
46,d200,200,4110000,
46,d200,200,4120000,
46,d200,200,4130000,
46,d200,200,4140000,
46,d200,200,4150000,
46,d200,200,4160000,
46,d200,200,4170000,
46,d200,200,4180000,
46,d200,200,4190000,
46,d200,200,4200000,0.3334999978542328
46,d200,200,4210000,
46,d200,200,4220000,
46,d200,200,4230000,
46,d200,200,4240000,
46,d200,200,4250000,
46,d200,200,4260000,
46,d200,200,4270000,
46,d200,200,4280000,
46,d200,200,4290000,
46,d200,200,4300000,0.3084000051021576
46,d200,200,4310000,
46,d200,200,4320000,
46,d200,200,4330000,
46,d200,200,4340000,
46,d200,200,4350000,
46,d200,200,4360000,
46,d200,200,4370000,
46,d200,200,4380000,
46,d200,200,4390000,
46,d200,200,4400000,0.3240000009536743
46,d200,200,4410000,
46,d200,200,4420000,
46,d200,200,4430000,
46,d200,200,4440000,
46,d200,200,4450000,
46,d200,200,4460000,
46,d200,200,4470000,
46,d200,200,4480000,
46,d200,200,4490000,
46,d200,200,4500000,0.37229999899864197
46,d200,200,4510000,
46,d200,200,4520000,
46,d200,200,4530000,
46,d200,200,4540000,
46,d200,200,4550000,
46,d200,200,4560000,
46,d200,200,4570000,
46,d200,200,4580000,
46,d200,200,4590000,
46,d200,200,4600000,0.37529999017715454
46,d200,200,4610000,
46,d200,200,4620000,
46,d200,200,4630000,
46,d200,200,4640000,
46,d200,200,4650000,
46,d200,200,4660000,
46,d200,200,4670000,
46,d200,200,4680000,
46,d200,200,4690000,
46,d200,200,4700000,0.37290000915527344
46,d200,200,4710000,
46,d200,200,4720000,
46,d200,200,4730000,
46,d200,200,4740000,
46,d200,200,4750000,
46,d200,200,4760000,
46,d200,200,4770000,
46,d200,200,4780000,
46,d200,200,4790000,
46,d200,200,4800000,0.3506999909877777
46,d200,200,4810000,
46,d200,200,4820000,
46,d200,200,4830000,
46,d200,200,4840000,
46,d200,200,4850000,
46,d200,200,4860000,
46,d200,200,4870000,
46,d200,200,4880000,
46,d200,200,4890000,
46,d200,200,4900000,0.3433000147342682
46,d200,200,4910000,
46,d200,200,4920000,
46,d200,200,4930000,
46,d200,200,4940000,
46,d200,200,4950000,
46,d200,200,4960000,
46,d200,200,4970000,
46,d200,200,4980000,
46,d200,200,4990000,
46,d200,200,5000000,0.35519999265670776
42,d220,220,1,0.0
42,d220,220,10000,
42,d220,220,20000,
42,d220,220,30000,
42,d220,220,40000,
42,d220,220,50000,
42,d220,220,60000,
42,d220,220,70000,
42,d220,220,80000,
42,d220,220,90000,
42,d220,220,100000,0.0
42,d220,220,110000,
42,d220,220,120000,
42,d220,220,130000,
42,d220,220,140000,
42,d220,220,150000,
42,d220,220,160000,
42,d220,220,170000,
42,d220,220,180000,
42,d220,220,190000,
42,d220,220,200000,0.0
42,d220,220,210000,
42,d220,220,220000,
42,d220,220,230000,
42,d220,220,240000,
42,d220,220,250000,
42,d220,220,260000,
42,d220,220,270000,
42,d220,220,280000,
42,d220,220,290000,
42,d220,220,300000,0.0005000000237487257
42,d220,220,310000,
42,d220,220,320000,
42,d220,220,330000,
42,d220,220,340000,
42,d220,220,350000,
42,d220,220,360000,
42,d220,220,370000,
42,d220,220,380000,
42,d220,220,390000,
42,d220,220,400000,0.0024999999441206455
42,d220,220,410000,
42,d220,220,420000,
42,d220,220,430000,
42,d220,220,440000,
42,d220,220,450000,
42,d220,220,460000,
42,d220,220,470000,
42,d220,220,480000,
42,d220,220,490000,
42,d220,220,500000,0.005400000140070915
42,d220,220,510000,
42,d220,220,520000,
42,d220,220,530000,
42,d220,220,540000,
42,d220,220,550000,
42,d220,220,560000,
42,d220,220,570000,
42,d220,220,580000,
42,d220,220,590000,
42,d220,220,600000,0.009399999864399433
42,d220,220,610000,
42,d220,220,620000,
42,d220,220,630000,
42,d220,220,640000,
42,d220,220,650000,
42,d220,220,660000,
42,d220,220,670000,
42,d220,220,680000,
42,d220,220,690000,
42,d220,220,700000,0.014100000262260437
42,d220,220,710000,
42,d220,220,720000,
42,d220,220,730000,
42,d220,220,740000,
42,d220,220,750000,
42,d220,220,760000,
42,d220,220,770000,
42,d220,220,780000,
42,d220,220,790000,
42,d220,220,800000,0.019099999219179153
42,d220,220,810000,
42,d220,220,820000,
42,d220,220,830000,
42,d220,220,840000,
42,d220,220,850000,
42,d220,220,860000,
42,d220,220,870000,
42,d220,220,880000,
42,d220,220,890000,
42,d220,220,900000,0.01940000057220459
42,d220,220,910000,
42,d220,220,920000,
42,d220,220,930000,
42,d220,220,940000,
42,d220,220,950000,
42,d220,220,960000,
42,d220,220,970000,
42,d220,220,980000,
42,d220,220,990000,
42,d220,220,1000000,0.027899999171495438
42,d220,220,1010000,
42,d220,220,1020000,
42,d220,220,1030000,
42,d220,220,1040000,
42,d220,220,1050000,
42,d220,220,1060000,
42,d220,220,1070000,
42,d220,220,1080000,
42,d220,220,1090000,
42,d220,220,1100000,0.0364999994635582
42,d220,220,1110000,
42,d220,220,1120000,
42,d220,220,1130000,
42,d220,220,1140000,
42,d220,220,1150000,
42,d220,220,1160000,
42,d220,220,1170000,
42,d220,220,1180000,
42,d220,220,1190000,
42,d220,220,1200000,0.04190000146627426
42,d220,220,1210000,
42,d220,220,1220000,
42,d220,220,1230000,
42,d220,220,1240000,
42,d220,220,1250000,
42,d220,220,1260000,
42,d220,220,1270000,
42,d220,220,1280000,
42,d220,220,1290000,
42,d220,220,1300000,0.04690000042319298
42,d220,220,1310000,
42,d220,220,1320000,
42,d220,220,1330000,
42,d220,220,1340000,
42,d220,220,1350000,
42,d220,220,1360000,
42,d220,220,1370000,
42,d220,220,1380000,
42,d220,220,1390000,
42,d220,220,1400000,0.04749999940395355
42,d220,220,1410000,
42,d220,220,1420000,
42,d220,220,1430000,
42,d220,220,1440000,
42,d220,220,1450000,
42,d220,220,1460000,
42,d220,220,1470000,
42,d220,220,1480000,
42,d220,220,1490000,
42,d220,220,1500000,0.05550000071525574
42,d220,220,1510000,
42,d220,220,1520000,
42,d220,220,1530000,
42,d220,220,1540000,
42,d220,220,1550000,
42,d220,220,1560000,
42,d220,220,1570000,
42,d220,220,1580000,
42,d220,220,1590000,
42,d220,220,1600000,0.05820000171661377
42,d220,220,1610000,
42,d220,220,1620000,
42,d220,220,1630000,
42,d220,220,1640000,
42,d220,220,1650000,
42,d220,220,1660000,
42,d220,220,1670000,
42,d220,220,1680000,
42,d220,220,1690000,
42,d220,220,1700000,0.0731000006198883
42,d220,220,1710000,
42,d220,220,1720000,
42,d220,220,1730000,
42,d220,220,1740000,
42,d220,220,1750000,
42,d220,220,1760000,
42,d220,220,1770000,
42,d220,220,1780000,
42,d220,220,1790000,
42,d220,220,1800000,0.07769999653100967
42,d220,220,1810000,
42,d220,220,1820000,
42,d220,220,1830000,
42,d220,220,1840000,
42,d220,220,1850000,
42,d220,220,1860000,
42,d220,220,1870000,
42,d220,220,1880000,
42,d220,220,1890000,
42,d220,220,1900000,0.07339999824762344
42,d220,220,1910000,
42,d220,220,1920000,
42,d220,220,1930000,
42,d220,220,1940000,
42,d220,220,1950000,
42,d220,220,1960000,
42,d220,220,1970000,
42,d220,220,1980000,
42,d220,220,1990000,
42,d220,220,2000000,0.08879999816417694
42,d220,220,2010000,
42,d220,220,2020000,
42,d220,220,2030000,
42,d220,220,2040000,
42,d220,220,2050000,
42,d220,220,2060000,
42,d220,220,2070000,
42,d220,220,2080000,
42,d220,220,2090000,
42,d220,220,2100000,0.0877000018954277
42,d220,220,2110000,
42,d220,220,2120000,
42,d220,220,2130000,
42,d220,220,2140000,
42,d220,220,2150000,
42,d220,220,2160000,
42,d220,220,2170000,
42,d220,220,2180000,
42,d220,220,2190000,
42,d220,220,2200000,0.10339999943971634
42,d220,220,2210000,
42,d220,220,2220000,
42,d220,220,2230000,
42,d220,220,2240000,
42,d220,220,2250000,
42,d220,220,2260000,
42,d220,220,2270000,
42,d220,220,2280000,
42,d220,220,2290000,
42,d220,220,2300000,0.0966000035405159
42,d220,220,2310000,
42,d220,220,2320000,
42,d220,220,2330000,
42,d220,220,2340000,
42,d220,220,2350000,
42,d220,220,2360000,
42,d220,220,2370000,
42,d220,220,2380000,
42,d220,220,2390000,
42,d220,220,2400000,0.10119999945163727
42,d220,220,2410000,
42,d220,220,2420000,
42,d220,220,2430000,
42,d220,220,2440000,
42,d220,220,2450000,
42,d220,220,2460000,
42,d220,220,2470000,
42,d220,220,2480000,
42,d220,220,2490000,
42,d220,220,2500000,0.10559999942779541
42,d220,220,2510000,
42,d220,220,2520000,
42,d220,220,2530000,
42,d220,220,2540000,
42,d220,220,2550000,
42,d220,220,2560000,
42,d220,220,2570000,
42,d220,220,2580000,
42,d220,220,2590000,
42,d220,220,2600000,0.11729999631643295
42,d220,220,2610000,
42,d220,220,2620000,
42,d220,220,2630000,
42,d220,220,2640000,
42,d220,220,2650000,
42,d220,220,2660000,
42,d220,220,2670000,
42,d220,220,2680000,
42,d220,220,2690000,
42,d220,220,2700000,0.12160000205039978
42,d220,220,2710000,
42,d220,220,2720000,
42,d220,220,2730000,
42,d220,220,2740000,
42,d220,220,2750000,
42,d220,220,2760000,
42,d220,220,2770000,
42,d220,220,2780000,
42,d220,220,2790000,
42,d220,220,2800000,0.133200004696846
42,d220,220,2810000,
42,d220,220,2820000,
42,d220,220,2830000,
42,d220,220,2840000,
42,d220,220,2850000,
42,d220,220,2860000,
42,d220,220,2870000,
42,d220,220,2880000,
42,d220,220,2890000,
42,d220,220,2900000,0.1412999927997589
42,d220,220,2910000,
42,d220,220,2920000,
42,d220,220,2930000,
42,d220,220,2940000,
42,d220,220,2950000,
42,d220,220,2960000,
42,d220,220,2970000,
42,d220,220,2980000,
42,d220,220,2990000,
42,d220,220,3000000,0.13809999823570251
42,d220,220,3010000,
42,d220,220,3020000,
42,d220,220,3030000,
42,d220,220,3040000,
42,d220,220,3050000,
42,d220,220,3060000,
42,d220,220,3070000,
42,d220,220,3080000,
42,d220,220,3090000,
42,d220,220,3100000,0.14830000698566437
42,d220,220,3110000,
42,d220,220,3120000,
42,d220,220,3130000,
42,d220,220,3140000,
42,d220,220,3150000,
42,d220,220,3160000,
42,d220,220,3170000,
42,d220,220,3180000,
42,d220,220,3190000,
42,d220,220,3200000,0.1467999964952469
42,d220,220,3210000,
42,d220,220,3220000,
42,d220,220,3230000,
42,d220,220,3240000,
42,d220,220,3250000,
42,d220,220,3260000,
42,d220,220,3270000,
42,d220,220,3280000,
42,d220,220,3290000,
42,d220,220,3300000,0.14190000295639038
42,d220,220,3310000,
42,d220,220,3320000,
42,d220,220,3330000,
42,d220,220,3340000,
42,d220,220,3350000,
42,d220,220,3360000,
42,d220,220,3370000,
42,d220,220,3380000,
42,d220,220,3390000,
42,d220,220,3400000,0.14949999749660492
42,d220,220,3410000,
42,d220,220,3420000,
42,d220,220,3430000,
42,d220,220,3440000,
42,d220,220,3450000,
42,d220,220,3460000,
42,d220,220,3470000,
42,d220,220,3480000,
42,d220,220,3490000,
42,d220,220,3500000,0.17350000143051147
42,d220,220,3510000,
42,d220,220,3520000,
42,d220,220,3530000,
42,d220,220,3540000,
42,d220,220,3550000,
42,d220,220,3560000,
42,d220,220,3570000,
42,d220,220,3580000,
42,d220,220,3590000,
42,d220,220,3600000,0.17440000176429749
42,d220,220,3610000,
42,d220,220,3620000,
42,d220,220,3630000,
42,d220,220,3640000,
42,d220,220,3650000,
42,d220,220,3660000,
42,d220,220,3670000,
42,d220,220,3680000,
42,d220,220,3690000,
42,d220,220,3700000,0.18379999697208405
42,d220,220,3710000,
42,d220,220,3720000,
42,d220,220,3730000,
42,d220,220,3740000,
42,d220,220,3750000,
42,d220,220,3760000,
42,d220,220,3770000,
42,d220,220,3780000,
42,d220,220,3790000,
42,d220,220,3800000,0.17409999668598175
42,d220,220,3810000,
42,d220,220,3820000,
42,d220,220,3830000,
42,d220,220,3840000,
42,d220,220,3850000,
42,d220,220,3860000,
42,d220,220,3870000,
42,d220,220,3880000,
42,d220,220,3890000,
42,d220,220,3900000,0.1899999976158142
42,d220,220,3910000,
42,d220,220,3920000,
42,d220,220,3930000,
42,d220,220,3940000,
42,d220,220,3950000,
42,d220,220,3960000,
42,d220,220,3970000,
42,d220,220,3980000,
42,d220,220,3990000,
42,d220,220,4000000,0.17949999868869781
42,d220,220,4010000,
42,d220,220,4020000,
42,d220,220,4030000,
42,d220,220,4040000,
42,d220,220,4050000,
42,d220,220,4060000,
42,d220,220,4070000,
42,d220,220,4080000,
42,d220,220,4090000,
42,d220,220,4100000,0.1834000051021576
42,d220,220,4110000,
42,d220,220,4120000,
42,d220,220,4130000,
42,d220,220,4140000,
42,d220,220,4150000,
42,d220,220,4160000,
42,d220,220,4170000,
42,d220,220,4180000,
42,d220,220,4190000,
42,d220,220,4200000,0.2004999965429306
42,d220,220,4210000,
42,d220,220,4220000,
42,d220,220,4230000,
42,d220,220,4240000,
42,d220,220,4250000,
42,d220,220,4260000,
42,d220,220,4270000,
42,d220,220,4280000,
42,d220,220,4290000,
42,d220,220,4300000,0.22750000655651093
42,d220,220,4310000,
42,d220,220,4320000,
42,d220,220,4330000,
42,d220,220,4340000,
42,d220,220,4350000,
42,d220,220,4360000,
42,d220,220,4370000,
42,d220,220,4380000,
42,d220,220,4390000,
42,d220,220,4400000,0.1964000016450882
42,d220,220,4410000,
42,d220,220,4420000,
42,d220,220,4430000,
42,d220,220,4440000,
42,d220,220,4450000,
42,d220,220,4460000,
42,d220,220,4470000,
42,d220,220,4480000,
42,d220,220,4490000,
42,d220,220,4500000,0.19449999928474426
42,d220,220,4510000,
42,d220,220,4520000,
42,d220,220,4530000,
42,d220,220,4540000,
42,d220,220,4550000,
42,d220,220,4560000,
42,d220,220,4570000,
42,d220,220,4580000,
42,d220,220,4590000,
42,d220,220,4600000,0.19269999861717224
42,d220,220,4610000,
42,d220,220,4620000,
42,d220,220,4630000,
42,d220,220,4640000,
42,d220,220,4650000,
42,d220,220,4660000,
42,d220,220,4670000,
42,d220,220,4680000,
42,d220,220,4690000,
42,d220,220,4700000,0.2150000035762787
42,d220,220,4710000,
42,d220,220,4720000,
42,d220,220,4730000,
42,d220,220,4740000,
42,d220,220,4750000,
42,d220,220,4760000,
42,d220,220,4770000,
42,d220,220,4780000,
42,d220,220,4790000,
42,d220,220,4800000,0.2176000028848648
42,d220,220,4810000,
42,d220,220,4820000,
42,d220,220,4830000,
42,d220,220,4840000,
42,d220,220,4850000,
42,d220,220,4860000,
42,d220,220,4870000,
42,d220,220,4880000,
42,d220,220,4890000,
42,d220,220,4900000,0.19589999318122864
42,d220,220,4910000,
42,d220,220,4920000,
42,d220,220,4930000,
42,d220,220,4940000,
42,d220,220,4950000,
42,d220,220,4960000,
42,d220,220,4970000,
42,d220,220,4980000,
42,d220,220,4990000,
42,d220,220,5000000,0.23659999668598175
43,d220,220,1,0.0
43,d220,220,10000,
43,d220,220,20000,
43,d220,220,30000,
43,d220,220,40000,
43,d220,220,50000,
43,d220,220,60000,
43,d220,220,70000,
43,d220,220,80000,
43,d220,220,90000,
43,d220,220,100000,0.0
43,d220,220,110000,
43,d220,220,120000,
43,d220,220,130000,
43,d220,220,140000,
43,d220,220,150000,
43,d220,220,160000,
43,d220,220,170000,
43,d220,220,180000,
43,d220,220,190000,
43,d220,220,200000,9.999999747378752e-05
43,d220,220,210000,
43,d220,220,220000,
43,d220,220,230000,
43,d220,220,240000,
43,d220,220,250000,
43,d220,220,260000,
43,d220,220,270000,
43,d220,220,280000,
43,d220,220,290000,
43,d220,220,300000,0.0008999999845400453
43,d220,220,310000,
43,d220,220,320000,
43,d220,220,330000,
43,d220,220,340000,
43,d220,220,350000,
43,d220,220,360000,
43,d220,220,370000,
43,d220,220,380000,
43,d220,220,390000,
43,d220,220,400000,0.002099999925121665
43,d220,220,410000,
43,d220,220,420000,
43,d220,220,430000,
43,d220,220,440000,
43,d220,220,450000,
43,d220,220,460000,
43,d220,220,470000,
43,d220,220,480000,
43,d220,220,490000,
43,d220,220,500000,0.006800000090152025
43,d220,220,510000,
43,d220,220,520000,
43,d220,220,530000,
43,d220,220,540000,
43,d220,220,550000,
43,d220,220,560000,
43,d220,220,570000,
43,d220,220,580000,
43,d220,220,590000,
43,d220,220,600000,0.009200000204145908
43,d220,220,610000,
43,d220,220,620000,
43,d220,220,630000,
43,d220,220,640000,
43,d220,220,650000,
43,d220,220,660000,
43,d220,220,670000,
43,d220,220,680000,
43,d220,220,690000,
43,d220,220,700000,0.011800000444054604
43,d220,220,710000,
43,d220,220,720000,
43,d220,220,730000,
43,d220,220,740000,
43,d220,220,750000,
43,d220,220,760000,
43,d220,220,770000,
43,d220,220,780000,
43,d220,220,790000,
43,d220,220,800000,0.01759999990463257
43,d220,220,810000,
43,d220,220,820000,
43,d220,220,830000,
43,d220,220,840000,
43,d220,220,850000,
43,d220,220,860000,
43,d220,220,870000,
43,d220,220,880000,
43,d220,220,890000,
43,d220,220,900000,0.024700000882148743
43,d220,220,910000,
43,d220,220,920000,
43,d220,220,930000,
43,d220,220,940000,
43,d220,220,950000,
43,d220,220,960000,
43,d220,220,970000,
43,d220,220,980000,
43,d220,220,990000,
43,d220,220,1000000,0.02930000051856041
43,d220,220,1010000,
43,d220,220,1020000,
43,d220,220,1030000,
43,d220,220,1040000,
43,d220,220,1050000,
43,d220,220,1060000,
43,d220,220,1070000,
43,d220,220,1080000,
43,d220,220,1090000,
43,d220,220,1100000,0.03739999979734421
43,d220,220,1110000,
43,d220,220,1120000,
43,d220,220,1130000,
43,d220,220,1140000,
43,d220,220,1150000,
43,d220,220,1160000,
43,d220,220,1170000,
43,d220,220,1180000,
43,d220,220,1190000,
43,d220,220,1200000,0.04039999842643738
43,d220,220,1210000,
43,d220,220,1220000,
43,d220,220,1230000,
43,d220,220,1240000,
43,d220,220,1250000,
43,d220,220,1260000,
43,d220,220,1270000,
43,d220,220,1280000,
43,d220,220,1290000,
43,d220,220,1300000,0.05000000074505806
43,d220,220,1310000,
43,d220,220,1320000,
43,d220,220,1330000,
43,d220,220,1340000,
43,d220,220,1350000,
43,d220,220,1360000,
43,d220,220,1370000,
43,d220,220,1380000,
43,d220,220,1390000,
43,d220,220,1400000,0.05660000070929527
43,d220,220,1410000,
43,d220,220,1420000,
43,d220,220,1430000,
43,d220,220,1440000,
43,d220,220,1450000,
43,d220,220,1460000,
43,d220,220,1470000,
43,d220,220,1480000,
43,d220,220,1490000,
43,d220,220,1500000,0.0632999986410141
43,d220,220,1510000,
43,d220,220,1520000,
43,d220,220,1530000,
43,d220,220,1540000,
43,d220,220,1550000,
43,d220,220,1560000,
43,d220,220,1570000,
43,d220,220,1580000,
43,d220,220,1590000,
43,d220,220,1600000,0.06289999932050705
43,d220,220,1610000,
43,d220,220,1620000,
43,d220,220,1630000,
43,d220,220,1640000,
43,d220,220,1650000,
43,d220,220,1660000,
43,d220,220,1670000,
43,d220,220,1680000,
43,d220,220,1690000,
43,d220,220,1700000,0.06509999930858612
43,d220,220,1710000,
43,d220,220,1720000,
43,d220,220,1730000,
43,d220,220,1740000,
43,d220,220,1750000,
43,d220,220,1760000,
43,d220,220,1770000,
43,d220,220,1780000,
43,d220,220,1790000,
43,d220,220,1800000,0.0803999975323677
43,d220,220,1810000,
43,d220,220,1820000,
43,d220,220,1830000,
43,d220,220,1840000,
43,d220,220,1850000,
43,d220,220,1860000,
43,d220,220,1870000,
43,d220,220,1880000,
43,d220,220,1890000,
43,d220,220,1900000,0.07159999758005142
43,d220,220,1910000,
43,d220,220,1920000,
43,d220,220,1930000,
43,d220,220,1940000,
43,d220,220,1950000,
43,d220,220,1960000,
43,d220,220,1970000,
43,d220,220,1980000,
43,d220,220,1990000,
43,d220,220,2000000,0.08340000361204147
43,d220,220,2010000,
43,d220,220,2020000,
43,d220,220,2030000,
43,d220,220,2040000,
43,d220,220,2050000,
43,d220,220,2060000,
43,d220,220,2070000,
43,d220,220,2080000,
43,d220,220,2090000,
43,d220,220,2100000,0.08489999920129776
43,d220,220,2110000,
43,d220,220,2120000,
43,d220,220,2130000,
43,d220,220,2140000,
43,d220,220,2150000,
43,d220,220,2160000,
43,d220,220,2170000,
43,d220,220,2180000,
43,d220,220,2190000,
43,d220,220,2200000,0.0925000011920929
43,d220,220,2210000,
43,d220,220,2220000,
43,d220,220,2230000,
43,d220,220,2240000,
43,d220,220,2250000,
43,d220,220,2260000,
43,d220,220,2270000,
43,d220,220,2280000,
43,d220,220,2290000,
43,d220,220,2300000,0.09830000251531601
43,d220,220,2310000,
43,d220,220,2320000,
43,d220,220,2330000,
43,d220,220,2340000,
43,d220,220,2350000,
43,d220,220,2360000,
43,d220,220,2370000,
43,d220,220,2380000,
43,d220,220,2390000,
43,d220,220,2400000,0.10000000149011612
43,d220,220,2410000,
43,d220,220,2420000,
43,d220,220,2430000,
43,d220,220,2440000,
43,d220,220,2450000,
43,d220,220,2460000,
43,d220,220,2470000,
43,d220,220,2480000,
43,d220,220,2490000,
43,d220,220,2500000,0.1103999987244606
43,d220,220,2510000,
43,d220,220,2520000,
43,d220,220,2530000,
43,d220,220,2540000,
43,d220,220,2550000,
43,d220,220,2560000,
43,d220,220,2570000,
43,d220,220,2580000,
43,d220,220,2590000,
43,d220,220,2600000,0.10980000346899033
43,d220,220,2610000,
43,d220,220,2620000,
43,d220,220,2630000,
43,d220,220,2640000,
43,d220,220,2650000,
43,d220,220,2660000,
43,d220,220,2670000,
43,d220,220,2680000,
43,d220,220,2690000,
43,d220,220,2700000,0.12290000170469284
43,d220,220,2710000,
43,d220,220,2720000,
43,d220,220,2730000,
43,d220,220,2740000,
43,d220,220,2750000,
43,d220,220,2760000,
43,d220,220,2770000,
43,d220,220,2780000,
43,d220,220,2790000,
43,d220,220,2800000,0.12300000339746475
43,d220,220,2810000,
43,d220,220,2820000,
43,d220,220,2830000,
43,d220,220,2840000,
43,d220,220,2850000,
43,d220,220,2860000,
43,d220,220,2870000,
43,d220,220,2880000,
43,d220,220,2890000,
43,d220,220,2900000,0.11940000206232071
43,d220,220,2910000,
43,d220,220,2920000,
43,d220,220,2930000,
43,d220,220,2940000,
43,d220,220,2950000,
43,d220,220,2960000,
43,d220,220,2970000,
43,d220,220,2980000,
43,d220,220,2990000,
43,d220,220,3000000,0.1356000006198883
43,d220,220,3010000,
43,d220,220,3020000,
43,d220,220,3030000,
43,d220,220,3040000,
43,d220,220,3050000,
43,d220,220,3060000,
43,d220,220,3070000,
43,d220,220,3080000,
43,d220,220,3090000,
43,d220,220,3100000,0.13619999587535858
43,d220,220,3110000,
43,d220,220,3120000,
43,d220,220,3130000,
43,d220,220,3140000,
43,d220,220,3150000,
43,d220,220,3160000,
43,d220,220,3170000,
43,d220,220,3180000,
43,d220,220,3190000,
43,d220,220,3200000,0.14270000159740448
43,d220,220,3210000,
43,d220,220,3220000,
43,d220,220,3230000,
43,d220,220,3240000,
43,d220,220,3250000,
43,d220,220,3260000,
43,d220,220,3270000,
43,d220,220,3280000,
43,d220,220,3290000,
43,d220,220,3300000,0.1412000060081482
43,d220,220,3310000,
43,d220,220,3320000,
43,d220,220,3330000,
43,d220,220,3340000,
43,d220,220,3350000,
43,d220,220,3360000,
43,d220,220,3370000,
43,d220,220,3380000,
43,d220,220,3390000,
43,d220,220,3400000,0.13079999387264252
43,d220,220,3410000,
43,d220,220,3420000,
43,d220,220,3430000,
43,d220,220,3440000,
43,d220,220,3450000,
43,d220,220,3460000,
43,d220,220,3470000,
43,d220,220,3480000,
43,d220,220,3490000,
43,d220,220,3500000,0.13349999487400055
43,d220,220,3510000,
43,d220,220,3520000,
43,d220,220,3530000,
43,d220,220,3540000,
43,d220,220,3550000,
43,d220,220,3560000,
43,d220,220,3570000,
43,d220,220,3580000,
43,d220,220,3590000,
43,d220,220,3600000,0.16930000483989716
43,d220,220,3610000,
43,d220,220,3620000,
43,d220,220,3630000,
43,d220,220,3640000,
43,d220,220,3650000,
43,d220,220,3660000,
43,d220,220,3670000,
43,d220,220,3680000,
43,d220,220,3690000,
43,d220,220,3700000,0.15629999339580536
43,d220,220,3710000,
43,d220,220,3720000,
43,d220,220,3730000,
43,d220,220,3740000,
43,d220,220,3750000,
43,d220,220,3760000,
43,d220,220,3770000,
43,d220,220,3780000,
43,d220,220,3790000,
43,d220,220,3800000,0.17309999465942383
43,d220,220,3810000,
43,d220,220,3820000,
43,d220,220,3830000,
43,d220,220,3840000,
43,d220,220,3850000,
43,d220,220,3860000,
43,d220,220,3870000,
43,d220,220,3880000,
43,d220,220,3890000,
43,d220,220,3900000,0.17509999871253967
43,d220,220,3910000,
43,d220,220,3920000,
43,d220,220,3930000,
43,d220,220,3940000,
43,d220,220,3950000,
43,d220,220,3960000,
43,d220,220,3970000,
43,d220,220,3980000,
43,d220,220,3990000,
43,d220,220,4000000,0.1704999953508377
43,d220,220,4010000,
43,d220,220,4020000,
43,d220,220,4030000,
43,d220,220,4040000,
43,d220,220,4050000,
43,d220,220,4060000,
43,d220,220,4070000,
43,d220,220,4080000,
43,d220,220,4090000,
43,d220,220,4100000,0.19040000438690186
43,d220,220,4110000,
43,d220,220,4120000,
43,d220,220,4130000,
43,d220,220,4140000,
43,d220,220,4150000,
43,d220,220,4160000,
43,d220,220,4170000,
43,d220,220,4180000,
43,d220,220,4190000,
43,d220,220,4200000,0.17640000581741333
43,d220,220,4210000,
43,d220,220,4220000,
43,d220,220,4230000,
43,d220,220,4240000,
43,d220,220,4250000,
43,d220,220,4260000,
43,d220,220,4270000,
43,d220,220,4280000,
43,d220,220,4290000,
43,d220,220,4300000,0.18619999289512634
43,d220,220,4310000,
43,d220,220,4320000,
43,d220,220,4330000,
43,d220,220,4340000,
43,d220,220,4350000,
43,d220,220,4360000,
43,d220,220,4370000,
43,d220,220,4380000,
43,d220,220,4390000,
43,d220,220,4400000,0.1915999948978424
43,d220,220,4410000,
43,d220,220,4420000,
43,d220,220,4430000,
43,d220,220,4440000,
43,d220,220,4450000,
43,d220,220,4460000,
43,d220,220,4470000,
43,d220,220,4480000,
43,d220,220,4490000,
43,d220,220,4500000,0.21320000290870667
43,d220,220,4510000,
43,d220,220,4520000,
43,d220,220,4530000,
43,d220,220,4540000,
43,d220,220,4550000,
43,d220,220,4560000,
43,d220,220,4570000,
43,d220,220,4580000,
43,d220,220,4590000,
43,d220,220,4600000,0.2037000060081482
43,d220,220,4610000,
43,d220,220,4620000,
43,d220,220,4630000,
43,d220,220,4640000,
43,d220,220,4650000,
43,d220,220,4660000,
43,d220,220,4670000,
43,d220,220,4680000,
43,d220,220,4690000,
43,d220,220,4700000,0.20319999754428864
43,d220,220,4710000,
43,d220,220,4720000,
43,d220,220,4730000,
43,d220,220,4740000,
43,d220,220,4750000,
43,d220,220,4760000,
43,d220,220,4770000,
43,d220,220,4780000,
43,d220,220,4790000,
43,d220,220,4800000,0.2190999984741211
43,d220,220,4810000,
43,d220,220,4820000,
43,d220,220,4830000,
43,d220,220,4840000,
43,d220,220,4850000,
43,d220,220,4860000,
43,d220,220,4870000,
43,d220,220,4880000,
43,d220,220,4890000,
43,d220,220,4900000,0.23420000076293945
43,d220,220,4910000,
43,d220,220,4920000,
43,d220,220,4930000,
43,d220,220,4940000,
43,d220,220,4950000,
43,d220,220,4960000,
43,d220,220,4970000,
43,d220,220,4980000,
43,d220,220,4990000,
43,d220,220,5000000,0.21799999475479126
44,d220,220,1,0.0
44,d220,220,10000,
44,d220,220,20000,
44,d220,220,30000,
44,d220,220,40000,
44,d220,220,50000,
44,d220,220,60000,
44,d220,220,70000,
44,d220,220,80000,
44,d220,220,90000,
44,d220,220,100000,0.0
44,d220,220,110000,
44,d220,220,120000,
44,d220,220,130000,
44,d220,220,140000,
44,d220,220,150000,
44,d220,220,160000,
44,d220,220,170000,
44,d220,220,180000,
44,d220,220,190000,
44,d220,220,200000,9.999999747378752e-05
44,d220,220,210000,
44,d220,220,220000,
44,d220,220,230000,
44,d220,220,240000,
44,d220,220,250000,
44,d220,220,260000,
44,d220,220,270000,
44,d220,220,280000,
44,d220,220,290000,
44,d220,220,300000,0.0005000000237487257
44,d220,220,310000,
44,d220,220,320000,
44,d220,220,330000,
44,d220,220,340000,
44,d220,220,350000,
44,d220,220,360000,
44,d220,220,370000,
44,d220,220,380000,
44,d220,220,390000,
44,d220,220,400000,0.003100000089034438
44,d220,220,410000,
44,d220,220,420000,
44,d220,220,430000,
44,d220,220,440000,
44,d220,220,450000,
44,d220,220,460000,
44,d220,220,470000,
44,d220,220,480000,
44,d220,220,490000,
44,d220,220,500000,0.0044999998062849045
44,d220,220,510000,
44,d220,220,520000,
44,d220,220,530000,
44,d220,220,540000,
44,d220,220,550000,
44,d220,220,560000,
44,d220,220,570000,
44,d220,220,580000,
44,d220,220,590000,
44,d220,220,600000,0.009200000204145908
44,d220,220,610000,
44,d220,220,620000,
44,d220,220,630000,
44,d220,220,640000,
44,d220,220,650000,
44,d220,220,660000,
44,d220,220,670000,
44,d220,220,680000,
44,d220,220,690000,
44,d220,220,700000,0.013899999670684338
44,d220,220,710000,
44,d220,220,720000,
44,d220,220,730000,
44,d220,220,740000,
44,d220,220,750000,
44,d220,220,760000,
44,d220,220,770000,
44,d220,220,780000,
44,d220,220,790000,
44,d220,220,800000,0.019300000742077827
44,d220,220,810000,
44,d220,220,820000,
44,d220,220,830000,
44,d220,220,840000,
44,d220,220,850000,
44,d220,220,860000,
44,d220,220,870000,
44,d220,220,880000,
44,d220,220,890000,
44,d220,220,900000,0.026200000196695328
44,d220,220,910000,
44,d220,220,920000,
44,d220,220,930000,
44,d220,220,940000,
44,d220,220,950000,
44,d220,220,960000,
44,d220,220,970000,
44,d220,220,980000,
44,d220,220,990000,
44,d220,220,1000000,0.02979999966919422
44,d220,220,1010000,
44,d220,220,1020000,
44,d220,220,1030000,
44,d220,220,1040000,
44,d220,220,1050000,
44,d220,220,1060000,
44,d220,220,1070000,
44,d220,220,1080000,
44,d220,220,1090000,
44,d220,220,1100000,0.03920000046491623
44,d220,220,1110000,
44,d220,220,1120000,
44,d220,220,1130000,
44,d220,220,1140000,
44,d220,220,1150000,
44,d220,220,1160000,
44,d220,220,1170000,
44,d220,220,1180000,
44,d220,220,1190000,
44,d220,220,1200000,0.04580000042915344
44,d220,220,1210000,
44,d220,220,1220000,
44,d220,220,1230000,
44,d220,220,1240000,
44,d220,220,1250000,
44,d220,220,1260000,
44,d220,220,1270000,
44,d220,220,1280000,
44,d220,220,1290000,
44,d220,220,1300000,0.048500001430511475
44,d220,220,1310000,
44,d220,220,1320000,
44,d220,220,1330000,
44,d220,220,1340000,
44,d220,220,1350000,
44,d220,220,1360000,
44,d220,220,1370000,
44,d220,220,1380000,
44,d220,220,1390000,
44,d220,220,1400000,0.05299999937415123
44,d220,220,1410000,
44,d220,220,1420000,
44,d220,220,1430000,
44,d220,220,1440000,
44,d220,220,1450000,
44,d220,220,1460000,
44,d220,220,1470000,
44,d220,220,1480000,
44,d220,220,1490000,
44,d220,220,1500000,0.0608999989926815
44,d220,220,1510000,
44,d220,220,1520000,
44,d220,220,1530000,
44,d220,220,1540000,
44,d220,220,1550000,
44,d220,220,1560000,
44,d220,220,1570000,
44,d220,220,1580000,
44,d220,220,1590000,
44,d220,220,1600000,0.06239999830722809
44,d220,220,1610000,
44,d220,220,1620000,
44,d220,220,1630000,
44,d220,220,1640000,
44,d220,220,1650000,
44,d220,220,1660000,
44,d220,220,1670000,
44,d220,220,1680000,
44,d220,220,1690000,
44,d220,220,1700000,0.07559999823570251
44,d220,220,1710000,
44,d220,220,1720000,
44,d220,220,1730000,
44,d220,220,1740000,
44,d220,220,1750000,
44,d220,220,1760000,
44,d220,220,1770000,
44,d220,220,1780000,
44,d220,220,1790000,
44,d220,220,1800000,0.07270000129938126
44,d220,220,1810000,
44,d220,220,1820000,
44,d220,220,1830000,
44,d220,220,1840000,
44,d220,220,1850000,
44,d220,220,1860000,
44,d220,220,1870000,
44,d220,220,1880000,
44,d220,220,1890000,
44,d220,220,1900000,0.07199999690055847
44,d220,220,1910000,
44,d220,220,1920000,
44,d220,220,1930000,
44,d220,220,1940000,
44,d220,220,1950000,
44,d220,220,1960000,
44,d220,220,1970000,
44,d220,220,1980000,
44,d220,220,1990000,
44,d220,220,2000000,0.08380000293254852
44,d220,220,2010000,
44,d220,220,2020000,
44,d220,220,2030000,
44,d220,220,2040000,
44,d220,220,2050000,
44,d220,220,2060000,
44,d220,220,2070000,
44,d220,220,2080000,
44,d220,220,2090000,
44,d220,220,2100000,0.08980000019073486
44,d220,220,2110000,
44,d220,220,2120000,
44,d220,220,2130000,
44,d220,220,2140000,
44,d220,220,2150000,
44,d220,220,2160000,
44,d220,220,2170000,
44,d220,220,2180000,
44,d220,220,2190000,
44,d220,220,2200000,0.0982000008225441
44,d220,220,2210000,
44,d220,220,2220000,
44,d220,220,2230000,
44,d220,220,2240000,
44,d220,220,2250000,
44,d220,220,2260000,
44,d220,220,2270000,
44,d220,220,2280000,
44,d220,220,2290000,
44,d220,220,2300000,0.09099999815225601
44,d220,220,2310000,
44,d220,220,2320000,
44,d220,220,2330000,
44,d220,220,2340000,
44,d220,220,2350000,
44,d220,220,2360000,
44,d220,220,2370000,
44,d220,220,2380000,
44,d220,220,2390000,
44,d220,220,2400000,0.10599999874830246
44,d220,220,2410000,
44,d220,220,2420000,
44,d220,220,2430000,
44,d220,220,2440000,
44,d220,220,2450000,
44,d220,220,2460000,
44,d220,220,2470000,
44,d220,220,2480000,
44,d220,220,2490000,
44,d220,220,2500000,0.11219999939203262
44,d220,220,2510000,
44,d220,220,2520000,
44,d220,220,2530000,
44,d220,220,2540000,
44,d220,220,2550000,
44,d220,220,2560000,
44,d220,220,2570000,
44,d220,220,2580000,
44,d220,220,2590000,
44,d220,220,2600000,0.11760000139474869
44,d220,220,2610000,
44,d220,220,2620000,
44,d220,220,2630000,
44,d220,220,2640000,
44,d220,220,2650000,
44,d220,220,2660000,
44,d220,220,2670000,
44,d220,220,2680000,
44,d220,220,2690000,
44,d220,220,2700000,0.11400000005960464
44,d220,220,2710000,
44,d220,220,2720000,
44,d220,220,2730000,
44,d220,220,2740000,
44,d220,220,2750000,
44,d220,220,2760000,
44,d220,220,2770000,
44,d220,220,2780000,
44,d220,220,2790000,
44,d220,220,2800000,0.12049999833106995
44,d220,220,2810000,
44,d220,220,2820000,
44,d220,220,2830000,
44,d220,220,2840000,
44,d220,220,2850000,
44,d220,220,2860000,
44,d220,220,2870000,
44,d220,220,2880000,
44,d220,220,2890000,
44,d220,220,2900000,0.13030000030994415
44,d220,220,2910000,
44,d220,220,2920000,
44,d220,220,2930000,
44,d220,220,2940000,
44,d220,220,2950000,
44,d220,220,2960000,
44,d220,220,2970000,
44,d220,220,2980000,
44,d220,220,2990000,
44,d220,220,3000000,0.1362999975681305
44,d220,220,3010000,
44,d220,220,3020000,
44,d220,220,3030000,
44,d220,220,3040000,
44,d220,220,3050000,
44,d220,220,3060000,
44,d220,220,3070000,
44,d220,220,3080000,
44,d220,220,3090000,
44,d220,220,3100000,0.12790000438690186
44,d220,220,3110000,
44,d220,220,3120000,
44,d220,220,3130000,
44,d220,220,3140000,
44,d220,220,3150000,
44,d220,220,3160000,
44,d220,220,3170000,
44,d220,220,3180000,
44,d220,220,3190000,
44,d220,220,3200000,0.15649999678134918
44,d220,220,3210000,
44,d220,220,3220000,
44,d220,220,3230000,
44,d220,220,3240000,
44,d220,220,3250000,
44,d220,220,3260000,
44,d220,220,3270000,
44,d220,220,3280000,
44,d220,220,3290000,
44,d220,220,3300000,0.1467999964952469
44,d220,220,3310000,
44,d220,220,3320000,
44,d220,220,3330000,
44,d220,220,3340000,
44,d220,220,3350000,
44,d220,220,3360000,
44,d220,220,3370000,
44,d220,220,3380000,
44,d220,220,3390000,
44,d220,220,3400000,0.13449999690055847
44,d220,220,3410000,
44,d220,220,3420000,
44,d220,220,3430000,
44,d220,220,3440000,
44,d220,220,3450000,
44,d220,220,3460000,
44,d220,220,3470000,
44,d220,220,3480000,
44,d220,220,3490000,
44,d220,220,3500000,0.14630000293254852
44,d220,220,3510000,
44,d220,220,3520000,
44,d220,220,3530000,
44,d220,220,3540000,
44,d220,220,3550000,
44,d220,220,3560000,
44,d220,220,3570000,
44,d220,220,3580000,
44,d220,220,3590000,
44,d220,220,3600000,0.1476999968290329
44,d220,220,3610000,
44,d220,220,3620000,
44,d220,220,3630000,
44,d220,220,3640000,
44,d220,220,3650000,
44,d220,220,3660000,
44,d220,220,3670000,
44,d220,220,3680000,
44,d220,220,3690000,
44,d220,220,3700000,0.1655000001192093
44,d220,220,3710000,
44,d220,220,3720000,
44,d220,220,3730000,
44,d220,220,3740000,
44,d220,220,3750000,
44,d220,220,3760000,
44,d220,220,3770000,
44,d220,220,3780000,
44,d220,220,3790000,
44,d220,220,3800000,0.1673000007867813
44,d220,220,3810000,
44,d220,220,3820000,
44,d220,220,3830000,
44,d220,220,3840000,
44,d220,220,3850000,
44,d220,220,3860000,
44,d220,220,3870000,
44,d220,220,3880000,
44,d220,220,3890000,
44,d220,220,3900000,0.16850000619888306
44,d220,220,3910000,
44,d220,220,3920000,
44,d220,220,3930000,
44,d220,220,3940000,
44,d220,220,3950000,
44,d220,220,3960000,
44,d220,220,3970000,
44,d220,220,3980000,
44,d220,220,3990000,
44,d220,220,4000000,0.1768999993801117
44,d220,220,4010000,
44,d220,220,4020000,
44,d220,220,4030000,
44,d220,220,4040000,
44,d220,220,4050000,
44,d220,220,4060000,
44,d220,220,4070000,
44,d220,220,4080000,
44,d220,220,4090000,
44,d220,220,4100000,0.17010000348091125
44,d220,220,4110000,
44,d220,220,4120000,
44,d220,220,4130000,
44,d220,220,4140000,
44,d220,220,4150000,
44,d220,220,4160000,
44,d220,220,4170000,
44,d220,220,4180000,
44,d220,220,4190000,
44,d220,220,4200000,0.17990000545978546
44,d220,220,4210000,
44,d220,220,4220000,
44,d220,220,4230000,
44,d220,220,4240000,
44,d220,220,4250000,
44,d220,220,4260000,
44,d220,220,4270000,
44,d220,220,4280000,
44,d220,220,4290000,
44,d220,220,4300000,0.18729999661445618
44,d220,220,4310000,
44,d220,220,4320000,
44,d220,220,4330000,
44,d220,220,4340000,
44,d220,220,4350000,
44,d220,220,4360000,
44,d220,220,4370000,
44,d220,220,4380000,
44,d220,220,4390000,
44,d220,220,4400000,0.1907999962568283
44,d220,220,4410000,
44,d220,220,4420000,
44,d220,220,4430000,
44,d220,220,4440000,
44,d220,220,4450000,
44,d220,220,4460000,
44,d220,220,4470000,
44,d220,220,4480000,
44,d220,220,4490000,
44,d220,220,4500000,0.18520000576972961
44,d220,220,4510000,
44,d220,220,4520000,
44,d220,220,4530000,
44,d220,220,4540000,
44,d220,220,4550000,
44,d220,220,4560000,
44,d220,220,4570000,
44,d220,220,4580000,
44,d220,220,4590000,
44,d220,220,4600000,0.18330000340938568
44,d220,220,4610000,
44,d220,220,4620000,
44,d220,220,4630000,
44,d220,220,4640000,
44,d220,220,4650000,
44,d220,220,4660000,
44,d220,220,4670000,
44,d220,220,4680000,
44,d220,220,4690000,
44,d220,220,4700000,0.1987999975681305
44,d220,220,4710000,
44,d220,220,4720000,
44,d220,220,4730000,
44,d220,220,4740000,
44,d220,220,4750000,
44,d220,220,4760000,
44,d220,220,4770000,
44,d220,220,4780000,
44,d220,220,4790000,
44,d220,220,4800000,0.1949000060558319
44,d220,220,4810000,
44,d220,220,4820000,
44,d220,220,4830000,
44,d220,220,4840000,
44,d220,220,4850000,
44,d220,220,4860000,
44,d220,220,4870000,
44,d220,220,4880000,
44,d220,220,4890000,
44,d220,220,4900000,0.1940000057220459
44,d220,220,4910000,
44,d220,220,4920000,
44,d220,220,4930000,
44,d220,220,4940000,
44,d220,220,4950000,
44,d220,220,4960000,
44,d220,220,4970000,
44,d220,220,4980000,
44,d220,220,4990000,
44,d220,220,5000000,0.20659999549388885
45,d220,220,1,0.0
45,d220,220,10000,
45,d220,220,20000,
45,d220,220,30000,
45,d220,220,40000,
45,d220,220,50000,
45,d220,220,60000,
45,d220,220,70000,
45,d220,220,80000,
45,d220,220,90000,
45,d220,220,100000,0.0
45,d220,220,110000,
45,d220,220,120000,
45,d220,220,130000,
45,d220,220,140000,
45,d220,220,150000,
45,d220,220,160000,
45,d220,220,170000,
45,d220,220,180000,
45,d220,220,190000,
45,d220,220,200000,0.0
45,d220,220,210000,
45,d220,220,220000,
45,d220,220,230000,
45,d220,220,240000,
45,d220,220,250000,
45,d220,220,260000,
45,d220,220,270000,
45,d220,220,280000,
45,d220,220,290000,
45,d220,220,300000,0.0008999999845400453
45,d220,220,310000,
45,d220,220,320000,
45,d220,220,330000,
45,d220,220,340000,
45,d220,220,350000,
45,d220,220,360000,
45,d220,220,370000,
45,d220,220,380000,
45,d220,220,390000,
45,d220,220,400000,0.00279999990016222
45,d220,220,410000,
45,d220,220,420000,
45,d220,220,430000,
45,d220,220,440000,
45,d220,220,450000,
45,d220,220,460000,
45,d220,220,470000,
45,d220,220,480000,
45,d220,220,490000,
45,d220,220,500000,0.006800000090152025
45,d220,220,510000,
45,d220,220,520000,
45,d220,220,530000,
45,d220,220,540000,
45,d220,220,550000,
45,d220,220,560000,
45,d220,220,570000,
45,d220,220,580000,
45,d220,220,590000,
45,d220,220,600000,0.009499999694526196
45,d220,220,610000,
45,d220,220,620000,
45,d220,220,630000,
45,d220,220,640000,
45,d220,220,650000,
45,d220,220,660000,
45,d220,220,670000,
45,d220,220,680000,
45,d220,220,690000,
45,d220,220,700000,0.014800000004470348
45,d220,220,710000,
45,d220,220,720000,
45,d220,220,730000,
45,d220,220,740000,
45,d220,220,750000,
45,d220,220,760000,
45,d220,220,770000,
45,d220,220,780000,
45,d220,220,790000,
45,d220,220,800000,0.020999999716877937
45,d220,220,810000,
45,d220,220,820000,
45,d220,220,830000,
45,d220,220,840000,
45,d220,220,850000,
45,d220,220,860000,
45,d220,220,870000,
45,d220,220,880000,
45,d220,220,890000,
45,d220,220,900000,0.027400000020861626
45,d220,220,910000,
45,d220,220,920000,
45,d220,220,930000,
45,d220,220,940000,
45,d220,220,950000,
45,d220,220,960000,
45,d220,220,970000,
45,d220,220,980000,
45,d220,220,990000,
45,d220,220,1000000,0.031700000166893005
45,d220,220,1010000,
45,d220,220,1020000,
45,d220,220,1030000,
45,d220,220,1040000,
45,d220,220,1050000,
45,d220,220,1060000,
45,d220,220,1070000,
45,d220,220,1080000,
45,d220,220,1090000,
45,d220,220,1100000,0.03799999877810478
45,d220,220,1110000,
45,d220,220,1120000,
45,d220,220,1130000,
45,d220,220,1140000,
45,d220,220,1150000,
45,d220,220,1160000,
45,d220,220,1170000,
45,d220,220,1180000,
45,d220,220,1190000,
45,d220,220,1200000,0.04129999876022339
45,d220,220,1210000,
45,d220,220,1220000,
45,d220,220,1230000,
45,d220,220,1240000,
45,d220,220,1250000,
45,d220,220,1260000,
45,d220,220,1270000,
45,d220,220,1280000,
45,d220,220,1290000,
45,d220,220,1300000,0.04529999941587448
45,d220,220,1310000,
45,d220,220,1320000,
45,d220,220,1330000,
45,d220,220,1340000,
45,d220,220,1350000,
45,d220,220,1360000,
45,d220,220,1370000,
45,d220,220,1380000,
45,d220,220,1390000,
45,d220,220,1400000,0.04830000177025795
45,d220,220,1410000,
45,d220,220,1420000,
45,d220,220,1430000,
45,d220,220,1440000,
45,d220,220,1450000,
45,d220,220,1460000,
45,d220,220,1470000,
45,d220,220,1480000,
45,d220,220,1490000,
45,d220,220,1500000,0.060499999672174454
45,d220,220,1510000,
45,d220,220,1520000,
45,d220,220,1530000,
45,d220,220,1540000,
45,d220,220,1550000,
45,d220,220,1560000,
45,d220,220,1570000,
45,d220,220,1580000,
45,d220,220,1590000,
45,d220,220,1600000,0.0658000037074089
45,d220,220,1610000,
45,d220,220,1620000,
45,d220,220,1630000,
45,d220,220,1640000,
45,d220,220,1650000,
45,d220,220,1660000,
45,d220,220,1670000,
45,d220,220,1680000,
45,d220,220,1690000,
45,d220,220,1700000,0.07240000367164612
45,d220,220,1710000,
45,d220,220,1720000,
45,d220,220,1730000,
45,d220,220,1740000,
45,d220,220,1750000,
45,d220,220,1760000,
45,d220,220,1770000,
45,d220,220,1780000,
45,d220,220,1790000,
45,d220,220,1800000,0.08309999853372574
45,d220,220,1810000,
45,d220,220,1820000,
45,d220,220,1830000,
45,d220,220,1840000,
45,d220,220,1850000,
45,d220,220,1860000,
45,d220,220,1870000,
45,d220,220,1880000,
45,d220,220,1890000,
45,d220,220,1900000,0.07930000126361847
45,d220,220,1910000,
45,d220,220,1920000,
45,d220,220,1930000,
45,d220,220,1940000,
45,d220,220,1950000,
45,d220,220,1960000,
45,d220,220,1970000,
45,d220,220,1980000,
45,d220,220,1990000,
45,d220,220,2000000,0.08190000057220459
45,d220,220,2010000,
45,d220,220,2020000,
45,d220,220,2030000,
45,d220,220,2040000,
45,d220,220,2050000,
45,d220,220,2060000,
45,d220,220,2070000,
45,d220,220,2080000,
45,d220,220,2090000,
45,d220,220,2100000,0.08919999748468399
45,d220,220,2110000,
45,d220,220,2120000,
45,d220,220,2130000,
45,d220,220,2140000,
45,d220,220,2150000,
45,d220,220,2160000,
45,d220,220,2170000,
45,d220,220,2180000,
45,d220,220,2190000,
45,d220,220,2200000,0.09950000047683716
45,d220,220,2210000,
45,d220,220,2220000,
45,d220,220,2230000,
45,d220,220,2240000,
45,d220,220,2250000,
45,d220,220,2260000,
45,d220,220,2270000,
45,d220,220,2280000,
45,d220,220,2290000,
45,d220,220,2300000,0.10419999808073044
45,d220,220,2310000,
45,d220,220,2320000,
45,d220,220,2330000,
45,d220,220,2340000,
45,d220,220,2350000,
45,d220,220,2360000,
45,d220,220,2370000,
45,d220,220,2380000,
45,d220,220,2390000,
45,d220,220,2400000,0.1096000000834465
45,d220,220,2410000,
45,d220,220,2420000,
45,d220,220,2430000,
45,d220,220,2440000,
45,d220,220,2450000,
45,d220,220,2460000,
45,d220,220,2470000,
45,d220,220,2480000,
45,d220,220,2490000,
45,d220,220,2500000,0.10740000009536743
45,d220,220,2510000,
45,d220,220,2520000,
45,d220,220,2530000,
45,d220,220,2540000,
45,d220,220,2550000,
45,d220,220,2560000,
45,d220,220,2570000,
45,d220,220,2580000,
45,d220,220,2590000,
45,d220,220,2600000,0.1185000017285347
45,d220,220,2610000,
45,d220,220,2620000,
45,d220,220,2630000,
45,d220,220,2640000,
45,d220,220,2650000,
45,d220,220,2660000,
45,d220,220,2670000,
45,d220,220,2680000,
45,d220,220,2690000,
45,d220,220,2700000,0.13300000131130219
45,d220,220,2710000,
45,d220,220,2720000,
45,d220,220,2730000,
45,d220,220,2740000,
45,d220,220,2750000,
45,d220,220,2760000,
45,d220,220,2770000,
45,d220,220,2780000,
45,d220,220,2790000,
45,d220,220,2800000,0.12970000505447388
45,d220,220,2810000,
45,d220,220,2820000,
45,d220,220,2830000,
45,d220,220,2840000,
45,d220,220,2850000,
45,d220,220,2860000,
45,d220,220,2870000,
45,d220,220,2880000,
45,d220,220,2890000,
45,d220,220,2900000,0.13259999454021454
45,d220,220,2910000,
45,d220,220,2920000,
45,d220,220,2930000,
45,d220,220,2940000,
45,d220,220,2950000,
45,d220,220,2960000,
45,d220,220,2970000,
45,d220,220,2980000,
45,d220,220,2990000,
45,d220,220,3000000,0.1264999955892563
45,d220,220,3010000,
45,d220,220,3020000,
45,d220,220,3030000,
45,d220,220,3040000,
45,d220,220,3050000,
45,d220,220,3060000,
45,d220,220,3070000,
45,d220,220,3080000,
45,d220,220,3090000,
45,d220,220,3100000,0.13910000026226044
45,d220,220,3110000,
45,d220,220,3120000,
45,d220,220,3130000,
45,d220,220,3140000,
45,d220,220,3150000,
45,d220,220,3160000,
45,d220,220,3170000,
45,d220,220,3180000,
45,d220,220,3190000,
45,d220,220,3200000,0.14169999957084656
45,d220,220,3210000,
45,d220,220,3220000,
45,d220,220,3230000,
45,d220,220,3240000,
45,d220,220,3250000,
45,d220,220,3260000,
45,d220,220,3270000,
45,d220,220,3280000,
45,d220,220,3290000,
45,d220,220,3300000,0.15129999816417694
45,d220,220,3310000,
45,d220,220,3320000,
45,d220,220,3330000,
45,d220,220,3340000,
45,d220,220,3350000,
45,d220,220,3360000,
45,d220,220,3370000,
45,d220,220,3380000,
45,d220,220,3390000,
45,d220,220,3400000,0.15489999949932098
45,d220,220,3410000,
45,d220,220,3420000,
45,d220,220,3430000,
45,d220,220,3440000,
45,d220,220,3450000,
45,d220,220,3460000,
45,d220,220,3470000,
45,d220,220,3480000,
45,d220,220,3490000,
45,d220,220,3500000,0.16769999265670776
45,d220,220,3510000,
45,d220,220,3520000,
45,d220,220,3530000,
45,d220,220,3540000,
45,d220,220,3550000,
45,d220,220,3560000,
45,d220,220,3570000,
45,d220,220,3580000,
45,d220,220,3590000,
45,d220,220,3600000,0.17139999568462372
45,d220,220,3610000,
45,d220,220,3620000,
45,d220,220,3630000,
45,d220,220,3640000,
45,d220,220,3650000,
45,d220,220,3660000,
45,d220,220,3670000,
45,d220,220,3680000,
45,d220,220,3690000,
45,d220,220,3700000,0.16449999809265137
45,d220,220,3710000,
45,d220,220,3720000,
45,d220,220,3730000,
45,d220,220,3740000,
45,d220,220,3750000,
45,d220,220,3760000,
45,d220,220,3770000,
45,d220,220,3780000,
45,d220,220,3790000,
45,d220,220,3800000,0.16820000112056732
45,d220,220,3810000,
45,d220,220,3820000,
45,d220,220,3830000,
45,d220,220,3840000,
45,d220,220,3850000,
45,d220,220,3860000,
45,d220,220,3870000,
45,d220,220,3880000,
45,d220,220,3890000,
45,d220,220,3900000,0.17020000517368317
45,d220,220,3910000,
45,d220,220,3920000,
45,d220,220,3930000,
45,d220,220,3940000,
45,d220,220,3950000,
45,d220,220,3960000,
45,d220,220,3970000,
45,d220,220,3980000,
45,d220,220,3990000,
45,d220,220,4000000,0.17679999768733978
45,d220,220,4010000,
45,d220,220,4020000,
45,d220,220,4030000,
45,d220,220,4040000,
45,d220,220,4050000,
45,d220,220,4060000,
45,d220,220,4070000,
45,d220,220,4080000,
45,d220,220,4090000,
45,d220,220,4100000,0.17900000512599945
45,d220,220,4110000,
45,d220,220,4120000,
45,d220,220,4130000,
45,d220,220,4140000,
45,d220,220,4150000,
45,d220,220,4160000,
45,d220,220,4170000,
45,d220,220,4180000,
45,d220,220,4190000,
45,d220,220,4200000,0.1875
45,d220,220,4210000,
45,d220,220,4220000,
45,d220,220,4230000,
45,d220,220,4240000,
45,d220,220,4250000,
45,d220,220,4260000,
45,d220,220,4270000,
45,d220,220,4280000,
45,d220,220,4290000,
45,d220,220,4300000,0.1956000030040741
45,d220,220,4310000,
45,d220,220,4320000,
45,d220,220,4330000,
45,d220,220,4340000,
45,d220,220,4350000,
45,d220,220,4360000,
45,d220,220,4370000,
45,d220,220,4380000,
45,d220,220,4390000,
45,d220,220,4400000,0.1858000010251999
45,d220,220,4410000,
45,d220,220,4420000,
45,d220,220,4430000,
45,d220,220,4440000,
45,d220,220,4450000,
45,d220,220,4460000,
45,d220,220,4470000,
45,d220,220,4480000,
45,d220,220,4490000,
45,d220,220,4500000,0.19290000200271606
45,d220,220,4510000,
45,d220,220,4520000,
45,d220,220,4530000,
45,d220,220,4540000,
45,d220,220,4550000,
45,d220,220,4560000,
45,d220,220,4570000,
45,d220,220,4580000,
45,d220,220,4590000,
45,d220,220,4600000,0.20800000429153442
45,d220,220,4610000,
45,d220,220,4620000,
45,d220,220,4630000,
45,d220,220,4640000,
45,d220,220,4650000,
45,d220,220,4660000,
45,d220,220,4670000,
45,d220,220,4680000,
45,d220,220,4690000,
45,d220,220,4700000,0.22390000522136688
45,d220,220,4710000,
45,d220,220,4720000,
45,d220,220,4730000,
45,d220,220,4740000,
45,d220,220,4750000,
45,d220,220,4760000,
45,d220,220,4770000,
45,d220,220,4780000,
45,d220,220,4790000,
45,d220,220,4800000,0.20399999618530273
45,d220,220,4810000,
45,d220,220,4820000,
45,d220,220,4830000,
45,d220,220,4840000,
45,d220,220,4850000,
45,d220,220,4860000,
45,d220,220,4870000,
45,d220,220,4880000,
45,d220,220,4890000,
45,d220,220,4900000,0.24289999902248383
45,d220,220,4910000,
45,d220,220,4920000,
45,d220,220,4930000,
45,d220,220,4940000,
45,d220,220,4950000,
45,d220,220,4960000,
45,d220,220,4970000,
45,d220,220,4980000,
45,d220,220,4990000,
45,d220,220,5000000,0.2126999944448471
47,d220,220,1,0.0
47,d220,220,10000,
47,d220,220,20000,
47,d220,220,30000,
47,d220,220,40000,
47,d220,220,50000,
47,d220,220,60000,
47,d220,220,70000,
47,d220,220,80000,
47,d220,220,90000,
47,d220,220,100000,0.0
47,d220,220,110000,
47,d220,220,120000,
47,d220,220,130000,
47,d220,220,140000,
47,d220,220,150000,
47,d220,220,160000,
47,d220,220,170000,
47,d220,220,180000,
47,d220,220,190000,
47,d220,220,200000,0.00019999999494757503
47,d220,220,210000,
47,d220,220,220000,
47,d220,220,230000,
47,d220,220,240000,
47,d220,220,250000,
47,d220,220,260000,
47,d220,220,270000,
47,d220,220,280000,
47,d220,220,290000,
47,d220,220,300000,0.0010999999940395355
47,d220,220,310000,
47,d220,220,320000,
47,d220,220,330000,
47,d220,220,340000,
47,d220,220,350000,
47,d220,220,360000,
47,d220,220,370000,
47,d220,220,380000,
47,d220,220,390000,
47,d220,220,400000,0.0027000000700354576
47,d220,220,410000,
47,d220,220,420000,
47,d220,220,430000,
47,d220,220,440000,
47,d220,220,450000,
47,d220,220,460000,
47,d220,220,470000,
47,d220,220,480000,
47,d220,220,490000,
47,d220,220,500000,0.00570000009611249
47,d220,220,510000,
47,d220,220,520000,
47,d220,220,530000,
47,d220,220,540000,
47,d220,220,550000,
47,d220,220,560000,
47,d220,220,570000,
47,d220,220,580000,
47,d220,220,590000,
47,d220,220,600000,0.010999999940395355
47,d220,220,610000,
47,d220,220,620000,
47,d220,220,630000,
47,d220,220,640000,
47,d220,220,650000,
47,d220,220,660000,
47,d220,220,670000,
47,d220,220,680000,
47,d220,220,690000,
47,d220,220,700000,0.01590000092983246
47,d220,220,710000,
47,d220,220,720000,
47,d220,220,730000,
47,d220,220,740000,
47,d220,220,750000,
47,d220,220,760000,
47,d220,220,770000,
47,d220,220,780000,
47,d220,220,790000,
47,d220,220,800000,0.01889999955892563
47,d220,220,810000,
47,d220,220,820000,
47,d220,220,830000,
47,d220,220,840000,
47,d220,220,850000,
47,d220,220,860000,
47,d220,220,870000,
47,d220,220,880000,
47,d220,220,890000,
47,d220,220,900000,0.024000000208616257
47,d220,220,910000,
47,d220,220,920000,
47,d220,220,930000,
47,d220,220,940000,
47,d220,220,950000,
47,d220,220,960000,
47,d220,220,970000,
47,d220,220,980000,
47,d220,220,990000,
47,d220,220,1000000,0.03240000084042549
47,d220,220,1010000,
47,d220,220,1020000,
47,d220,220,1030000,
47,d220,220,1040000,
47,d220,220,1050000,
47,d220,220,1060000,
47,d220,220,1070000,
47,d220,220,1080000,
47,d220,220,1090000,
47,d220,220,1100000,0.031099999323487282
47,d220,220,1110000,
47,d220,220,1120000,
47,d220,220,1130000,
47,d220,220,1140000,
47,d220,220,1150000,
47,d220,220,1160000,
47,d220,220,1170000,
47,d220,220,1180000,
47,d220,220,1190000,
47,d220,220,1200000,0.03889999911189079
47,d220,220,1210000,
47,d220,220,1220000,
47,d220,220,1230000,
47,d220,220,1240000,
47,d220,220,1250000,
47,d220,220,1260000,
47,d220,220,1270000,
47,d220,220,1280000,
47,d220,220,1290000,
47,d220,220,1300000,0.04320000112056732
47,d220,220,1310000,
47,d220,220,1320000,
47,d220,220,1330000,
47,d220,220,1340000,
47,d220,220,1350000,
47,d220,220,1360000,
47,d220,220,1370000,
47,d220,220,1380000,
47,d220,220,1390000,
47,d220,220,1400000,0.0502999983727932
47,d220,220,1410000,
47,d220,220,1420000,
47,d220,220,1430000,
47,d220,220,1440000,
47,d220,220,1450000,
47,d220,220,1460000,
47,d220,220,1470000,
47,d220,220,1480000,
47,d220,220,1490000,
47,d220,220,1500000,0.057100001722574234
47,d220,220,1510000,
47,d220,220,1520000,
47,d220,220,1530000,
47,d220,220,1540000,
47,d220,220,1550000,
47,d220,220,1560000,
47,d220,220,1570000,
47,d220,220,1580000,
47,d220,220,1590000,
47,d220,220,1600000,0.06109999865293503
47,d220,220,1610000,
47,d220,220,1620000,
47,d220,220,1630000,
47,d220,220,1640000,
47,d220,220,1650000,
47,d220,220,1660000,
47,d220,220,1670000,
47,d220,220,1680000,
47,d220,220,1690000,
47,d220,220,1700000,0.06650000065565109
47,d220,220,1710000,
47,d220,220,1720000,
47,d220,220,1730000,
47,d220,220,1740000,
47,d220,220,1750000,
47,d220,220,1760000,
47,d220,220,1770000,
47,d220,220,1780000,
47,d220,220,1790000,
47,d220,220,1800000,0.06960000097751617
47,d220,220,1810000,
47,d220,220,1820000,
47,d220,220,1830000,
47,d220,220,1840000,
47,d220,220,1850000,
47,d220,220,1860000,
47,d220,220,1870000,
47,d220,220,1880000,
47,d220,220,1890000,
47,d220,220,1900000,0.07959999889135361
47,d220,220,1910000,
47,d220,220,1920000,
47,d220,220,1930000,
47,d220,220,1940000,
47,d220,220,1950000,
47,d220,220,1960000,
47,d220,220,1970000,
47,d220,220,1980000,
47,d220,220,1990000,
47,d220,220,2000000,0.07750000059604645
47,d220,220,2010000,
47,d220,220,2020000,
47,d220,220,2030000,
47,d220,220,2040000,
47,d220,220,2050000,
47,d220,220,2060000,
47,d220,220,2070000,
47,d220,220,2080000,
47,d220,220,2090000,
47,d220,220,2100000,0.08320000022649765
47,d220,220,2110000,
47,d220,220,2120000,
47,d220,220,2130000,
47,d220,220,2140000,
47,d220,220,2150000,
47,d220,220,2160000,
47,d220,220,2170000,
47,d220,220,2180000,
47,d220,220,2190000,
47,d220,220,2200000,0.08950000256299973
47,d220,220,2210000,
47,d220,220,2220000,
47,d220,220,2230000,
47,d220,220,2240000,
47,d220,220,2250000,
47,d220,220,2260000,
47,d220,220,2270000,
47,d220,220,2280000,
47,d220,220,2290000,
47,d220,220,2300000,0.0940999984741211
47,d220,220,2310000,
47,d220,220,2320000,
47,d220,220,2330000,
47,d220,220,2340000,
47,d220,220,2350000,
47,d220,220,2360000,
47,d220,220,2370000,
47,d220,220,2380000,
47,d220,220,2390000,
47,d220,220,2400000,0.09749999642372131
47,d220,220,2410000,
47,d220,220,2420000,
47,d220,220,2430000,
47,d220,220,2440000,
47,d220,220,2450000,
47,d220,220,2460000,
47,d220,220,2470000,
47,d220,220,2480000,
47,d220,220,2490000,
47,d220,220,2500000,0.0982000008225441
47,d220,220,2510000,
47,d220,220,2520000,
47,d220,220,2530000,
47,d220,220,2540000,
47,d220,220,2550000,
47,d220,220,2560000,
47,d220,220,2570000,
47,d220,220,2580000,
47,d220,220,2590000,
47,d220,220,2600000,0.10639999806880951
47,d220,220,2610000,
47,d220,220,2620000,
47,d220,220,2630000,
47,d220,220,2640000,
47,d220,220,2650000,
47,d220,220,2660000,
47,d220,220,2670000,
47,d220,220,2680000,
47,d220,220,2690000,
47,d220,220,2700000,0.10999999940395355
47,d220,220,2710000,
47,d220,220,2720000,
47,d220,220,2730000,
47,d220,220,2740000,
47,d220,220,2750000,
47,d220,220,2760000,
47,d220,220,2770000,
47,d220,220,2780000,
47,d220,220,2790000,
47,d220,220,2800000,0.11620000004768372
47,d220,220,2810000,
47,d220,220,2820000,
47,d220,220,2830000,
47,d220,220,2840000,
47,d220,220,2850000,
47,d220,220,2860000,
47,d220,220,2870000,
47,d220,220,2880000,
47,d220,220,2890000,
47,d220,220,2900000,0.11110000312328339
47,d220,220,2910000,
47,d220,220,2920000,
47,d220,220,2930000,
47,d220,220,2940000,
47,d220,220,2950000,
47,d220,220,2960000,
47,d220,220,2970000,
47,d220,220,2980000,
47,d220,220,2990000,
47,d220,220,3000000,0.12700000405311584
47,d220,220,3010000,
47,d220,220,3020000,
47,d220,220,3030000,
47,d220,220,3040000,
47,d220,220,3050000,
47,d220,220,3060000,
47,d220,220,3070000,
47,d220,220,3080000,
47,d220,220,3090000,
47,d220,220,3100000,0.13609999418258667
47,d220,220,3110000,
47,d220,220,3120000,
47,d220,220,3130000,
47,d220,220,3140000,
47,d220,220,3150000,
47,d220,220,3160000,
47,d220,220,3170000,
47,d220,220,3180000,
47,d220,220,3190000,
47,d220,220,3200000,0.1362999975681305
47,d220,220,3210000,
47,d220,220,3220000,
47,d220,220,3230000,
47,d220,220,3240000,
47,d220,220,3250000,
47,d220,220,3260000,
47,d220,220,3270000,
47,d220,220,3280000,
47,d220,220,3290000,
47,d220,220,3300000,0.14409999549388885
47,d220,220,3310000,
47,d220,220,3320000,
47,d220,220,3330000,
47,d220,220,3340000,
47,d220,220,3350000,
47,d220,220,3360000,
47,d220,220,3370000,
47,d220,220,3380000,
47,d220,220,3390000,
47,d220,220,3400000,0.13860000669956207
47,d220,220,3410000,
47,d220,220,3420000,
47,d220,220,3430000,
47,d220,220,3440000,
47,d220,220,3450000,
47,d220,220,3460000,
47,d220,220,3470000,
47,d220,220,3480000,
47,d220,220,3490000,
47,d220,220,3500000,0.15559999644756317
47,d220,220,3510000,
47,d220,220,3520000,
47,d220,220,3530000,
47,d220,220,3540000,
47,d220,220,3550000,
47,d220,220,3560000,
47,d220,220,3570000,
47,d220,220,3580000,
47,d220,220,3590000,
47,d220,220,3600000,0.14959999918937683
47,d220,220,3610000,
47,d220,220,3620000,
47,d220,220,3630000,
47,d220,220,3640000,
47,d220,220,3650000,
47,d220,220,3660000,
47,d220,220,3670000,
47,d220,220,3680000,
47,d220,220,3690000,
47,d220,220,3700000,0.15279999375343323
47,d220,220,3710000,
47,d220,220,3720000,
47,d220,220,3730000,
47,d220,220,3740000,
47,d220,220,3750000,
47,d220,220,3760000,
47,d220,220,3770000,
47,d220,220,3780000,
47,d220,220,3790000,
47,d220,220,3800000,0.15809999406337738
47,d220,220,3810000,
47,d220,220,3820000,
47,d220,220,3830000,
47,d220,220,3840000,
47,d220,220,3850000,
47,d220,220,3860000,
47,d220,220,3870000,
47,d220,220,3880000,
47,d220,220,3890000,
47,d220,220,3900000,0.16539999842643738
47,d220,220,3910000,
47,d220,220,3920000,
47,d220,220,3930000,
47,d220,220,3940000,
47,d220,220,3950000,
47,d220,220,3960000,
47,d220,220,3970000,
47,d220,220,3980000,
47,d220,220,3990000,
47,d220,220,4000000,0.1720999926328659
47,d220,220,4010000,
47,d220,220,4020000,
47,d220,220,4030000,
47,d220,220,4040000,
47,d220,220,4050000,
47,d220,220,4060000,
47,d220,220,4070000,
47,d220,220,4080000,
47,d220,220,4090000,
47,d220,220,4100000,0.17659999430179596
47,d220,220,4110000,
47,d220,220,4120000,
47,d220,220,4130000,
47,d220,220,4140000,
47,d220,220,4150000,
47,d220,220,4160000,
47,d220,220,4170000,
47,d220,220,4180000,
47,d220,220,4190000,
47,d220,220,4200000,0.18039999902248383
47,d220,220,4210000,
47,d220,220,4220000,
47,d220,220,4230000,
47,d220,220,4240000,
47,d220,220,4250000,
47,d220,220,4260000,
47,d220,220,4270000,
47,d220,220,4280000,
47,d220,220,4290000,
47,d220,220,4300000,0.18780000507831573
47,d220,220,4310000,
47,d220,220,4320000,
47,d220,220,4330000,
47,d220,220,4340000,
47,d220,220,4350000,
47,d220,220,4360000,
47,d220,220,4370000,
47,d220,220,4380000,
47,d220,220,4390000,
47,d220,220,4400000,0.1889999955892563
47,d220,220,4410000,
47,d220,220,4420000,
47,d220,220,4430000,
47,d220,220,4440000,
47,d220,220,4450000,
47,d220,220,4460000,
47,d220,220,4470000,
47,d220,220,4480000,
47,d220,220,4490000,
47,d220,220,4500000,0.18569999933242798
47,d220,220,4510000,
47,d220,220,4520000,
47,d220,220,4530000,
47,d220,220,4540000,
47,d220,220,4550000,
47,d220,220,4560000,
47,d220,220,4570000,
47,d220,220,4580000,
47,d220,220,4590000,
47,d220,220,4600000,0.19460000097751617
47,d220,220,4610000,
47,d220,220,4620000,
47,d220,220,4630000,
47,d220,220,4640000,
47,d220,220,4650000,
47,d220,220,4660000,
47,d220,220,4670000,
47,d220,220,4680000,
47,d220,220,4690000,
47,d220,220,4700000,0.18940000236034393
47,d220,220,4710000,
47,d220,220,4720000,
47,d220,220,4730000,
47,d220,220,4740000,
47,d220,220,4750000,
47,d220,220,4760000,
47,d220,220,4770000,
47,d220,220,4780000,
47,d220,220,4790000,
47,d220,220,4800000,0.18119999766349792
47,d220,220,4810000,
47,d220,220,4820000,
47,d220,220,4830000,
47,d220,220,4840000,
47,d220,220,4850000,
47,d220,220,4860000,
47,d220,220,4870000,
47,d220,220,4880000,
47,d220,220,4890000,
47,d220,220,4900000,0.1923000067472458
47,d220,220,4910000,
47,d220,220,4920000,
47,d220,220,4930000,
47,d220,220,4940000,
47,d220,220,4950000,
47,d220,220,4960000,
47,d220,220,4970000,
47,d220,220,4980000,
47,d220,220,4990000,
47,d220,220,5000000,0.1898999959230423
42,d240,240,1,0.0
42,d240,240,10000,
42,d240,240,20000,
42,d240,240,30000,
42,d240,240,40000,
42,d240,240,50000,
42,d240,240,60000,
42,d240,240,70000,
42,d240,240,80000,
42,d240,240,90000,
42,d240,240,100000,0.0
42,d240,240,110000,
42,d240,240,120000,
42,d240,240,130000,
42,d240,240,140000,
42,d240,240,150000,
42,d240,240,160000,
42,d240,240,170000,
42,d240,240,180000,
42,d240,240,190000,
42,d240,240,200000,0.00019999999494757503
42,d240,240,210000,
42,d240,240,220000,
42,d240,240,230000,
42,d240,240,240000,
42,d240,240,250000,
42,d240,240,260000,
42,d240,240,270000,
42,d240,240,280000,
42,d240,240,290000,
42,d240,240,300000,0.00019999999494757503
42,d240,240,310000,
42,d240,240,320000,
42,d240,240,330000,
42,d240,240,340000,
42,d240,240,350000,
42,d240,240,360000,
42,d240,240,370000,
42,d240,240,380000,
42,d240,240,390000,
42,d240,240,400000,0.0026000000070780516
42,d240,240,410000,
42,d240,240,420000,
42,d240,240,430000,
42,d240,240,440000,
42,d240,240,450000,
42,d240,240,460000,
42,d240,240,470000,
42,d240,240,480000,
42,d240,240,490000,
42,d240,240,500000,0.00430000014603138
42,d240,240,510000,
42,d240,240,520000,
42,d240,240,530000,
42,d240,240,540000,
42,d240,240,550000,
42,d240,240,560000,
42,d240,240,570000,
42,d240,240,580000,
42,d240,240,590000,
42,d240,240,600000,0.008200000040233135
42,d240,240,610000,
42,d240,240,620000,
42,d240,240,630000,
42,d240,240,640000,
42,d240,240,650000,
42,d240,240,660000,
42,d240,240,670000,
42,d240,240,680000,
42,d240,240,690000,
42,d240,240,700000,0.014399999752640724
42,d240,240,710000,
42,d240,240,720000,
42,d240,240,730000,
42,d240,240,740000,
42,d240,240,750000,
42,d240,240,760000,
42,d240,240,770000,
42,d240,240,780000,
42,d240,240,790000,
42,d240,240,800000,0.016499999910593033
42,d240,240,810000,
42,d240,240,820000,
42,d240,240,830000,
42,d240,240,840000,
42,d240,240,850000,
42,d240,240,860000,
42,d240,240,870000,
42,d240,240,880000,
42,d240,240,890000,
42,d240,240,900000,0.01810000091791153
42,d240,240,910000,
42,d240,240,920000,
42,d240,240,930000,
42,d240,240,940000,
42,d240,240,950000,
42,d240,240,960000,
42,d240,240,970000,
42,d240,240,980000,
42,d240,240,990000,
42,d240,240,1000000,0.026399999856948853
42,d240,240,1010000,
42,d240,240,1020000,
42,d240,240,1030000,
42,d240,240,1040000,
42,d240,240,1050000,
42,d240,240,1060000,
42,d240,240,1070000,
42,d240,240,1080000,
42,d240,240,1090000,
42,d240,240,1100000,0.03370000049471855
42,d240,240,1110000,
42,d240,240,1120000,
42,d240,240,1130000,
42,d240,240,1140000,
42,d240,240,1150000,
42,d240,240,1160000,
42,d240,240,1170000,
42,d240,240,1180000,
42,d240,240,1190000,
42,d240,240,1200000,0.03539999946951866
42,d240,240,1210000,
42,d240,240,1220000,
42,d240,240,1230000,
42,d240,240,1240000,
42,d240,240,1250000,
42,d240,240,1260000,
42,d240,240,1270000,
42,d240,240,1280000,
42,d240,240,1290000,
42,d240,240,1300000,0.03849999979138374
42,d240,240,1310000,
42,d240,240,1320000,
42,d240,240,1330000,
42,d240,240,1340000,
42,d240,240,1350000,
42,d240,240,1360000,
42,d240,240,1370000,
42,d240,240,1380000,
42,d240,240,1390000,
42,d240,240,1400000,0.04490000009536743
42,d240,240,1410000,
42,d240,240,1420000,
42,d240,240,1430000,
42,d240,240,1440000,
42,d240,240,1450000,
42,d240,240,1460000,
42,d240,240,1470000,
42,d240,240,1480000,
42,d240,240,1490000,
42,d240,240,1500000,0.0478999987244606
42,d240,240,1510000,
42,d240,240,1520000,
42,d240,240,1530000,
42,d240,240,1540000,
42,d240,240,1550000,
42,d240,240,1560000,
42,d240,240,1570000,
42,d240,240,1580000,
42,d240,240,1590000,
42,d240,240,1600000,0.05510000139474869
42,d240,240,1610000,
42,d240,240,1620000,
42,d240,240,1630000,
42,d240,240,1640000,
42,d240,240,1650000,
42,d240,240,1660000,
42,d240,240,1670000,
42,d240,240,1680000,
42,d240,240,1690000,
42,d240,240,1700000,0.0575999990105629
42,d240,240,1710000,
42,d240,240,1720000,
42,d240,240,1730000,
42,d240,240,1740000,
42,d240,240,1750000,
42,d240,240,1760000,
42,d240,240,1770000,
42,d240,240,1780000,
42,d240,240,1790000,
42,d240,240,1800000,0.06790000200271606
42,d240,240,1810000,
42,d240,240,1820000,
42,d240,240,1830000,
42,d240,240,1840000,
42,d240,240,1850000,
42,d240,240,1860000,
42,d240,240,1870000,
42,d240,240,1880000,
42,d240,240,1890000,
42,d240,240,1900000,0.07069999724626541
42,d240,240,1910000,
42,d240,240,1920000,
42,d240,240,1930000,
42,d240,240,1940000,
42,d240,240,1950000,
42,d240,240,1960000,
42,d240,240,1970000,
42,d240,240,1980000,
42,d240,240,1990000,
42,d240,240,2000000,0.061900001019239426
42,d240,240,2010000,
42,d240,240,2020000,
42,d240,240,2030000,
42,d240,240,2040000,
42,d240,240,2050000,
42,d240,240,2060000,
42,d240,240,2070000,
42,d240,240,2080000,
42,d240,240,2090000,
42,d240,240,2100000,0.06989999860525131
42,d240,240,2110000,
42,d240,240,2120000,
42,d240,240,2130000,
42,d240,240,2140000,
42,d240,240,2150000,
42,d240,240,2160000,
42,d240,240,2170000,
42,d240,240,2180000,
42,d240,240,2190000,
42,d240,240,2200000,0.0723000019788742
42,d240,240,2210000,
42,d240,240,2220000,
42,d240,240,2230000,
42,d240,240,2240000,
42,d240,240,2250000,
42,d240,240,2260000,
42,d240,240,2270000,
42,d240,240,2280000,
42,d240,240,2290000,
42,d240,240,2300000,0.07509999722242355
42,d240,240,2310000,
42,d240,240,2320000,
42,d240,240,2330000,
42,d240,240,2340000,
42,d240,240,2350000,
42,d240,240,2360000,
42,d240,240,2370000,
42,d240,240,2380000,
42,d240,240,2390000,
42,d240,240,2400000,0.08150000125169754
42,d240,240,2410000,
42,d240,240,2420000,
42,d240,240,2430000,
42,d240,240,2440000,
42,d240,240,2450000,
42,d240,240,2460000,
42,d240,240,2470000,
42,d240,240,2480000,
42,d240,240,2490000,
42,d240,240,2500000,0.08869999647140503
42,d240,240,2510000,
42,d240,240,2520000,
42,d240,240,2530000,
42,d240,240,2540000,
42,d240,240,2550000,
42,d240,240,2560000,
42,d240,240,2570000,
42,d240,240,2580000,
42,d240,240,2590000,
42,d240,240,2600000,0.08410000056028366
42,d240,240,2610000,
42,d240,240,2620000,
42,d240,240,2630000,
42,d240,240,2640000,
42,d240,240,2650000,
42,d240,240,2660000,
42,d240,240,2670000,
42,d240,240,2680000,
42,d240,240,2690000,
42,d240,240,2700000,0.09669999778270721
42,d240,240,2710000,
42,d240,240,2720000,
42,d240,240,2730000,
42,d240,240,2740000,
42,d240,240,2750000,
42,d240,240,2760000,
42,d240,240,2770000,
42,d240,240,2780000,
42,d240,240,2790000,
42,d240,240,2800000,0.10090000182390213
42,d240,240,2810000,
42,d240,240,2820000,
42,d240,240,2830000,
42,d240,240,2840000,
42,d240,240,2850000,
42,d240,240,2860000,
42,d240,240,2870000,
42,d240,240,2880000,
42,d240,240,2890000,
42,d240,240,2900000,0.10670000314712524
42,d240,240,2910000,
42,d240,240,2920000,
42,d240,240,2930000,
42,d240,240,2940000,
42,d240,240,2950000,
42,d240,240,2960000,
42,d240,240,2970000,
42,d240,240,2980000,
42,d240,240,2990000,
42,d240,240,3000000,0.10970000177621841
42,d240,240,3010000,
42,d240,240,3020000,
42,d240,240,3030000,
42,d240,240,3040000,
42,d240,240,3050000,
42,d240,240,3060000,
42,d240,240,3070000,
42,d240,240,3080000,
42,d240,240,3090000,
42,d240,240,3100000,0.10689999908208847
42,d240,240,3110000,
42,d240,240,3120000,
42,d240,240,3130000,
42,d240,240,3140000,
42,d240,240,3150000,
42,d240,240,3160000,
42,d240,240,3170000,
42,d240,240,3180000,
42,d240,240,3190000,
42,d240,240,3200000,0.11140000075101852
42,d240,240,3210000,
42,d240,240,3220000,
42,d240,240,3230000,
42,d240,240,3240000,
42,d240,240,3250000,
42,d240,240,3260000,
42,d240,240,3270000,
42,d240,240,3280000,
42,d240,240,3290000,
42,d240,240,3300000,0.1160999983549118
42,d240,240,3310000,
42,d240,240,3320000,
42,d240,240,3330000,
42,d240,240,3340000,
42,d240,240,3350000,
42,d240,240,3360000,
42,d240,240,3370000,
42,d240,240,3380000,
42,d240,240,3390000,
42,d240,240,3400000,0.12349999696016312
42,d240,240,3410000,
42,d240,240,3420000,
42,d240,240,3430000,
42,d240,240,3440000,
42,d240,240,3450000,
42,d240,240,3460000,
42,d240,240,3470000,
42,d240,240,3480000,
42,d240,240,3490000,
42,d240,240,3500000,0.1225999966263771
42,d240,240,3510000,
42,d240,240,3520000,
42,d240,240,3530000,
42,d240,240,3540000,
42,d240,240,3550000,
42,d240,240,3560000,
42,d240,240,3570000,
42,d240,240,3580000,
42,d240,240,3590000,
42,d240,240,3600000,0.1273999959230423
42,d240,240,3610000,
42,d240,240,3620000,
42,d240,240,3630000,
42,d240,240,3640000,
42,d240,240,3650000,
42,d240,240,3660000,
42,d240,240,3670000,
42,d240,240,3680000,
42,d240,240,3690000,
42,d240,240,3700000,0.1298000067472458
42,d240,240,3710000,
42,d240,240,3720000,
42,d240,240,3730000,
42,d240,240,3740000,
42,d240,240,3750000,
42,d240,240,3760000,
42,d240,240,3770000,
42,d240,240,3780000,
42,d240,240,3790000,
42,d240,240,3800000,0.13369999825954437
42,d240,240,3810000,
42,d240,240,3820000,
42,d240,240,3830000,
42,d240,240,3840000,
42,d240,240,3850000,
42,d240,240,3860000,
42,d240,240,3870000,
42,d240,240,3880000,
42,d240,240,3890000,
42,d240,240,3900000,0.14000000059604645
42,d240,240,3910000,
42,d240,240,3920000,
42,d240,240,3930000,
42,d240,240,3940000,
42,d240,240,3950000,
42,d240,240,3960000,
42,d240,240,3970000,
42,d240,240,3980000,
42,d240,240,3990000,
42,d240,240,4000000,0.14569999277591705
42,d240,240,4010000,
42,d240,240,4020000,
42,d240,240,4030000,
42,d240,240,4040000,
42,d240,240,4050000,
42,d240,240,4060000,
42,d240,240,4070000,
42,d240,240,4080000,
42,d240,240,4090000,
42,d240,240,4100000,0.15109999477863312
42,d240,240,4110000,
42,d240,240,4120000,
42,d240,240,4130000,
42,d240,240,4140000,
42,d240,240,4150000,
42,d240,240,4160000,
42,d240,240,4170000,
42,d240,240,4180000,
42,d240,240,4190000,
42,d240,240,4200000,0.13359999656677246
42,d240,240,4210000,
42,d240,240,4220000,
42,d240,240,4230000,
42,d240,240,4240000,
42,d240,240,4250000,
42,d240,240,4260000,
42,d240,240,4270000,
42,d240,240,4280000,
42,d240,240,4290000,
42,d240,240,4300000,0.15000000596046448
42,d240,240,4310000,
42,d240,240,4320000,
42,d240,240,4330000,
42,d240,240,4340000,
42,d240,240,4350000,
42,d240,240,4360000,
42,d240,240,4370000,
42,d240,240,4380000,
42,d240,240,4390000,
42,d240,240,4400000,0.1542000025510788
42,d240,240,4410000,
42,d240,240,4420000,
42,d240,240,4430000,
42,d240,240,4440000,
42,d240,240,4450000,
42,d240,240,4460000,
42,d240,240,4470000,
42,d240,240,4480000,
42,d240,240,4490000,
42,d240,240,4500000,0.15209999680519104
42,d240,240,4510000,
42,d240,240,4520000,
42,d240,240,4530000,
42,d240,240,4540000,
42,d240,240,4550000,
42,d240,240,4560000,
42,d240,240,4570000,
42,d240,240,4580000,
42,d240,240,4590000,
42,d240,240,4600000,0.16670000553131104
42,d240,240,4610000,
42,d240,240,4620000,
42,d240,240,4630000,
42,d240,240,4640000,
42,d240,240,4650000,
42,d240,240,4660000,
42,d240,240,4670000,
42,d240,240,4680000,
42,d240,240,4690000,
42,d240,240,4700000,0.18889999389648438
42,d240,240,4710000,
42,d240,240,4720000,
42,d240,240,4730000,
42,d240,240,4740000,
42,d240,240,4750000,
42,d240,240,4760000,
42,d240,240,4770000,
42,d240,240,4780000,
42,d240,240,4790000,
42,d240,240,4800000,0.17720000445842743
42,d240,240,4810000,
42,d240,240,4820000,
42,d240,240,4830000,
42,d240,240,4840000,
42,d240,240,4850000,
42,d240,240,4860000,
42,d240,240,4870000,
42,d240,240,4880000,
42,d240,240,4890000,
42,d240,240,4900000,0.18250000476837158
42,d240,240,4910000,
42,d240,240,4920000,
42,d240,240,4930000,
42,d240,240,4940000,
42,d240,240,4950000,
42,d240,240,4960000,
42,d240,240,4970000,
42,d240,240,4980000,
42,d240,240,4990000,
42,d240,240,5000000,0.179299995303154
43,d240,240,1,0.0
43,d240,240,10000,
43,d240,240,20000,
43,d240,240,30000,
43,d240,240,40000,
43,d240,240,50000,
43,d240,240,60000,
43,d240,240,70000,
43,d240,240,80000,
43,d240,240,90000,
43,d240,240,100000,0.0
43,d240,240,110000,
43,d240,240,120000,
43,d240,240,130000,
43,d240,240,140000,
43,d240,240,150000,
43,d240,240,160000,
43,d240,240,170000,
43,d240,240,180000,
43,d240,240,190000,
43,d240,240,200000,9.999999747378752e-05
43,d240,240,210000,
43,d240,240,220000,
43,d240,240,230000,
43,d240,240,240000,
43,d240,240,250000,
43,d240,240,260000,
43,d240,240,270000,
43,d240,240,280000,
43,d240,240,290000,
43,d240,240,300000,0.0006000000284984708
43,d240,240,310000,
43,d240,240,320000,
43,d240,240,330000,
43,d240,240,340000,
43,d240,240,350000,
43,d240,240,360000,
43,d240,240,370000,
43,d240,240,380000,
43,d240,240,390000,
43,d240,240,400000,0.0017000000225380063
43,d240,240,410000,
43,d240,240,420000,
43,d240,240,430000,
43,d240,240,440000,
43,d240,240,450000,
43,d240,240,460000,
43,d240,240,470000,
43,d240,240,480000,
43,d240,240,490000,
43,d240,240,500000,0.004600000102072954
43,d240,240,510000,
43,d240,240,520000,
43,d240,240,530000,
43,d240,240,540000,
43,d240,240,550000,
43,d240,240,560000,
43,d240,240,570000,
43,d240,240,580000,
43,d240,240,590000,
43,d240,240,600000,0.008100000210106373
43,d240,240,610000,
43,d240,240,620000,
43,d240,240,630000,
43,d240,240,640000,
43,d240,240,650000,
43,d240,240,660000,
43,d240,240,670000,
43,d240,240,680000,
43,d240,240,690000,
43,d240,240,700000,0.011699999682605267
43,d240,240,710000,
43,d240,240,720000,
43,d240,240,730000,
43,d240,240,740000,
43,d240,240,750000,
43,d240,240,760000,
43,d240,240,770000,
43,d240,240,780000,
43,d240,240,790000,
43,d240,240,800000,0.019300000742077827
43,d240,240,810000,
43,d240,240,820000,
43,d240,240,830000,
43,d240,240,840000,
43,d240,240,850000,
43,d240,240,860000,
43,d240,240,870000,
43,d240,240,880000,
43,d240,240,890000,
43,d240,240,900000,0.020500000566244125
43,d240,240,910000,
43,d240,240,920000,
43,d240,240,930000,
43,d240,240,940000,
43,d240,240,950000,
43,d240,240,960000,
43,d240,240,970000,
43,d240,240,980000,
43,d240,240,990000,
43,d240,240,1000000,0.022700000554323196
43,d240,240,1010000,
43,d240,240,1020000,
43,d240,240,1030000,
43,d240,240,1040000,
43,d240,240,1050000,
43,d240,240,1060000,
43,d240,240,1070000,
43,d240,240,1080000,
43,d240,240,1090000,
43,d240,240,1100000,0.026799999177455902
43,d240,240,1110000,
43,d240,240,1120000,
43,d240,240,1130000,
43,d240,240,1140000,
43,d240,240,1150000,
43,d240,240,1160000,
43,d240,240,1170000,
43,d240,240,1180000,
43,d240,240,1190000,
43,d240,240,1200000,0.03889999911189079
43,d240,240,1210000,
43,d240,240,1220000,
43,d240,240,1230000,
43,d240,240,1240000,
43,d240,240,1250000,
43,d240,240,1260000,
43,d240,240,1270000,
43,d240,240,1280000,
43,d240,240,1290000,
43,d240,240,1300000,0.032999999821186066
43,d240,240,1310000,
43,d240,240,1320000,
43,d240,240,1330000,
43,d240,240,1340000,
43,d240,240,1350000,
43,d240,240,1360000,
43,d240,240,1370000,
43,d240,240,1380000,
43,d240,240,1390000,
43,d240,240,1400000,0.04600000008940697
43,d240,240,1410000,
43,d240,240,1420000,
43,d240,240,1430000,
43,d240,240,1440000,
43,d240,240,1450000,
43,d240,240,1460000,
43,d240,240,1470000,
43,d240,240,1480000,
43,d240,240,1490000,
43,d240,240,1500000,0.054499998688697815
43,d240,240,1510000,
43,d240,240,1520000,
43,d240,240,1530000,
43,d240,240,1540000,
43,d240,240,1550000,
43,d240,240,1560000,
43,d240,240,1570000,
43,d240,240,1580000,
43,d240,240,1590000,
43,d240,240,1600000,0.050200000405311584
43,d240,240,1610000,
43,d240,240,1620000,
43,d240,240,1630000,
43,d240,240,1640000,
43,d240,240,1650000,
43,d240,240,1660000,
43,d240,240,1670000,
43,d240,240,1680000,
43,d240,240,1690000,
43,d240,240,1700000,0.05640000104904175
43,d240,240,1710000,
43,d240,240,1720000,
43,d240,240,1730000,
43,d240,240,1740000,
43,d240,240,1750000,
43,d240,240,1760000,
43,d240,240,1770000,
43,d240,240,1780000,
43,d240,240,1790000,
43,d240,240,1800000,0.0617000013589859
43,d240,240,1810000,
43,d240,240,1820000,
43,d240,240,1830000,
43,d240,240,1840000,
43,d240,240,1850000,
43,d240,240,1860000,
43,d240,240,1870000,
43,d240,240,1880000,
43,d240,240,1890000,
43,d240,240,1900000,0.07209999859333038
43,d240,240,1910000,
43,d240,240,1920000,
43,d240,240,1930000,
43,d240,240,1940000,
43,d240,240,1950000,
43,d240,240,1960000,
43,d240,240,1970000,
43,d240,240,1980000,
43,d240,240,1990000,
43,d240,240,2000000,0.07069999724626541
43,d240,240,2010000,
43,d240,240,2020000,
43,d240,240,2030000,
43,d240,240,2040000,
43,d240,240,2050000,
43,d240,240,2060000,
43,d240,240,2070000,
43,d240,240,2080000,
43,d240,240,2090000,
43,d240,240,2100000,0.07590000331401825
43,d240,240,2110000,
43,d240,240,2120000,
43,d240,240,2130000,
43,d240,240,2140000,
43,d240,240,2150000,
43,d240,240,2160000,
43,d240,240,2170000,
43,d240,240,2180000,
43,d240,240,2190000,
43,d240,240,2200000,0.0722000002861023
43,d240,240,2210000,
43,d240,240,2220000,
43,d240,240,2230000,
43,d240,240,2240000,
43,d240,240,2250000,
43,d240,240,2260000,
43,d240,240,2270000,
43,d240,240,2280000,
43,d240,240,2290000,
43,d240,240,2300000,0.08550000190734863
43,d240,240,2310000,
43,d240,240,2320000,
43,d240,240,2330000,
43,d240,240,2340000,
43,d240,240,2350000,
43,d240,240,2360000,
43,d240,240,2370000,
43,d240,240,2380000,
43,d240,240,2390000,
43,d240,240,2400000,0.09449999779462814
43,d240,240,2410000,
43,d240,240,2420000,
43,d240,240,2430000,
43,d240,240,2440000,
43,d240,240,2450000,
43,d240,240,2460000,
43,d240,240,2470000,
43,d240,240,2480000,
43,d240,240,2490000,
43,d240,240,2500000,0.0982000008225441
43,d240,240,2510000,
43,d240,240,2520000,
43,d240,240,2530000,
43,d240,240,2540000,
43,d240,240,2550000,
43,d240,240,2560000,
43,d240,240,2570000,
43,d240,240,2580000,
43,d240,240,2590000,
43,d240,240,2600000,0.10279999673366547
43,d240,240,2610000,
43,d240,240,2620000,
43,d240,240,2630000,
43,d240,240,2640000,
43,d240,240,2650000,
43,d240,240,2660000,
43,d240,240,2670000,
43,d240,240,2680000,
43,d240,240,2690000,
43,d240,240,2700000,0.10119999945163727
43,d240,240,2710000,
43,d240,240,2720000,
43,d240,240,2730000,
43,d240,240,2740000,
43,d240,240,2750000,
43,d240,240,2760000,
43,d240,240,2770000,
43,d240,240,2780000,
43,d240,240,2790000,
43,d240,240,2800000,0.10339999943971634
43,d240,240,2810000,
43,d240,240,2820000,
43,d240,240,2830000,
43,d240,240,2840000,
43,d240,240,2850000,
43,d240,240,2860000,
43,d240,240,2870000,
43,d240,240,2880000,
43,d240,240,2890000,
43,d240,240,2900000,0.10859999805688858
43,d240,240,2910000,
43,d240,240,2920000,
43,d240,240,2930000,
43,d240,240,2940000,
43,d240,240,2950000,
43,d240,240,2960000,
43,d240,240,2970000,
43,d240,240,2980000,
43,d240,240,2990000,
43,d240,240,3000000,0.11379999667406082
43,d240,240,3010000,
43,d240,240,3020000,
43,d240,240,3030000,
43,d240,240,3040000,
43,d240,240,3050000,
43,d240,240,3060000,
43,d240,240,3070000,
43,d240,240,3080000,
43,d240,240,3090000,
43,d240,240,3100000,0.1128000020980835
43,d240,240,3110000,
43,d240,240,3120000,
43,d240,240,3130000,
43,d240,240,3140000,
43,d240,240,3150000,
43,d240,240,3160000,
43,d240,240,3170000,
43,d240,240,3180000,
43,d240,240,3190000,
43,d240,240,3200000,0.1151999980211258
43,d240,240,3210000,
43,d240,240,3220000,
43,d240,240,3230000,
43,d240,240,3240000,
43,d240,240,3250000,
43,d240,240,3260000,
43,d240,240,3270000,
43,d240,240,3280000,
43,d240,240,3290000,
43,d240,240,3300000,0.11580000072717667
43,d240,240,3310000,
43,d240,240,3320000,
43,d240,240,3330000,
43,d240,240,3340000,
43,d240,240,3350000,
43,d240,240,3360000,
43,d240,240,3370000,
43,d240,240,3380000,
43,d240,240,3390000,
43,d240,240,3400000,0.12520000338554382
43,d240,240,3410000,
43,d240,240,3420000,
43,d240,240,3430000,
43,d240,240,3440000,
43,d240,240,3450000,
43,d240,240,3460000,
43,d240,240,3470000,
43,d240,240,3480000,
43,d240,240,3490000,
43,d240,240,3500000,0.125900000333786
43,d240,240,3510000,
43,d240,240,3520000,
43,d240,240,3530000,
43,d240,240,3540000,
43,d240,240,3550000,
43,d240,240,3560000,
43,d240,240,3570000,
43,d240,240,3580000,
43,d240,240,3590000,
43,d240,240,3600000,0.1307000070810318
43,d240,240,3610000,
43,d240,240,3620000,
43,d240,240,3630000,
43,d240,240,3640000,
43,d240,240,3650000,
43,d240,240,3660000,
43,d240,240,3670000,
43,d240,240,3680000,
43,d240,240,3690000,
43,d240,240,3700000,0.14110000431537628
43,d240,240,3710000,
43,d240,240,3720000,
43,d240,240,3730000,
43,d240,240,3740000,
43,d240,240,3750000,
43,d240,240,3760000,
43,d240,240,3770000,
43,d240,240,3780000,
43,d240,240,3790000,
43,d240,240,3800000,0.15209999680519104
43,d240,240,3810000,
43,d240,240,3820000,
43,d240,240,3830000,
43,d240,240,3840000,
43,d240,240,3850000,
43,d240,240,3860000,
43,d240,240,3870000,
43,d240,240,3880000,
43,d240,240,3890000,
43,d240,240,3900000,0.15960000455379486
43,d240,240,3910000,
43,d240,240,3920000,
43,d240,240,3930000,
43,d240,240,3940000,
43,d240,240,3950000,
43,d240,240,3960000,
43,d240,240,3970000,
43,d240,240,3980000,
43,d240,240,3990000,
43,d240,240,4000000,0.14219999313354492
43,d240,240,4010000,
43,d240,240,4020000,
43,d240,240,4030000,
43,d240,240,4040000,
43,d240,240,4050000,
43,d240,240,4060000,
43,d240,240,4070000,
43,d240,240,4080000,
43,d240,240,4090000,
43,d240,240,4100000,0.15440000593662262
43,d240,240,4110000,
43,d240,240,4120000,
43,d240,240,4130000,
43,d240,240,4140000,
43,d240,240,4150000,
43,d240,240,4160000,
43,d240,240,4170000,
43,d240,240,4180000,
43,d240,240,4190000,
43,d240,240,4200000,0.1615000069141388
43,d240,240,4210000,
43,d240,240,4220000,
43,d240,240,4230000,
43,d240,240,4240000,
43,d240,240,4250000,
43,d240,240,4260000,
43,d240,240,4270000,
43,d240,240,4280000,
43,d240,240,4290000,
43,d240,240,4300000,0.17720000445842743
43,d240,240,4310000,
43,d240,240,4320000,
43,d240,240,4330000,
43,d240,240,4340000,
43,d240,240,4350000,
43,d240,240,4360000,
43,d240,240,4370000,
43,d240,240,4380000,
43,d240,240,4390000,
43,d240,240,4400000,0.15719999372959137
43,d240,240,4410000,
43,d240,240,4420000,
43,d240,240,4430000,
43,d240,240,4440000,
43,d240,240,4450000,
43,d240,240,4460000,
43,d240,240,4470000,
43,d240,240,4480000,
43,d240,240,4490000,
43,d240,240,4500000,0.17339999973773956
43,d240,240,4510000,
43,d240,240,4520000,
43,d240,240,4530000,
43,d240,240,4540000,
43,d240,240,4550000,
43,d240,240,4560000,
43,d240,240,4570000,
43,d240,240,4580000,
43,d240,240,4590000,
43,d240,240,4600000,0.15549999475479126
43,d240,240,4610000,
43,d240,240,4620000,
43,d240,240,4630000,
43,d240,240,4640000,
43,d240,240,4650000,
43,d240,240,4660000,
43,d240,240,4670000,
43,d240,240,4680000,
43,d240,240,4690000,
43,d240,240,4700000,0.16869999468326569
43,d240,240,4710000,
43,d240,240,4720000,
43,d240,240,4730000,
43,d240,240,4740000,
43,d240,240,4750000,
43,d240,240,4760000,
43,d240,240,4770000,
43,d240,240,4780000,
43,d240,240,4790000,
43,d240,240,4800000,0.188400000333786
43,d240,240,4810000,
43,d240,240,4820000,
43,d240,240,4830000,
43,d240,240,4840000,
43,d240,240,4850000,
43,d240,240,4860000,
43,d240,240,4870000,
43,d240,240,4880000,
43,d240,240,4890000,
43,d240,240,4900000,0.17389999330043793
43,d240,240,4910000,
43,d240,240,4920000,
43,d240,240,4930000,
43,d240,240,4940000,
43,d240,240,4950000,
43,d240,240,4960000,
43,d240,240,4970000,
43,d240,240,4980000,
43,d240,240,4990000,
43,d240,240,5000000,0.18569999933242798
45,d240,240,1,0.0
45,d240,240,10000,
45,d240,240,20000,
45,d240,240,30000,
45,d240,240,40000,
45,d240,240,50000,
45,d240,240,60000,
45,d240,240,70000,
45,d240,240,80000,
45,d240,240,90000,
45,d240,240,100000,0.0
45,d240,240,110000,
45,d240,240,120000,
45,d240,240,130000,
45,d240,240,140000,
45,d240,240,150000,
45,d240,240,160000,
45,d240,240,170000,
45,d240,240,180000,
45,d240,240,190000,
45,d240,240,200000,0.0
45,d240,240,210000,
45,d240,240,220000,
45,d240,240,230000,
45,d240,240,240000,
45,d240,240,250000,
45,d240,240,260000,
45,d240,240,270000,
45,d240,240,280000,
45,d240,240,290000,
45,d240,240,300000,0.00039999998989515007
45,d240,240,310000,
45,d240,240,320000,
45,d240,240,330000,
45,d240,240,340000,
45,d240,240,350000,
45,d240,240,360000,
45,d240,240,370000,
45,d240,240,380000,
45,d240,240,390000,
45,d240,240,400000,0.001500000013038516
45,d240,240,410000,
45,d240,240,420000,
45,d240,240,430000,
45,d240,240,440000,
45,d240,240,450000,
45,d240,240,460000,
45,d240,240,470000,
45,d240,240,480000,
45,d240,240,490000,
45,d240,240,500000,0.003800000064074993
45,d240,240,510000,
45,d240,240,520000,
45,d240,240,530000,
45,d240,240,540000,
45,d240,240,550000,
45,d240,240,560000,
45,d240,240,570000,
45,d240,240,580000,
45,d240,240,590000,
45,d240,240,600000,0.006300000008195639
45,d240,240,610000,
45,d240,240,620000,
45,d240,240,630000,
45,d240,240,640000,
45,d240,240,650000,
45,d240,240,660000,
45,d240,240,670000,
45,d240,240,680000,
45,d240,240,690000,
45,d240,240,700000,0.011500000022351742
45,d240,240,710000,
45,d240,240,720000,
45,d240,240,730000,
45,d240,240,740000,
45,d240,240,750000,
45,d240,240,760000,
45,d240,240,770000,
45,d240,240,780000,
45,d240,240,790000,
45,d240,240,800000,0.014100000262260437
45,d240,240,810000,
45,d240,240,820000,
45,d240,240,830000,
45,d240,240,840000,
45,d240,240,850000,
45,d240,240,860000,
45,d240,240,870000,
45,d240,240,880000,
45,d240,240,890000,
45,d240,240,900000,0.01860000006854534
45,d240,240,910000,
45,d240,240,920000,
45,d240,240,930000,
45,d240,240,940000,
45,d240,240,950000,
45,d240,240,960000,
45,d240,240,970000,
45,d240,240,980000,
45,d240,240,990000,
45,d240,240,1000000,0.027400000020861626
45,d240,240,1010000,
45,d240,240,1020000,
45,d240,240,1030000,
45,d240,240,1040000,
45,d240,240,1050000,
45,d240,240,1060000,
45,d240,240,1070000,
45,d240,240,1080000,
45,d240,240,1090000,
45,d240,240,1100000,0.025499999523162842
45,d240,240,1110000,
45,d240,240,1120000,
45,d240,240,1130000,
45,d240,240,1140000,
45,d240,240,1150000,
45,d240,240,1160000,
45,d240,240,1170000,
45,d240,240,1180000,
45,d240,240,1190000,
45,d240,240,1200000,0.03460000082850456
45,d240,240,1210000,
45,d240,240,1220000,
45,d240,240,1230000,
45,d240,240,1240000,
45,d240,240,1250000,
45,d240,240,1260000,
45,d240,240,1270000,
45,d240,240,1280000,
45,d240,240,1290000,
45,d240,240,1300000,0.03840000182390213
45,d240,240,1310000,
45,d240,240,1320000,
45,d240,240,1330000,
45,d240,240,1340000,
45,d240,240,1350000,
45,d240,240,1360000,
45,d240,240,1370000,
45,d240,240,1380000,
45,d240,240,1390000,
45,d240,240,1400000,0.04259999841451645
45,d240,240,1410000,
45,d240,240,1420000,
45,d240,240,1430000,
45,d240,240,1440000,
45,d240,240,1450000,
45,d240,240,1460000,
45,d240,240,1470000,
45,d240,240,1480000,
45,d240,240,1490000,
45,d240,240,1500000,0.053300000727176666
45,d240,240,1510000,
45,d240,240,1520000,
45,d240,240,1530000,
45,d240,240,1540000,
45,d240,240,1550000,
45,d240,240,1560000,
45,d240,240,1570000,
45,d240,240,1580000,
45,d240,240,1590000,
45,d240,240,1600000,0.06210000067949295
45,d240,240,1610000,
45,d240,240,1620000,
45,d240,240,1630000,
45,d240,240,1640000,
45,d240,240,1650000,
45,d240,240,1660000,
45,d240,240,1670000,
45,d240,240,1680000,
45,d240,240,1690000,
45,d240,240,1700000,0.06040000170469284
45,d240,240,1710000,
45,d240,240,1720000,
45,d240,240,1730000,
45,d240,240,1740000,
45,d240,240,1750000,
45,d240,240,1760000,
45,d240,240,1770000,
45,d240,240,1780000,
45,d240,240,1790000,
45,d240,240,1800000,0.06350000202655792
45,d240,240,1810000,
45,d240,240,1820000,
45,d240,240,1830000,
45,d240,240,1840000,
45,d240,240,1850000,
45,d240,240,1860000,
45,d240,240,1870000,
45,d240,240,1880000,
45,d240,240,1890000,
45,d240,240,1900000,0.06769999861717224
45,d240,240,1910000,
45,d240,240,1920000,
45,d240,240,1930000,
45,d240,240,1940000,
45,d240,240,1950000,
45,d240,240,1960000,
45,d240,240,1970000,
45,d240,240,1980000,
45,d240,240,1990000,
45,d240,240,2000000,0.07079999893903732
45,d240,240,2010000,
45,d240,240,2020000,
45,d240,240,2030000,
45,d240,240,2040000,
45,d240,240,2050000,
45,d240,240,2060000,
45,d240,240,2070000,
45,d240,240,2080000,
45,d240,240,2090000,
45,d240,240,2100000,0.07999999821186066
45,d240,240,2110000,
45,d240,240,2120000,
45,d240,240,2130000,
45,d240,240,2140000,
45,d240,240,2150000,
45,d240,240,2160000,
45,d240,240,2170000,
45,d240,240,2180000,
45,d240,240,2190000,
45,d240,240,2200000,0.08399999886751175
45,d240,240,2210000,
45,d240,240,2220000,
45,d240,240,2230000,
45,d240,240,2240000,
45,d240,240,2250000,
45,d240,240,2260000,
45,d240,240,2270000,
45,d240,240,2280000,
45,d240,240,2290000,
45,d240,240,2300000,0.08380000293254852
45,d240,240,2310000,
45,d240,240,2320000,
45,d240,240,2330000,
45,d240,240,2340000,
45,d240,240,2350000,
45,d240,240,2360000,
45,d240,240,2370000,
45,d240,240,2380000,
45,d240,240,2390000,
45,d240,240,2400000,0.09740000218153
45,d240,240,2410000,
45,d240,240,2420000,
45,d240,240,2430000,
45,d240,240,2440000,
45,d240,240,2450000,
45,d240,240,2460000,
45,d240,240,2470000,
45,d240,240,2480000,
45,d240,240,2490000,
45,d240,240,2500000,0.10209999978542328
45,d240,240,2510000,
45,d240,240,2520000,
45,d240,240,2530000,
45,d240,240,2540000,
45,d240,240,2550000,
45,d240,240,2560000,
45,d240,240,2570000,
45,d240,240,2580000,
45,d240,240,2590000,
45,d240,240,2600000,0.09950000047683716
45,d240,240,2610000,
45,d240,240,2620000,
45,d240,240,2630000,
45,d240,240,2640000,
45,d240,240,2650000,
45,d240,240,2660000,
45,d240,240,2670000,
45,d240,240,2680000,
45,d240,240,2690000,
45,d240,240,2700000,0.10050000250339508
45,d240,240,2710000,
45,d240,240,2720000,
45,d240,240,2730000,
45,d240,240,2740000,
45,d240,240,2750000,
45,d240,240,2760000,
45,d240,240,2770000,
45,d240,240,2780000,
45,d240,240,2790000,
45,d240,240,2800000,0.11190000176429749
45,d240,240,2810000,
45,d240,240,2820000,
45,d240,240,2830000,
45,d240,240,2840000,
45,d240,240,2850000,
45,d240,240,2860000,
45,d240,240,2870000,
45,d240,240,2880000,
45,d240,240,2890000,
45,d240,240,2900000,0.11400000005960464
45,d240,240,2910000,
45,d240,240,2920000,
45,d240,240,2930000,
45,d240,240,2940000,
45,d240,240,2950000,
45,d240,240,2960000,
45,d240,240,2970000,
45,d240,240,2980000,
45,d240,240,2990000,
45,d240,240,3000000,0.12359999865293503
45,d240,240,3010000,
45,d240,240,3020000,
45,d240,240,3030000,
45,d240,240,3040000,
45,d240,240,3050000,
45,d240,240,3060000,
45,d240,240,3070000,
45,d240,240,3080000,
45,d240,240,3090000,
45,d240,240,3100000,0.12290000170469284
45,d240,240,3110000,
45,d240,240,3120000,
45,d240,240,3130000,
45,d240,240,3140000,
45,d240,240,3150000,
45,d240,240,3160000,
45,d240,240,3170000,
45,d240,240,3180000,
45,d240,240,3190000,
45,d240,240,3200000,0.11800000071525574
45,d240,240,3210000,
45,d240,240,3220000,
45,d240,240,3230000,
45,d240,240,3240000,
45,d240,240,3250000,
45,d240,240,3260000,
45,d240,240,3270000,
45,d240,240,3280000,
45,d240,240,3290000,
45,d240,240,3300000,0.12610000371932983
45,d240,240,3310000,
45,d240,240,3320000,
45,d240,240,3330000,
45,d240,240,3340000,
45,d240,240,3350000,
45,d240,240,3360000,
45,d240,240,3370000,
45,d240,240,3380000,
45,d240,240,3390000,
45,d240,240,3400000,0.12759999930858612
45,d240,240,3410000,
45,d240,240,3420000,
45,d240,240,3430000,
45,d240,240,3440000,
45,d240,240,3450000,
45,d240,240,3460000,
45,d240,240,3470000,
45,d240,240,3480000,
45,d240,240,3490000,
45,d240,240,3500000,0.13349999487400055
45,d240,240,3510000,
45,d240,240,3520000,
45,d240,240,3530000,
45,d240,240,3540000,
45,d240,240,3550000,
45,d240,240,3560000,
45,d240,240,3570000,
45,d240,240,3580000,
45,d240,240,3590000,
45,d240,240,3600000,0.13269999623298645
45,d240,240,3610000,
45,d240,240,3620000,
45,d240,240,3630000,
45,d240,240,3640000,
45,d240,240,3650000,
45,d240,240,3660000,
45,d240,240,3670000,
45,d240,240,3680000,
45,d240,240,3690000,
45,d240,240,3700000,0.14480000734329224
45,d240,240,3710000,
45,d240,240,3720000,
45,d240,240,3730000,
45,d240,240,3740000,
45,d240,240,3750000,
45,d240,240,3760000,
45,d240,240,3770000,
45,d240,240,3780000,
45,d240,240,3790000,
45,d240,240,3800000,0.1451999992132187
45,d240,240,3810000,
45,d240,240,3820000,
45,d240,240,3830000,
45,d240,240,3840000,
45,d240,240,3850000,
45,d240,240,3860000,
45,d240,240,3870000,
45,d240,240,3880000,
45,d240,240,3890000,
45,d240,240,3900000,0.14880000054836273
45,d240,240,3910000,
45,d240,240,3920000,
45,d240,240,3930000,
45,d240,240,3940000,
45,d240,240,3950000,
45,d240,240,3960000,
45,d240,240,3970000,
45,d240,240,3980000,
45,d240,240,3990000,
45,d240,240,4000000,0.15700000524520874
45,d240,240,4010000,
45,d240,240,4020000,
45,d240,240,4030000,
45,d240,240,4040000,
45,d240,240,4050000,
45,d240,240,4060000,
45,d240,240,4070000,
45,d240,240,4080000,
45,d240,240,4090000,
45,d240,240,4100000,0.17229999601840973
45,d240,240,4110000,
45,d240,240,4120000,
45,d240,240,4130000,
45,d240,240,4140000,
45,d240,240,4150000,
45,d240,240,4160000,
45,d240,240,4170000,
45,d240,240,4180000,
45,d240,240,4190000,
45,d240,240,4200000,0.15950000286102295
45,d240,240,4210000,
45,d240,240,4220000,
45,d240,240,4230000,
45,d240,240,4240000,
45,d240,240,4250000,
45,d240,240,4260000,
45,d240,240,4270000,
45,d240,240,4280000,
45,d240,240,4290000,
45,d240,240,4300000,0.1632000058889389
45,d240,240,4310000,
45,d240,240,4320000,
45,d240,240,4330000,
45,d240,240,4340000,
45,d240,240,4350000,
45,d240,240,4360000,
45,d240,240,4370000,
45,d240,240,4380000,
45,d240,240,4390000,
45,d240,240,4400000,0.17239999771118164
45,d240,240,4410000,
45,d240,240,4420000,
45,d240,240,4430000,
45,d240,240,4440000,
45,d240,240,4450000,
45,d240,240,4460000,
45,d240,240,4470000,
45,d240,240,4480000,
45,d240,240,4490000,
45,d240,240,4500000,0.1923999935388565
45,d240,240,4510000,
45,d240,240,4520000,
45,d240,240,4530000,
45,d240,240,4540000,
45,d240,240,4550000,
45,d240,240,4560000,
45,d240,240,4570000,
45,d240,240,4580000,
45,d240,240,4590000,
45,d240,240,4600000,0.1655000001192093
45,d240,240,4610000,
45,d240,240,4620000,
45,d240,240,4630000,
45,d240,240,4640000,
45,d240,240,4650000,
45,d240,240,4660000,
45,d240,240,4670000,
45,d240,240,4680000,
45,d240,240,4690000,
45,d240,240,4700000,0.1762000024318695
45,d240,240,4710000,
45,d240,240,4720000,
45,d240,240,4730000,
45,d240,240,4740000,
45,d240,240,4750000,
45,d240,240,4760000,
45,d240,240,4770000,
45,d240,240,4780000,
45,d240,240,4790000,
45,d240,240,4800000,0.18479999899864197
45,d240,240,4810000,
45,d240,240,4820000,
45,d240,240,4830000,
45,d240,240,4840000,
45,d240,240,4850000,
45,d240,240,4860000,
45,d240,240,4870000,
45,d240,240,4880000,
45,d240,240,4890000,
45,d240,240,4900000,0.195700004696846
45,d240,240,4910000,
45,d240,240,4920000,
45,d240,240,4930000,
45,d240,240,4940000,
45,d240,240,4950000,
45,d240,240,4960000,
45,d240,240,4970000,
45,d240,240,4980000,
45,d240,240,4990000,
45,d240,240,5000000,0.18850000202655792
46,d240,240,1,0.0
46,d240,240,10000,
46,d240,240,20000,
46,d240,240,30000,
46,d240,240,40000,
46,d240,240,50000,
46,d240,240,60000,
46,d240,240,70000,
46,d240,240,80000,
46,d240,240,90000,
46,d240,240,100000,0.0
46,d240,240,110000,
46,d240,240,120000,
46,d240,240,130000,
46,d240,240,140000,
46,d240,240,150000,
46,d240,240,160000,
46,d240,240,170000,
46,d240,240,180000,
46,d240,240,190000,
46,d240,240,200000,9.999999747378752e-05
46,d240,240,210000,
46,d240,240,220000,
46,d240,240,230000,
46,d240,240,240000,
46,d240,240,250000,
46,d240,240,260000,
46,d240,240,270000,
46,d240,240,280000,
46,d240,240,290000,
46,d240,240,300000,0.0008999999845400453
46,d240,240,310000,
46,d240,240,320000,
46,d240,240,330000,
46,d240,240,340000,
46,d240,240,350000,
46,d240,240,360000,
46,d240,240,370000,
46,d240,240,380000,
46,d240,240,390000,
46,d240,240,400000,0.0017000000225380063
46,d240,240,410000,
46,d240,240,420000,
46,d240,240,430000,
46,d240,240,440000,
46,d240,240,450000,
46,d240,240,460000,
46,d240,240,470000,
46,d240,240,480000,
46,d240,240,490000,
46,d240,240,500000,0.004399999976158142
46,d240,240,510000,
46,d240,240,520000,
46,d240,240,530000,
46,d240,240,540000,
46,d240,240,550000,
46,d240,240,560000,
46,d240,240,570000,
46,d240,240,580000,
46,d240,240,590000,
46,d240,240,600000,0.007699999958276749
46,d240,240,610000,
46,d240,240,620000,
46,d240,240,630000,
46,d240,240,640000,
46,d240,240,650000,
46,d240,240,660000,
46,d240,240,670000,
46,d240,240,680000,
46,d240,240,690000,
46,d240,240,700000,0.012600000016391277
46,d240,240,710000,
46,d240,240,720000,
46,d240,240,730000,
46,d240,240,740000,
46,d240,240,750000,
46,d240,240,760000,
46,d240,240,770000,
46,d240,240,780000,
46,d240,240,790000,
46,d240,240,800000,0.01679999940097332
46,d240,240,810000,
46,d240,240,820000,
46,d240,240,830000,
46,d240,240,840000,
46,d240,240,850000,
46,d240,240,860000,
46,d240,240,870000,
46,d240,240,880000,
46,d240,240,890000,
46,d240,240,900000,0.02539999969303608
46,d240,240,910000,
46,d240,240,920000,
46,d240,240,930000,
46,d240,240,940000,
46,d240,240,950000,
46,d240,240,960000,
46,d240,240,970000,
46,d240,240,980000,
46,d240,240,990000,
46,d240,240,1000000,0.026499999687075615
46,d240,240,1010000,
46,d240,240,1020000,
46,d240,240,1030000,
46,d240,240,1040000,
46,d240,240,1050000,
46,d240,240,1060000,
46,d240,240,1070000,
46,d240,240,1080000,
46,d240,240,1090000,
46,d240,240,1100000,0.029100000858306885
46,d240,240,1110000,
46,d240,240,1120000,
46,d240,240,1130000,
46,d240,240,1140000,
46,d240,240,1150000,
46,d240,240,1160000,
46,d240,240,1170000,
46,d240,240,1180000,
46,d240,240,1190000,
46,d240,240,1200000,0.03849999979138374
46,d240,240,1210000,
46,d240,240,1220000,
46,d240,240,1230000,
46,d240,240,1240000,
46,d240,240,1250000,
46,d240,240,1260000,
46,d240,240,1270000,
46,d240,240,1280000,
46,d240,240,1290000,
46,d240,240,1300000,0.04309999942779541
46,d240,240,1310000,
46,d240,240,1320000,
46,d240,240,1330000,
46,d240,240,1340000,
46,d240,240,1350000,
46,d240,240,1360000,
46,d240,240,1370000,
46,d240,240,1380000,
46,d240,240,1390000,
46,d240,240,1400000,0.05429999902844429
46,d240,240,1410000,
46,d240,240,1420000,
46,d240,240,1430000,
46,d240,240,1440000,
46,d240,240,1450000,
46,d240,240,1460000,
46,d240,240,1470000,
46,d240,240,1480000,
46,d240,240,1490000,
46,d240,240,1500000,0.05050000175833702
46,d240,240,1510000,
46,d240,240,1520000,
46,d240,240,1530000,
46,d240,240,1540000,
46,d240,240,1550000,
46,d240,240,1560000,
46,d240,240,1570000,
46,d240,240,1580000,
46,d240,240,1590000,
46,d240,240,1600000,0.05139999836683273
46,d240,240,1610000,
46,d240,240,1620000,
46,d240,240,1630000,
46,d240,240,1640000,
46,d240,240,1650000,
46,d240,240,1660000,
46,d240,240,1670000,
46,d240,240,1680000,
46,d240,240,1690000,
46,d240,240,1700000,0.06210000067949295
46,d240,240,1710000,
46,d240,240,1720000,
46,d240,240,1730000,
46,d240,240,1740000,
46,d240,240,1750000,
46,d240,240,1760000,
46,d240,240,1770000,
46,d240,240,1780000,
46,d240,240,1790000,
46,d240,240,1800000,0.06509999930858612
46,d240,240,1810000,
46,d240,240,1820000,
46,d240,240,1830000,
46,d240,240,1840000,
46,d240,240,1850000,
46,d240,240,1860000,
46,d240,240,1870000,
46,d240,240,1880000,
46,d240,240,1890000,
46,d240,240,1900000,0.06289999932050705
46,d240,240,1910000,
46,d240,240,1920000,
46,d240,240,1930000,
46,d240,240,1940000,
46,d240,240,1950000,
46,d240,240,1960000,
46,d240,240,1970000,
46,d240,240,1980000,
46,d240,240,1990000,
46,d240,240,2000000,0.07370000332593918
46,d240,240,2010000,
46,d240,240,2020000,
46,d240,240,2030000,
46,d240,240,2040000,
46,d240,240,2050000,
46,d240,240,2060000,
46,d240,240,2070000,
46,d240,240,2080000,
46,d240,240,2090000,
46,d240,240,2100000,0.07500000298023224
46,d240,240,2110000,
46,d240,240,2120000,
46,d240,240,2130000,
46,d240,240,2140000,
46,d240,240,2150000,
46,d240,240,2160000,
46,d240,240,2170000,
46,d240,240,2180000,
46,d240,240,2190000,
46,d240,240,2200000,0.08500000089406967
46,d240,240,2210000,
46,d240,240,2220000,
46,d240,240,2230000,
46,d240,240,2240000,
46,d240,240,2250000,
46,d240,240,2260000,
46,d240,240,2270000,
46,d240,240,2280000,
46,d240,240,2290000,
46,d240,240,2300000,0.08569999784231186
46,d240,240,2310000,
46,d240,240,2320000,
46,d240,240,2330000,
46,d240,240,2340000,
46,d240,240,2350000,
46,d240,240,2360000,
46,d240,240,2370000,
46,d240,240,2380000,
46,d240,240,2390000,
46,d240,240,2400000,0.09030000120401382
46,d240,240,2410000,
46,d240,240,2420000,
46,d240,240,2430000,
46,d240,240,2440000,
46,d240,240,2450000,
46,d240,240,2460000,
46,d240,240,2470000,
46,d240,240,2480000,
46,d240,240,2490000,
46,d240,240,2500000,0.09870000183582306
46,d240,240,2510000,
46,d240,240,2520000,
46,d240,240,2530000,
46,d240,240,2540000,
46,d240,240,2550000,
46,d240,240,2560000,
46,d240,240,2570000,
46,d240,240,2580000,
46,d240,240,2590000,
46,d240,240,2600000,0.09809999912977219
46,d240,240,2610000,
46,d240,240,2620000,
46,d240,240,2630000,
46,d240,240,2640000,
46,d240,240,2650000,
46,d240,240,2660000,
46,d240,240,2670000,
46,d240,240,2680000,
46,d240,240,2690000,
46,d240,240,2700000,0.09350000321865082
46,d240,240,2710000,
46,d240,240,2720000,
46,d240,240,2730000,
46,d240,240,2740000,
46,d240,240,2750000,
46,d240,240,2760000,
46,d240,240,2770000,
46,d240,240,2780000,
46,d240,240,2790000,
46,d240,240,2800000,0.11079999804496765
46,d240,240,2810000,
46,d240,240,2820000,
46,d240,240,2830000,
46,d240,240,2840000,
46,d240,240,2850000,
46,d240,240,2860000,
46,d240,240,2870000,
46,d240,240,2880000,
46,d240,240,2890000,
46,d240,240,2900000,0.10530000180006027
46,d240,240,2910000,
46,d240,240,2920000,
46,d240,240,2930000,
46,d240,240,2940000,
46,d240,240,2950000,
46,d240,240,2960000,
46,d240,240,2970000,
46,d240,240,2980000,
46,d240,240,2990000,
46,d240,240,3000000,0.1185000017285347
46,d240,240,3010000,
46,d240,240,3020000,
46,d240,240,3030000,
46,d240,240,3040000,
46,d240,240,3050000,
46,d240,240,3060000,
46,d240,240,3070000,
46,d240,240,3080000,
46,d240,240,3090000,
46,d240,240,3100000,0.1103999987244606
46,d240,240,3110000,
46,d240,240,3120000,
46,d240,240,3130000,
46,d240,240,3140000,
46,d240,240,3150000,
46,d240,240,3160000,
46,d240,240,3170000,
46,d240,240,3180000,
46,d240,240,3190000,
46,d240,240,3200000,0.1111999973654747
46,d240,240,3210000,
46,d240,240,3220000,
46,d240,240,3230000,
46,d240,240,3240000,
46,d240,240,3250000,
46,d240,240,3260000,
46,d240,240,3270000,
46,d240,240,3280000,
46,d240,240,3290000,
46,d240,240,3300000,0.12229999899864197
46,d240,240,3310000,
46,d240,240,3320000,
46,d240,240,3330000,
46,d240,240,3340000,
46,d240,240,3350000,
46,d240,240,3360000,
46,d240,240,3370000,
46,d240,240,3380000,
46,d240,240,3390000,
46,d240,240,3400000,0.12020000070333481
46,d240,240,3410000,
46,d240,240,3420000,
46,d240,240,3430000,
46,d240,240,3440000,
46,d240,240,3450000,
46,d240,240,3460000,
46,d240,240,3470000,
46,d240,240,3480000,
46,d240,240,3490000,
46,d240,240,3500000,0.12770000100135803
46,d240,240,3510000,
46,d240,240,3520000,
46,d240,240,3530000,
46,d240,240,3540000,
46,d240,240,3550000,
46,d240,240,3560000,
46,d240,240,3570000,
46,d240,240,3580000,
46,d240,240,3590000,
46,d240,240,3600000,0.13349999487400055
46,d240,240,3610000,
46,d240,240,3620000,
46,d240,240,3630000,
46,d240,240,3640000,
46,d240,240,3650000,
46,d240,240,3660000,
46,d240,240,3670000,
46,d240,240,3680000,
46,d240,240,3690000,
46,d240,240,3700000,0.13590000569820404
46,d240,240,3710000,
46,d240,240,3720000,
46,d240,240,3730000,
46,d240,240,3740000,
46,d240,240,3750000,
46,d240,240,3760000,
46,d240,240,3770000,
46,d240,240,3780000,
46,d240,240,3790000,
46,d240,240,3800000,0.1573999971151352
46,d240,240,3810000,
46,d240,240,3820000,
46,d240,240,3830000,
46,d240,240,3840000,
46,d240,240,3850000,
46,d240,240,3860000,
46,d240,240,3870000,
46,d240,240,3880000,
46,d240,240,3890000,
46,d240,240,3900000,0.1459999978542328
46,d240,240,3910000,
46,d240,240,3920000,
46,d240,240,3930000,
46,d240,240,3940000,
46,d240,240,3950000,
46,d240,240,3960000,
46,d240,240,3970000,
46,d240,240,3980000,
46,d240,240,3990000,
46,d240,240,4000000,0.14740000665187836
46,d240,240,4010000,
46,d240,240,4020000,
46,d240,240,4030000,
46,d240,240,4040000,
46,d240,240,4050000,
46,d240,240,4060000,
46,d240,240,4070000,
46,d240,240,4080000,
46,d240,240,4090000,
46,d240,240,4100000,0.15530000627040863
46,d240,240,4110000,
46,d240,240,4120000,
46,d240,240,4130000,
46,d240,240,4140000,
46,d240,240,4150000,
46,d240,240,4160000,
46,d240,240,4170000,
46,d240,240,4180000,
46,d240,240,4190000,
46,d240,240,4200000,0.14329999685287476
46,d240,240,4210000,
46,d240,240,4220000,
46,d240,240,4230000,
46,d240,240,4240000,
46,d240,240,4250000,
46,d240,240,4260000,
46,d240,240,4270000,
46,d240,240,4280000,
46,d240,240,4290000,
46,d240,240,4300000,0.15860000252723694
46,d240,240,4310000,
46,d240,240,4320000,
46,d240,240,4330000,
46,d240,240,4340000,
46,d240,240,4350000,
46,d240,240,4360000,
46,d240,240,4370000,
46,d240,240,4380000,
46,d240,240,4390000,
46,d240,240,4400000,0.17419999837875366
46,d240,240,4410000,
46,d240,240,4420000,
46,d240,240,4430000,
46,d240,240,4440000,
46,d240,240,4450000,
46,d240,240,4460000,
46,d240,240,4470000,
46,d240,240,4480000,
46,d240,240,4490000,
46,d240,240,4500000,0.17090000212192535
46,d240,240,4510000,
46,d240,240,4520000,
46,d240,240,4530000,
46,d240,240,4540000,
46,d240,240,4550000,
46,d240,240,4560000,
46,d240,240,4570000,
46,d240,240,4580000,
46,d240,240,4590000,
46,d240,240,4600000,0.17949999868869781
46,d240,240,4610000,
46,d240,240,4620000,
46,d240,240,4630000,
46,d240,240,4640000,
46,d240,240,4650000,
46,d240,240,4660000,
46,d240,240,4670000,
46,d240,240,4680000,
46,d240,240,4690000,
46,d240,240,4700000,0.1703999936580658
46,d240,240,4710000,
46,d240,240,4720000,
46,d240,240,4730000,
46,d240,240,4740000,
46,d240,240,4750000,
46,d240,240,4760000,
46,d240,240,4770000,
46,d240,240,4780000,
46,d240,240,4790000,
46,d240,240,4800000,0.16130000352859497
46,d240,240,4810000,
46,d240,240,4820000,
46,d240,240,4830000,
46,d240,240,4840000,
46,d240,240,4850000,
46,d240,240,4860000,
46,d240,240,4870000,
46,d240,240,4880000,
46,d240,240,4890000,
46,d240,240,4900000,0.1860000044107437
46,d240,240,4910000,
46,d240,240,4920000,
46,d240,240,4930000,
46,d240,240,4940000,
46,d240,240,4950000,
46,d240,240,4960000,
46,d240,240,4970000,
46,d240,240,4980000,
46,d240,240,4990000,
46,d240,240,5000000,0.17560000717639923
47,d240,240,1,0.0
47,d240,240,10000,
47,d240,240,20000,
47,d240,240,30000,
47,d240,240,40000,
47,d240,240,50000,
47,d240,240,60000,
47,d240,240,70000,
47,d240,240,80000,
47,d240,240,90000,
47,d240,240,100000,0.0
47,d240,240,110000,
47,d240,240,120000,
47,d240,240,130000,
47,d240,240,140000,
47,d240,240,150000,
47,d240,240,160000,
47,d240,240,170000,
47,d240,240,180000,
47,d240,240,190000,
47,d240,240,200000,9.999999747378752e-05
47,d240,240,210000,
47,d240,240,220000,
47,d240,240,230000,
47,d240,240,240000,
47,d240,240,250000,
47,d240,240,260000,
47,d240,240,270000,
47,d240,240,280000,
47,d240,240,290000,
47,d240,240,300000,0.0007999999797903001
47,d240,240,310000,
47,d240,240,320000,
47,d240,240,330000,
47,d240,240,340000,
47,d240,240,350000,
47,d240,240,360000,
47,d240,240,370000,
47,d240,240,380000,
47,d240,240,390000,
47,d240,240,400000,0.0015999999595806003
47,d240,240,410000,
47,d240,240,420000,
47,d240,240,430000,
47,d240,240,440000,
47,d240,240,450000,
47,d240,240,460000,
47,d240,240,470000,
47,d240,240,480000,
47,d240,240,490000,
47,d240,240,500000,0.005400000140070915
47,d240,240,510000,
47,d240,240,520000,
47,d240,240,530000,
47,d240,240,540000,
47,d240,240,550000,
47,d240,240,560000,
47,d240,240,570000,
47,d240,240,580000,
47,d240,240,590000,
47,d240,240,600000,0.009499999694526196
47,d240,240,610000,
47,d240,240,620000,
47,d240,240,630000,
47,d240,240,640000,
47,d240,240,650000,
47,d240,240,660000,
47,d240,240,670000,
47,d240,240,680000,
47,d240,240,690000,
47,d240,240,700000,0.01119999960064888
47,d240,240,710000,
47,d240,240,720000,
47,d240,240,730000,
47,d240,240,740000,
47,d240,240,750000,
47,d240,240,760000,
47,d240,240,770000,
47,d240,240,780000,
47,d240,240,790000,
47,d240,240,800000,0.01730000041425228
47,d240,240,810000,
47,d240,240,820000,
47,d240,240,830000,
47,d240,240,840000,
47,d240,240,850000,
47,d240,240,860000,
47,d240,240,870000,
47,d240,240,880000,
47,d240,240,890000,
47,d240,240,900000,0.021400000900030136
47,d240,240,910000,
47,d240,240,920000,
47,d240,240,930000,
47,d240,240,940000,
47,d240,240,950000,
47,d240,240,960000,
47,d240,240,970000,
47,d240,240,980000,
47,d240,240,990000,
47,d240,240,1000000,0.02410000003874302
47,d240,240,1010000,
47,d240,240,1020000,
47,d240,240,1030000,
47,d240,240,1040000,
47,d240,240,1050000,
47,d240,240,1060000,
47,d240,240,1070000,
47,d240,240,1080000,
47,d240,240,1090000,
47,d240,240,1100000,0.030500000342726707
47,d240,240,1110000,
47,d240,240,1120000,
47,d240,240,1130000,
47,d240,240,1140000,
47,d240,240,1150000,
47,d240,240,1160000,
47,d240,240,1170000,
47,d240,240,1180000,
47,d240,240,1190000,
47,d240,240,1200000,0.030899999663233757
47,d240,240,1210000,
47,d240,240,1220000,
47,d240,240,1230000,
47,d240,240,1240000,
47,d240,240,1250000,
47,d240,240,1260000,
47,d240,240,1270000,
47,d240,240,1280000,
47,d240,240,1290000,
47,d240,240,1300000,0.037300001829862595
47,d240,240,1310000,
47,d240,240,1320000,
47,d240,240,1330000,
47,d240,240,1340000,
47,d240,240,1350000,
47,d240,240,1360000,
47,d240,240,1370000,
47,d240,240,1380000,
47,d240,240,1390000,
47,d240,240,1400000,0.04450000077486038
47,d240,240,1410000,
47,d240,240,1420000,
47,d240,240,1430000,
47,d240,240,1440000,
47,d240,240,1450000,
47,d240,240,1460000,
47,d240,240,1470000,
47,d240,240,1480000,
47,d240,240,1490000,
47,d240,240,1500000,0.052299998700618744
47,d240,240,1510000,
47,d240,240,1520000,
47,d240,240,1530000,
47,d240,240,1540000,
47,d240,240,1550000,
47,d240,240,1560000,
47,d240,240,1570000,
47,d240,240,1580000,
47,d240,240,1590000,
47,d240,240,1600000,0.05889999866485596
47,d240,240,1610000,
47,d240,240,1620000,
47,d240,240,1630000,
47,d240,240,1640000,
47,d240,240,1650000,
47,d240,240,1660000,
47,d240,240,1670000,
47,d240,240,1680000,
47,d240,240,1690000,
47,d240,240,1700000,0.0632999986410141
47,d240,240,1710000,
47,d240,240,1720000,
47,d240,240,1730000,
47,d240,240,1740000,
47,d240,240,1750000,
47,d240,240,1760000,
47,d240,240,1770000,
47,d240,240,1780000,
47,d240,240,1790000,
47,d240,240,1800000,0.06509999930858612
47,d240,240,1810000,
47,d240,240,1820000,
47,d240,240,1830000,
47,d240,240,1840000,
47,d240,240,1850000,
47,d240,240,1860000,
47,d240,240,1870000,
47,d240,240,1880000,
47,d240,240,1890000,
47,d240,240,1900000,0.08479999750852585
47,d240,240,1910000,
47,d240,240,1920000,
47,d240,240,1930000,
47,d240,240,1940000,
47,d240,240,1950000,
47,d240,240,1960000,
47,d240,240,1970000,
47,d240,240,1980000,
47,d240,240,1990000,
47,d240,240,2000000,0.07859999686479568
47,d240,240,2010000,
47,d240,240,2020000,
47,d240,240,2030000,
47,d240,240,2040000,
47,d240,240,2050000,
47,d240,240,2060000,
47,d240,240,2070000,
47,d240,240,2080000,
47,d240,240,2090000,
47,d240,240,2100000,0.08079999685287476
47,d240,240,2110000,
47,d240,240,2120000,
47,d240,240,2130000,
47,d240,240,2140000,
47,d240,240,2150000,
47,d240,240,2160000,
47,d240,240,2170000,
47,d240,240,2180000,
47,d240,240,2190000,
47,d240,240,2200000,0.08399999886751175
47,d240,240,2210000,
47,d240,240,2220000,
47,d240,240,2230000,
47,d240,240,2240000,
47,d240,240,2250000,
47,d240,240,2260000,
47,d240,240,2270000,
47,d240,240,2280000,
47,d240,240,2290000,
47,d240,240,2300000,0.09549999982118607
47,d240,240,2310000,
47,d240,240,2320000,
47,d240,240,2330000,
47,d240,240,2340000,
47,d240,240,2350000,
47,d240,240,2360000,
47,d240,240,2370000,
47,d240,240,2380000,
47,d240,240,2390000,
47,d240,240,2400000,0.093299999833107
47,d240,240,2410000,
47,d240,240,2420000,
47,d240,240,2430000,
47,d240,240,2440000,
47,d240,240,2450000,
47,d240,240,2460000,
47,d240,240,2470000,
47,d240,240,2480000,
47,d240,240,2490000,
47,d240,240,2500000,0.09459999948740005
47,d240,240,2510000,
47,d240,240,2520000,
47,d240,240,2530000,
47,d240,240,2540000,
47,d240,240,2550000,
47,d240,240,2560000,
47,d240,240,2570000,
47,d240,240,2580000,
47,d240,240,2590000,
47,d240,240,2600000,0.0997999981045723
47,d240,240,2610000,
47,d240,240,2620000,
47,d240,240,2630000,
47,d240,240,2640000,
47,d240,240,2650000,
47,d240,240,2660000,
47,d240,240,2670000,
47,d240,240,2680000,
47,d240,240,2690000,
47,d240,240,2700000,0.10639999806880951
47,d240,240,2710000,
47,d240,240,2720000,
47,d240,240,2730000,
47,d240,240,2740000,
47,d240,240,2750000,
47,d240,240,2760000,
47,d240,240,2770000,
47,d240,240,2780000,
47,d240,240,2790000,
47,d240,240,2800000,0.10189999639987946
47,d240,240,2810000,
47,d240,240,2820000,
47,d240,240,2830000,
47,d240,240,2840000,
47,d240,240,2850000,
47,d240,240,2860000,
47,d240,240,2870000,
47,d240,240,2880000,
47,d240,240,2890000,
47,d240,240,2900000,0.10989999771118164
47,d240,240,2910000,
47,d240,240,2920000,
47,d240,240,2930000,
47,d240,240,2940000,
47,d240,240,2950000,
47,d240,240,2960000,
47,d240,240,2970000,
47,d240,240,2980000,
47,d240,240,2990000,
47,d240,240,3000000,0.11389999836683273
47,d240,240,3010000,
47,d240,240,3020000,
47,d240,240,3030000,
47,d240,240,3040000,
47,d240,240,3050000,
47,d240,240,3060000,
47,d240,240,3070000,
47,d240,240,3080000,
47,d240,240,3090000,
47,d240,240,3100000,0.12269999831914902
47,d240,240,3110000,
47,d240,240,3120000,
47,d240,240,3130000,
47,d240,240,3140000,
47,d240,240,3150000,
47,d240,240,3160000,
47,d240,240,3170000,
47,d240,240,3180000,
47,d240,240,3190000,
47,d240,240,3200000,0.12950000166893005
47,d240,240,3210000,
47,d240,240,3220000,
47,d240,240,3230000,
47,d240,240,3240000,
47,d240,240,3250000,
47,d240,240,3260000,
47,d240,240,3270000,
47,d240,240,3280000,
47,d240,240,3290000,
47,d240,240,3300000,0.13429999351501465
47,d240,240,3310000,
47,d240,240,3320000,
47,d240,240,3330000,
47,d240,240,3340000,
47,d240,240,3350000,
47,d240,240,3360000,
47,d240,240,3370000,
47,d240,240,3380000,
47,d240,240,3390000,
47,d240,240,3400000,0.12970000505447388
47,d240,240,3410000,
47,d240,240,3420000,
47,d240,240,3430000,
47,d240,240,3440000,
47,d240,240,3450000,
47,d240,240,3460000,
47,d240,240,3470000,
47,d240,240,3480000,
47,d240,240,3490000,
47,d240,240,3500000,0.1266999989748001
47,d240,240,3510000,
47,d240,240,3520000,
47,d240,240,3530000,
47,d240,240,3540000,
47,d240,240,3550000,
47,d240,240,3560000,
47,d240,240,3570000,
47,d240,240,3580000,
47,d240,240,3590000,
47,d240,240,3600000,0.13369999825954437
47,d240,240,3610000,
47,d240,240,3620000,
47,d240,240,3630000,
47,d240,240,3640000,
47,d240,240,3650000,
47,d240,240,3660000,
47,d240,240,3670000,
47,d240,240,3680000,
47,d240,240,3690000,
47,d240,240,3700000,0.13619999587535858
47,d240,240,3710000,
47,d240,240,3720000,
47,d240,240,3730000,
47,d240,240,3740000,
47,d240,240,3750000,
47,d240,240,3760000,
47,d240,240,3770000,
47,d240,240,3780000,
47,d240,240,3790000,
47,d240,240,3800000,0.15199999511241913
47,d240,240,3810000,
47,d240,240,3820000,
47,d240,240,3830000,
47,d240,240,3840000,
47,d240,240,3850000,
47,d240,240,3860000,
47,d240,240,3870000,
47,d240,240,3880000,
47,d240,240,3890000,
47,d240,240,3900000,0.16220000386238098
47,d240,240,3910000,
47,d240,240,3920000,
47,d240,240,3930000,
47,d240,240,3940000,
47,d240,240,3950000,
47,d240,240,3960000,
47,d240,240,3970000,
47,d240,240,3980000,
47,d240,240,3990000,
47,d240,240,4000000,0.1607999950647354
47,d240,240,4010000,
47,d240,240,4020000,
47,d240,240,4030000,
47,d240,240,4040000,
47,d240,240,4050000,
47,d240,240,4060000,
47,d240,240,4070000,
47,d240,240,4080000,
47,d240,240,4090000,
47,d240,240,4100000,0.188400000333786
47,d240,240,4110000,
47,d240,240,4120000,
47,d240,240,4130000,
47,d240,240,4140000,
47,d240,240,4150000,
47,d240,240,4160000,
47,d240,240,4170000,
47,d240,240,4180000,
47,d240,240,4190000,
47,d240,240,4200000,0.1761000007390976
47,d240,240,4210000,
47,d240,240,4220000,
47,d240,240,4230000,
47,d240,240,4240000,
47,d240,240,4250000,
47,d240,240,4260000,
47,d240,240,4270000,
47,d240,240,4280000,
47,d240,240,4290000,
47,d240,240,4300000,0.17270000278949738
47,d240,240,4310000,
47,d240,240,4320000,
47,d240,240,4330000,
47,d240,240,4340000,
47,d240,240,4350000,
47,d240,240,4360000,
47,d240,240,4370000,
47,d240,240,4380000,
47,d240,240,4390000,
47,d240,240,4400000,0.17810000479221344
47,d240,240,4410000,
47,d240,240,4420000,
47,d240,240,4430000,
47,d240,240,4440000,
47,d240,240,4450000,
47,d240,240,4460000,
47,d240,240,4470000,
47,d240,240,4480000,
47,d240,240,4490000,
47,d240,240,4500000,0.18880000710487366
47,d240,240,4510000,
47,d240,240,4520000,
47,d240,240,4530000,
47,d240,240,4540000,
47,d240,240,4550000,
47,d240,240,4560000,
47,d240,240,4570000,
47,d240,240,4580000,
47,d240,240,4590000,
47,d240,240,4600000,0.1882999986410141
47,d240,240,4610000,
47,d240,240,4620000,
47,d240,240,4630000,
47,d240,240,4640000,
47,d240,240,4650000,
47,d240,240,4660000,
47,d240,240,4670000,
47,d240,240,4680000,
47,d240,240,4690000,
47,d240,240,4700000,0.20309999585151672
47,d240,240,4710000,
47,d240,240,4720000,
47,d240,240,4730000,
47,d240,240,4740000,
47,d240,240,4750000,
47,d240,240,4760000,
47,d240,240,4770000,
47,d240,240,4780000,
47,d240,240,4790000,
47,d240,240,4800000,0.1808999925851822
47,d240,240,4810000,
47,d240,240,4820000,
47,d240,240,4830000,
47,d240,240,4840000,
47,d240,240,4850000,
47,d240,240,4860000,
47,d240,240,4870000,
47,d240,240,4880000,
47,d240,240,4890000,
47,d240,240,4900000,0.18950000405311584
47,d240,240,4910000,
47,d240,240,4920000,
47,d240,240,4930000,
47,d240,240,4940000,
47,d240,240,4950000,
47,d240,240,4960000,
47,d240,240,4970000,
47,d240,240,4980000,
47,d240,240,4990000,
47,d240,240,5000000,0.18569999933242798
43,d260,260,1,0.0
43,d260,260,10000,
43,d260,260,20000,
43,d260,260,30000,
43,d260,260,40000,
43,d260,260,50000,
43,d260,260,60000,
43,d260,260,70000,
43,d260,260,80000,
43,d260,260,90000,
43,d260,260,100000,0.0
43,d260,260,110000,
43,d260,260,120000,
43,d260,260,130000,
43,d260,260,140000,
43,d260,260,150000,
43,d260,260,160000,
43,d260,260,170000,
43,d260,260,180000,
43,d260,260,190000,
43,d260,260,200000,9.999999747378752e-05
43,d260,260,210000,
43,d260,260,220000,
43,d260,260,230000,
43,d260,260,240000,
43,d260,260,250000,
43,d260,260,260000,
43,d260,260,270000,
43,d260,260,280000,
43,d260,260,290000,
43,d260,260,300000,0.00039999998989515007
43,d260,260,310000,
43,d260,260,320000,
43,d260,260,330000,
43,d260,260,340000,
43,d260,260,350000,
43,d260,260,360000,
43,d260,260,370000,
43,d260,260,380000,
43,d260,260,390000,
43,d260,260,400000,0.002199999988079071
43,d260,260,410000,
43,d260,260,420000,
43,d260,260,430000,
43,d260,260,440000,
43,d260,260,450000,
43,d260,260,460000,
43,d260,260,470000,
43,d260,260,480000,
43,d260,260,490000,
43,d260,260,500000,0.005100000184029341
43,d260,260,510000,
43,d260,260,520000,
43,d260,260,530000,
43,d260,260,540000,
43,d260,260,550000,
43,d260,260,560000,
43,d260,260,570000,
43,d260,260,580000,
43,d260,260,590000,
43,d260,260,600000,0.006800000090152025
43,d260,260,610000,
43,d260,260,620000,
43,d260,260,630000,
43,d260,260,640000,
43,d260,260,650000,
43,d260,260,660000,
43,d260,260,670000,
43,d260,260,680000,
43,d260,260,690000,
43,d260,260,700000,0.00860000029206276
43,d260,260,710000,
43,d260,260,720000,
43,d260,260,730000,
43,d260,260,740000,
43,d260,260,750000,
43,d260,260,760000,
43,d260,260,770000,
43,d260,260,780000,
43,d260,260,790000,
43,d260,260,800000,0.012600000016391277
43,d260,260,810000,
43,d260,260,820000,
43,d260,260,830000,
43,d260,260,840000,
43,d260,260,850000,
43,d260,260,860000,
43,d260,260,870000,
43,d260,260,880000,
43,d260,260,890000,
43,d260,260,900000,0.017400000244379044
43,d260,260,910000,
43,d260,260,920000,
43,d260,260,930000,
43,d260,260,940000,
43,d260,260,950000,
43,d260,260,960000,
43,d260,260,970000,
43,d260,260,980000,
43,d260,260,990000,
43,d260,260,1000000,0.021299999207258224
43,d260,260,1010000,
43,d260,260,1020000,
43,d260,260,1030000,
43,d260,260,1040000,
43,d260,260,1050000,
43,d260,260,1060000,
43,d260,260,1070000,
43,d260,260,1080000,
43,d260,260,1090000,
43,d260,260,1100000,0.025599999353289604
43,d260,260,1110000,
43,d260,260,1120000,
43,d260,260,1130000,
43,d260,260,1140000,
43,d260,260,1150000,
43,d260,260,1160000,
43,d260,260,1170000,
43,d260,260,1180000,
43,d260,260,1190000,
43,d260,260,1200000,0.027699999511241913
43,d260,260,1210000,
43,d260,260,1220000,
43,d260,260,1230000,
43,d260,260,1240000,
43,d260,260,1250000,
43,d260,260,1260000,
43,d260,260,1270000,
43,d260,260,1280000,
43,d260,260,1290000,
43,d260,260,1300000,0.025100000202655792
43,d260,260,1310000,
43,d260,260,1320000,
43,d260,260,1330000,
43,d260,260,1340000,
43,d260,260,1350000,
43,d260,260,1360000,
43,d260,260,1370000,
43,d260,260,1380000,
43,d260,260,1390000,
43,d260,260,1400000,0.03359999880194664
43,d260,260,1410000,
43,d260,260,1420000,
43,d260,260,1430000,
43,d260,260,1440000,
43,d260,260,1450000,
43,d260,260,1460000,
43,d260,260,1470000,
43,d260,260,1480000,
43,d260,260,1490000,
43,d260,260,1500000,0.03350000083446503
43,d260,260,1510000,
43,d260,260,1520000,
43,d260,260,1530000,
43,d260,260,1540000,
43,d260,260,1550000,
43,d260,260,1560000,
43,d260,260,1570000,
43,d260,260,1580000,
43,d260,260,1590000,
43,d260,260,1600000,0.037300001829862595
43,d260,260,1610000,
43,d260,260,1620000,
43,d260,260,1630000,
43,d260,260,1640000,
43,d260,260,1650000,
43,d260,260,1660000,
43,d260,260,1670000,
43,d260,260,1680000,
43,d260,260,1690000,
43,d260,260,1700000,0.042899999767541885
43,d260,260,1710000,
43,d260,260,1720000,
43,d260,260,1730000,
43,d260,260,1740000,
43,d260,260,1750000,
43,d260,260,1760000,
43,d260,260,1770000,
43,d260,260,1780000,
43,d260,260,1790000,
43,d260,260,1800000,0.04729999974370003
43,d260,260,1810000,
43,d260,260,1820000,
43,d260,260,1830000,
43,d260,260,1840000,
43,d260,260,1850000,
43,d260,260,1860000,
43,d260,260,1870000,
43,d260,260,1880000,
43,d260,260,1890000,
43,d260,260,1900000,0.045499999076128006
43,d260,260,1910000,
43,d260,260,1920000,
43,d260,260,1930000,
43,d260,260,1940000,
43,d260,260,1950000,
43,d260,260,1960000,
43,d260,260,1970000,
43,d260,260,1980000,
43,d260,260,1990000,
43,d260,260,2000000,0.04859999939799309
43,d260,260,2010000,
43,d260,260,2020000,
43,d260,260,2030000,
43,d260,260,2040000,
43,d260,260,2050000,
43,d260,260,2060000,
43,d260,260,2070000,
43,d260,260,2080000,
43,d260,260,2090000,
43,d260,260,2100000,0.0560000017285347
43,d260,260,2110000,
43,d260,260,2120000,
43,d260,260,2130000,
43,d260,260,2140000,
43,d260,260,2150000,
43,d260,260,2160000,
43,d260,260,2170000,
43,d260,260,2180000,
43,d260,260,2190000,
43,d260,260,2200000,0.06019999831914902
43,d260,260,2210000,
43,d260,260,2220000,
43,d260,260,2230000,
43,d260,260,2240000,
43,d260,260,2250000,
43,d260,260,2260000,
43,d260,260,2270000,
43,d260,260,2280000,
43,d260,260,2290000,
43,d260,260,2300000,0.06040000170469284
43,d260,260,2310000,
43,d260,260,2320000,
43,d260,260,2330000,
43,d260,260,2340000,
43,d260,260,2350000,
43,d260,260,2360000,
43,d260,260,2370000,
43,d260,260,2380000,
43,d260,260,2390000,
43,d260,260,2400000,0.059700001031160355
43,d260,260,2410000,
43,d260,260,2420000,
43,d260,260,2430000,
43,d260,260,2440000,
43,d260,260,2450000,
43,d260,260,2460000,
43,d260,260,2470000,
43,d260,260,2480000,
43,d260,260,2490000,
43,d260,260,2500000,0.06530000269412994
43,d260,260,2510000,
43,d260,260,2520000,
43,d260,260,2530000,
43,d260,260,2540000,
43,d260,260,2550000,
43,d260,260,2560000,
43,d260,260,2570000,
43,d260,260,2580000,
43,d260,260,2590000,
43,d260,260,2600000,0.0754999965429306
43,d260,260,2610000,
43,d260,260,2620000,
43,d260,260,2630000,
43,d260,260,2640000,
43,d260,260,2650000,
43,d260,260,2660000,
43,d260,260,2670000,
43,d260,260,2680000,
43,d260,260,2690000,
43,d260,260,2700000,0.07919999957084656
43,d260,260,2710000,
43,d260,260,2720000,
43,d260,260,2730000,
43,d260,260,2740000,
43,d260,260,2750000,
43,d260,260,2760000,
43,d260,260,2770000,
43,d260,260,2780000,
43,d260,260,2790000,
43,d260,260,2800000,0.0786999985575676
43,d260,260,2810000,
43,d260,260,2820000,
43,d260,260,2830000,
43,d260,260,2840000,
43,d260,260,2850000,
43,d260,260,2860000,
43,d260,260,2870000,
43,d260,260,2880000,
43,d260,260,2890000,
43,d260,260,2900000,0.07859999686479568
43,d260,260,2910000,
43,d260,260,2920000,
43,d260,260,2930000,
43,d260,260,2940000,
43,d260,260,2950000,
43,d260,260,2960000,
43,d260,260,2970000,
43,d260,260,2980000,
43,d260,260,2990000,
43,d260,260,3000000,0.08640000224113464
43,d260,260,3010000,
43,d260,260,3020000,
43,d260,260,3030000,
43,d260,260,3040000,
43,d260,260,3050000,
43,d260,260,3060000,
43,d260,260,3070000,
43,d260,260,3080000,
43,d260,260,3090000,
43,d260,260,3100000,0.08709999918937683
43,d260,260,3110000,
43,d260,260,3120000,
43,d260,260,3130000,
43,d260,260,3140000,
43,d260,260,3150000,
43,d260,260,3160000,
43,d260,260,3170000,
43,d260,260,3180000,
43,d260,260,3190000,
43,d260,260,3200000,0.09160000085830688
43,d260,260,3210000,
43,d260,260,3220000,
43,d260,260,3230000,
43,d260,260,3240000,
43,d260,260,3250000,
43,d260,260,3260000,
43,d260,260,3270000,
43,d260,260,3280000,
43,d260,260,3290000,
43,d260,260,3300000,0.08699999749660492
43,d260,260,3310000,
43,d260,260,3320000,
43,d260,260,3330000,
43,d260,260,3340000,
43,d260,260,3350000,
43,d260,260,3360000,
43,d260,260,3370000,
43,d260,260,3380000,
43,d260,260,3390000,
43,d260,260,3400000,0.08160000294446945
43,d260,260,3410000,
43,d260,260,3420000,
43,d260,260,3430000,
43,d260,260,3440000,
43,d260,260,3450000,
43,d260,260,3460000,
43,d260,260,3470000,
43,d260,260,3480000,
43,d260,260,3490000,
43,d260,260,3500000,0.08619999885559082
43,d260,260,3510000,
43,d260,260,3520000,
43,d260,260,3530000,
43,d260,260,3540000,
43,d260,260,3550000,
43,d260,260,3560000,
43,d260,260,3570000,
43,d260,260,3580000,
43,d260,260,3590000,
43,d260,260,3600000,0.1014999970793724
43,d260,260,3610000,
43,d260,260,3620000,
43,d260,260,3630000,
43,d260,260,3640000,
43,d260,260,3650000,
43,d260,260,3660000,
43,d260,260,3670000,
43,d260,260,3680000,
43,d260,260,3690000,
43,d260,260,3700000,0.09679999947547913
43,d260,260,3710000,
43,d260,260,3720000,
43,d260,260,3730000,
43,d260,260,3740000,
43,d260,260,3750000,
43,d260,260,3760000,
43,d260,260,3770000,
43,d260,260,3780000,
43,d260,260,3790000,
43,d260,260,3800000,0.11320000141859055
43,d260,260,3810000,
43,d260,260,3820000,
43,d260,260,3830000,
43,d260,260,3840000,
43,d260,260,3850000,
43,d260,260,3860000,
43,d260,260,3870000,
43,d260,260,3880000,
43,d260,260,3890000,
43,d260,260,3900000,0.10329999774694443
43,d260,260,3910000,
43,d260,260,3920000,
43,d260,260,3930000,
43,d260,260,3940000,
43,d260,260,3950000,
43,d260,260,3960000,
43,d260,260,3970000,
43,d260,260,3980000,
43,d260,260,3990000,
43,d260,260,4000000,0.11150000244379044
43,d260,260,4010000,
43,d260,260,4020000,
43,d260,260,4030000,
43,d260,260,4040000,
43,d260,260,4050000,
43,d260,260,4060000,
43,d260,260,4070000,
43,d260,260,4080000,
43,d260,260,4090000,
43,d260,260,4100000,0.11599999666213989
43,d260,260,4110000,
43,d260,260,4120000,
43,d260,260,4130000,
43,d260,260,4140000,
43,d260,260,4150000,
43,d260,260,4160000,
43,d260,260,4170000,
43,d260,260,4180000,
43,d260,260,4190000,
43,d260,260,4200000,0.1306000053882599
43,d260,260,4210000,
43,d260,260,4220000,
43,d260,260,4230000,
43,d260,260,4240000,
43,d260,260,4250000,
43,d260,260,4260000,
43,d260,260,4270000,
43,d260,260,4280000,
43,d260,260,4290000,
43,d260,260,4300000,0.10400000214576721
43,d260,260,4310000,
43,d260,260,4320000,
43,d260,260,4330000,
43,d260,260,4340000,
43,d260,260,4350000,
43,d260,260,4360000,
43,d260,260,4370000,
43,d260,260,4380000,
43,d260,260,4390000,
43,d260,260,4400000,0.12489999830722809
43,d260,260,4410000,
43,d260,260,4420000,
43,d260,260,4430000,
43,d260,260,4440000,
43,d260,260,4450000,
43,d260,260,4460000,
43,d260,260,4470000,
43,d260,260,4480000,
43,d260,260,4490000,
43,d260,260,4500000,0.1324000060558319
43,d260,260,4510000,
43,d260,260,4520000,
43,d260,260,4530000,
43,d260,260,4540000,
43,d260,260,4550000,
43,d260,260,4560000,
43,d260,260,4570000,
43,d260,260,4580000,
43,d260,260,4590000,
43,d260,260,4600000,0.13459999859333038
43,d260,260,4610000,
43,d260,260,4620000,
43,d260,260,4630000,
43,d260,260,4640000,
43,d260,260,4650000,
43,d260,260,4660000,
43,d260,260,4670000,
43,d260,260,4680000,
43,d260,260,4690000,
43,d260,260,4700000,0.1251000016927719
43,d260,260,4710000,
43,d260,260,4720000,
43,d260,260,4730000,
43,d260,260,4740000,
43,d260,260,4750000,
43,d260,260,4760000,
43,d260,260,4770000,
43,d260,260,4780000,
43,d260,260,4790000,
43,d260,260,4800000,0.1264999955892563
43,d260,260,4810000,
43,d260,260,4820000,
43,d260,260,4830000,
43,d260,260,4840000,
43,d260,260,4850000,
43,d260,260,4860000,
43,d260,260,4870000,
43,d260,260,4880000,
43,d260,260,4890000,
43,d260,260,4900000,0.14659999310970306
43,d260,260,4910000,
43,d260,260,4920000,
43,d260,260,4930000,
43,d260,260,4940000,
43,d260,260,4950000,
43,d260,260,4960000,
43,d260,260,4970000,
43,d260,260,4980000,
43,d260,260,4990000,
43,d260,260,5000000,0.15139999985694885
47,d260,260,1,0.0
47,d260,260,10000,
47,d260,260,20000,
47,d260,260,30000,
47,d260,260,40000,
47,d260,260,50000,
47,d260,260,60000,
47,d260,260,70000,
47,d260,260,80000,
47,d260,260,90000,
47,d260,260,100000,0.0
47,d260,260,110000,
47,d260,260,120000,
47,d260,260,130000,
47,d260,260,140000,
47,d260,260,150000,
47,d260,260,160000,
47,d260,260,170000,
47,d260,260,180000,
47,d260,260,190000,
47,d260,260,200000,0.0
47,d260,260,210000,
47,d260,260,220000,
47,d260,260,230000,
47,d260,260,240000,
47,d260,260,250000,
47,d260,260,260000,
47,d260,260,270000,
47,d260,260,280000,
47,d260,260,290000,
47,d260,260,300000,0.0
47,d260,260,310000,
47,d260,260,320000,
47,d260,260,330000,
47,d260,260,340000,
47,d260,260,350000,
47,d260,260,360000,
47,d260,260,370000,
47,d260,260,380000,
47,d260,260,390000,
47,d260,260,400000,0.0
47,d260,260,410000,
47,d260,260,420000,
47,d260,260,430000,
47,d260,260,440000,
47,d260,260,450000,
47,d260,260,460000,
47,d260,260,470000,
47,d260,260,480000,
47,d260,260,490000,
47,d260,260,500000,0.0
47,d260,260,510000,
47,d260,260,520000,
47,d260,260,530000,
47,d260,260,540000,
47,d260,260,550000,
47,d260,260,560000,
47,d260,260,570000,
47,d260,260,580000,
47,d260,260,590000,
47,d260,260,600000,0.0
47,d260,260,610000,
47,d260,260,620000,
47,d260,260,630000,
47,d260,260,640000,
47,d260,260,650000,
47,d260,260,660000,
47,d260,260,670000,
47,d260,260,680000,
47,d260,260,690000,
47,d260,260,700000,9.999999747378752e-05
47,d260,260,710000,
47,d260,260,720000,
47,d260,260,730000,
47,d260,260,740000,
47,d260,260,750000,
47,d260,260,760000,
47,d260,260,770000,
47,d260,260,780000,
47,d260,260,790000,
47,d260,260,800000,0.00019999999494757503
47,d260,260,810000,
47,d260,260,820000,
47,d260,260,830000,
47,d260,260,840000,
47,d260,260,850000,
47,d260,260,860000,
47,d260,260,870000,
47,d260,260,880000,
47,d260,260,890000,
47,d260,260,900000,9.999999747378752e-05
47,d260,260,910000,
47,d260,260,920000,
47,d260,260,930000,
47,d260,260,940000,
47,d260,260,950000,
47,d260,260,960000,
47,d260,260,970000,
47,d260,260,980000,
47,d260,260,990000,
47,d260,260,1000000,0.0003000000142492354
47,d260,260,1010000,
47,d260,260,1020000,
47,d260,260,1030000,
47,d260,260,1040000,
47,d260,260,1050000,
47,d260,260,1060000,
47,d260,260,1070000,
47,d260,260,1080000,
47,d260,260,1090000,
47,d260,260,1100000,0.00039999998989515007
47,d260,260,1110000,
47,d260,260,1120000,
47,d260,260,1130000,
47,d260,260,1140000,
47,d260,260,1150000,
47,d260,260,1160000,
47,d260,260,1170000,
47,d260,260,1180000,
47,d260,260,1190000,
47,d260,260,1200000,0.0010000000474974513
47,d260,260,1210000,
47,d260,260,1220000,
47,d260,260,1230000,
47,d260,260,1240000,
47,d260,260,1250000,
47,d260,260,1260000,
47,d260,260,1270000,
47,d260,260,1280000,
47,d260,260,1290000,
47,d260,260,1300000,0.0019000000320374966
47,d260,260,1310000,
47,d260,260,1320000,
47,d260,260,1330000,
47,d260,260,1340000,
47,d260,260,1350000,
47,d260,260,1360000,
47,d260,260,1370000,
47,d260,260,1380000,
47,d260,260,1390000,
47,d260,260,1400000,0.0019000000320374966
47,d260,260,1410000,
47,d260,260,1420000,
47,d260,260,1430000,
47,d260,260,1440000,
47,d260,260,1450000,
47,d260,260,1460000,
47,d260,260,1470000,
47,d260,260,1480000,
47,d260,260,1490000,
47,d260,260,1500000,0.003000000026077032
47,d260,260,1510000,
47,d260,260,1520000,
47,d260,260,1530000,
47,d260,260,1540000,
47,d260,260,1550000,
47,d260,260,1560000,
47,d260,260,1570000,
47,d260,260,1580000,
47,d260,260,1590000,
47,d260,260,1600000,0.004000000189989805
47,d260,260,1610000,
47,d260,260,1620000,
47,d260,260,1630000,
47,d260,260,1640000,
47,d260,260,1650000,
47,d260,260,1660000,
47,d260,260,1670000,
47,d260,260,1680000,
47,d260,260,1690000,
47,d260,260,1700000,0.005400000140070915
47,d260,260,1710000,
47,d260,260,1720000,
47,d260,260,1730000,
47,d260,260,1740000,
47,d260,260,1750000,
47,d260,260,1760000,
47,d260,260,1770000,
47,d260,260,1780000,
47,d260,260,1790000,
47,d260,260,1800000,0.006099999882280827
47,d260,260,1810000,
47,d260,260,1820000,
47,d260,260,1830000,
47,d260,260,1840000,
47,d260,260,1850000,
47,d260,260,1860000,
47,d260,260,1870000,
47,d260,260,1880000,
47,d260,260,1890000,
47,d260,260,1900000,0.006300000008195639
47,d260,260,1910000,
47,d260,260,1920000,
47,d260,260,1930000,
47,d260,260,1940000,
47,d260,260,1950000,
47,d260,260,1960000,
47,d260,260,1970000,
47,d260,260,1980000,
47,d260,260,1990000,
47,d260,260,2000000,0.008700000122189522
47,d260,260,2010000,
47,d260,260,2020000,
47,d260,260,2030000,
47,d260,260,2040000,
47,d260,260,2050000,
47,d260,260,2060000,
47,d260,260,2070000,
47,d260,260,2080000,
47,d260,260,2090000,
47,d260,260,2100000,0.008500000461935997
47,d260,260,2110000,
47,d260,260,2120000,
47,d260,260,2130000,
47,d260,260,2140000,
47,d260,260,2150000,
47,d260,260,2160000,
47,d260,260,2170000,
47,d260,260,2180000,
47,d260,260,2190000,
47,d260,260,2200000,0.009800000116229057
47,d260,260,2210000,
47,d260,260,2220000,
47,d260,260,2230000,
47,d260,260,2240000,
47,d260,260,2250000,
47,d260,260,2260000,
47,d260,260,2270000,
47,d260,260,2280000,
47,d260,260,2290000,
47,d260,260,2300000,0.011800000444054604
47,d260,260,2310000,
47,d260,260,2320000,
47,d260,260,2330000,
47,d260,260,2340000,
47,d260,260,2350000,
47,d260,260,2360000,
47,d260,260,2370000,
47,d260,260,2380000,
47,d260,260,2390000,
47,d260,260,2400000,0.011900000274181366
47,d260,260,2410000,
47,d260,260,2420000,
47,d260,260,2430000,
47,d260,260,2440000,
47,d260,260,2450000,
47,d260,260,2460000,
47,d260,260,2470000,
47,d260,260,2480000,
47,d260,260,2490000,
47,d260,260,2500000,0.01209999993443489
47,d260,260,2510000,
47,d260,260,2520000,
47,d260,260,2530000,
47,d260,260,2540000,
47,d260,260,2550000,
47,d260,260,2560000,
47,d260,260,2570000,
47,d260,260,2580000,
47,d260,260,2590000,
47,d260,260,2600000,0.014499999582767487
47,d260,260,2610000,
47,d260,260,2620000,
47,d260,260,2630000,
47,d260,260,2640000,
47,d260,260,2650000,
47,d260,260,2660000,
47,d260,260,2670000,
47,d260,260,2680000,
47,d260,260,2690000,
47,d260,260,2700000,0.013899999670684338
47,d260,260,2710000,
47,d260,260,2720000,
47,d260,260,2730000,
47,d260,260,2740000,
47,d260,260,2750000,
47,d260,260,2760000,
47,d260,260,2770000,
47,d260,260,2780000,
47,d260,260,2790000,
47,d260,260,2800000,0.016599999740719795
47,d260,260,2810000,
47,d260,260,2820000,
47,d260,260,2830000,
47,d260,260,2840000,
47,d260,260,2850000,
47,d260,260,2860000,
47,d260,260,2870000,
47,d260,260,2880000,
47,d260,260,2890000,
47,d260,260,2900000,0.016699999570846558
47,d260,260,2910000,
47,d260,260,2920000,
47,d260,260,2930000,
47,d260,260,2940000,
47,d260,260,2950000,
47,d260,260,2960000,
47,d260,260,2970000,
47,d260,260,2980000,
47,d260,260,2990000,
47,d260,260,3000000,0.017400000244379044
47,d260,260,3010000,
47,d260,260,3020000,
47,d260,260,3030000,
47,d260,260,3040000,
47,d260,260,3050000,
47,d260,260,3060000,
47,d260,260,3070000,
47,d260,260,3080000,
47,d260,260,3090000,
47,d260,260,3100000,0.01979999989271164
47,d260,260,3110000,
47,d260,260,3120000,
47,d260,260,3130000,
47,d260,260,3140000,
47,d260,260,3150000,
47,d260,260,3160000,
47,d260,260,3170000,
47,d260,260,3180000,
47,d260,260,3190000,
47,d260,260,3200000,0.022099999710917473
47,d260,260,3210000,
47,d260,260,3220000,
47,d260,260,3230000,
47,d260,260,3240000,
47,d260,260,3250000,
47,d260,260,3260000,
47,d260,260,3270000,
47,d260,260,3280000,
47,d260,260,3290000,
47,d260,260,3300000,0.026900000870227814
47,d260,260,3310000,
47,d260,260,3320000,
47,d260,260,3330000,
47,d260,260,3340000,
47,d260,260,3350000,
47,d260,260,3360000,
47,d260,260,3370000,
47,d260,260,3380000,
47,d260,260,3390000,
47,d260,260,3400000,0.0215000007301569
47,d260,260,3410000,
47,d260,260,3420000,
47,d260,260,3430000,
47,d260,260,3440000,
47,d260,260,3450000,
47,d260,260,3460000,
47,d260,260,3470000,
47,d260,260,3480000,
47,d260,260,3490000,
47,d260,260,3500000,0.026000000536441803
47,d260,260,3510000,
47,d260,260,3520000,
47,d260,260,3530000,
47,d260,260,3540000,
47,d260,260,3550000,
47,d260,260,3560000,
47,d260,260,3570000,
47,d260,260,3580000,
47,d260,260,3590000,
47,d260,260,3600000,0.02759999968111515
47,d260,260,3610000,
47,d260,260,3620000,
47,d260,260,3630000,
47,d260,260,3640000,
47,d260,260,3650000,
47,d260,260,3660000,
47,d260,260,3670000,
47,d260,260,3680000,
47,d260,260,3690000,
47,d260,260,3700000,0.03009999915957451
47,d260,260,3710000,
47,d260,260,3720000,
47,d260,260,3730000,
47,d260,260,3740000,
47,d260,260,3750000,
47,d260,260,3760000,
47,d260,260,3770000,
47,d260,260,3780000,
47,d260,260,3790000,
47,d260,260,3800000,0.03460000082850456
47,d260,260,3810000,
47,d260,260,3820000,
47,d260,260,3830000,
47,d260,260,3840000,
47,d260,260,3850000,
47,d260,260,3860000,
47,d260,260,3870000,
47,d260,260,3880000,
47,d260,260,3890000,
47,d260,260,3900000,0.03500000014901161
47,d260,260,3910000,
47,d260,260,3920000,
47,d260,260,3930000,
47,d260,260,3940000,
47,d260,260,3950000,
47,d260,260,3960000,
47,d260,260,3970000,
47,d260,260,3980000,
47,d260,260,3990000,
47,d260,260,4000000,0.03420000150799751
47,d260,260,4010000,
47,d260,260,4020000,
47,d260,260,4030000,
47,d260,260,4040000,
47,d260,260,4050000,
47,d260,260,4060000,
47,d260,260,4070000,
47,d260,260,4080000,
47,d260,260,4090000,
47,d260,260,4100000,0.034299999475479126
47,d260,260,4110000,
47,d260,260,4120000,
47,d260,260,4130000,
47,d260,260,4140000,
47,d260,260,4150000,
47,d260,260,4160000,
47,d260,260,4170000,
47,d260,260,4180000,
47,d260,260,4190000,
47,d260,260,4200000,0.03869999945163727
47,d260,260,4210000,
47,d260,260,4220000,
47,d260,260,4230000,
47,d260,260,4240000,
47,d260,260,4250000,
47,d260,260,4260000,
47,d260,260,4270000,
47,d260,260,4280000,
47,d260,260,4290000,
47,d260,260,4300000,0.040300000458955765
47,d260,260,4310000,
47,d260,260,4320000,
47,d260,260,4330000,
47,d260,260,4340000,
47,d260,260,4350000,
47,d260,260,4360000,
47,d260,260,4370000,
47,d260,260,4380000,
47,d260,260,4390000,
47,d260,260,4400000,0.04569999873638153
47,d260,260,4410000,
47,d260,260,4420000,
47,d260,260,4430000,
47,d260,260,4440000,
47,d260,260,4450000,
47,d260,260,4460000,
47,d260,260,4470000,
47,d260,260,4480000,
47,d260,260,4490000,
47,d260,260,4500000,0.0430000014603138
47,d260,260,4510000,
47,d260,260,4520000,
47,d260,260,4530000,
47,d260,260,4540000,
47,d260,260,4550000,
47,d260,260,4560000,
47,d260,260,4570000,
47,d260,260,4580000,
47,d260,260,4590000,
47,d260,260,4600000,0.041600000113248825
47,d260,260,4610000,
47,d260,260,4620000,
47,d260,260,4630000,
47,d260,260,4640000,
47,d260,260,4650000,
47,d260,260,4660000,
47,d260,260,4670000,
47,d260,260,4680000,
47,d260,260,4690000,
47,d260,260,4700000,0.03889999911189079
47,d260,260,4710000,
47,d260,260,4720000,
47,d260,260,4730000,
47,d260,260,4740000,
47,d260,260,4750000,
47,d260,260,4760000,
47,d260,260,4770000,
47,d260,260,4780000,
47,d260,260,4790000,
47,d260,260,4800000,0.04659999907016754
47,d260,260,4810000,
47,d260,260,4820000,
47,d260,260,4830000,
47,d260,260,4840000,
47,d260,260,4850000,
47,d260,260,4860000,
47,d260,260,4870000,
47,d260,260,4880000,
47,d260,260,4890000,
47,d260,260,4900000,0.04960000142455101
47,d260,260,4910000,
47,d260,260,4920000,
47,d260,260,4930000,
47,d260,260,4940000,
47,d260,260,4950000,
47,d260,260,4960000,
47,d260,260,4970000,
47,d260,260,4980000,
47,d260,260,4990000,
47,d260,260,5000000,0.05299999937415123
48,d260,260,1,0.0
48,d260,260,10000,
48,d260,260,20000,
48,d260,260,30000,
48,d260,260,40000,
48,d260,260,50000,
48,d260,260,60000,
48,d260,260,70000,
48,d260,260,80000,
48,d260,260,90000,
48,d260,260,100000,0.0
48,d260,260,110000,
48,d260,260,120000,
48,d260,260,130000,
48,d260,260,140000,
48,d260,260,150000,
48,d260,260,160000,
48,d260,260,170000,
48,d260,260,180000,
48,d260,260,190000,
48,d260,260,200000,0.0
48,d260,260,210000,
48,d260,260,220000,
48,d260,260,230000,
48,d260,260,240000,
48,d260,260,250000,
48,d260,260,260000,
48,d260,260,270000,
48,d260,260,280000,
48,d260,260,290000,
48,d260,260,300000,0.0008999999845400453
48,d260,260,310000,
48,d260,260,320000,
48,d260,260,330000,
48,d260,260,340000,
48,d260,260,350000,
48,d260,260,360000,
48,d260,260,370000,
48,d260,260,380000,
48,d260,260,390000,
48,d260,260,400000,0.0017999999690800905
48,d260,260,410000,
48,d260,260,420000,
48,d260,260,430000,
48,d260,260,440000,
48,d260,260,450000,
48,d260,260,460000,
48,d260,260,470000,
48,d260,260,480000,
48,d260,260,490000,
48,d260,260,500000,0.00419999985024333
48,d260,260,510000,
48,d260,260,520000,
48,d260,260,530000,
48,d260,260,540000,
48,d260,260,550000,
48,d260,260,560000,
48,d260,260,570000,
48,d260,260,580000,
48,d260,260,590000,
48,d260,260,600000,0.005499999970197678
48,d260,260,610000,
48,d260,260,620000,
48,d260,260,630000,
48,d260,260,640000,
48,d260,260,650000,
48,d260,260,660000,
48,d260,260,670000,
48,d260,260,680000,
48,d260,260,690000,
48,d260,260,700000,0.008999999612569809
48,d260,260,710000,
48,d260,260,720000,
48,d260,260,730000,
48,d260,260,740000,
48,d260,260,750000,
48,d260,260,760000,
48,d260,260,770000,
48,d260,260,780000,
48,d260,260,790000,
48,d260,260,800000,0.01140000019222498
48,d260,260,810000,
48,d260,260,820000,
48,d260,260,830000,
48,d260,260,840000,
48,d260,260,850000,
48,d260,260,860000,
48,d260,260,870000,
48,d260,260,880000,
48,d260,260,890000,
48,d260,260,900000,0.0215000007301569
48,d260,260,910000,
48,d260,260,920000,
48,d260,260,930000,
48,d260,260,940000,
48,d260,260,950000,
48,d260,260,960000,
48,d260,260,970000,
48,d260,260,980000,
48,d260,260,990000,
48,d260,260,1000000,0.019899999722838402
48,d260,260,1010000,
48,d260,260,1020000,
48,d260,260,1030000,
48,d260,260,1040000,
48,d260,260,1050000,
48,d260,260,1060000,
48,d260,260,1070000,
48,d260,260,1080000,
48,d260,260,1090000,
48,d260,260,1100000,0.024000000208616257
48,d260,260,1110000,
48,d260,260,1120000,
48,d260,260,1130000,
48,d260,260,1140000,
48,d260,260,1150000,
48,d260,260,1160000,
48,d260,260,1170000,
48,d260,260,1180000,
48,d260,260,1190000,
48,d260,260,1200000,0.02930000051856041
48,d260,260,1210000,
48,d260,260,1220000,
48,d260,260,1230000,
48,d260,260,1240000,
48,d260,260,1250000,
48,d260,260,1260000,
48,d260,260,1270000,
48,d260,260,1280000,
48,d260,260,1290000,
48,d260,260,1300000,0.03280000016093254
48,d260,260,1310000,
48,d260,260,1320000,
48,d260,260,1330000,
48,d260,260,1340000,
48,d260,260,1350000,
48,d260,260,1360000,
48,d260,260,1370000,
48,d260,260,1380000,
48,d260,260,1390000,
48,d260,260,1400000,0.03610000014305115
48,d260,260,1410000,
48,d260,260,1420000,
48,d260,260,1430000,
48,d260,260,1440000,
48,d260,260,1450000,
48,d260,260,1460000,
48,d260,260,1470000,
48,d260,260,1480000,
48,d260,260,1490000,
48,d260,260,1500000,0.03750000149011612
48,d260,260,1510000,
48,d260,260,1520000,
48,d260,260,1530000,
48,d260,260,1540000,
48,d260,260,1550000,
48,d260,260,1560000,
48,d260,260,1570000,
48,d260,260,1580000,
48,d260,260,1590000,
48,d260,260,1600000,0.04259999841451645
48,d260,260,1610000,
48,d260,260,1620000,
48,d260,260,1630000,
48,d260,260,1640000,
48,d260,260,1650000,
48,d260,260,1660000,
48,d260,260,1670000,
48,d260,260,1680000,
48,d260,260,1690000,
48,d260,260,1700000,0.04450000077486038
48,d260,260,1710000,
48,d260,260,1720000,
48,d260,260,1730000,
48,d260,260,1740000,
48,d260,260,1750000,
48,d260,260,1760000,
48,d260,260,1770000,
48,d260,260,1780000,
48,d260,260,1790000,
48,d260,260,1800000,0.050700001418590546
48,d260,260,1810000,
48,d260,260,1820000,
48,d260,260,1830000,
48,d260,260,1840000,
48,d260,260,1850000,
48,d260,260,1860000,
48,d260,260,1870000,
48,d260,260,1880000,
48,d260,260,1890000,
48,d260,260,1900000,0.05389999970793724
48,d260,260,1910000,
48,d260,260,1920000,
48,d260,260,1930000,
48,d260,260,1940000,
48,d260,260,1950000,
48,d260,260,1960000,
48,d260,260,1970000,
48,d260,260,1980000,
48,d260,260,1990000,
48,d260,260,2000000,0.05270000174641609
48,d260,260,2010000,
48,d260,260,2020000,
48,d260,260,2030000,
48,d260,260,2040000,
48,d260,260,2050000,
48,d260,260,2060000,
48,d260,260,2070000,
48,d260,260,2080000,
48,d260,260,2090000,
48,d260,260,2100000,0.05730000138282776
48,d260,260,2110000,
48,d260,260,2120000,
48,d260,260,2130000,
48,d260,260,2140000,
48,d260,260,2150000,
48,d260,260,2160000,
48,d260,260,2170000,
48,d260,260,2180000,
48,d260,260,2190000,
48,d260,260,2200000,0.06109999865293503
48,d260,260,2210000,
48,d260,260,2220000,
48,d260,260,2230000,
48,d260,260,2240000,
48,d260,260,2250000,
48,d260,260,2260000,
48,d260,260,2270000,
48,d260,260,2280000,
48,d260,260,2290000,
48,d260,260,2300000,0.06300000101327896
48,d260,260,2310000,
48,d260,260,2320000,
48,d260,260,2330000,
48,d260,260,2340000,
48,d260,260,2350000,
48,d260,260,2360000,
48,d260,260,2370000,
48,d260,260,2380000,
48,d260,260,2390000,
48,d260,260,2400000,0.06019999831914902
48,d260,260,2410000,
48,d260,260,2420000,
48,d260,260,2430000,
48,d260,260,2440000,
48,d260,260,2450000,
48,d260,260,2460000,
48,d260,260,2470000,
48,d260,260,2480000,
48,d260,260,2490000,
48,d260,260,2500000,0.07270000129938126
48,d260,260,2510000,
48,d260,260,2520000,
48,d260,260,2530000,
48,d260,260,2540000,
48,d260,260,2550000,
48,d260,260,2560000,
48,d260,260,2570000,
48,d260,260,2580000,
48,d260,260,2590000,
48,d260,260,2600000,0.0723000019788742
48,d260,260,2610000,
48,d260,260,2620000,
48,d260,260,2630000,
48,d260,260,2640000,
48,d260,260,2650000,
48,d260,260,2660000,
48,d260,260,2670000,
48,d260,260,2680000,
48,d260,260,2690000,
48,d260,260,2700000,0.06830000132322311
48,d260,260,2710000,
48,d260,260,2720000,
48,d260,260,2730000,
48,d260,260,2740000,
48,d260,260,2750000,
48,d260,260,2760000,
48,d260,260,2770000,
48,d260,260,2780000,
48,d260,260,2790000,
48,d260,260,2800000,0.08609999716281891
48,d260,260,2810000,
48,d260,260,2820000,
48,d260,260,2830000,
48,d260,260,2840000,
48,d260,260,2850000,
48,d260,260,2860000,
48,d260,260,2870000,
48,d260,260,2880000,
48,d260,260,2890000,
48,d260,260,2900000,0.08630000054836273
48,d260,260,2910000,
48,d260,260,2920000,
48,d260,260,2930000,
48,d260,260,2940000,
48,d260,260,2950000,
48,d260,260,2960000,
48,d260,260,2970000,
48,d260,260,2980000,
48,d260,260,2990000,
48,d260,260,3000000,0.0940999984741211
48,d260,260,3010000,
48,d260,260,3020000,
48,d260,260,3030000,
48,d260,260,3040000,
48,d260,260,3050000,
48,d260,260,3060000,
48,d260,260,3070000,
48,d260,260,3080000,
48,d260,260,3090000,
48,d260,260,3100000,0.09730000048875809
48,d260,260,3110000,
48,d260,260,3120000,
48,d260,260,3130000,
48,d260,260,3140000,
48,d260,260,3150000,
48,d260,260,3160000,
48,d260,260,3170000,
48,d260,260,3180000,
48,d260,260,3190000,
48,d260,260,3200000,0.09449999779462814
48,d260,260,3210000,
48,d260,260,3220000,
48,d260,260,3230000,
48,d260,260,3240000,
48,d260,260,3250000,
48,d260,260,3260000,
48,d260,260,3270000,
48,d260,260,3280000,
48,d260,260,3290000,
48,d260,260,3300000,0.10320000350475311
48,d260,260,3310000,
48,d260,260,3320000,
48,d260,260,3330000,
48,d260,260,3340000,
48,d260,260,3350000,
48,d260,260,3360000,
48,d260,260,3370000,
48,d260,260,3380000,
48,d260,260,3390000,
48,d260,260,3400000,0.09920000284910202
48,d260,260,3410000,
48,d260,260,3420000,
48,d260,260,3430000,
48,d260,260,3440000,
48,d260,260,3450000,
48,d260,260,3460000,
48,d260,260,3470000,
48,d260,260,3480000,
48,d260,260,3490000,
48,d260,260,3500000,0.11230000108480453
48,d260,260,3510000,
48,d260,260,3520000,
48,d260,260,3530000,
48,d260,260,3540000,
48,d260,260,3550000,
48,d260,260,3560000,
48,d260,260,3570000,
48,d260,260,3580000,
48,d260,260,3590000,
48,d260,260,3600000,0.1111999973654747
48,d260,260,3610000,
48,d260,260,3620000,
48,d260,260,3630000,
48,d260,260,3640000,
48,d260,260,3650000,
48,d260,260,3660000,
48,d260,260,3670000,
48,d260,260,3680000,
48,d260,260,3690000,
48,d260,260,3700000,0.11289999634027481
48,d260,260,3710000,
48,d260,260,3720000,
48,d260,260,3730000,
48,d260,260,3740000,
48,d260,260,3750000,
48,d260,260,3760000,
48,d260,260,3770000,
48,d260,260,3780000,
48,d260,260,3790000,
48,d260,260,3800000,0.11460000276565552
48,d260,260,3810000,
48,d260,260,3820000,
48,d260,260,3830000,
48,d260,260,3840000,
48,d260,260,3850000,
48,d260,260,3860000,
48,d260,260,3870000,
48,d260,260,3880000,
48,d260,260,3890000,
48,d260,260,3900000,0.11890000104904175
48,d260,260,3910000,
48,d260,260,3920000,
48,d260,260,3930000,
48,d260,260,3940000,
48,d260,260,3950000,
48,d260,260,3960000,
48,d260,260,3970000,
48,d260,260,3980000,
48,d260,260,3990000,
48,d260,260,4000000,0.12030000239610672
48,d260,260,4010000,
48,d260,260,4020000,
48,d260,260,4030000,
48,d260,260,4040000,
48,d260,260,4050000,
48,d260,260,4060000,
48,d260,260,4070000,
48,d260,260,4080000,
48,d260,260,4090000,
48,d260,260,4100000,0.12099999934434891
48,d260,260,4110000,
48,d260,260,4120000,
48,d260,260,4130000,
48,d260,260,4140000,
48,d260,260,4150000,
48,d260,260,4160000,
48,d260,260,4170000,
48,d260,260,4180000,
48,d260,260,4190000,
48,d260,260,4200000,0.12219999730587006
48,d260,260,4210000,
48,d260,260,4220000,
48,d260,260,4230000,
48,d260,260,4240000,
48,d260,260,4250000,
48,d260,260,4260000,
48,d260,260,4270000,
48,d260,260,4280000,
48,d260,260,4290000,
48,d260,260,4300000,0.13009999692440033
48,d260,260,4310000,
48,d260,260,4320000,
48,d260,260,4330000,
48,d260,260,4340000,
48,d260,260,4350000,
48,d260,260,4360000,
48,d260,260,4370000,
48,d260,260,4380000,
48,d260,260,4390000,
48,d260,260,4400000,0.12919999659061432
48,d260,260,4410000,
48,d260,260,4420000,
48,d260,260,4430000,
48,d260,260,4440000,
48,d260,260,4450000,
48,d260,260,4460000,
48,d260,260,4470000,
48,d260,260,4480000,
48,d260,260,4490000,
48,d260,260,4500000,0.13779999315738678
48,d260,260,4510000,
48,d260,260,4520000,
48,d260,260,4530000,
48,d260,260,4540000,
48,d260,260,4550000,
48,d260,260,4560000,
48,d260,260,4570000,
48,d260,260,4580000,
48,d260,260,4590000,
48,d260,260,4600000,0.11840000003576279
48,d260,260,4610000,
48,d260,260,4620000,
48,d260,260,4630000,
48,d260,260,4640000,
48,d260,260,4650000,
48,d260,260,4660000,
48,d260,260,4670000,
48,d260,260,4680000,
48,d260,260,4690000,
48,d260,260,4700000,0.147599995136261
48,d260,260,4710000,
48,d260,260,4720000,
48,d260,260,4730000,
48,d260,260,4740000,
48,d260,260,4750000,
48,d260,260,4760000,
48,d260,260,4770000,
48,d260,260,4780000,
48,d260,260,4790000,
48,d260,260,4800000,0.14149999618530273
48,d260,260,4810000,
48,d260,260,4820000,
48,d260,260,4830000,
48,d260,260,4840000,
48,d260,260,4850000,
48,d260,260,4860000,
48,d260,260,4870000,
48,d260,260,4880000,
48,d260,260,4890000,
48,d260,260,4900000,0.16279999911785126
48,d260,260,4910000,
48,d260,260,4920000,
48,d260,260,4930000,
48,d260,260,4940000,
48,d260,260,4950000,
48,d260,260,4960000,
48,d260,260,4970000,
48,d260,260,4980000,
48,d260,260,4990000,
48,d260,260,5000000,0.14100000262260437
49,d260,260,1,0.0
49,d260,260,10000,
49,d260,260,20000,
49,d260,260,30000,
49,d260,260,40000,
49,d260,260,50000,
49,d260,260,60000,
49,d260,260,70000,
49,d260,260,80000,
49,d260,260,90000,
49,d260,260,100000,0.0
49,d260,260,110000,
49,d260,260,120000,
49,d260,260,130000,
49,d260,260,140000,
49,d260,260,150000,
49,d260,260,160000,
49,d260,260,170000,
49,d260,260,180000,
49,d260,260,190000,
49,d260,260,200000,0.00019999999494757503
49,d260,260,210000,
49,d260,260,220000,
49,d260,260,230000,
49,d260,260,240000,
49,d260,260,250000,
49,d260,260,260000,
49,d260,260,270000,
49,d260,260,280000,
49,d260,260,290000,
49,d260,260,300000,0.0007999999797903001
49,d260,260,310000,
49,d260,260,320000,
49,d260,260,330000,
49,d260,260,340000,
49,d260,260,350000,
49,d260,260,360000,
49,d260,260,370000,
49,d260,260,380000,
49,d260,260,390000,
49,d260,260,400000,0.0019000000320374966
49,d260,260,410000,
49,d260,260,420000,
49,d260,260,430000,
49,d260,260,440000,
49,d260,260,450000,
49,d260,260,460000,
49,d260,260,470000,
49,d260,260,480000,
49,d260,260,490000,
49,d260,260,500000,0.0032999999821186066
49,d260,260,510000,
49,d260,260,520000,
49,d260,260,530000,
49,d260,260,540000,
49,d260,260,550000,
49,d260,260,560000,
49,d260,260,570000,
49,d260,260,580000,
49,d260,260,590000,
49,d260,260,600000,0.0071000000461936
49,d260,260,610000,
49,d260,260,620000,
49,d260,260,630000,
49,d260,260,640000,
49,d260,260,650000,
49,d260,260,660000,
49,d260,260,670000,
49,d260,260,680000,
49,d260,260,690000,
49,d260,260,700000,0.008899999782443047
49,d260,260,710000,
49,d260,260,720000,
49,d260,260,730000,
49,d260,260,740000,
49,d260,260,750000,
49,d260,260,760000,
49,d260,260,770000,
49,d260,260,780000,
49,d260,260,790000,
49,d260,260,800000,0.012600000016391277
49,d260,260,810000,
49,d260,260,820000,
49,d260,260,830000,
49,d260,260,840000,
49,d260,260,850000,
49,d260,260,860000,
49,d260,260,870000,
49,d260,260,880000,
49,d260,260,890000,
49,d260,260,900000,0.01600000075995922
49,d260,260,910000,
49,d260,260,920000,
49,d260,260,930000,
49,d260,260,940000,
49,d260,260,950000,
49,d260,260,960000,
49,d260,260,970000,
49,d260,260,980000,
49,d260,260,990000,
49,d260,260,1000000,0.019899999722838402
49,d260,260,1010000,
49,d260,260,1020000,
49,d260,260,1030000,
49,d260,260,1040000,
49,d260,260,1050000,
49,d260,260,1060000,
49,d260,260,1070000,
49,d260,260,1080000,
49,d260,260,1090000,
49,d260,260,1100000,0.026900000870227814
49,d260,260,1110000,
49,d260,260,1120000,
49,d260,260,1130000,
49,d260,260,1140000,
49,d260,260,1150000,
49,d260,260,1160000,
49,d260,260,1170000,
49,d260,260,1180000,
49,d260,260,1190000,
49,d260,260,1200000,0.028599999845027924
49,d260,260,1210000,
49,d260,260,1220000,
49,d260,260,1230000,
49,d260,260,1240000,
49,d260,260,1250000,
49,d260,260,1260000,
49,d260,260,1270000,
49,d260,260,1280000,
49,d260,260,1290000,
49,d260,260,1300000,0.03020000085234642
49,d260,260,1310000,
49,d260,260,1320000,
49,d260,260,1330000,
49,d260,260,1340000,
49,d260,260,1350000,
49,d260,260,1360000,
49,d260,260,1370000,
49,d260,260,1380000,
49,d260,260,1390000,
49,d260,260,1400000,0.03590000048279762
49,d260,260,1410000,
49,d260,260,1420000,
49,d260,260,1430000,
49,d260,260,1440000,
49,d260,260,1450000,
49,d260,260,1460000,
49,d260,260,1470000,
49,d260,260,1480000,
49,d260,260,1490000,
49,d260,260,1500000,0.03849999979138374
49,d260,260,1510000,
49,d260,260,1520000,
49,d260,260,1530000,
49,d260,260,1540000,
49,d260,260,1550000,
49,d260,260,1560000,
49,d260,260,1570000,
49,d260,260,1580000,
49,d260,260,1590000,
49,d260,260,1600000,0.03929999843239784
49,d260,260,1610000,
49,d260,260,1620000,
49,d260,260,1630000,
49,d260,260,1640000,
49,d260,260,1650000,
49,d260,260,1660000,
49,d260,260,1670000,
49,d260,260,1680000,
49,d260,260,1690000,
49,d260,260,1700000,0.04439999908208847
49,d260,260,1710000,
49,d260,260,1720000,
49,d260,260,1730000,
49,d260,260,1740000,
49,d260,260,1750000,
49,d260,260,1760000,
49,d260,260,1770000,
49,d260,260,1780000,
49,d260,260,1790000,
49,d260,260,1800000,0.051500000059604645
49,d260,260,1810000,
49,d260,260,1820000,
49,d260,260,1830000,
49,d260,260,1840000,
49,d260,260,1850000,
49,d260,260,1860000,
49,d260,260,1870000,
49,d260,260,1880000,
49,d260,260,1890000,
49,d260,260,1900000,0.05570000037550926
49,d260,260,1910000,
49,d260,260,1920000,
49,d260,260,1930000,
49,d260,260,1940000,
49,d260,260,1950000,
49,d260,260,1960000,
49,d260,260,1970000,
49,d260,260,1980000,
49,d260,260,1990000,
49,d260,260,2000000,0.05590000003576279
49,d260,260,2010000,
49,d260,260,2020000,
49,d260,260,2030000,
49,d260,260,2040000,
49,d260,260,2050000,
49,d260,260,2060000,
49,d260,260,2070000,
49,d260,260,2080000,
49,d260,260,2090000,
49,d260,260,2100000,0.05739999935030937
49,d260,260,2110000,
49,d260,260,2120000,
49,d260,260,2130000,
49,d260,260,2140000,
49,d260,260,2150000,
49,d260,260,2160000,
49,d260,260,2170000,
49,d260,260,2180000,
49,d260,260,2190000,
49,d260,260,2200000,0.06400000303983688
49,d260,260,2210000,
49,d260,260,2220000,
49,d260,260,2230000,
49,d260,260,2240000,
49,d260,260,2250000,
49,d260,260,2260000,
49,d260,260,2270000,
49,d260,260,2280000,
49,d260,260,2290000,
49,d260,260,2300000,0.057999998331069946
49,d260,260,2310000,
49,d260,260,2320000,
49,d260,260,2330000,
49,d260,260,2340000,
49,d260,260,2350000,
49,d260,260,2360000,
49,d260,260,2370000,
49,d260,260,2380000,
49,d260,260,2390000,
49,d260,260,2400000,0.0640999972820282
49,d260,260,2410000,
49,d260,260,2420000,
49,d260,260,2430000,
49,d260,260,2440000,
49,d260,260,2450000,
49,d260,260,2460000,
49,d260,260,2470000,
49,d260,260,2480000,
49,d260,260,2490000,
49,d260,260,2500000,0.07150000333786011
49,d260,260,2510000,
49,d260,260,2520000,
49,d260,260,2530000,
49,d260,260,2540000,
49,d260,260,2550000,
49,d260,260,2560000,
49,d260,260,2570000,
49,d260,260,2580000,
49,d260,260,2590000,
49,d260,260,2600000,0.06949999928474426
49,d260,260,2610000,
49,d260,260,2620000,
49,d260,260,2630000,
49,d260,260,2640000,
49,d260,260,2650000,
49,d260,260,2660000,
49,d260,260,2670000,
49,d260,260,2680000,
49,d260,260,2690000,
49,d260,260,2700000,0.07240000367164612
49,d260,260,2710000,
49,d260,260,2720000,
49,d260,260,2730000,
49,d260,260,2740000,
49,d260,260,2750000,
49,d260,260,2760000,
49,d260,260,2770000,
49,d260,260,2780000,
49,d260,260,2790000,
49,d260,260,2800000,0.08150000125169754
49,d260,260,2810000,
49,d260,260,2820000,
49,d260,260,2830000,
49,d260,260,2840000,
49,d260,260,2850000,
49,d260,260,2860000,
49,d260,260,2870000,
49,d260,260,2880000,
49,d260,260,2890000,
49,d260,260,2900000,0.08429999649524689
49,d260,260,2910000,
49,d260,260,2920000,
49,d260,260,2930000,
49,d260,260,2940000,
49,d260,260,2950000,
49,d260,260,2960000,
49,d260,260,2970000,
49,d260,260,2980000,
49,d260,260,2990000,
49,d260,260,3000000,0.08169999718666077
49,d260,260,3010000,
49,d260,260,3020000,
49,d260,260,3030000,
49,d260,260,3040000,
49,d260,260,3050000,
49,d260,260,3060000,
49,d260,260,3070000,
49,d260,260,3080000,
49,d260,260,3090000,
49,d260,260,3100000,0.10090000182390213
49,d260,260,3110000,
49,d260,260,3120000,
49,d260,260,3130000,
49,d260,260,3140000,
49,d260,260,3150000,
49,d260,260,3160000,
49,d260,260,3170000,
49,d260,260,3180000,
49,d260,260,3190000,
49,d260,260,3200000,0.08500000089406967
49,d260,260,3210000,
49,d260,260,3220000,
49,d260,260,3230000,
49,d260,260,3240000,
49,d260,260,3250000,
49,d260,260,3260000,
49,d260,260,3270000,
49,d260,260,3280000,
49,d260,260,3290000,
49,d260,260,3300000,0.09160000085830688
49,d260,260,3310000,
49,d260,260,3320000,
49,d260,260,3330000,
49,d260,260,3340000,
49,d260,260,3350000,
49,d260,260,3360000,
49,d260,260,3370000,
49,d260,260,3380000,
49,d260,260,3390000,
49,d260,260,3400000,0.09359999746084213
49,d260,260,3410000,
49,d260,260,3420000,
49,d260,260,3430000,
49,d260,260,3440000,
49,d260,260,3450000,
49,d260,260,3460000,
49,d260,260,3470000,
49,d260,260,3480000,
49,d260,260,3490000,
49,d260,260,3500000,0.10170000046491623
49,d260,260,3510000,
49,d260,260,3520000,
49,d260,260,3530000,
49,d260,260,3540000,
49,d260,260,3550000,
49,d260,260,3560000,
49,d260,260,3570000,
49,d260,260,3580000,
49,d260,260,3590000,
49,d260,260,3600000,0.10270000249147415
49,d260,260,3610000,
49,d260,260,3620000,
49,d260,260,3630000,
49,d260,260,3640000,
49,d260,260,3650000,
49,d260,260,3660000,
49,d260,260,3670000,
49,d260,260,3680000,
49,d260,260,3690000,
49,d260,260,3700000,0.10670000314712524
49,d260,260,3710000,
49,d260,260,3720000,
49,d260,260,3730000,
49,d260,260,3740000,
49,d260,260,3750000,
49,d260,260,3760000,
49,d260,260,3770000,
49,d260,260,3780000,
49,d260,260,3790000,
49,d260,260,3800000,0.11029999703168869
49,d260,260,3810000,
49,d260,260,3820000,
49,d260,260,3830000,
49,d260,260,3840000,
49,d260,260,3850000,
49,d260,260,3860000,
49,d260,260,3870000,
49,d260,260,3880000,
49,d260,260,3890000,
49,d260,260,3900000,0.1096000000834465
49,d260,260,3910000,
49,d260,260,3920000,
49,d260,260,3930000,
49,d260,260,3940000,
49,d260,260,3950000,
49,d260,260,3960000,
49,d260,260,3970000,
49,d260,260,3980000,
49,d260,260,3990000,
49,d260,260,4000000,0.1145000010728836
49,d260,260,4010000,
49,d260,260,4020000,
49,d260,260,4030000,
49,d260,260,4040000,
49,d260,260,4050000,
49,d260,260,4060000,
49,d260,260,4070000,
49,d260,260,4080000,
49,d260,260,4090000,
49,d260,260,4100000,0.10660000145435333
49,d260,260,4110000,
49,d260,260,4120000,
49,d260,260,4130000,
49,d260,260,4140000,
49,d260,260,4150000,
49,d260,260,4160000,
49,d260,260,4170000,
49,d260,260,4180000,
49,d260,260,4190000,
49,d260,260,4200000,0.11760000139474869
49,d260,260,4210000,
49,d260,260,4220000,
49,d260,260,4230000,
49,d260,260,4240000,
49,d260,260,4250000,
49,d260,260,4260000,
49,d260,260,4270000,
49,d260,260,4280000,
49,d260,260,4290000,
49,d260,260,4300000,0.11410000175237656
49,d260,260,4310000,
49,d260,260,4320000,
49,d260,260,4330000,
49,d260,260,4340000,
49,d260,260,4350000,
49,d260,260,4360000,
49,d260,260,4370000,
49,d260,260,4380000,
49,d260,260,4390000,
49,d260,260,4400000,0.1298000067472458
49,d260,260,4410000,
49,d260,260,4420000,
49,d260,260,4430000,
49,d260,260,4440000,
49,d260,260,4450000,
49,d260,260,4460000,
49,d260,260,4470000,
49,d260,260,4480000,
49,d260,260,4490000,
49,d260,260,4500000,0.1307000070810318
49,d260,260,4510000,
49,d260,260,4520000,
49,d260,260,4530000,
49,d260,260,4540000,
49,d260,260,4550000,
49,d260,260,4560000,
49,d260,260,4570000,
49,d260,260,4580000,
49,d260,260,4590000,
49,d260,260,4600000,0.1251000016927719
49,d260,260,4610000,
49,d260,260,4620000,
49,d260,260,4630000,
49,d260,260,4640000,
49,d260,260,4650000,
49,d260,260,4660000,
49,d260,260,4670000,
49,d260,260,4680000,
49,d260,260,4690000,
49,d260,260,4700000,0.13130000233650208
49,d260,260,4710000,
49,d260,260,4720000,
49,d260,260,4730000,
49,d260,260,4740000,
49,d260,260,4750000,
49,d260,260,4760000,
49,d260,260,4770000,
49,d260,260,4780000,
49,d260,260,4790000,
49,d260,260,4800000,0.13220000267028809
49,d260,260,4810000,
49,d260,260,4820000,
49,d260,260,4830000,
49,d260,260,4840000,
49,d260,260,4850000,
49,d260,260,4860000,
49,d260,260,4870000,
49,d260,260,4880000,
49,d260,260,4890000,
49,d260,260,4900000,0.13500000536441803
49,d260,260,4910000,
49,d260,260,4920000,
49,d260,260,4930000,
49,d260,260,4940000,
49,d260,260,4950000,
49,d260,260,4960000,
49,d260,260,4970000,
49,d260,260,4980000,
49,d260,260,4990000,
49,d260,260,5000000,0.1404000073671341
50,d260,260,1,0.0
50,d260,260,10000,
50,d260,260,20000,
50,d260,260,30000,
50,d260,260,40000,
50,d260,260,50000,
50,d260,260,60000,
50,d260,260,70000,
50,d260,260,80000,
50,d260,260,90000,
50,d260,260,100000,0.0
50,d260,260,110000,
50,d260,260,120000,
50,d260,260,130000,
50,d260,260,140000,
50,d260,260,150000,
50,d260,260,160000,
50,d260,260,170000,
50,d260,260,180000,
50,d260,260,190000,
50,d260,260,200000,9.999999747378752e-05
50,d260,260,210000,
50,d260,260,220000,
50,d260,260,230000,
50,d260,260,240000,
50,d260,260,250000,
50,d260,260,260000,
50,d260,260,270000,
50,d260,260,280000,
50,d260,260,290000,
50,d260,260,300000,0.00039999998989515007
50,d260,260,310000,
50,d260,260,320000,
50,d260,260,330000,
50,d260,260,340000,
50,d260,260,350000,
50,d260,260,360000,
50,d260,260,370000,
50,d260,260,380000,
50,d260,260,390000,
50,d260,260,400000,0.0015999999595806003
50,d260,260,410000,
50,d260,260,420000,
50,d260,260,430000,
50,d260,260,440000,
50,d260,260,450000,
50,d260,260,460000,
50,d260,260,470000,
50,d260,260,480000,
50,d260,260,490000,
50,d260,260,500000,0.003800000064074993
50,d260,260,510000,
50,d260,260,520000,
50,d260,260,530000,
50,d260,260,540000,
50,d260,260,550000,
50,d260,260,560000,
50,d260,260,570000,
50,d260,260,580000,
50,d260,260,590000,
50,d260,260,600000,0.00930000003427267
50,d260,260,610000,
50,d260,260,620000,
50,d260,260,630000,
50,d260,260,640000,
50,d260,260,650000,
50,d260,260,660000,
50,d260,260,670000,
50,d260,260,680000,
50,d260,260,690000,
50,d260,260,700000,0.010599999688565731
50,d260,260,710000,
50,d260,260,720000,
50,d260,260,730000,
50,d260,260,740000,
50,d260,260,750000,
50,d260,260,760000,
50,d260,260,770000,
50,d260,260,780000,
50,d260,260,790000,
50,d260,260,800000,0.014299999922513962
50,d260,260,810000,
50,d260,260,820000,
50,d260,260,830000,
50,d260,260,840000,
50,d260,260,850000,
50,d260,260,860000,
50,d260,260,870000,
50,d260,260,880000,
50,d260,260,890000,
50,d260,260,900000,0.0203000009059906
50,d260,260,910000,
50,d260,260,920000,
50,d260,260,930000,
50,d260,260,940000,
50,d260,260,950000,
50,d260,260,960000,
50,d260,260,970000,
50,d260,260,980000,
50,d260,260,990000,
50,d260,260,1000000,0.025100000202655792
50,d260,260,1010000,
50,d260,260,1020000,
50,d260,260,1030000,
50,d260,260,1040000,
50,d260,260,1050000,
50,d260,260,1060000,
50,d260,260,1070000,
50,d260,260,1080000,
50,d260,260,1090000,
50,d260,260,1100000,0.025800000876188278
50,d260,260,1110000,
50,d260,260,1120000,
50,d260,260,1130000,
50,d260,260,1140000,
50,d260,260,1150000,
50,d260,260,1160000,
50,d260,260,1170000,
50,d260,260,1180000,
50,d260,260,1190000,
50,d260,260,1200000,0.03009999915957451
50,d260,260,1210000,
50,d260,260,1220000,
50,d260,260,1230000,
50,d260,260,1240000,
50,d260,260,1250000,
50,d260,260,1260000,
50,d260,260,1270000,
50,d260,260,1280000,
50,d260,260,1290000,
50,d260,260,1300000,0.03440000116825104
50,d260,260,1310000,
50,d260,260,1320000,
50,d260,260,1330000,
50,d260,260,1340000,
50,d260,260,1350000,
50,d260,260,1360000,
50,d260,260,1370000,
50,d260,260,1380000,
50,d260,260,1390000,
50,d260,260,1400000,0.03400000184774399
50,d260,260,1410000,
50,d260,260,1420000,
50,d260,260,1430000,
50,d260,260,1440000,
50,d260,260,1450000,
50,d260,260,1460000,
50,d260,260,1470000,
50,d260,260,1480000,
50,d260,260,1490000,
50,d260,260,1500000,0.03629999980330467
50,d260,260,1510000,
50,d260,260,1520000,
50,d260,260,1530000,
50,d260,260,1540000,
50,d260,260,1550000,
50,d260,260,1560000,
50,d260,260,1570000,
50,d260,260,1580000,
50,d260,260,1590000,
50,d260,260,1600000,0.04170000180602074
50,d260,260,1610000,
50,d260,260,1620000,
50,d260,260,1630000,
50,d260,260,1640000,
50,d260,260,1650000,
50,d260,260,1660000,
50,d260,260,1670000,
50,d260,260,1680000,
50,d260,260,1690000,
50,d260,260,1700000,0.04089999943971634
50,d260,260,1710000,
50,d260,260,1720000,
50,d260,260,1730000,
50,d260,260,1740000,
50,d260,260,1750000,
50,d260,260,1760000,
50,d260,260,1770000,
50,d260,260,1780000,
50,d260,260,1790000,
50,d260,260,1800000,0.04610000178217888
50,d260,260,1810000,
50,d260,260,1820000,
50,d260,260,1830000,
50,d260,260,1840000,
50,d260,260,1850000,
50,d260,260,1860000,
50,d260,260,1870000,
50,d260,260,1880000,
50,d260,260,1890000,
50,d260,260,1900000,0.052000001072883606
50,d260,260,1910000,
50,d260,260,1920000,
50,d260,260,1930000,
50,d260,260,1940000,
50,d260,260,1950000,
50,d260,260,1960000,
50,d260,260,1970000,
50,d260,260,1980000,
50,d260,260,1990000,
50,d260,260,2000000,0.05730000138282776
50,d260,260,2010000,
50,d260,260,2020000,
50,d260,260,2030000,
50,d260,260,2040000,
50,d260,260,2050000,
50,d260,260,2060000,
50,d260,260,2070000,
50,d260,260,2080000,
50,d260,260,2090000,
50,d260,260,2100000,0.061400000005960464
50,d260,260,2110000,
50,d260,260,2120000,
50,d260,260,2130000,
50,d260,260,2140000,
50,d260,260,2150000,
50,d260,260,2160000,
50,d260,260,2170000,
50,d260,260,2180000,
50,d260,260,2190000,
50,d260,260,2200000,0.06350000202655792
50,d260,260,2210000,
50,d260,260,2220000,
50,d260,260,2230000,
50,d260,260,2240000,
50,d260,260,2250000,
50,d260,260,2260000,
50,d260,260,2270000,
50,d260,260,2280000,
50,d260,260,2290000,
50,d260,260,2300000,0.061900001019239426
50,d260,260,2310000,
50,d260,260,2320000,
50,d260,260,2330000,
50,d260,260,2340000,
50,d260,260,2350000,
50,d260,260,2360000,
50,d260,260,2370000,
50,d260,260,2380000,
50,d260,260,2390000,
50,d260,260,2400000,0.06319999694824219
50,d260,260,2410000,
50,d260,260,2420000,
50,d260,260,2430000,
50,d260,260,2440000,
50,d260,260,2450000,
50,d260,260,2460000,
50,d260,260,2470000,
50,d260,260,2480000,
50,d260,260,2490000,
50,d260,260,2500000,0.06379999965429306
50,d260,260,2510000,
50,d260,260,2520000,
50,d260,260,2530000,
50,d260,260,2540000,
50,d260,260,2550000,
50,d260,260,2560000,
50,d260,260,2570000,
50,d260,260,2580000,
50,d260,260,2590000,
50,d260,260,2600000,0.07320000231266022
50,d260,260,2610000,
50,d260,260,2620000,
50,d260,260,2630000,
50,d260,260,2640000,
50,d260,260,2650000,
50,d260,260,2660000,
50,d260,260,2670000,
50,d260,260,2680000,
50,d260,260,2690000,
50,d260,260,2700000,0.07739999890327454
50,d260,260,2710000,
50,d260,260,2720000,
50,d260,260,2730000,
50,d260,260,2740000,
50,d260,260,2750000,
50,d260,260,2760000,
50,d260,260,2770000,
50,d260,260,2780000,
50,d260,260,2790000,
50,d260,260,2800000,0.0835999995470047
50,d260,260,2810000,
50,d260,260,2820000,
50,d260,260,2830000,
50,d260,260,2840000,
50,d260,260,2850000,
50,d260,260,2860000,
50,d260,260,2870000,
50,d260,260,2880000,
50,d260,260,2890000,
50,d260,260,2900000,0.08160000294446945
50,d260,260,2910000,
50,d260,260,2920000,
50,d260,260,2930000,
50,d260,260,2940000,
50,d260,260,2950000,
50,d260,260,2960000,
50,d260,260,2970000,
50,d260,260,2980000,
50,d260,260,2990000,
50,d260,260,3000000,0.0786999985575676
50,d260,260,3010000,
50,d260,260,3020000,
50,d260,260,3030000,
50,d260,260,3040000,
50,d260,260,3050000,
50,d260,260,3060000,
50,d260,260,3070000,
50,d260,260,3080000,
50,d260,260,3090000,
50,d260,260,3100000,0.08169999718666077
50,d260,260,3110000,
50,d260,260,3120000,
50,d260,260,3130000,
50,d260,260,3140000,
50,d260,260,3150000,
50,d260,260,3160000,
50,d260,260,3170000,
50,d260,260,3180000,
50,d260,260,3190000,
50,d260,260,3200000,0.08240000158548355
50,d260,260,3210000,
50,d260,260,3220000,
50,d260,260,3230000,
50,d260,260,3240000,
50,d260,260,3250000,
50,d260,260,3260000,
50,d260,260,3270000,
50,d260,260,3280000,
50,d260,260,3290000,
50,d260,260,3300000,0.09189999848604202
50,d260,260,3310000,
50,d260,260,3320000,
50,d260,260,3330000,
50,d260,260,3340000,
50,d260,260,3350000,
50,d260,260,3360000,
50,d260,260,3370000,
50,d260,260,3380000,
50,d260,260,3390000,
50,d260,260,3400000,0.09849999845027924
50,d260,260,3410000,
50,d260,260,3420000,
50,d260,260,3430000,
50,d260,260,3440000,
50,d260,260,3450000,
50,d260,260,3460000,
50,d260,260,3470000,
50,d260,260,3480000,
50,d260,260,3490000,
50,d260,260,3500000,0.09260000288486481
50,d260,260,3510000,
50,d260,260,3520000,
50,d260,260,3530000,
50,d260,260,3540000,
50,d260,260,3550000,
50,d260,260,3560000,
50,d260,260,3570000,
50,d260,260,3580000,
50,d260,260,3590000,
50,d260,260,3600000,0.10109999775886536
50,d260,260,3610000,
50,d260,260,3620000,
50,d260,260,3630000,
50,d260,260,3640000,
50,d260,260,3650000,
50,d260,260,3660000,
50,d260,260,3670000,
50,d260,260,3680000,
50,d260,260,3690000,
50,d260,260,3700000,0.1006999984383583
50,d260,260,3710000,
50,d260,260,3720000,
50,d260,260,3730000,
50,d260,260,3740000,
50,d260,260,3750000,
50,d260,260,3760000,
50,d260,260,3770000,
50,d260,260,3780000,
50,d260,260,3790000,
50,d260,260,3800000,0.09529999643564224
50,d260,260,3810000,
50,d260,260,3820000,
50,d260,260,3830000,
50,d260,260,3840000,
50,d260,260,3850000,
50,d260,260,3860000,
50,d260,260,3870000,
50,d260,260,3880000,
50,d260,260,3890000,
50,d260,260,3900000,0.11479999870061874
50,d260,260,3910000,
50,d260,260,3920000,
50,d260,260,3930000,
50,d260,260,3940000,
50,d260,260,3950000,
50,d260,260,3960000,
50,d260,260,3970000,
50,d260,260,3980000,
50,d260,260,3990000,
50,d260,260,4000000,0.11010000109672546
50,d260,260,4010000,
50,d260,260,4020000,
50,d260,260,4030000,
50,d260,260,4040000,
50,d260,260,4050000,
50,d260,260,4060000,
50,d260,260,4070000,
50,d260,260,4080000,
50,d260,260,4090000,
50,d260,260,4100000,0.10130000114440918
50,d260,260,4110000,
50,d260,260,4120000,
50,d260,260,4130000,
50,d260,260,4140000,
50,d260,260,4150000,
50,d260,260,4160000,
50,d260,260,4170000,
50,d260,260,4180000,
50,d260,260,4190000,
50,d260,260,4200000,0.1307000070810318
50,d260,260,4210000,
50,d260,260,4220000,
50,d260,260,4230000,
50,d260,260,4240000,
50,d260,260,4250000,
50,d260,260,4260000,
50,d260,260,4270000,
50,d260,260,4280000,
50,d260,260,4290000,
50,d260,260,4300000,0.11840000003576279
50,d260,260,4310000,
50,d260,260,4320000,
50,d260,260,4330000,
50,d260,260,4340000,
50,d260,260,4350000,
50,d260,260,4360000,
50,d260,260,4370000,
50,d260,260,4380000,
50,d260,260,4390000,
50,d260,260,4400000,0.11749999970197678
50,d260,260,4410000,
50,d260,260,4420000,
50,d260,260,4430000,
50,d260,260,4440000,
50,d260,260,4450000,
50,d260,260,4460000,
50,d260,260,4470000,
50,d260,260,4480000,
50,d260,260,4490000,
50,d260,260,4500000,0.11840000003576279
50,d260,260,4510000,
50,d260,260,4520000,
50,d260,260,4530000,
50,d260,260,4540000,
50,d260,260,4550000,
50,d260,260,4560000,
50,d260,260,4570000,
50,d260,260,4580000,
50,d260,260,4590000,
50,d260,260,4600000,0.11479999870061874
50,d260,260,4610000,
50,d260,260,4620000,
50,d260,260,4630000,
50,d260,260,4640000,
50,d260,260,4650000,
50,d260,260,4660000,
50,d260,260,4670000,
50,d260,260,4680000,
50,d260,260,4690000,
50,d260,260,4700000,0.13429999351501465
50,d260,260,4710000,
50,d260,260,4720000,
50,d260,260,4730000,
50,d260,260,4740000,
50,d260,260,4750000,
50,d260,260,4760000,
50,d260,260,4770000,
50,d260,260,4780000,
50,d260,260,4790000,
50,d260,260,4800000,0.14020000398159027
50,d260,260,4810000,
50,d260,260,4820000,
50,d260,260,4830000,
50,d260,260,4840000,
50,d260,260,4850000,
50,d260,260,4860000,
50,d260,260,4870000,
50,d260,260,4880000,
50,d260,260,4890000,
50,d260,260,4900000,0.131400004029274
50,d260,260,4910000,
50,d260,260,4920000,
50,d260,260,4930000,
50,d260,260,4940000,
50,d260,260,4950000,
50,d260,260,4960000,
50,d260,260,4970000,
50,d260,260,4980000,
50,d260,260,4990000,
50,d260,260,5000000,0.1370999962091446
