seed,d,step,mem
42,10,1,0.0
42,10,10000,
42,10,20000,
42,10,30000,
42,10,40000,
42,10,50000,
42,10,60000,
42,10,70000,
42,10,80000,
42,10,90000,
42,10,100000,0.0
42,10,110000,
42,10,120000,
42,10,130000,
42,10,140000,
42,10,150000,
42,10,160000,
42,10,170000,
42,10,180000,
42,10,190000,
42,10,200000,0.0
42,10,210000,
42,10,220000,
42,10,230000,
42,10,240000,
42,10,250000,
42,10,260000,
42,10,270000,
42,10,280000,
42,10,290000,
42,10,300000,0.0
42,10,310000,
42,10,320000,
42,10,330000,
42,10,340000,
42,10,350000,
42,10,360000,
42,10,370000,
42,10,380000,
42,10,390000,
42,10,400000,0.0
42,10,410000,
42,10,420000,
42,10,430000,
42,10,440000,
42,10,450000,
42,10,460000,
42,10,470000,
42,10,480000,
42,10,490000,
42,10,500000,0.0006000000284984708
42,10,510000,
42,10,520000,
42,10,530000,
42,10,540000,
42,10,550000,
42,10,560000,
42,10,570000,
42,10,580000,
42,10,590000,
42,10,600000,0.0027000000700354576
42,10,610000,
42,10,620000,
42,10,630000,
42,10,640000,
42,10,650000,
42,10,660000,
42,10,670000,
42,10,680000,
42,10,690000,
42,10,700000,0.003000000026077032
42,10,710000,
42,10,720000,
42,10,730000,
42,10,740000,
42,10,750000,
42,10,760000,
42,10,770000,
42,10,780000,
42,10,790000,
42,10,800000,0.00430000014603138
42,10,810000,
42,10,820000,
42,10,830000,
42,10,840000,
42,10,850000,
42,10,860000,
42,10,870000,
42,10,880000,
42,10,890000,
42,10,900000,0.0032999999821186066
42,10,910000,
42,10,920000,
42,10,930000,
42,10,940000,
42,10,950000,
42,10,960000,
42,10,970000,
42,10,980000,
42,10,990000,
42,10,1000000,0.0035000001080334187
42,10,1010000,
42,10,1020000,
42,10,1030000,
42,10,1040000,
42,10,1050000,
42,10,1060000,
42,10,1070000,
42,10,1080000,
42,10,1090000,
42,10,1100000,0.002899999963119626
42,10,1110000,
42,10,1120000,
42,10,1130000,
42,10,1140000,
42,10,1150000,
42,10,1160000,
42,10,1170000,
42,10,1180000,
42,10,1190000,
42,10,1200000,0.0044999998062849045
42,10,1210000,
42,10,1220000,
42,10,1230000,
42,10,1240000,
42,10,1250000,
42,10,1260000,
42,10,1270000,
42,10,1280000,
42,10,1290000,
42,10,1300000,0.00430000014603138
42,10,1310000,
42,10,1320000,
42,10,1330000,
42,10,1340000,
42,10,1350000,
42,10,1360000,
42,10,1370000,
42,10,1380000,
42,10,1390000,
42,10,1400000,0.004800000227987766
42,10,1410000,
42,10,1420000,
42,10,1430000,
42,10,1440000,
42,10,1450000,
42,10,1460000,
42,10,1470000,
42,10,1480000,
42,10,1490000,
42,10,1500000,0.0034000000450760126
42,10,1510000,
42,10,1520000,
42,10,1530000,
42,10,1540000,
42,10,1550000,
42,10,1560000,
42,10,1570000,
42,10,1580000,
42,10,1590000,
42,10,1600000,0.004900000058114529
42,10,1610000,
42,10,1620000,
42,10,1630000,
42,10,1640000,
42,10,1650000,
42,10,1660000,
42,10,1670000,
42,10,1680000,
42,10,1690000,
42,10,1700000,0.004600000102072954
42,10,1710000,
42,10,1720000,
42,10,1730000,
42,10,1740000,
42,10,1750000,
42,10,1760000,
42,10,1770000,
42,10,1780000,
42,10,1790000,
42,10,1800000,0.005900000222027302
42,10,1810000,
42,10,1820000,
42,10,1830000,
42,10,1840000,
42,10,1850000,
42,10,1860000,
42,10,1870000,
42,10,1880000,
42,10,1890000,
42,10,1900000,0.004600000102072954
42,10,1910000,
42,10,1920000,
42,10,1930000,
42,10,1940000,
42,10,1950000,
42,10,1960000,
42,10,1970000,
42,10,1980000,
42,10,1990000,
42,10,2000000,0.004000000189989805
42,10,2010000,
42,10,2020000,
42,10,2030000,
42,10,2040000,
42,10,2050000,
42,10,2060000,
42,10,2070000,
42,10,2080000,
42,10,2090000,
42,10,2100000,0.004699999932199717
42,10,2110000,
42,10,2120000,
42,10,2130000,
42,10,2140000,
42,10,2150000,
42,10,2160000,
42,10,2170000,
42,10,2180000,
42,10,2190000,
42,10,2200000,0.0038999998942017555
42,10,2210000,
42,10,2220000,
42,10,2230000,
42,10,2240000,
42,10,2250000,
42,10,2260000,
42,10,2270000,
42,10,2280000,
42,10,2290000,
42,10,2300000,0.004999999888241291
42,10,2310000,
42,10,2320000,
42,10,2330000,
42,10,2340000,
42,10,2350000,
42,10,2360000,
42,10,2370000,
42,10,2380000,
42,10,2390000,
42,10,2400000,0.006399999838322401
42,10,2410000,
42,10,2420000,
42,10,2430000,
42,10,2440000,
42,10,2450000,
42,10,2460000,
42,10,2470000,
42,10,2480000,
42,10,2490000,
42,10,2500000,0.005900000222027302
42,10,2510000,
42,10,2520000,
42,10,2530000,
42,10,2540000,
42,10,2550000,
42,10,2560000,
42,10,2570000,
42,10,2580000,
42,10,2590000,
42,10,2600000,0.005900000222027302
42,10,2610000,
42,10,2620000,
42,10,2630000,
42,10,2640000,
42,10,2650000,
42,10,2660000,
42,10,2670000,
42,10,2680000,
42,10,2690000,
42,10,2700000,0.006599999964237213
42,10,2710000,
42,10,2720000,
42,10,2730000,
42,10,2740000,
42,10,2750000,
42,10,2760000,
42,10,2770000,
42,10,2780000,
42,10,2790000,
42,10,2800000,0.004999999888241291
42,10,2810000,
42,10,2820000,
42,10,2830000,
42,10,2840000,
42,10,2850000,
42,10,2860000,
42,10,2870000,
42,10,2880000,
42,10,2890000,
42,10,2900000,0.00559999980032444
42,10,2910000,
42,10,2920000,
42,10,2930000,
42,10,2940000,
42,10,2950000,
42,10,2960000,
42,10,2970000,
42,10,2980000,
42,10,2990000,
42,10,3000000,0.004900000058114529
42,10,3010000,
42,10,3020000,
42,10,3030000,
42,10,3040000,
42,10,3050000,
42,10,3060000,
42,10,3070000,
42,10,3080000,
42,10,3090000,
42,10,3100000,0.006899999920278788
42,10,3110000,
42,10,3120000,
42,10,3130000,
42,10,3140000,
42,10,3150000,
42,10,3160000,
42,10,3170000,
42,10,3180000,
42,10,3190000,
42,10,3200000,0.006200000178068876
42,10,3210000,
42,10,3220000,
42,10,3230000,
42,10,3240000,
42,10,3250000,
42,10,3260000,
42,10,3270000,
42,10,3280000,
42,10,3290000,
42,10,3300000,0.004900000058114529
42,10,3310000,
42,10,3320000,
42,10,3330000,
42,10,3340000,
42,10,3350000,
42,10,3360000,
42,10,3370000,
42,10,3380000,
42,10,3390000,
42,10,3400000,0.00559999980032444
42,10,3410000,
42,10,3420000,
42,10,3430000,
42,10,3440000,
42,10,3450000,
42,10,3460000,
42,10,3470000,
42,10,3480000,
42,10,3490000,
42,10,3500000,0.004900000058114529
42,10,3510000,
42,10,3520000,
42,10,3530000,
42,10,3540000,
42,10,3550000,
42,10,3560000,
42,10,3570000,
42,10,3580000,
42,10,3590000,
42,10,3600000,0.005200000014156103
42,10,3610000,
42,10,3620000,
42,10,3630000,
42,10,3640000,
42,10,3650000,
42,10,3660000,
42,10,3670000,
42,10,3680000,
42,10,3690000,
42,10,3700000,0.006200000178068876
42,10,3710000,
42,10,3720000,
42,10,3730000,
42,10,3740000,
42,10,3750000,
42,10,3760000,
42,10,3770000,
42,10,3780000,
42,10,3790000,
42,10,3800000,0.00559999980032444
42,10,3810000,
42,10,3820000,
42,10,3830000,
42,10,3840000,
42,10,3850000,
42,10,3860000,
42,10,3870000,
42,10,3880000,
42,10,3890000,
42,10,3900000,0.006399999838322401
42,10,3910000,
42,10,3920000,
42,10,3930000,
42,10,3940000,
42,10,3950000,
42,10,3960000,
42,10,3970000,
42,10,3980000,
42,10,3990000,
42,10,4000000,0.006000000052154064
42,10,4010000,
42,10,4020000,
42,10,4030000,
42,10,4040000,
42,10,4050000,
42,10,4060000,
42,10,4070000,
42,10,4080000,
42,10,4090000,
42,10,4100000,0.004999999888241291
42,10,4110000,
42,10,4120000,
42,10,4130000,
42,10,4140000,
42,10,4150000,
42,10,4160000,
42,10,4170000,
42,10,4180000,
42,10,4190000,
42,10,4200000,0.005499999970197678
42,10,4210000,
42,10,4220000,
42,10,4230000,
42,10,4240000,
42,10,4250000,
42,10,4260000,
42,10,4270000,
42,10,4280000,
42,10,4290000,
42,10,4300000,0.006599999964237213
42,10,4310000,
42,10,4320000,
42,10,4330000,
42,10,4340000,
42,10,4350000,
42,10,4360000,
42,10,4370000,
42,10,4380000,
42,10,4390000,
42,10,4400000,0.005499999970197678
42,10,4410000,
42,10,4420000,
42,10,4430000,
42,10,4440000,
42,10,4450000,
42,10,4460000,
42,10,4470000,
42,10,4480000,
42,10,4490000,
42,10,4500000,0.00570000009611249
42,10,4510000,
42,10,4520000,
42,10,4530000,
42,10,4540000,
42,10,4550000,
42,10,4560000,
42,10,4570000,
42,10,4580000,
42,10,4590000,
42,10,4600000,0.005200000014156103
42,10,4610000,
42,10,4620000,
42,10,4630000,
42,10,4640000,
42,10,4650000,
42,10,4660000,
42,10,4670000,
42,10,4680000,
42,10,4690000,
42,10,4700000,0.006099999882280827
42,10,4710000,
42,10,4720000,
42,10,4730000,
42,10,4740000,
42,10,4750000,
42,10,4760000,
42,10,4770000,
42,10,4780000,
42,10,4790000,
42,10,4800000,0.004699999932199717
42,10,4810000,
42,10,4820000,
42,10,4830000,
42,10,4840000,
42,10,4850000,
42,10,4860000,
42,10,4870000,
42,10,4880000,
42,10,4890000,
42,10,4900000,0.007000000216066837
42,10,4910000,
42,10,4920000,
42,10,4930000,
42,10,4940000,
42,10,4950000,
42,10,4960000,
42,10,4970000,
42,10,4980000,
42,10,4990000,
42,10,5000000,0.004600000102072954
42,20,1,0.0
42,20,10000,
42,20,20000,
42,20,30000,
42,20,40000,
42,20,50000,
42,20,60000,
42,20,70000,
42,20,80000,
42,20,90000,
42,20,100000,0.0
42,20,110000,
42,20,120000,
42,20,130000,
42,20,140000,
42,20,150000,
42,20,160000,
42,20,170000,
42,20,180000,
42,20,190000,
42,20,200000,0.0007999999797903001
42,20,210000,
42,20,220000,
42,20,230000,
42,20,240000,
42,20,250000,
42,20,260000,
42,20,270000,
42,20,280000,
42,20,290000,
42,20,300000,0.004800000227987766
42,20,310000,
42,20,320000,
42,20,330000,
42,20,340000,
42,20,350000,
42,20,360000,
42,20,370000,
42,20,380000,
42,20,390000,
42,20,400000,0.009999999776482582
42,20,410000,
42,20,420000,
42,20,430000,
42,20,440000,
42,20,450000,
42,20,460000,
42,20,470000,
42,20,480000,
42,20,490000,
42,20,500000,0.014000000432133675
42,20,510000,
42,20,520000,
42,20,530000,
42,20,540000,
42,20,550000,
42,20,560000,
42,20,570000,
42,20,580000,
42,20,590000,
42,20,600000,0.01850000023841858
42,20,610000,
42,20,620000,
42,20,630000,
42,20,640000,
42,20,650000,
42,20,660000,
42,20,670000,
42,20,680000,
42,20,690000,
42,20,700000,0.028300000354647636
42,20,710000,
42,20,720000,
42,20,730000,
42,20,740000,
42,20,750000,
42,20,760000,
42,20,770000,
42,20,780000,
42,20,790000,
42,20,800000,0.03150000050663948
42,20,810000,
42,20,820000,
42,20,830000,
42,20,840000,
42,20,850000,
42,20,860000,
42,20,870000,
42,20,880000,
42,20,890000,
42,20,900000,0.035100001841783524
42,20,910000,
42,20,920000,
42,20,930000,
42,20,940000,
42,20,950000,
42,20,960000,
42,20,970000,
42,20,980000,
42,20,990000,
42,20,1000000,0.03720000013709068
42,20,1010000,
42,20,1020000,
42,20,1030000,
42,20,1040000,
42,20,1050000,
42,20,1060000,
42,20,1070000,
42,20,1080000,
42,20,1090000,
42,20,1100000,0.044599998742341995
42,20,1110000,
42,20,1120000,
42,20,1130000,
42,20,1140000,
42,20,1150000,
42,20,1160000,
42,20,1170000,
42,20,1180000,
42,20,1190000,
42,20,1200000,0.043699998408555984
42,20,1210000,
42,20,1220000,
42,20,1230000,
42,20,1240000,
42,20,1250000,
42,20,1260000,
42,20,1270000,
42,20,1280000,
42,20,1290000,
42,20,1300000,0.052299998700618744
42,20,1310000,
42,20,1320000,
42,20,1330000,
42,20,1340000,
42,20,1350000,
42,20,1360000,
42,20,1370000,
42,20,1380000,
42,20,1390000,
42,20,1400000,0.05169999971985817
42,20,1410000,
42,20,1420000,
42,20,1430000,
42,20,1440000,
42,20,1450000,
42,20,1460000,
42,20,1470000,
42,20,1480000,
42,20,1490000,
42,20,1500000,0.055799998342990875
42,20,1510000,
42,20,1520000,
42,20,1530000,
42,20,1540000,
42,20,1550000,
42,20,1560000,
42,20,1570000,
42,20,1580000,
42,20,1590000,
42,20,1600000,0.048700001090765
42,20,1610000,
42,20,1620000,
42,20,1630000,
42,20,1640000,
42,20,1650000,
42,20,1660000,
42,20,1670000,
42,20,1680000,
42,20,1690000,
42,20,1700000,0.05900000035762787
42,20,1710000,
42,20,1720000,
42,20,1730000,
42,20,1740000,
42,20,1750000,
42,20,1760000,
42,20,1770000,
42,20,1780000,
42,20,1790000,
42,20,1800000,0.057999998331069946
42,20,1810000,
42,20,1820000,
42,20,1830000,
42,20,1840000,
42,20,1850000,
42,20,1860000,
42,20,1870000,
42,20,1880000,
42,20,1890000,
42,20,1900000,0.06679999828338623
42,20,1910000,
42,20,1920000,
42,20,1930000,
42,20,1940000,
42,20,1950000,
42,20,1960000,
42,20,1970000,
42,20,1980000,
42,20,1990000,
42,20,2000000,0.06310000270605087
42,20,2010000,
42,20,2020000,
42,20,2030000,
42,20,2040000,
42,20,2050000,
42,20,2060000,
42,20,2070000,
42,20,2080000,
42,20,2090000,
42,20,2100000,0.06960000097751617
42,20,2110000,
42,20,2120000,
42,20,2130000,
42,20,2140000,
42,20,2150000,
42,20,2160000,
42,20,2170000,
42,20,2180000,
42,20,2190000,
42,20,2200000,0.06469999998807907
42,20,2210000,
42,20,2220000,
42,20,2230000,
42,20,2240000,
42,20,2250000,
42,20,2260000,
42,20,2270000,
42,20,2280000,
42,20,2290000,
42,20,2300000,0.06949999928474426
42,20,2310000,
42,20,2320000,
42,20,2330000,
42,20,2340000,
42,20,2350000,
42,20,2360000,
42,20,2370000,
42,20,2380000,
42,20,2390000,
42,20,2400000,0.07109999656677246
42,20,2410000,
42,20,2420000,
42,20,2430000,
42,20,2440000,
42,20,2450000,
42,20,2460000,
42,20,2470000,
42,20,2480000,
42,20,2490000,
42,20,2500000,0.066600002348423
42,20,2510000,
42,20,2520000,
42,20,2530000,
42,20,2540000,
42,20,2550000,
42,20,2560000,
42,20,2570000,
42,20,2580000,
42,20,2590000,
42,20,2600000,0.07639999687671661
42,20,2610000,
42,20,2620000,
42,20,2630000,
42,20,2640000,
42,20,2650000,
42,20,2660000,
42,20,2670000,
42,20,2680000,
42,20,2690000,
42,20,2700000,0.07410000264644623
42,20,2710000,
42,20,2720000,
42,20,2730000,
42,20,2740000,
42,20,2750000,
42,20,2760000,
42,20,2770000,
42,20,2780000,
42,20,2790000,
42,20,2800000,0.07599999755620956
42,20,2810000,
42,20,2820000,
42,20,2830000,
42,20,2840000,
42,20,2850000,
42,20,2860000,
42,20,2870000,
42,20,2880000,
42,20,2890000,
42,20,2900000,0.08020000159740448
42,20,2910000,
42,20,2920000,
42,20,2930000,
42,20,2940000,
42,20,2950000,
42,20,2960000,
42,20,2970000,
42,20,2980000,
42,20,2990000,
42,20,3000000,0.08489999920129776
42,20,3010000,
42,20,3020000,
42,20,3030000,
42,20,3040000,
42,20,3050000,
42,20,3060000,
42,20,3070000,
42,20,3080000,
42,20,3090000,
42,20,3100000,0.08460000157356262
42,20,3110000,
42,20,3120000,
42,20,3130000,
42,20,3140000,
42,20,3150000,
42,20,3160000,
42,20,3170000,
42,20,3180000,
42,20,3190000,
42,20,3200000,0.07429999858140945
42,20,3210000,
42,20,3220000,
42,20,3230000,
42,20,3240000,
42,20,3250000,
42,20,3260000,
42,20,3270000,
42,20,3280000,
42,20,3290000,
42,20,3300000,0.08250000327825546
42,20,3310000,
42,20,3320000,
42,20,3330000,
42,20,3340000,
42,20,3350000,
42,20,3360000,
42,20,3370000,
42,20,3380000,
42,20,3390000,
42,20,3400000,0.08190000057220459
42,20,3410000,
42,20,3420000,
42,20,3430000,
42,20,3440000,
42,20,3450000,
42,20,3460000,
42,20,3470000,
42,20,3480000,
42,20,3490000,
42,20,3500000,0.08449999988079071
42,20,3510000,
42,20,3520000,
42,20,3530000,
42,20,3540000,
42,20,3550000,
42,20,3560000,
42,20,3570000,
42,20,3580000,
42,20,3590000,
42,20,3600000,0.08370000123977661
42,20,3610000,
42,20,3620000,
42,20,3630000,
42,20,3640000,
42,20,3650000,
42,20,3660000,
42,20,3670000,
42,20,3680000,
42,20,3690000,
42,20,3700000,0.08380000293254852
42,20,3710000,
42,20,3720000,
42,20,3730000,
42,20,3740000,
42,20,3750000,
42,20,3760000,
42,20,3770000,
42,20,3780000,
42,20,3790000,
42,20,3800000,0.08649999648332596
42,20,3810000,
42,20,3820000,
42,20,3830000,
42,20,3840000,
42,20,3850000,
42,20,3860000,
42,20,3870000,
42,20,3880000,
42,20,3890000,
42,20,3900000,0.09640000015497208
42,20,3910000,
42,20,3920000,
42,20,3930000,
42,20,3940000,
42,20,3950000,
42,20,3960000,
42,20,3970000,
42,20,3980000,
42,20,3990000,
42,20,4000000,0.08630000054836273
42,20,4010000,
42,20,4020000,
42,20,4030000,
42,20,4040000,
42,20,4050000,
42,20,4060000,
42,20,4070000,
42,20,4080000,
42,20,4090000,
42,20,4100000,0.09070000052452087
42,20,4110000,
42,20,4120000,
42,20,4130000,
42,20,4140000,
42,20,4150000,
42,20,4160000,
42,20,4170000,
42,20,4180000,
42,20,4190000,
42,20,4200000,0.08730000257492065
42,20,4210000,
42,20,4220000,
42,20,4230000,
42,20,4240000,
42,20,4250000,
42,20,4260000,
42,20,4270000,
42,20,4280000,
42,20,4290000,
42,20,4300000,0.08820000290870667
42,20,4310000,
42,20,4320000,
42,20,4330000,
42,20,4340000,
42,20,4350000,
42,20,4360000,
42,20,4370000,
42,20,4380000,
42,20,4390000,
42,20,4400000,0.0843999981880188
42,20,4410000,
42,20,4420000,
42,20,4430000,
42,20,4440000,
42,20,4450000,
42,20,4460000,
42,20,4470000,
42,20,4480000,
42,20,4490000,
42,20,4500000,0.0869000032544136
42,20,4510000,
42,20,4520000,
42,20,4530000,
42,20,4540000,
42,20,4550000,
42,20,4560000,
42,20,4570000,
42,20,4580000,
42,20,4590000,
42,20,4600000,0.09009999781847
42,20,4610000,
42,20,4620000,
42,20,4630000,
42,20,4640000,
42,20,4650000,
42,20,4660000,
42,20,4670000,
42,20,4680000,
42,20,4690000,
42,20,4700000,0.08460000157356262
42,20,4710000,
42,20,4720000,
42,20,4730000,
42,20,4740000,
42,20,4750000,
42,20,4760000,
42,20,4770000,
42,20,4780000,
42,20,4790000,
42,20,4800000,0.09040000289678574
42,20,4810000,
42,20,4820000,
42,20,4830000,
42,20,4840000,
42,20,4850000,
42,20,4860000,
42,20,4870000,
42,20,4880000,
42,20,4890000,
42,20,4900000,0.0835999995470047
42,20,4910000,
42,20,4920000,
42,20,4930000,
42,20,4940000,
42,20,4950000,
42,20,4960000,
42,20,4970000,
42,20,4980000,
42,20,4990000,
42,20,5000000,0.09260000288486481
42,30,1,0.0
42,30,10000,
42,30,20000,
42,30,30000,
42,30,40000,
42,30,50000,
42,30,60000,
42,30,70000,
42,30,80000,
42,30,90000,
42,30,100000,9.999999747378752e-05
42,30,110000,
42,30,120000,
42,30,130000,
42,30,140000,
42,30,150000,
42,30,160000,
42,30,170000,
42,30,180000,
42,30,190000,
42,30,200000,0.004800000227987766
42,30,210000,
42,30,220000,
42,30,230000,
42,30,240000,
42,30,250000,
42,30,260000,
42,30,270000,
42,30,280000,
42,30,290000,
42,30,300000,0.025499999523162842
42,30,310000,
42,30,320000,
42,30,330000,
42,30,340000,
42,30,350000,
42,30,360000,
42,30,370000,
42,30,380000,
42,30,390000,
42,30,400000,0.04659999907016754
42,30,410000,
42,30,420000,
42,30,430000,
42,30,440000,
42,30,450000,
42,30,460000,
42,30,470000,
42,30,480000,
42,30,490000,
42,30,500000,0.06560000032186508
42,30,510000,
42,30,520000,
42,30,530000,
42,30,540000,
42,30,550000,
42,30,560000,
42,30,570000,
42,30,580000,
42,30,590000,
42,30,600000,0.08380000293254852
42,30,610000,
42,30,620000,
42,30,630000,
42,30,640000,
42,30,650000,
42,30,660000,
42,30,670000,
42,30,680000,
42,30,690000,
42,30,700000,0.09449999779462814
42,30,710000,
42,30,720000,
42,30,730000,
42,30,740000,
42,30,750000,
42,30,760000,
42,30,770000,
42,30,780000,
42,30,790000,
42,30,800000,0.12189999967813492
42,30,810000,
42,30,820000,
42,30,830000,
42,30,840000,
42,30,850000,
42,30,860000,
42,30,870000,
42,30,880000,
42,30,890000,
42,30,900000,0.13449999690055847
42,30,910000,
42,30,920000,
42,30,930000,
42,30,940000,
42,30,950000,
42,30,960000,
42,30,970000,
42,30,980000,
42,30,990000,
42,30,1000000,0.14429999887943268
42,30,1010000,
42,30,1020000,
42,30,1030000,
42,30,1040000,
42,30,1050000,
42,30,1060000,
42,30,1070000,
42,30,1080000,
42,30,1090000,
42,30,1100000,0.15240000188350677
42,30,1110000,
42,30,1120000,
42,30,1130000,
42,30,1140000,
42,30,1150000,
42,30,1160000,
42,30,1170000,
42,30,1180000,
42,30,1190000,
42,30,1200000,0.1655000001192093
42,30,1210000,
42,30,1220000,
42,30,1230000,
42,30,1240000,
42,30,1250000,
42,30,1260000,
42,30,1270000,
42,30,1280000,
42,30,1290000,
42,30,1300000,0.17589999735355377
42,30,1310000,
42,30,1320000,
42,30,1330000,
42,30,1340000,
42,30,1350000,
42,30,1360000,
42,30,1370000,
42,30,1380000,
42,30,1390000,
42,30,1400000,0.20180000364780426
42,30,1410000,
42,30,1420000,
42,30,1430000,
42,30,1440000,
42,30,1450000,
42,30,1460000,
42,30,1470000,
42,30,1480000,
42,30,1490000,
42,30,1500000,0.20730000734329224
42,30,1510000,
42,30,1520000,
42,30,1530000,
42,30,1540000,
42,30,1550000,
42,30,1560000,
42,30,1570000,
42,30,1580000,
42,30,1590000,
42,30,1600000,0.211899995803833
42,30,1610000,
42,30,1620000,
42,30,1630000,
42,30,1640000,
42,30,1650000,
42,30,1660000,
42,30,1670000,
42,30,1680000,
42,30,1690000,
42,30,1700000,0.22830000519752502
42,30,1710000,
42,30,1720000,
42,30,1730000,
42,30,1740000,
42,30,1750000,
42,30,1760000,
42,30,1770000,
42,30,1780000,
42,30,1790000,
42,30,1800000,0.21979999542236328
42,30,1810000,
42,30,1820000,
42,30,1830000,
42,30,1840000,
42,30,1850000,
42,30,1860000,
42,30,1870000,
42,30,1880000,
42,30,1890000,
42,30,1900000,0.23070000112056732
42,30,1910000,
42,30,1920000,
42,30,1930000,
42,30,1940000,
42,30,1950000,
42,30,1960000,
42,30,1970000,
42,30,1980000,
42,30,1990000,
42,30,2000000,0.23440000414848328
42,30,2010000,
42,30,2020000,
42,30,2030000,
42,30,2040000,
42,30,2050000,
42,30,2060000,
42,30,2070000,
42,30,2080000,
42,30,2090000,
42,30,2100000,0.24889999628067017
42,30,2110000,
42,30,2120000,
42,30,2130000,
42,30,2140000,
42,30,2150000,
42,30,2160000,
42,30,2170000,
42,30,2180000,
42,30,2190000,
42,30,2200000,0.24240000545978546
42,30,2210000,
42,30,2220000,
42,30,2230000,
42,30,2240000,
42,30,2250000,
42,30,2260000,
42,30,2270000,
42,30,2280000,
42,30,2290000,
42,30,2300000,0.2524000108242035
42,30,2310000,
42,30,2320000,
42,30,2330000,
42,30,2340000,
42,30,2350000,
42,30,2360000,
42,30,2370000,
42,30,2380000,
42,30,2390000,
42,30,2400000,0.2653999924659729
42,30,2410000,
42,30,2420000,
42,30,2430000,
42,30,2440000,
42,30,2450000,
42,30,2460000,
42,30,2470000,
42,30,2480000,
42,30,2490000,
42,30,2500000,0.2809999883174896
42,30,2510000,
42,30,2520000,
42,30,2530000,
42,30,2540000,
42,30,2550000,
42,30,2560000,
42,30,2570000,
42,30,2580000,
42,30,2590000,
42,30,2600000,0.2973000109195709
42,30,2610000,
42,30,2620000,
42,30,2630000,
42,30,2640000,
42,30,2650000,
42,30,2660000,
42,30,2670000,
42,30,2680000,
42,30,2690000,
42,30,2700000,0.2833000123500824
42,30,2710000,
42,30,2720000,
42,30,2730000,
42,30,2740000,
42,30,2750000,
42,30,2760000,
42,30,2770000,
42,30,2780000,
42,30,2790000,
42,30,2800000,0.2892000079154968
42,30,2810000,
42,30,2820000,
42,30,2830000,
42,30,2840000,
42,30,2850000,
42,30,2860000,
42,30,2870000,
42,30,2880000,
42,30,2890000,
42,30,2900000,0.2766999900341034
42,30,2910000,
42,30,2920000,
42,30,2930000,
42,30,2940000,
42,30,2950000,
42,30,2960000,
42,30,2970000,
42,30,2980000,
42,30,2990000,
42,30,3000000,0.29350000619888306
42,30,3010000,
42,30,3020000,
42,30,3030000,
42,30,3040000,
42,30,3050000,
42,30,3060000,
42,30,3070000,
42,30,3080000,
42,30,3090000,
42,30,3100000,0.31040000915527344
42,30,3110000,
42,30,3120000,
42,30,3130000,
42,30,3140000,
42,30,3150000,
42,30,3160000,
42,30,3170000,
42,30,3180000,
42,30,3190000,
42,30,3200000,0.2985999882221222
42,30,3210000,
42,30,3220000,
42,30,3230000,
42,30,3240000,
42,30,3250000,
42,30,3260000,
42,30,3270000,
42,30,3280000,
42,30,3290000,
42,30,3300000,0.2973000109195709
42,30,3310000,
42,30,3320000,
42,30,3330000,
42,30,3340000,
42,30,3350000,
42,30,3360000,
42,30,3370000,
42,30,3380000,
42,30,3390000,
42,30,3400000,0.30000001192092896
42,30,3410000,
42,30,3420000,
42,30,3430000,
42,30,3440000,
42,30,3450000,
42,30,3460000,
42,30,3470000,
42,30,3480000,
42,30,3490000,
42,30,3500000,0.31220000982284546
42,30,3510000,
42,30,3520000,
42,30,3530000,
42,30,3540000,
42,30,3550000,
42,30,3560000,
42,30,3570000,
42,30,3580000,
42,30,3590000,
42,30,3600000,0.32269999384880066
42,30,3610000,
42,30,3620000,
42,30,3630000,
42,30,3640000,
42,30,3650000,
42,30,3660000,
42,30,3670000,
42,30,3680000,
42,30,3690000,
42,30,3700000,0.3167000114917755
42,30,3710000,
42,30,3720000,
42,30,3730000,
42,30,3740000,
42,30,3750000,
42,30,3760000,
42,30,3770000,
42,30,3780000,
42,30,3790000,
42,30,3800000,0.3215000033378601
42,30,3810000,
42,30,3820000,
42,30,3830000,
42,30,3840000,
42,30,3850000,
42,30,3860000,
42,30,3870000,
42,30,3880000,
42,30,3890000,
42,30,3900000,0.3409999907016754
42,30,3910000,
42,30,3920000,
42,30,3930000,
42,30,3940000,
42,30,3950000,
42,30,3960000,
42,30,3970000,
42,30,3980000,
42,30,3990000,
42,30,4000000,0.33489999175071716
42,30,4010000,
42,30,4020000,
42,30,4030000,
42,30,4040000,
42,30,4050000,
42,30,4060000,
42,30,4070000,
42,30,4080000,
42,30,4090000,
42,30,4100000,0.3321000039577484
42,30,4110000,
42,30,4120000,
42,30,4130000,
42,30,4140000,
42,30,4150000,
42,30,4160000,
42,30,4170000,
42,30,4180000,
42,30,4190000,
42,30,4200000,0.3179999887943268
42,30,4210000,
42,30,4220000,
42,30,4230000,
42,30,4240000,
42,30,4250000,
42,30,4260000,
42,30,4270000,
42,30,4280000,
42,30,4290000,
42,30,4300000,0.32510000467300415
42,30,4310000,
42,30,4320000,
42,30,4330000,
42,30,4340000,
42,30,4350000,
42,30,4360000,
42,30,4370000,
42,30,4380000,
42,30,4390000,
42,30,4400000,0.3246000111103058
42,30,4410000,
42,30,4420000,
42,30,4430000,
42,30,4440000,
42,30,4450000,
42,30,4460000,
42,30,4470000,
42,30,4480000,
42,30,4490000,
42,30,4500000,0.33660000562667847
42,30,4510000,
42,30,4520000,
42,30,4530000,
42,30,4540000,
42,30,4550000,
42,30,4560000,
42,30,4570000,
42,30,4580000,
42,30,4590000,
42,30,4600000,0.33649998903274536
42,30,4610000,
42,30,4620000,
42,30,4630000,
42,30,4640000,
42,30,4650000,
42,30,4660000,
42,30,4670000,
42,30,4680000,
42,30,4690000,
42,30,4700000,0.3377000093460083
42,30,4710000,
42,30,4720000,
42,30,4730000,
42,30,4740000,
42,30,4750000,
42,30,4760000,
42,30,4770000,
42,30,4780000,
42,30,4790000,
42,30,4800000,0.34290000796318054
42,30,4810000,
42,30,4820000,
42,30,4830000,
42,30,4840000,
42,30,4850000,
42,30,4860000,
42,30,4870000,
42,30,4880000,
42,30,4890000,
42,30,4900000,0.3472000062465668
42,30,4910000,
42,30,4920000,
42,30,4930000,
42,30,4940000,
42,30,4950000,
42,30,4960000,
42,30,4970000,
42,30,4980000,
42,30,4990000,
42,30,5000000,0.3418000042438507
42,40,1,0.0
42,40,10000,
42,40,20000,
42,40,30000,
42,40,40000,
42,40,50000,
42,40,60000,
42,40,70000,
42,40,80000,
42,40,90000,
42,40,100000,0.00039999998989515007
42,40,110000,
42,40,120000,
42,40,130000,
42,40,140000,
42,40,150000,
42,40,160000,
42,40,170000,
42,40,180000,
42,40,190000,
42,40,200000,0.014600000344216824
42,40,210000,
42,40,220000,
42,40,230000,
42,40,240000,
42,40,250000,
42,40,260000,
42,40,270000,
42,40,280000,
42,40,290000,
42,40,300000,0.05249999836087227
42,40,310000,
42,40,320000,
42,40,330000,
42,40,340000,
42,40,350000,
42,40,360000,
42,40,370000,
42,40,380000,
42,40,390000,
42,40,400000,0.08060000091791153
42,40,410000,
42,40,420000,
42,40,430000,
42,40,440000,
42,40,450000,
42,40,460000,
42,40,470000,
42,40,480000,
42,40,490000,
42,40,500000,0.11400000005960464
42,40,510000,
42,40,520000,
42,40,530000,
42,40,540000,
42,40,550000,
42,40,560000,
42,40,570000,
42,40,580000,
42,40,590000,
42,40,600000,0.15539999306201935
42,40,610000,
42,40,620000,
42,40,630000,
42,40,640000,
42,40,650000,
42,40,660000,
42,40,670000,
42,40,680000,
42,40,690000,
42,40,700000,0.19030000269412994
42,40,710000,
42,40,720000,
42,40,730000,
42,40,740000,
42,40,750000,
42,40,760000,
42,40,770000,
42,40,780000,
42,40,790000,
42,40,800000,0.21199999749660492
42,40,810000,
42,40,820000,
42,40,830000,
42,40,840000,
42,40,850000,
42,40,860000,
42,40,870000,
42,40,880000,
42,40,890000,
42,40,900000,0.23909999430179596
42,40,910000,
42,40,920000,
42,40,930000,
42,40,940000,
42,40,950000,
42,40,960000,
42,40,970000,
42,40,980000,
42,40,990000,
42,40,1000000,0.2705000042915344
42,40,1010000,
42,40,1020000,
42,40,1030000,
42,40,1040000,
42,40,1050000,
42,40,1060000,
42,40,1070000,
42,40,1080000,
42,40,1090000,
42,40,1100000,0.2906000018119812
42,40,1110000,
42,40,1120000,
42,40,1130000,
42,40,1140000,
42,40,1150000,
42,40,1160000,
42,40,1170000,
42,40,1180000,
42,40,1190000,
42,40,1200000,0.3203999996185303
42,40,1210000,
42,40,1220000,
42,40,1230000,
42,40,1240000,
42,40,1250000,
42,40,1260000,
42,40,1270000,
42,40,1280000,
42,40,1290000,
42,40,1300000,0.33899998664855957
42,40,1310000,
42,40,1320000,
42,40,1330000,
42,40,1340000,
42,40,1350000,
42,40,1360000,
42,40,1370000,
42,40,1380000,
42,40,1390000,
42,40,1400000,0.3723999857902527
42,40,1410000,
42,40,1420000,
42,40,1430000,
42,40,1440000,
42,40,1450000,
42,40,1460000,
42,40,1470000,
42,40,1480000,
42,40,1490000,
42,40,1500000,0.3741999864578247
42,40,1510000,
42,40,1520000,
42,40,1530000,
42,40,1540000,
42,40,1550000,
42,40,1560000,
42,40,1570000,
42,40,1580000,
42,40,1590000,
42,40,1600000,0.4101000130176544
42,40,1610000,
42,40,1620000,
42,40,1630000,
42,40,1640000,
42,40,1650000,
42,40,1660000,
42,40,1670000,
42,40,1680000,
42,40,1690000,
42,40,1700000,0.40799999237060547
42,40,1710000,
42,40,1720000,
42,40,1730000,
42,40,1740000,
42,40,1750000,
42,40,1760000,
42,40,1770000,
42,40,1780000,
42,40,1790000,
42,40,1800000,0.41589999198913574
42,40,1810000,
42,40,1820000,
42,40,1830000,
42,40,1840000,
42,40,1850000,
42,40,1860000,
42,40,1870000,
42,40,1880000,
42,40,1890000,
42,40,1900000,0.43389999866485596
42,40,1910000,
42,40,1920000,
42,40,1930000,
42,40,1940000,
42,40,1950000,
42,40,1960000,
42,40,1970000,
42,40,1980000,
42,40,1990000,
42,40,2000000,0.451200008392334
42,40,2010000,
42,40,2020000,
42,40,2030000,
42,40,2040000,
42,40,2050000,
42,40,2060000,
42,40,2070000,
42,40,2080000,
42,40,2090000,
42,40,2100000,0.4634000062942505
42,40,2110000,
42,40,2120000,
42,40,2130000,
42,40,2140000,
42,40,2150000,
42,40,2160000,
42,40,2170000,
42,40,2180000,
42,40,2190000,
42,40,2200000,0.4787999987602234
42,40,2210000,
42,40,2220000,
42,40,2230000,
42,40,2240000,
42,40,2250000,
42,40,2260000,
42,40,2270000,
42,40,2280000,
42,40,2290000,
42,40,2300000,0.4867999851703644
42,40,2310000,
42,40,2320000,
42,40,2330000,
42,40,2340000,
42,40,2350000,
42,40,2360000,
42,40,2370000,
42,40,2380000,
42,40,2390000,
42,40,2400000,0.5117999911308289
42,40,2410000,
42,40,2420000,
42,40,2430000,
42,40,2440000,
42,40,2450000,
42,40,2460000,
42,40,2470000,
42,40,2480000,
42,40,2490000,
42,40,2500000,0.5115000009536743
42,40,2510000,
42,40,2520000,
42,40,2530000,
42,40,2540000,
42,40,2550000,
42,40,2560000,
42,40,2570000,
42,40,2580000,
42,40,2590000,
42,40,2600000,0.5116000175476074
42,40,2610000,
42,40,2620000,
42,40,2630000,
42,40,2640000,
42,40,2650000,
42,40,2660000,
42,40,2670000,
42,40,2680000,
42,40,2690000,
42,40,2700000,0.5217000246047974
42,40,2710000,
42,40,2720000,
42,40,2730000,
42,40,2740000,
42,40,2750000,
42,40,2760000,
42,40,2770000,
42,40,2780000,
42,40,2790000,
42,40,2800000,0.5340999960899353
42,40,2810000,
42,40,2820000,
42,40,2830000,
42,40,2840000,
42,40,2850000,
42,40,2860000,
42,40,2870000,
42,40,2880000,
42,40,2890000,
42,40,2900000,0.5393000245094299
42,40,2910000,
42,40,2920000,
42,40,2930000,
42,40,2940000,
42,40,2950000,
42,40,2960000,
42,40,2970000,
42,40,2980000,
42,40,2990000,
42,40,3000000,0.5394999980926514
42,40,3010000,
42,40,3020000,
42,40,3030000,
42,40,3040000,
42,40,3050000,
42,40,3060000,
42,40,3070000,
42,40,3080000,
42,40,3090000,
42,40,3100000,0.5605999827384949
42,40,3110000,
42,40,3120000,
42,40,3130000,
42,40,3140000,
42,40,3150000,
42,40,3160000,
42,40,3170000,
42,40,3180000,
42,40,3190000,
42,40,3200000,0.5458999872207642
42,40,3210000,
42,40,3220000,
42,40,3230000,
42,40,3240000,
42,40,3250000,
42,40,3260000,
42,40,3270000,
42,40,3280000,
42,40,3290000,
42,40,3300000,0.5633000135421753
42,40,3310000,
42,40,3320000,
42,40,3330000,
42,40,3340000,
42,40,3350000,
42,40,3360000,
42,40,3370000,
42,40,3380000,
42,40,3390000,
42,40,3400000,0.5835999846458435
42,40,3410000,
42,40,3420000,
42,40,3430000,
42,40,3440000,
42,40,3450000,
42,40,3460000,
42,40,3470000,
42,40,3480000,
42,40,3490000,
42,40,3500000,0.5687000155448914
42,40,3510000,
42,40,3520000,
42,40,3530000,
42,40,3540000,
42,40,3550000,
42,40,3560000,
42,40,3570000,
42,40,3580000,
42,40,3590000,
42,40,3600000,0.5752000212669373
42,40,3610000,
42,40,3620000,
42,40,3630000,
42,40,3640000,
42,40,3650000,
42,40,3660000,
42,40,3670000,
42,40,3680000,
42,40,3690000,
42,40,3700000,0.580299973487854
42,40,3710000,
42,40,3720000,
42,40,3730000,
42,40,3740000,
42,40,3750000,
42,40,3760000,
42,40,3770000,
42,40,3780000,
42,40,3790000,
42,40,3800000,0.6003000140190125
42,40,3810000,
42,40,3820000,
42,40,3830000,
42,40,3840000,
42,40,3850000,
42,40,3860000,
42,40,3870000,
42,40,3880000,
42,40,3890000,
42,40,3900000,0.5913000106811523
42,40,3910000,
42,40,3920000,
42,40,3930000,
42,40,3940000,
42,40,3950000,
42,40,3960000,
42,40,3970000,
42,40,3980000,
42,40,3990000,
42,40,4000000,0.5892000198364258
42,40,4010000,
42,40,4020000,
42,40,4030000,
42,40,4040000,
42,40,4050000,
42,40,4060000,
42,40,4070000,
42,40,4080000,
42,40,4090000,
42,40,4100000,0.5885000228881836
42,40,4110000,
42,40,4120000,
42,40,4130000,
42,40,4140000,
42,40,4150000,
42,40,4160000,
42,40,4170000,
42,40,4180000,
42,40,4190000,
42,40,4200000,0.5864999890327454
42,40,4210000,
42,40,4220000,
42,40,4230000,
42,40,4240000,
42,40,4250000,
42,40,4260000,
42,40,4270000,
42,40,4280000,
42,40,4290000,
42,40,4300000,0.5806999802589417
42,40,4310000,
42,40,4320000,
42,40,4330000,
42,40,4340000,
42,40,4350000,
42,40,4360000,
42,40,4370000,
42,40,4380000,
42,40,4390000,
42,40,4400000,0.5954999923706055
42,40,4410000,
42,40,4420000,
42,40,4430000,
42,40,4440000,
42,40,4450000,
42,40,4460000,
42,40,4470000,
42,40,4480000,
42,40,4490000,
42,40,4500000,0.5964000225067139
42,40,4510000,
42,40,4520000,
42,40,4530000,
42,40,4540000,
42,40,4550000,
42,40,4560000,
42,40,4570000,
42,40,4580000,
42,40,4590000,
42,40,4600000,0.6046000123023987
42,40,4610000,
42,40,4620000,
42,40,4630000,
42,40,4640000,
42,40,4650000,
42,40,4660000,
42,40,4670000,
42,40,4680000,
42,40,4690000,
42,40,4700000,0.5992000102996826
42,40,4710000,
42,40,4720000,
42,40,4730000,
42,40,4740000,
42,40,4750000,
42,40,4760000,
42,40,4770000,
42,40,4780000,
42,40,4790000,
42,40,4800000,0.6060000061988831
42,40,4810000,
42,40,4820000,
42,40,4830000,
42,40,4840000,
42,40,4850000,
42,40,4860000,
42,40,4870000,
42,40,4880000,
42,40,4890000,
42,40,4900000,0.6080999970436096
42,40,4910000,
42,40,4920000,
42,40,4930000,
42,40,4940000,
42,40,4950000,
42,40,4960000,
42,40,4970000,
42,40,4980000,
42,40,4990000,
42,40,5000000,0.6093999743461609
42,50,1,0.0
42,50,10000,
42,50,20000,
42,50,30000,
42,50,40000,
42,50,50000,
42,50,60000,
42,50,70000,
42,50,80000,
42,50,90000,
42,50,100000,0.000699999975040555
42,50,110000,
42,50,120000,
42,50,130000,
42,50,140000,
42,50,150000,
42,50,160000,
42,50,170000,
42,50,180000,
42,50,190000,
42,50,200000,0.02019999921321869
42,50,210000,
42,50,220000,
42,50,230000,
42,50,240000,
42,50,250000,
42,50,260000,
42,50,270000,
42,50,280000,
42,50,290000,
42,50,300000,0.06480000168085098
42,50,310000,
42,50,320000,
42,50,330000,
42,50,340000,
42,50,350000,
42,50,360000,
42,50,370000,
42,50,380000,
42,50,390000,
42,50,400000,0.10849999636411667
42,50,410000,
42,50,420000,
42,50,430000,
42,50,440000,
42,50,450000,
42,50,460000,
42,50,470000,
42,50,480000,
42,50,490000,
42,50,500000,0.1574999988079071
42,50,510000,
42,50,520000,
42,50,530000,
42,50,540000,
42,50,550000,
42,50,560000,
42,50,570000,
42,50,580000,
42,50,590000,
42,50,600000,0.19040000438690186
42,50,610000,
42,50,620000,
42,50,630000,
42,50,640000,
42,50,650000,
42,50,660000,
42,50,670000,
42,50,680000,
42,50,690000,
42,50,700000,0.23340000212192535
42,50,710000,
42,50,720000,
42,50,730000,
42,50,740000,
42,50,750000,
42,50,760000,
42,50,770000,
42,50,780000,
42,50,790000,
42,50,800000,0.2752000093460083
42,50,810000,
42,50,820000,
42,50,830000,
42,50,840000,
42,50,850000,
42,50,860000,
42,50,870000,
42,50,880000,
42,50,890000,
42,50,900000,0.3093999922275543
42,50,910000,
42,50,920000,
42,50,930000,
42,50,940000,
42,50,950000,
42,50,960000,
42,50,970000,
42,50,980000,
42,50,990000,
42,50,1000000,0.3474000096321106
42,50,1010000,
42,50,1020000,
42,50,1030000,
42,50,1040000,
42,50,1050000,
42,50,1060000,
42,50,1070000,
42,50,1080000,
42,50,1090000,
42,50,1100000,0.3720000088214874
42,50,1110000,
42,50,1120000,
42,50,1130000,
42,50,1140000,
42,50,1150000,
42,50,1160000,
42,50,1170000,
42,50,1180000,
42,50,1190000,
42,50,1200000,0.397599995136261
42,50,1210000,
42,50,1220000,
42,50,1230000,
42,50,1240000,
42,50,1250000,
42,50,1260000,
42,50,1270000,
42,50,1280000,
42,50,1290000,
42,50,1300000,0.43689998984336853
42,50,1310000,
42,50,1320000,
42,50,1330000,
42,50,1340000,
42,50,1350000,
42,50,1360000,
42,50,1370000,
42,50,1380000,
42,50,1390000,
42,50,1400000,0.48570001125335693
42,50,1410000,
42,50,1420000,
42,50,1430000,
42,50,1440000,
42,50,1450000,
42,50,1460000,
42,50,1470000,
42,50,1480000,
42,50,1490000,
42,50,1500000,0.5027999877929688
42,50,1510000,
42,50,1520000,
42,50,1530000,
42,50,1540000,
42,50,1550000,
42,50,1560000,
42,50,1570000,
42,50,1580000,
42,50,1590000,
42,50,1600000,0.5131000280380249
42,50,1610000,
42,50,1620000,
42,50,1630000,
42,50,1640000,
42,50,1650000,
42,50,1660000,
42,50,1670000,
42,50,1680000,
42,50,1690000,
42,50,1700000,0.5590000152587891
42,50,1710000,
42,50,1720000,
42,50,1730000,
42,50,1740000,
42,50,1750000,
42,50,1760000,
42,50,1770000,
42,50,1780000,
42,50,1790000,
42,50,1800000,0.5591999888420105
42,50,1810000,
42,50,1820000,
42,50,1830000,
42,50,1840000,
42,50,1850000,
42,50,1860000,
42,50,1870000,
42,50,1880000,
42,50,1890000,
42,50,1900000,0.5949000120162964
42,50,1910000,
42,50,1920000,
42,50,1930000,
42,50,1940000,
42,50,1950000,
42,50,1960000,
42,50,1970000,
42,50,1980000,
42,50,1990000,
42,50,2000000,0.5996999740600586
42,50,2010000,
42,50,2020000,
42,50,2030000,
42,50,2040000,
42,50,2050000,
42,50,2060000,
42,50,2070000,
42,50,2080000,
42,50,2090000,
42,50,2100000,0.6190999746322632
42,50,2110000,
42,50,2120000,
42,50,2130000,
42,50,2140000,
42,50,2150000,
42,50,2160000,
42,50,2170000,
42,50,2180000,
42,50,2190000,
42,50,2200000,0.6227999925613403
42,50,2210000,
42,50,2220000,
42,50,2230000,
42,50,2240000,
42,50,2250000,
42,50,2260000,
42,50,2270000,
42,50,2280000,
42,50,2290000,
42,50,2300000,0.6414999961853027
42,50,2310000,
42,50,2320000,
42,50,2330000,
42,50,2340000,
42,50,2350000,
42,50,2360000,
42,50,2370000,
42,50,2380000,
42,50,2390000,
42,50,2400000,0.6607000231742859
42,50,2410000,
42,50,2420000,
42,50,2430000,
42,50,2440000,
42,50,2450000,
42,50,2460000,
42,50,2470000,
42,50,2480000,
42,50,2490000,
42,50,2500000,0.6638000011444092
42,50,2510000,
42,50,2520000,
42,50,2530000,
42,50,2540000,
42,50,2550000,
42,50,2560000,
42,50,2570000,
42,50,2580000,
42,50,2590000,
42,50,2600000,0.6754999756813049
42,50,2610000,
42,50,2620000,
42,50,2630000,
42,50,2640000,
42,50,2650000,
42,50,2660000,
42,50,2670000,
42,50,2680000,
42,50,2690000,
42,50,2700000,0.6884999871253967
42,50,2710000,
42,50,2720000,
42,50,2730000,
42,50,2740000,
42,50,2750000,
42,50,2760000,
42,50,2770000,
42,50,2780000,
42,50,2790000,
42,50,2800000,0.7023000121116638
42,50,2810000,
42,50,2820000,
42,50,2830000,
42,50,2840000,
42,50,2850000,
42,50,2860000,
42,50,2870000,
42,50,2880000,
42,50,2890000,
42,50,2900000,0.695900022983551
42,50,2910000,
42,50,2920000,
42,50,2930000,
42,50,2940000,
42,50,2950000,
42,50,2960000,
42,50,2970000,
42,50,2980000,
42,50,2990000,
42,50,3000000,0.715399980545044
42,50,3010000,
42,50,3020000,
42,50,3030000,
42,50,3040000,
42,50,3050000,
42,50,3060000,
42,50,3070000,
42,50,3080000,
42,50,3090000,
42,50,3100000,0.7185999751091003
42,50,3110000,
42,50,3120000,
42,50,3130000,
42,50,3140000,
42,50,3150000,
42,50,3160000,
42,50,3170000,
42,50,3180000,
42,50,3190000,
42,50,3200000,0.7192999720573425
42,50,3210000,
42,50,3220000,
42,50,3230000,
42,50,3240000,
42,50,3250000,
42,50,3260000,
42,50,3270000,
42,50,3280000,
42,50,3290000,
42,50,3300000,0.7228999733924866
42,50,3310000,
42,50,3320000,
42,50,3330000,
42,50,3340000,
42,50,3350000,
42,50,3360000,
42,50,3370000,
42,50,3380000,
42,50,3390000,
42,50,3400000,0.7264999747276306
42,50,3410000,
42,50,3420000,
42,50,3430000,
42,50,3440000,
42,50,3450000,
42,50,3460000,
42,50,3470000,
42,50,3480000,
42,50,3490000,
42,50,3500000,0.7318000197410583
42,50,3510000,
42,50,3520000,
42,50,3530000,
42,50,3540000,
42,50,3550000,
42,50,3560000,
42,50,3570000,
42,50,3580000,
42,50,3590000,
42,50,3600000,0.7247999906539917
42,50,3610000,
42,50,3620000,
42,50,3630000,
42,50,3640000,
42,50,3650000,
42,50,3660000,
42,50,3670000,
42,50,3680000,
42,50,3690000,
42,50,3700000,0.75
42,50,3710000,
42,50,3720000,
42,50,3730000,
42,50,3740000,
42,50,3750000,
42,50,3760000,
42,50,3770000,
42,50,3780000,
42,50,3790000,
42,50,3800000,0.7479000091552734
42,50,3810000,
42,50,3820000,
42,50,3830000,
42,50,3840000,
42,50,3850000,
42,50,3860000,
42,50,3870000,
42,50,3880000,
42,50,3890000,
42,50,3900000,0.7544999718666077
42,50,3910000,
42,50,3920000,
42,50,3930000,
42,50,3940000,
42,50,3950000,
42,50,3960000,
42,50,3970000,
42,50,3980000,
42,50,3990000,
42,50,4000000,0.7450000047683716
42,50,4010000,
42,50,4020000,
42,50,4030000,
42,50,4040000,
42,50,4050000,
42,50,4060000,
42,50,4070000,
42,50,4080000,
42,50,4090000,
42,50,4100000,0.7505999803543091
42,50,4110000,
42,50,4120000,
42,50,4130000,
42,50,4140000,
42,50,4150000,
42,50,4160000,
42,50,4170000,
42,50,4180000,
42,50,4190000,
42,50,4200000,0.7400000095367432
42,50,4210000,
42,50,4220000,
42,50,4230000,
42,50,4240000,
42,50,4250000,
42,50,4260000,
42,50,4270000,
42,50,4280000,
42,50,4290000,
42,50,4300000,0.7497000098228455
42,50,4310000,
42,50,4320000,
42,50,4330000,
42,50,4340000,
42,50,4350000,
42,50,4360000,
42,50,4370000,
42,50,4380000,
42,50,4390000,
42,50,4400000,0.7501999735832214
42,50,4410000,
42,50,4420000,
42,50,4430000,
42,50,4440000,
42,50,4450000,
42,50,4460000,
42,50,4470000,
42,50,4480000,
42,50,4490000,
42,50,4500000,0.7555000185966492
42,50,4510000,
42,50,4520000,
42,50,4530000,
42,50,4540000,
42,50,4550000,
42,50,4560000,
42,50,4570000,
42,50,4580000,
42,50,4590000,
42,50,4600000,0.7601000070571899
42,50,4610000,
42,50,4620000,
42,50,4630000,
42,50,4640000,
42,50,4650000,
42,50,4660000,
42,50,4670000,
42,50,4680000,
42,50,4690000,
42,50,4700000,0.7595000267028809
42,50,4710000,
42,50,4720000,
42,50,4730000,
42,50,4740000,
42,50,4750000,
42,50,4760000,
42,50,4770000,
42,50,4780000,
42,50,4790000,
42,50,4800000,0.754800021648407
42,50,4810000,
42,50,4820000,
42,50,4830000,
42,50,4840000,
42,50,4850000,
42,50,4860000,
42,50,4870000,
42,50,4880000,
42,50,4890000,
42,50,4900000,0.7662000060081482
42,50,4910000,
42,50,4920000,
42,50,4930000,
42,50,4940000,
42,50,4950000,
42,50,4960000,
42,50,4970000,
42,50,4980000,
42,50,4990000,
42,50,5000000,0.7578999996185303
42,60,1,0.0
42,60,10000,
42,60,20000,
42,60,30000,
42,60,40000,
42,60,50000,
42,60,60000,
42,60,70000,
42,60,80000,
42,60,90000,
42,60,100000,0.0017000000225380063
42,60,110000,
42,60,120000,
42,60,130000,
42,60,140000,
42,60,150000,
42,60,160000,
42,60,170000,
42,60,180000,
42,60,190000,
42,60,200000,0.025299999862909317
42,60,210000,
42,60,220000,
42,60,230000,
42,60,240000,
42,60,250000,
42,60,260000,
42,60,270000,
42,60,280000,
42,60,290000,
42,60,300000,0.06700000166893005
42,60,310000,
42,60,320000,
42,60,330000,
42,60,340000,
42,60,350000,
42,60,360000,
42,60,370000,
42,60,380000,
42,60,390000,
42,60,400000,0.11060000211000443
42,60,410000,
42,60,420000,
42,60,430000,
42,60,440000,
42,60,450000,
42,60,460000,
42,60,470000,
42,60,480000,
42,60,490000,
42,60,500000,0.14180000126361847
42,60,510000,
42,60,520000,
42,60,530000,
42,60,540000,
42,60,550000,
42,60,560000,
42,60,570000,
42,60,580000,
42,60,590000,
42,60,600000,0.1851000040769577
42,60,610000,
42,60,620000,
42,60,630000,
42,60,640000,
42,60,650000,
42,60,660000,
42,60,670000,
42,60,680000,
42,60,690000,
42,60,700000,0.23739999532699585
42,60,710000,
42,60,720000,
42,60,730000,
42,60,740000,
42,60,750000,
42,60,760000,
42,60,770000,
42,60,780000,
42,60,790000,
42,60,800000,0.2892000079154968
42,60,810000,
42,60,820000,
42,60,830000,
42,60,840000,
42,60,850000,
42,60,860000,
42,60,870000,
42,60,880000,
42,60,890000,
42,60,900000,0.31200000643730164
42,60,910000,
42,60,920000,
42,60,930000,
42,60,940000,
42,60,950000,
42,60,960000,
42,60,970000,
42,60,980000,
42,60,990000,
42,60,1000000,0.3626999855041504
42,60,1010000,
42,60,1020000,
42,60,1030000,
42,60,1040000,
42,60,1050000,
42,60,1060000,
42,60,1070000,
42,60,1080000,
42,60,1090000,
42,60,1100000,0.3984000086784363
42,60,1110000,
42,60,1120000,
42,60,1130000,
42,60,1140000,
42,60,1150000,
42,60,1160000,
42,60,1170000,
42,60,1180000,
42,60,1190000,
42,60,1200000,0.4487999975681305
42,60,1210000,
42,60,1220000,
42,60,1230000,
42,60,1240000,
42,60,1250000,
42,60,1260000,
42,60,1270000,
42,60,1280000,
42,60,1290000,
42,60,1300000,0.4749999940395355
42,60,1310000,
42,60,1320000,
42,60,1330000,
42,60,1340000,
42,60,1350000,
42,60,1360000,
42,60,1370000,
42,60,1380000,
42,60,1390000,
42,60,1400000,0.5115000009536743
42,60,1410000,
42,60,1420000,
42,60,1430000,
42,60,1440000,
42,60,1450000,
42,60,1460000,
42,60,1470000,
42,60,1480000,
42,60,1490000,
42,60,1500000,0.550000011920929
42,60,1510000,
42,60,1520000,
42,60,1530000,
42,60,1540000,
42,60,1550000,
42,60,1560000,
42,60,1570000,
42,60,1580000,
42,60,1590000,
42,60,1600000,0.5910999774932861
42,60,1610000,
42,60,1620000,
42,60,1630000,
42,60,1640000,
42,60,1650000,
42,60,1660000,
42,60,1670000,
42,60,1680000,
42,60,1690000,
42,60,1700000,0.5996000170707703
42,60,1710000,
42,60,1720000,
42,60,1730000,
42,60,1740000,
42,60,1750000,
42,60,1760000,
42,60,1770000,
42,60,1780000,
42,60,1790000,
42,60,1800000,0.6226000189781189
42,60,1810000,
42,60,1820000,
42,60,1830000,
42,60,1840000,
42,60,1850000,
42,60,1860000,
42,60,1870000,
42,60,1880000,
42,60,1890000,
42,60,1900000,0.6520000100135803
42,60,1910000,
42,60,1920000,
42,60,1930000,
42,60,1940000,
42,60,1950000,
42,60,1960000,
42,60,1970000,
42,60,1980000,
42,60,1990000,
42,60,2000000,0.678600013256073
42,60,2010000,
42,60,2020000,
42,60,2030000,
42,60,2040000,
42,60,2050000,
42,60,2060000,
42,60,2070000,
42,60,2080000,
42,60,2090000,
42,60,2100000,0.692300021648407
42,60,2110000,
42,60,2120000,
42,60,2130000,
42,60,2140000,
42,60,2150000,
42,60,2160000,
42,60,2170000,
42,60,2180000,
42,60,2190000,
42,60,2200000,0.7014999985694885
42,60,2210000,
42,60,2220000,
42,60,2230000,
42,60,2240000,
42,60,2250000,
42,60,2260000,
42,60,2270000,
42,60,2280000,
42,60,2290000,
42,60,2300000,0.7073000073432922
42,60,2310000,
42,60,2320000,
42,60,2330000,
42,60,2340000,
42,60,2350000,
42,60,2360000,
42,60,2370000,
42,60,2380000,
42,60,2390000,
42,60,2400000,0.7186999917030334
42,60,2410000,
42,60,2420000,
42,60,2430000,
42,60,2440000,
42,60,2450000,
42,60,2460000,
42,60,2470000,
42,60,2480000,
42,60,2490000,
42,60,2500000,0.7253000140190125
42,60,2510000,
42,60,2520000,
42,60,2530000,
42,60,2540000,
42,60,2550000,
42,60,2560000,
42,60,2570000,
42,60,2580000,
42,60,2590000,
42,60,2600000,0.744700014591217
42,60,2610000,
42,60,2620000,
42,60,2630000,
42,60,2640000,
42,60,2650000,
42,60,2660000,
42,60,2670000,
42,60,2680000,
42,60,2690000,
42,60,2700000,0.7523999810218811
42,60,2710000,
42,60,2720000,
42,60,2730000,
42,60,2740000,
42,60,2750000,
42,60,2760000,
42,60,2770000,
42,60,2780000,
42,60,2790000,
42,60,2800000,0.7649000287055969
42,60,2810000,
42,60,2820000,
42,60,2830000,
42,60,2840000,
42,60,2850000,
42,60,2860000,
42,60,2870000,
42,60,2880000,
42,60,2890000,
42,60,2900000,0.7562999725341797
42,60,2910000,
42,60,2920000,
42,60,2930000,
42,60,2940000,
42,60,2950000,
42,60,2960000,
42,60,2970000,
42,60,2980000,
42,60,2990000,
42,60,3000000,0.7670999765396118
42,60,3010000,
42,60,3020000,
42,60,3030000,
42,60,3040000,
42,60,3050000,
42,60,3060000,
42,60,3070000,
42,60,3080000,
42,60,3090000,
42,60,3100000,0.7828999757766724
42,60,3110000,
42,60,3120000,
42,60,3130000,
42,60,3140000,
42,60,3150000,
42,60,3160000,
42,60,3170000,
42,60,3180000,
42,60,3190000,
42,60,3200000,0.7760999798774719
42,60,3210000,
42,60,3220000,
42,60,3230000,
42,60,3240000,
42,60,3250000,
42,60,3260000,
42,60,3270000,
42,60,3280000,
42,60,3290000,
42,60,3300000,0.7860000133514404
42,60,3310000,
42,60,3320000,
42,60,3330000,
42,60,3340000,
42,60,3350000,
42,60,3360000,
42,60,3370000,
42,60,3380000,
42,60,3390000,
42,60,3400000,0.795199990272522
42,60,3410000,
42,60,3420000,
42,60,3430000,
42,60,3440000,
42,60,3450000,
42,60,3460000,
42,60,3470000,
42,60,3480000,
42,60,3490000,
42,60,3500000,0.7996000051498413
42,60,3510000,
42,60,3520000,
42,60,3530000,
42,60,3540000,
42,60,3550000,
42,60,3560000,
42,60,3570000,
42,60,3580000,
42,60,3590000,
42,60,3600000,0.8112000226974487
42,60,3610000,
42,60,3620000,
42,60,3630000,
42,60,3640000,
42,60,3650000,
42,60,3660000,
42,60,3670000,
42,60,3680000,
42,60,3690000,
42,60,3700000,0.8011000156402588
42,60,3710000,
42,60,3720000,
42,60,3730000,
42,60,3740000,
42,60,3750000,
42,60,3760000,
42,60,3770000,
42,60,3780000,
42,60,3790000,
42,60,3800000,0.8023999929428101
42,60,3810000,
42,60,3820000,
42,60,3830000,
42,60,3840000,
42,60,3850000,
42,60,3860000,
42,60,3870000,
42,60,3880000,
42,60,3890000,
42,60,3900000,0.8120999932289124
42,60,3910000,
42,60,3920000,
42,60,3930000,
42,60,3940000,
42,60,3950000,
42,60,3960000,
42,60,3970000,
42,60,3980000,
42,60,3990000,
42,60,4000000,0.8069000244140625
42,60,4010000,
42,60,4020000,
42,60,4030000,
42,60,4040000,
42,60,4050000,
42,60,4060000,
42,60,4070000,
42,60,4080000,
42,60,4090000,
42,60,4100000,0.8098000288009644
42,60,4110000,
42,60,4120000,
42,60,4130000,
42,60,4140000,
42,60,4150000,
42,60,4160000,
42,60,4170000,
42,60,4180000,
42,60,4190000,
42,60,4200000,0.8080000281333923
42,60,4210000,
42,60,4220000,
42,60,4230000,
42,60,4240000,
42,60,4250000,
42,60,4260000,
42,60,4270000,
42,60,4280000,
42,60,4290000,
42,60,4300000,0.8086000084877014
42,60,4310000,
42,60,4320000,
42,60,4330000,
42,60,4340000,
42,60,4350000,
42,60,4360000,
42,60,4370000,
42,60,4380000,
42,60,4390000,
42,60,4400000,0.8203999996185303
42,60,4410000,
42,60,4420000,
42,60,4430000,
42,60,4440000,
42,60,4450000,
42,60,4460000,
42,60,4470000,
42,60,4480000,
42,60,4490000,
42,60,4500000,0.8086000084877014
42,60,4510000,
42,60,4520000,
42,60,4530000,
42,60,4540000,
42,60,4550000,
42,60,4560000,
42,60,4570000,
42,60,4580000,
42,60,4590000,
42,60,4600000,0.8170999884605408
42,60,4610000,
42,60,4620000,
42,60,4630000,
42,60,4640000,
42,60,4650000,
42,60,4660000,
42,60,4670000,
42,60,4680000,
42,60,4690000,
42,60,4700000,0.8241000175476074
42,60,4710000,
42,60,4720000,
42,60,4730000,
42,60,4740000,
42,60,4750000,
42,60,4760000,
42,60,4770000,
42,60,4780000,
42,60,4790000,
42,60,4800000,0.814300000667572
42,60,4810000,
42,60,4820000,
42,60,4830000,
42,60,4840000,
42,60,4850000,
42,60,4860000,
42,60,4870000,
42,60,4880000,
42,60,4890000,
42,60,4900000,0.8266000151634216
42,60,4910000,
42,60,4920000,
42,60,4930000,
42,60,4940000,
42,60,4950000,
42,60,4960000,
42,60,4970000,
42,60,4980000,
42,60,4990000,
42,60,5000000,0.8228999972343445
42,70,1,0.0
42,70,10000,
42,70,20000,
42,70,30000,
42,70,40000,
42,70,50000,
42,70,60000,
42,70,70000,
42,70,80000,
42,70,90000,
42,70,100000,0.0015999999595806003
42,70,110000,
42,70,120000,
42,70,130000,
42,70,140000,
42,70,150000,
42,70,160000,
42,70,170000,
42,70,180000,
42,70,190000,
42,70,200000,0.02280000038444996
42,70,210000,
42,70,220000,
42,70,230000,
42,70,240000,
42,70,250000,
42,70,260000,
42,70,270000,
42,70,280000,
42,70,290000,
42,70,300000,0.06129999831318855
42,70,310000,
42,70,320000,
42,70,330000,
42,70,340000,
42,70,350000,
42,70,360000,
42,70,370000,
42,70,380000,
42,70,390000,
42,70,400000,0.10350000113248825
42,70,410000,
42,70,420000,
42,70,430000,
42,70,440000,
42,70,450000,
42,70,460000,
42,70,470000,
42,70,480000,
42,70,490000,
42,70,500000,0.14720000326633453
42,70,510000,
42,70,520000,
42,70,530000,
42,70,540000,
42,70,550000,
42,70,560000,
42,70,570000,
42,70,580000,
42,70,590000,
42,70,600000,0.17910000681877136
42,70,610000,
42,70,620000,
42,70,630000,
42,70,640000,
42,70,650000,
42,70,660000,
42,70,670000,
42,70,680000,
42,70,690000,
42,70,700000,0.23489999771118164
42,70,710000,
42,70,720000,
42,70,730000,
42,70,740000,
42,70,750000,
42,70,760000,
42,70,770000,
42,70,780000,
42,70,790000,
42,70,800000,0.2815000116825104
42,70,810000,
42,70,820000,
42,70,830000,
42,70,840000,
42,70,850000,
42,70,860000,
42,70,870000,
42,70,880000,
42,70,890000,
42,70,900000,0.3000999987125397
42,70,910000,
42,70,920000,
42,70,930000,
42,70,940000,
42,70,950000,
42,70,960000,
42,70,970000,
42,70,980000,
42,70,990000,
42,70,1000000,0.35280001163482666
42,70,1010000,
42,70,1020000,
42,70,1030000,
42,70,1040000,
42,70,1050000,
42,70,1060000,
42,70,1070000,
42,70,1080000,
42,70,1090000,
42,70,1100000,0.3919999897480011
42,70,1110000,
42,70,1120000,
42,70,1130000,
42,70,1140000,
42,70,1150000,
42,70,1160000,
42,70,1170000,
42,70,1180000,
42,70,1190000,
42,70,1200000,0.4250999987125397
42,70,1210000,
42,70,1220000,
42,70,1230000,
42,70,1240000,
42,70,1250000,
42,70,1260000,
42,70,1270000,
42,70,1280000,
42,70,1290000,
42,70,1300000,0.4878999888896942
42,70,1310000,
42,70,1320000,
42,70,1330000,
42,70,1340000,
42,70,1350000,
42,70,1360000,
42,70,1370000,
42,70,1380000,
42,70,1390000,
42,70,1400000,0.5156000256538391
42,70,1410000,
42,70,1420000,
42,70,1430000,
42,70,1440000,
42,70,1450000,
42,70,1460000,
42,70,1470000,
42,70,1480000,
42,70,1490000,
42,70,1500000,0.573199987411499
42,70,1510000,
42,70,1520000,
42,70,1530000,
42,70,1540000,
42,70,1550000,
42,70,1560000,
42,70,1570000,
42,70,1580000,
42,70,1590000,
42,70,1600000,0.5972999930381775
42,70,1610000,
42,70,1620000,
42,70,1630000,
42,70,1640000,
42,70,1650000,
42,70,1660000,
42,70,1670000,
42,70,1680000,
42,70,1690000,
42,70,1700000,0.6136999726295471
42,70,1710000,
42,70,1720000,
42,70,1730000,
42,70,1740000,
42,70,1750000,
42,70,1760000,
42,70,1770000,
42,70,1780000,
42,70,1790000,
42,70,1800000,0.6467000246047974
42,70,1810000,
42,70,1820000,
42,70,1830000,
42,70,1840000,
42,70,1850000,
42,70,1860000,
42,70,1870000,
42,70,1880000,
42,70,1890000,
42,70,1900000,0.6678000092506409
42,70,1910000,
42,70,1920000,
42,70,1930000,
42,70,1940000,
42,70,1950000,
42,70,1960000,
42,70,1970000,
42,70,1980000,
42,70,1990000,
42,70,2000000,0.6926000118255615
42,70,2010000,
42,70,2020000,
42,70,2030000,
42,70,2040000,
42,70,2050000,
42,70,2060000,
42,70,2070000,
42,70,2080000,
42,70,2090000,
42,70,2100000,0.7080000042915344
42,70,2110000,
42,70,2120000,
42,70,2130000,
42,70,2140000,
42,70,2150000,
42,70,2160000,
42,70,2170000,
42,70,2180000,
42,70,2190000,
42,70,2200000,0.7325000166893005
42,70,2210000,
42,70,2220000,
42,70,2230000,
42,70,2240000,
42,70,2250000,
42,70,2260000,
42,70,2270000,
42,70,2280000,
42,70,2290000,
42,70,2300000,0.748199999332428
42,70,2310000,
42,70,2320000,
42,70,2330000,
42,70,2340000,
42,70,2350000,
42,70,2360000,
42,70,2370000,
42,70,2380000,
42,70,2390000,
42,70,2400000,0.7581999897956848
42,70,2410000,
42,70,2420000,
42,70,2430000,
42,70,2440000,
42,70,2450000,
42,70,2460000,
42,70,2470000,
42,70,2480000,
42,70,2490000,
42,70,2500000,0.7681999802589417
42,70,2510000,
42,70,2520000,
42,70,2530000,
42,70,2540000,
42,70,2550000,
42,70,2560000,
42,70,2570000,
42,70,2580000,
42,70,2590000,
42,70,2600000,0.7633000016212463
42,70,2610000,
42,70,2620000,
42,70,2630000,
42,70,2640000,
42,70,2650000,
42,70,2660000,
42,70,2670000,
42,70,2680000,
42,70,2690000,
42,70,2700000,0.7791000008583069
42,70,2710000,
42,70,2720000,
42,70,2730000,
42,70,2740000,
42,70,2750000,
42,70,2760000,
42,70,2770000,
42,70,2780000,
42,70,2790000,
42,70,2800000,0.7907000184059143
42,70,2810000,
42,70,2820000,
42,70,2830000,
42,70,2840000,
42,70,2850000,
42,70,2860000,
42,70,2870000,
42,70,2880000,
42,70,2890000,
42,70,2900000,0.7900000214576721
42,70,2910000,
42,70,2920000,
42,70,2930000,
42,70,2940000,
42,70,2950000,
42,70,2960000,
42,70,2970000,
42,70,2980000,
42,70,2990000,
42,70,3000000,0.8036999702453613
42,70,3010000,
42,70,3020000,
42,70,3030000,
42,70,3040000,
42,70,3050000,
42,70,3060000,
42,70,3070000,
42,70,3080000,
42,70,3090000,
42,70,3100000,0.8065000176429749
42,70,3110000,
42,70,3120000,
42,70,3130000,
42,70,3140000,
42,70,3150000,
42,70,3160000,
42,70,3170000,
42,70,3180000,
42,70,3190000,
42,70,3200000,0.8123999834060669
42,70,3210000,
42,70,3220000,
42,70,3230000,
42,70,3240000,
42,70,3250000,
42,70,3260000,
42,70,3270000,
42,70,3280000,
42,70,3290000,
42,70,3300000,0.8079000115394592
42,70,3310000,
42,70,3320000,
42,70,3330000,
42,70,3340000,
42,70,3350000,
42,70,3360000,
42,70,3370000,
42,70,3380000,
42,70,3390000,
42,70,3400000,0.8220999836921692
42,70,3410000,
42,70,3420000,
42,70,3430000,
42,70,3440000,
42,70,3450000,
42,70,3460000,
42,70,3470000,
42,70,3480000,
42,70,3490000,
42,70,3500000,0.8111000061035156
42,70,3510000,
42,70,3520000,
42,70,3530000,
42,70,3540000,
42,70,3550000,
42,70,3560000,
42,70,3570000,
42,70,3580000,
42,70,3590000,
42,70,3600000,0.8208000063896179
42,70,3610000,
42,70,3620000,
42,70,3630000,
42,70,3640000,
42,70,3650000,
42,70,3660000,
42,70,3670000,
42,70,3680000,
42,70,3690000,
42,70,3700000,0.8205000162124634
42,70,3710000,
42,70,3720000,
42,70,3730000,
42,70,3740000,
42,70,3750000,
42,70,3760000,
42,70,3770000,
42,70,3780000,
42,70,3790000,
42,70,3800000,0.8371000289916992
42,70,3810000,
42,70,3820000,
42,70,3830000,
42,70,3840000,
42,70,3850000,
42,70,3860000,
42,70,3870000,
42,70,3880000,
42,70,3890000,
42,70,3900000,0.8274999856948853
42,70,3910000,
42,70,3920000,
42,70,3930000,
42,70,3940000,
42,70,3950000,
42,70,3960000,
42,70,3970000,
42,70,3980000,
42,70,3990000,
42,70,4000000,0.8327999711036682
42,70,4010000,
42,70,4020000,
42,70,4030000,
42,70,4040000,
42,70,4050000,
42,70,4060000,
42,70,4070000,
42,70,4080000,
42,70,4090000,
42,70,4100000,0.8374000191688538
42,70,4110000,
42,70,4120000,
42,70,4130000,
42,70,4140000,
42,70,4150000,
42,70,4160000,
42,70,4170000,
42,70,4180000,
42,70,4190000,
42,70,4200000,0.8324000239372253
42,70,4210000,
42,70,4220000,
42,70,4230000,
42,70,4240000,
42,70,4250000,
42,70,4260000,
42,70,4270000,
42,70,4280000,
42,70,4290000,
42,70,4300000,0.8371999859809875
42,70,4310000,
42,70,4320000,
42,70,4330000,
42,70,4340000,
42,70,4350000,
42,70,4360000,
42,70,4370000,
42,70,4380000,
42,70,4390000,
42,70,4400000,0.8360999822616577
42,70,4410000,
42,70,4420000,
42,70,4430000,
42,70,4440000,
42,70,4450000,
42,70,4460000,
42,70,4470000,
42,70,4480000,
42,70,4490000,
42,70,4500000,0.8353000283241272
42,70,4510000,
42,70,4520000,
42,70,4530000,
42,70,4540000,
42,70,4550000,
42,70,4560000,
42,70,4570000,
42,70,4580000,
42,70,4590000,
42,70,4600000,0.8529000282287598
42,70,4610000,
42,70,4620000,
42,70,4630000,
42,70,4640000,
42,70,4650000,
42,70,4660000,
42,70,4670000,
42,70,4680000,
42,70,4690000,
42,70,4700000,0.8468999862670898
42,70,4710000,
42,70,4720000,
42,70,4730000,
42,70,4740000,
42,70,4750000,
42,70,4760000,
42,70,4770000,
42,70,4780000,
42,70,4790000,
42,70,4800000,0.8385999798774719
42,70,4810000,
42,70,4820000,
42,70,4830000,
42,70,4840000,
42,70,4850000,
42,70,4860000,
42,70,4870000,
42,70,4880000,
42,70,4890000,
42,70,4900000,0.8554999828338623
42,70,4910000,
42,70,4920000,
42,70,4930000,
42,70,4940000,
42,70,4950000,
42,70,4960000,
42,70,4970000,
42,70,4980000,
42,70,4990000,
42,70,5000000,0.8381999731063843
42,80,1,0.0
42,80,10000,
42,80,20000,
42,80,30000,
42,80,40000,
42,80,50000,
42,80,60000,
42,80,70000,
42,80,80000,
42,80,90000,
42,80,100000,0.0010000000474974513
42,80,110000,
42,80,120000,
42,80,130000,
42,80,140000,
42,80,150000,
42,80,160000,
42,80,170000,
42,80,180000,
42,80,190000,
42,80,200000,0.020600000396370888
42,80,210000,
42,80,220000,
42,80,230000,
42,80,240000,
42,80,250000,
42,80,260000,
42,80,270000,
42,80,280000,
42,80,290000,
42,80,300000,0.051600001752376556
42,80,310000,
42,80,320000,
42,80,330000,
42,80,340000,
42,80,350000,
42,80,360000,
42,80,370000,
42,80,380000,
42,80,390000,
42,80,400000,0.08839999884366989
42,80,410000,
42,80,420000,
42,80,430000,
42,80,440000,
42,80,450000,
42,80,460000,
42,80,470000,
42,80,480000,
42,80,490000,
42,80,500000,0.12690000236034393
42,80,510000,
42,80,520000,
42,80,530000,
42,80,540000,
42,80,550000,
42,80,560000,
42,80,570000,
42,80,580000,
42,80,590000,
42,80,600000,0.15610000491142273
42,80,610000,
42,80,620000,
42,80,630000,
42,80,640000,
42,80,650000,
42,80,660000,
42,80,670000,
42,80,680000,
42,80,690000,
42,80,700000,0.19539999961853027
42,80,710000,
42,80,720000,
42,80,730000,
42,80,740000,
42,80,750000,
42,80,760000,
42,80,770000,
42,80,780000,
42,80,790000,
42,80,800000,0.22550000250339508
42,80,810000,
42,80,820000,
42,80,830000,
42,80,840000,
42,80,850000,
42,80,860000,
42,80,870000,
42,80,880000,
42,80,890000,
42,80,900000,0.2655999958515167
42,80,910000,
42,80,920000,
42,80,930000,
42,80,940000,
42,80,950000,
42,80,960000,
42,80,970000,
42,80,980000,
42,80,990000,
42,80,1000000,0.34049999713897705
42,80,1010000,
42,80,1020000,
42,80,1030000,
42,80,1040000,
42,80,1050000,
42,80,1060000,
42,80,1070000,
42,80,1080000,
42,80,1090000,
42,80,1100000,0.3605000078678131
42,80,1110000,
42,80,1120000,
42,80,1130000,
42,80,1140000,
42,80,1150000,
42,80,1160000,
42,80,1170000,
42,80,1180000,
42,80,1190000,
42,80,1200000,0.4117000102996826
42,80,1210000,
42,80,1220000,
42,80,1230000,
42,80,1240000,
42,80,1250000,
42,80,1260000,
42,80,1270000,
42,80,1280000,
42,80,1290000,
42,80,1300000,0.45249998569488525
42,80,1310000,
42,80,1320000,
42,80,1330000,
42,80,1340000,
42,80,1350000,
42,80,1360000,
42,80,1370000,
42,80,1380000,
42,80,1390000,
42,80,1400000,0.4851999878883362
42,80,1410000,
42,80,1420000,
42,80,1430000,
42,80,1440000,
42,80,1450000,
42,80,1460000,
42,80,1470000,
42,80,1480000,
42,80,1490000,
42,80,1500000,0.5192999839782715
42,80,1510000,
42,80,1520000,
42,80,1530000,
42,80,1540000,
42,80,1550000,
42,80,1560000,
42,80,1570000,
42,80,1580000,
42,80,1590000,
42,80,1600000,0.5726000070571899
42,80,1610000,
42,80,1620000,
42,80,1630000,
42,80,1640000,
42,80,1650000,
42,80,1660000,
42,80,1670000,
42,80,1680000,
42,80,1690000,
42,80,1700000,0.6169000267982483
42,80,1710000,
42,80,1720000,
42,80,1730000,
42,80,1740000,
42,80,1750000,
42,80,1760000,
42,80,1770000,
42,80,1780000,
42,80,1790000,
42,80,1800000,0.621399998664856
42,80,1810000,
42,80,1820000,
42,80,1830000,
42,80,1840000,
42,80,1850000,
42,80,1860000,
42,80,1870000,
42,80,1880000,
42,80,1890000,
42,80,1900000,0.6509000062942505
42,80,1910000,
42,80,1920000,
42,80,1930000,
42,80,1940000,
42,80,1950000,
42,80,1960000,
42,80,1970000,
42,80,1980000,
42,80,1990000,
42,80,2000000,0.6741999983787537
42,80,2010000,
42,80,2020000,
42,80,2030000,
42,80,2040000,
42,80,2050000,
42,80,2060000,
42,80,2070000,
42,80,2080000,
42,80,2090000,
42,80,2100000,0.6869000196456909
42,80,2110000,
42,80,2120000,
42,80,2130000,
42,80,2140000,
42,80,2150000,
42,80,2160000,
42,80,2170000,
42,80,2180000,
42,80,2190000,
42,80,2200000,0.6991000175476074
42,80,2210000,
42,80,2220000,
42,80,2230000,
42,80,2240000,
42,80,2250000,
42,80,2260000,
42,80,2270000,
42,80,2280000,
42,80,2290000,
42,80,2300000,0.7239000201225281
42,80,2310000,
42,80,2320000,
42,80,2330000,
42,80,2340000,
42,80,2350000,
42,80,2360000,
42,80,2370000,
42,80,2380000,
42,80,2390000,
42,80,2400000,0.728600025177002
42,80,2410000,
42,80,2420000,
42,80,2430000,
42,80,2440000,
42,80,2450000,
42,80,2460000,
42,80,2470000,
42,80,2480000,
42,80,2490000,
42,80,2500000,0.7419999837875366
42,80,2510000,
42,80,2520000,
42,80,2530000,
42,80,2540000,
42,80,2550000,
42,80,2560000,
42,80,2570000,
42,80,2580000,
42,80,2590000,
42,80,2600000,0.7336999773979187
42,80,2610000,
42,80,2620000,
42,80,2630000,
42,80,2640000,
42,80,2650000,
42,80,2660000,
42,80,2670000,
42,80,2680000,
42,80,2690000,
42,80,2700000,0.7523000240325928
42,80,2710000,
42,80,2720000,
42,80,2730000,
42,80,2740000,
42,80,2750000,
42,80,2760000,
42,80,2770000,
42,80,2780000,
42,80,2790000,
42,80,2800000,0.7592999935150146
42,80,2810000,
42,80,2820000,
42,80,2830000,
42,80,2840000,
42,80,2850000,
42,80,2860000,
42,80,2870000,
42,80,2880000,
42,80,2890000,
42,80,2900000,0.7703999876976013
42,80,2910000,
42,80,2920000,
42,80,2930000,
42,80,2940000,
42,80,2950000,
42,80,2960000,
42,80,2970000,
42,80,2980000,
42,80,2990000,
42,80,3000000,0.7821000218391418
42,80,3010000,
42,80,3020000,
42,80,3030000,
42,80,3040000,
42,80,3050000,
42,80,3060000,
42,80,3070000,
42,80,3080000,
42,80,3090000,
42,80,3100000,0.7900999784469604
42,80,3110000,
42,80,3120000,
42,80,3130000,
42,80,3140000,
42,80,3150000,
42,80,3160000,
42,80,3170000,
42,80,3180000,
42,80,3190000,
42,80,3200000,0.795199990272522
42,80,3210000,
42,80,3220000,
42,80,3230000,
42,80,3240000,
42,80,3250000,
42,80,3260000,
42,80,3270000,
42,80,3280000,
42,80,3290000,
42,80,3300000,0.8079000115394592
42,80,3310000,
42,80,3320000,
42,80,3330000,
42,80,3340000,
42,80,3350000,
42,80,3360000,
42,80,3370000,
42,80,3380000,
42,80,3390000,
42,80,3400000,0.8090000152587891
42,80,3410000,
42,80,3420000,
42,80,3430000,
42,80,3440000,
42,80,3450000,
42,80,3460000,
42,80,3470000,
42,80,3480000,
42,80,3490000,
42,80,3500000,0.8015999794006348
42,80,3510000,
42,80,3520000,
42,80,3530000,
42,80,3540000,
42,80,3550000,
42,80,3560000,
42,80,3570000,
42,80,3580000,
42,80,3590000,
42,80,3600000,0.814300000667572
42,80,3610000,
42,80,3620000,
42,80,3630000,
42,80,3640000,
42,80,3650000,
42,80,3660000,
42,80,3670000,
42,80,3680000,
42,80,3690000,
42,80,3700000,0.8213000297546387
42,80,3710000,
42,80,3720000,
42,80,3730000,
42,80,3740000,
42,80,3750000,
42,80,3760000,
42,80,3770000,
42,80,3780000,
42,80,3790000,
42,80,3800000,0.809499979019165
42,80,3810000,
42,80,3820000,
42,80,3830000,
42,80,3840000,
42,80,3850000,
42,80,3860000,
42,80,3870000,
42,80,3880000,
42,80,3890000,
42,80,3900000,0.8197000026702881
42,80,3910000,
42,80,3920000,
42,80,3930000,
42,80,3940000,
42,80,3950000,
42,80,3960000,
42,80,3970000,
42,80,3980000,
42,80,3990000,
42,80,4000000,0.8287000060081482
42,80,4010000,
42,80,4020000,
42,80,4030000,
42,80,4040000,
42,80,4050000,
42,80,4060000,
42,80,4070000,
42,80,4080000,
42,80,4090000,
42,80,4100000,0.8309000134468079
42,80,4110000,
42,80,4120000,
42,80,4130000,
42,80,4140000,
42,80,4150000,
42,80,4160000,
42,80,4170000,
42,80,4180000,
42,80,4190000,
42,80,4200000,0.8310999870300293
42,80,4210000,
42,80,4220000,
42,80,4230000,
42,80,4240000,
42,80,4250000,
42,80,4260000,
42,80,4270000,
42,80,4280000,
42,80,4290000,
42,80,4300000,0.8364999890327454
42,80,4310000,
42,80,4320000,
42,80,4330000,
42,80,4340000,
42,80,4350000,
42,80,4360000,
42,80,4370000,
42,80,4380000,
42,80,4390000,
42,80,4400000,0.8474000096321106
42,80,4410000,
42,80,4420000,
42,80,4430000,
42,80,4440000,
42,80,4450000,
42,80,4460000,
42,80,4470000,
42,80,4480000,
42,80,4490000,
42,80,4500000,0.8395000100135803
42,80,4510000,
42,80,4520000,
42,80,4530000,
42,80,4540000,
42,80,4550000,
42,80,4560000,
42,80,4570000,
42,80,4580000,
42,80,4590000,
42,80,4600000,0.8456000089645386
42,80,4610000,
42,80,4620000,
42,80,4630000,
42,80,4640000,
42,80,4650000,
42,80,4660000,
42,80,4670000,
42,80,4680000,
42,80,4690000,
42,80,4700000,0.842199981212616
42,80,4710000,
42,80,4720000,
42,80,4730000,
42,80,4740000,
42,80,4750000,
42,80,4760000,
42,80,4770000,
42,80,4780000,
42,80,4790000,
42,80,4800000,0.8330000042915344
42,80,4810000,
42,80,4820000,
42,80,4830000,
42,80,4840000,
42,80,4850000,
42,80,4860000,
42,80,4870000,
42,80,4880000,
42,80,4890000,
42,80,4900000,0.8410000205039978
42,80,4910000,
42,80,4920000,
42,80,4930000,
42,80,4940000,
42,80,4950000,
42,80,4960000,
42,80,4970000,
42,80,4980000,
42,80,4990000,
42,80,5000000,0.8317000269889832
42,90,1,0.0
42,90,10000,
42,90,20000,
42,90,30000,
42,90,40000,
42,90,50000,
42,90,60000,
42,90,70000,
42,90,80000,
42,90,90000,
42,90,100000,0.0008999999845400453
42,90,110000,
42,90,120000,
42,90,130000,
42,90,140000,
42,90,150000,
42,90,160000,
42,90,170000,
42,90,180000,
42,90,190000,
42,90,200000,0.014999999664723873
42,90,210000,
42,90,220000,
42,90,230000,
42,90,240000,
42,90,250000,
42,90,260000,
42,90,270000,
42,90,280000,
42,90,290000,
42,90,300000,0.04230000078678131
42,90,310000,
42,90,320000,
42,90,330000,
42,90,340000,
42,90,350000,
42,90,360000,
42,90,370000,
42,90,380000,
42,90,390000,
42,90,400000,0.0681999996304512
42,90,410000,
42,90,420000,
42,90,430000,
42,90,440000,
42,90,450000,
42,90,460000,
42,90,470000,
42,90,480000,
42,90,490000,
42,90,500000,0.09529999643564224
42,90,510000,
42,90,520000,
42,90,530000,
42,90,540000,
42,90,550000,
42,90,560000,
42,90,570000,
42,90,580000,
42,90,590000,
42,90,600000,0.12710000574588776
42,90,610000,
42,90,620000,
42,90,630000,
42,90,640000,
42,90,650000,
42,90,660000,
42,90,670000,
42,90,680000,
42,90,690000,
42,90,700000,0.17069999873638153
42,90,710000,
42,90,720000,
42,90,730000,
42,90,740000,
42,90,750000,
42,90,760000,
42,90,770000,
42,90,780000,
42,90,790000,
42,90,800000,0.19419999420642853
42,90,810000,
42,90,820000,
42,90,830000,
42,90,840000,
42,90,850000,
42,90,860000,
42,90,870000,
42,90,880000,
42,90,890000,
42,90,900000,0.21940000355243683
42,90,910000,
42,90,920000,
42,90,930000,
42,90,940000,
42,90,950000,
42,90,960000,
42,90,970000,
42,90,980000,
42,90,990000,
42,90,1000000,0.267300009727478
42,90,1010000,
42,90,1020000,
42,90,1030000,
42,90,1040000,
42,90,1050000,
42,90,1060000,
42,90,1070000,
42,90,1080000,
42,90,1090000,
42,90,1100000,0.31709998846054077
42,90,1110000,
42,90,1120000,
42,90,1130000,
42,90,1140000,
42,90,1150000,
42,90,1160000,
42,90,1170000,
42,90,1180000,
42,90,1190000,
42,90,1200000,0.33730000257492065
42,90,1210000,
42,90,1220000,
42,90,1230000,
42,90,1240000,
42,90,1250000,
42,90,1260000,
42,90,1270000,
42,90,1280000,
42,90,1290000,
42,90,1300000,0.38100001215934753
42,90,1310000,
42,90,1320000,
42,90,1330000,
42,90,1340000,
42,90,1350000,
42,90,1360000,
42,90,1370000,
42,90,1380000,
42,90,1390000,
42,90,1400000,0.41909998655319214
42,90,1410000,
42,90,1420000,
42,90,1430000,
42,90,1440000,
42,90,1450000,
42,90,1460000,
42,90,1470000,
42,90,1480000,
42,90,1490000,
42,90,1500000,0.4620000123977661
42,90,1510000,
42,90,1520000,
42,90,1530000,
42,90,1540000,
42,90,1550000,
42,90,1560000,
42,90,1570000,
42,90,1580000,
42,90,1590000,
42,90,1600000,0.4968000054359436
42,90,1610000,
42,90,1620000,
42,90,1630000,
42,90,1640000,
42,90,1650000,
42,90,1660000,
42,90,1670000,
42,90,1680000,
42,90,1690000,
42,90,1700000,0.5224999785423279
42,90,1710000,
42,90,1720000,
42,90,1730000,
42,90,1740000,
42,90,1750000,
42,90,1760000,
42,90,1770000,
42,90,1780000,
42,90,1790000,
42,90,1800000,0.5570999979972839
42,90,1810000,
42,90,1820000,
42,90,1830000,
42,90,1840000,
42,90,1850000,
42,90,1860000,
42,90,1870000,
42,90,1880000,
42,90,1890000,
42,90,1900000,0.5837000012397766
42,90,1910000,
42,90,1920000,
42,90,1930000,
42,90,1940000,
42,90,1950000,
42,90,1960000,
42,90,1970000,
42,90,1980000,
42,90,1990000,
42,90,2000000,0.6168000102043152
42,90,2010000,
42,90,2020000,
42,90,2030000,
42,90,2040000,
42,90,2050000,
42,90,2060000,
42,90,2070000,
42,90,2080000,
42,90,2090000,
42,90,2100000,0.6496999859809875
42,90,2110000,
42,90,2120000,
42,90,2130000,
42,90,2140000,
42,90,2150000,
42,90,2160000,
42,90,2170000,
42,90,2180000,
42,90,2190000,
42,90,2200000,0.6636000275611877
42,90,2210000,
42,90,2220000,
42,90,2230000,
42,90,2240000,
42,90,2250000,
42,90,2260000,
42,90,2270000,
42,90,2280000,
42,90,2290000,
42,90,2300000,0.683899998664856
42,90,2310000,
42,90,2320000,
42,90,2330000,
42,90,2340000,
42,90,2350000,
42,90,2360000,
42,90,2370000,
42,90,2380000,
42,90,2390000,
42,90,2400000,0.6825000047683716
42,90,2410000,
42,90,2420000,
42,90,2430000,
42,90,2440000,
42,90,2450000,
42,90,2460000,
42,90,2470000,
42,90,2480000,
42,90,2490000,
42,90,2500000,0.7142999768257141
42,90,2510000,
42,90,2520000,
42,90,2530000,
42,90,2540000,
42,90,2550000,
42,90,2560000,
42,90,2570000,
42,90,2580000,
42,90,2590000,
42,90,2600000,0.7226999998092651
42,90,2610000,
42,90,2620000,
42,90,2630000,
42,90,2640000,
42,90,2650000,
42,90,2660000,
42,90,2670000,
42,90,2680000,
42,90,2690000,
42,90,2700000,0.7311999797821045
42,90,2710000,
42,90,2720000,
42,90,2730000,
42,90,2740000,
42,90,2750000,
42,90,2760000,
42,90,2770000,
42,90,2780000,
42,90,2790000,
42,90,2800000,0.7444000244140625
42,90,2810000,
42,90,2820000,
42,90,2830000,
42,90,2840000,
42,90,2850000,
42,90,2860000,
42,90,2870000,
42,90,2880000,
42,90,2890000,
42,90,2900000,0.7458000183105469
42,90,2910000,
42,90,2920000,
42,90,2930000,
42,90,2940000,
42,90,2950000,
42,90,2960000,
42,90,2970000,
42,90,2980000,
42,90,2990000,
42,90,3000000,0.7623999714851379
42,90,3010000,
42,90,3020000,
42,90,3030000,
42,90,3040000,
42,90,3050000,
42,90,3060000,
42,90,3070000,
42,90,3080000,
42,90,3090000,
42,90,3100000,0.7602999806404114
42,90,3110000,
42,90,3120000,
42,90,3130000,
42,90,3140000,
42,90,3150000,
42,90,3160000,
42,90,3170000,
42,90,3180000,
42,90,3190000,
42,90,3200000,0.765999972820282
42,90,3210000,
42,90,3220000,
42,90,3230000,
42,90,3240000,
42,90,3250000,
42,90,3260000,
42,90,3270000,
42,90,3280000,
42,90,3290000,
42,90,3300000,0.7713000178337097
42,90,3310000,
42,90,3320000,
42,90,3330000,
42,90,3340000,
42,90,3350000,
42,90,3360000,
42,90,3370000,
42,90,3380000,
42,90,3390000,
42,90,3400000,0.7763000130653381
42,90,3410000,
42,90,3420000,
42,90,3430000,
42,90,3440000,
42,90,3450000,
42,90,3460000,
42,90,3470000,
42,90,3480000,
42,90,3490000,
42,90,3500000,0.7860000133514404
42,90,3510000,
42,90,3520000,
42,90,3530000,
42,90,3540000,
42,90,3550000,
42,90,3560000,
42,90,3570000,
42,90,3580000,
42,90,3590000,
42,90,3600000,0.7878999710083008
42,90,3610000,
42,90,3620000,
42,90,3630000,
42,90,3640000,
42,90,3650000,
42,90,3660000,
42,90,3670000,
42,90,3680000,
42,90,3690000,
42,90,3700000,0.7833999991416931
42,90,3710000,
42,90,3720000,
42,90,3730000,
42,90,3740000,
42,90,3750000,
42,90,3760000,
42,90,3770000,
42,90,3780000,
42,90,3790000,
42,90,3800000,0.8062000274658203
42,90,3810000,
42,90,3820000,
42,90,3830000,
42,90,3840000,
42,90,3850000,
42,90,3860000,
42,90,3870000,
42,90,3880000,
42,90,3890000,
42,90,3900000,0.8148000240325928
42,90,3910000,
42,90,3920000,
42,90,3930000,
42,90,3940000,
42,90,3950000,
42,90,3960000,
42,90,3970000,
42,90,3980000,
42,90,3990000,
42,90,4000000,0.8027999997138977
42,90,4010000,
42,90,4020000,
42,90,4030000,
42,90,4040000,
42,90,4050000,
42,90,4060000,
42,90,4070000,
42,90,4080000,
42,90,4090000,
42,90,4100000,0.8079000115394592
42,90,4110000,
42,90,4120000,
42,90,4130000,
42,90,4140000,
42,90,4150000,
42,90,4160000,
42,90,4170000,
42,90,4180000,
42,90,4190000,
42,90,4200000,0.8120999932289124
42,90,4210000,
42,90,4220000,
42,90,4230000,
42,90,4240000,
42,90,4250000,
42,90,4260000,
42,90,4270000,
42,90,4280000,
42,90,4290000,
42,90,4300000,0.8130000233650208
42,90,4310000,
42,90,4320000,
42,90,4330000,
42,90,4340000,
42,90,4350000,
42,90,4360000,
42,90,4370000,
42,90,4380000,
42,90,4390000,
42,90,4400000,0.8095999956130981
42,90,4410000,
42,90,4420000,
42,90,4430000,
42,90,4440000,
42,90,4450000,
42,90,4460000,
42,90,4470000,
42,90,4480000,
42,90,4490000,
42,90,4500000,0.8039000034332275
42,90,4510000,
42,90,4520000,
42,90,4530000,
42,90,4540000,
42,90,4550000,
42,90,4560000,
42,90,4570000,
42,90,4580000,
42,90,4590000,
42,90,4600000,0.8237000107765198
42,90,4610000,
42,90,4620000,
42,90,4630000,
42,90,4640000,
42,90,4650000,
42,90,4660000,
42,90,4670000,
42,90,4680000,
42,90,4690000,
42,90,4700000,0.8228999972343445
42,90,4710000,
42,90,4720000,
42,90,4730000,
42,90,4740000,
42,90,4750000,
42,90,4760000,
42,90,4770000,
42,90,4780000,
42,90,4790000,
42,90,4800000,0.8134999871253967
42,90,4810000,
42,90,4820000,
42,90,4830000,
42,90,4840000,
42,90,4850000,
42,90,4860000,
42,90,4870000,
42,90,4880000,
42,90,4890000,
42,90,4900000,0.8223999738693237
42,90,4910000,
42,90,4920000,
42,90,4930000,
42,90,4940000,
42,90,4950000,
42,90,4960000,
42,90,4970000,
42,90,4980000,
42,90,4990000,
42,90,5000000,0.8246999979019165
42,100,1,0.0
42,100,10000,
42,100,20000,
42,100,30000,
42,100,40000,
42,100,50000,
42,100,60000,
42,100,70000,
42,100,80000,
42,100,90000,
42,100,100000,0.00019999999494757503
42,100,110000,
42,100,120000,
42,100,130000,
42,100,140000,
42,100,150000,
42,100,160000,
42,100,170000,
42,100,180000,
42,100,190000,
42,100,200000,0.012500000186264515
42,100,210000,
42,100,220000,
42,100,230000,
42,100,240000,
42,100,250000,
42,100,260000,
42,100,270000,
42,100,280000,
42,100,290000,
42,100,300000,0.03200000151991844
42,100,310000,
42,100,320000,
42,100,330000,
42,100,340000,
42,100,350000,
42,100,360000,
42,100,370000,
42,100,380000,
42,100,390000,
42,100,400000,0.05950000137090683
42,100,410000,
42,100,420000,
42,100,430000,
42,100,440000,
42,100,450000,
42,100,460000,
42,100,470000,
42,100,480000,
42,100,490000,
42,100,500000,0.0706000030040741
42,100,510000,
42,100,520000,
42,100,530000,
42,100,540000,
42,100,550000,
42,100,560000,
42,100,570000,
42,100,580000,
42,100,590000,
42,100,600000,0.09520000219345093
42,100,610000,
42,100,620000,
42,100,630000,
42,100,640000,
42,100,650000,
42,100,660000,
42,100,670000,
42,100,680000,
42,100,690000,
42,100,700000,0.12060000002384186
42,100,710000,
42,100,720000,
42,100,730000,
42,100,740000,
42,100,750000,
42,100,760000,
42,100,770000,
42,100,780000,
42,100,790000,
42,100,800000,0.1509000062942505
42,100,810000,
42,100,820000,
42,100,830000,
42,100,840000,
42,100,850000,
42,100,860000,
42,100,870000,
42,100,880000,
42,100,890000,
42,100,900000,0.19349999725818634
42,100,910000,
42,100,920000,
42,100,930000,
42,100,940000,
42,100,950000,
42,100,960000,
42,100,970000,
42,100,980000,
42,100,990000,
42,100,1000000,0.20350000262260437
42,100,1010000,
42,100,1020000,
42,100,1030000,
42,100,1040000,
42,100,1050000,
42,100,1060000,
42,100,1070000,
42,100,1080000,
42,100,1090000,
42,100,1100000,0.2655999958515167
42,100,1110000,
42,100,1120000,
42,100,1130000,
42,100,1140000,
42,100,1150000,
42,100,1160000,
42,100,1170000,
42,100,1180000,
42,100,1190000,
42,100,1200000,0.28839999437332153
42,100,1210000,
42,100,1220000,
42,100,1230000,
42,100,1240000,
42,100,1250000,
42,100,1260000,
42,100,1270000,
42,100,1280000,
42,100,1290000,
42,100,1300000,0.32839998602867126
42,100,1310000,
42,100,1320000,
42,100,1330000,
42,100,1340000,
42,100,1350000,
42,100,1360000,
42,100,1370000,
42,100,1380000,
42,100,1390000,
42,100,1400000,0.375900000333786
42,100,1410000,
42,100,1420000,
42,100,1430000,
42,100,1440000,
42,100,1450000,
42,100,1460000,
42,100,1470000,
42,100,1480000,
42,100,1490000,
42,100,1500000,0.4108999967575073
42,100,1510000,
42,100,1520000,
42,100,1530000,
42,100,1540000,
42,100,1550000,
42,100,1560000,
42,100,1570000,
42,100,1580000,
42,100,1590000,
42,100,1600000,0.4584999978542328
42,100,1610000,
42,100,1620000,
42,100,1630000,
42,100,1640000,
42,100,1650000,
42,100,1660000,
42,100,1670000,
42,100,1680000,
42,100,1690000,
42,100,1700000,0.499099999666214
42,100,1710000,
42,100,1720000,
42,100,1730000,
42,100,1740000,
42,100,1750000,
42,100,1760000,
42,100,1770000,
42,100,1780000,
42,100,1790000,
42,100,1800000,0.5270000100135803
42,100,1810000,
42,100,1820000,
42,100,1830000,
42,100,1840000,
42,100,1850000,
42,100,1860000,
42,100,1870000,
42,100,1880000,
42,100,1890000,
42,100,1900000,0.5465999841690063
42,100,1910000,
42,100,1920000,
42,100,1930000,
42,100,1940000,
42,100,1950000,
42,100,1960000,
42,100,1970000,
42,100,1980000,
42,100,1990000,
42,100,2000000,0.5709999799728394
42,100,2010000,
42,100,2020000,
42,100,2030000,
42,100,2040000,
42,100,2050000,
42,100,2060000,
42,100,2070000,
42,100,2080000,
42,100,2090000,
42,100,2100000,0.5852000117301941
42,100,2110000,
42,100,2120000,
42,100,2130000,
42,100,2140000,
42,100,2150000,
42,100,2160000,
42,100,2170000,
42,100,2180000,
42,100,2190000,
42,100,2200000,0.6054999828338623
42,100,2210000,
42,100,2220000,
42,100,2230000,
42,100,2240000,
42,100,2250000,
42,100,2260000,
42,100,2270000,
42,100,2280000,
42,100,2290000,
42,100,2300000,0.6194999814033508
42,100,2310000,
42,100,2320000,
42,100,2330000,
42,100,2340000,
42,100,2350000,
42,100,2360000,
42,100,2370000,
42,100,2380000,
42,100,2390000,
42,100,2400000,0.6128000020980835
42,100,2410000,
42,100,2420000,
42,100,2430000,
42,100,2440000,
42,100,2450000,
42,100,2460000,
42,100,2470000,
42,100,2480000,
42,100,2490000,
42,100,2500000,0.6255999803543091
42,100,2510000,
42,100,2520000,
42,100,2530000,
42,100,2540000,
42,100,2550000,
42,100,2560000,
42,100,2570000,
42,100,2580000,
42,100,2590000,
42,100,2600000,0.6583999991416931
42,100,2610000,
42,100,2620000,
42,100,2630000,
42,100,2640000,
42,100,2650000,
42,100,2660000,
42,100,2670000,
42,100,2680000,
42,100,2690000,
42,100,2700000,0.6488999724388123
42,100,2710000,
42,100,2720000,
42,100,2730000,
42,100,2740000,
42,100,2750000,
42,100,2760000,
42,100,2770000,
42,100,2780000,
42,100,2790000,
42,100,2800000,0.671999990940094
42,100,2810000,
42,100,2820000,
42,100,2830000,
42,100,2840000,
42,100,2850000,
42,100,2860000,
42,100,2870000,
42,100,2880000,
42,100,2890000,
42,100,2900000,0.661899983882904
42,100,2910000,
42,100,2920000,
42,100,2930000,
42,100,2940000,
42,100,2950000,
42,100,2960000,
42,100,2970000,
42,100,2980000,
42,100,2990000,
42,100,3000000,0.6820999979972839
42,100,3010000,
42,100,3020000,
42,100,3030000,
42,100,3040000,
42,100,3050000,
42,100,3060000,
42,100,3070000,
42,100,3080000,
42,100,3090000,
42,100,3100000,0.6898999810218811
42,100,3110000,
42,100,3120000,
42,100,3130000,
42,100,3140000,
42,100,3150000,
42,100,3160000,
42,100,3170000,
42,100,3180000,
42,100,3190000,
42,100,3200000,0.6956999897956848
42,100,3210000,
42,100,3220000,
42,100,3230000,
42,100,3240000,
42,100,3250000,
42,100,3260000,
42,100,3270000,
42,100,3280000,
42,100,3290000,
42,100,3300000,0.7052000164985657
42,100,3310000,
42,100,3320000,
42,100,3330000,
42,100,3340000,
42,100,3350000,
42,100,3360000,
42,100,3370000,
42,100,3380000,
42,100,3390000,
42,100,3400000,0.7135999798774719
42,100,3410000,
42,100,3420000,
42,100,3430000,
42,100,3440000,
42,100,3450000,
42,100,3460000,
42,100,3470000,
42,100,3480000,
42,100,3490000,
42,100,3500000,0.7287999987602234
42,100,3510000,
42,100,3520000,
42,100,3530000,
42,100,3540000,
42,100,3550000,
42,100,3560000,
42,100,3570000,
42,100,3580000,
42,100,3590000,
42,100,3600000,0.7107999920845032
42,100,3610000,
42,100,3620000,
42,100,3630000,
42,100,3640000,
42,100,3650000,
42,100,3660000,
42,100,3670000,
42,100,3680000,
42,100,3690000,
42,100,3700000,0.7150999903678894
42,100,3710000,
42,100,3720000,
42,100,3730000,
42,100,3740000,
42,100,3750000,
42,100,3760000,
42,100,3770000,
42,100,3780000,
42,100,3790000,
42,100,3800000,0.7325000166893005
42,100,3810000,
42,100,3820000,
42,100,3830000,
42,100,3840000,
42,100,3850000,
42,100,3860000,
42,100,3870000,
42,100,3880000,
42,100,3890000,
42,100,3900000,0.7196999788284302
42,100,3910000,
42,100,3920000,
42,100,3930000,
42,100,3940000,
42,100,3950000,
42,100,3960000,
42,100,3970000,
42,100,3980000,
42,100,3990000,
42,100,4000000,0.7483999729156494
42,100,4010000,
42,100,4020000,
42,100,4030000,
42,100,4040000,
42,100,4050000,
42,100,4060000,
42,100,4070000,
42,100,4080000,
42,100,4090000,
42,100,4100000,0.7423999905586243
42,100,4110000,
42,100,4120000,
42,100,4130000,
42,100,4140000,
42,100,4150000,
42,100,4160000,
42,100,4170000,
42,100,4180000,
42,100,4190000,
42,100,4200000,0.7576000094413757
42,100,4210000,
42,100,4220000,
42,100,4230000,
42,100,4240000,
42,100,4250000,
42,100,4260000,
42,100,4270000,
42,100,4280000,
42,100,4290000,
42,100,4300000,0.7458999752998352
42,100,4310000,
42,100,4320000,
42,100,4330000,
42,100,4340000,
42,100,4350000,
42,100,4360000,
42,100,4370000,
42,100,4380000,
42,100,4390000,
42,100,4400000,0.7407000064849854
42,100,4410000,
42,100,4420000,
42,100,4430000,
42,100,4440000,
42,100,4450000,
42,100,4460000,
42,100,4470000,
42,100,4480000,
42,100,4490000,
42,100,4500000,0.7613999843597412
42,100,4510000,
42,100,4520000,
42,100,4530000,
42,100,4540000,
42,100,4550000,
42,100,4560000,
42,100,4570000,
42,100,4580000,
42,100,4590000,
42,100,4600000,0.7630000114440918
42,100,4610000,
42,100,4620000,
42,100,4630000,
42,100,4640000,
42,100,4650000,
42,100,4660000,
42,100,4670000,
42,100,4680000,
42,100,4690000,
42,100,4700000,0.7644000053405762
42,100,4710000,
42,100,4720000,
42,100,4730000,
42,100,4740000,
42,100,4750000,
42,100,4760000,
42,100,4770000,
42,100,4780000,
42,100,4790000,
42,100,4800000,0.7738000154495239
42,100,4810000,
42,100,4820000,
42,100,4830000,
42,100,4840000,
42,100,4850000,
42,100,4860000,
42,100,4870000,
42,100,4880000,
42,100,4890000,
42,100,4900000,0.7810999751091003
42,100,4910000,
42,100,4920000,
42,100,4930000,
42,100,4940000,
42,100,4950000,
42,100,4960000,
42,100,4970000,
42,100,4980000,
42,100,4990000,
42,100,5000000,0.7993999719619751
42,120,1,0.0
42,120,10000,
42,120,20000,
42,120,30000,
42,120,40000,
42,120,50000,
42,120,60000,
42,120,70000,
42,120,80000,
42,120,90000,
42,120,100000,0.0003000000142492354
42,120,110000,
42,120,120000,
42,120,130000,
42,120,140000,
42,120,150000,
42,120,160000,
42,120,170000,
42,120,180000,
42,120,190000,
42,120,200000,0.005499999970197678
42,120,210000,
42,120,220000,
42,120,230000,
42,120,240000,
42,120,250000,
42,120,260000,
42,120,270000,
42,120,280000,
42,120,290000,
42,120,300000,0.015399999916553497
42,120,310000,
42,120,320000,
42,120,330000,
42,120,340000,
42,120,350000,
42,120,360000,
42,120,370000,
42,120,380000,
42,120,390000,
42,120,400000,0.025299999862909317
42,120,410000,
42,120,420000,
42,120,430000,
42,120,440000,
42,120,450000,
42,120,460000,
42,120,470000,
42,120,480000,
42,120,490000,
42,120,500000,0.0414000004529953
42,120,510000,
42,120,520000,
42,120,530000,
42,120,540000,
42,120,550000,
42,120,560000,
42,120,570000,
42,120,580000,
42,120,590000,
42,120,600000,0.05950000137090683
42,120,610000,
42,120,620000,
42,120,630000,
42,120,640000,
42,120,650000,
42,120,660000,
42,120,670000,
42,120,680000,
42,120,690000,
42,120,700000,0.07880000025033951
42,120,710000,
42,120,720000,
42,120,730000,
42,120,740000,
42,120,750000,
42,120,760000,
42,120,770000,
42,120,780000,
42,120,790000,
42,120,800000,0.08900000154972076
42,120,810000,
42,120,820000,
42,120,830000,
42,120,840000,
42,120,850000,
42,120,860000,
42,120,870000,
42,120,880000,
42,120,890000,
42,120,900000,0.09960000216960907
42,120,910000,
42,120,920000,
42,120,930000,
42,120,940000,
42,120,950000,
42,120,960000,
42,120,970000,
42,120,980000,
42,120,990000,
42,120,1000000,0.12039999663829803
42,120,1010000,
42,120,1020000,
42,120,1030000,
42,120,1040000,
42,120,1050000,
42,120,1060000,
42,120,1070000,
42,120,1080000,
42,120,1090000,
42,120,1100000,0.14419999718666077
42,120,1110000,
42,120,1120000,
42,120,1130000,
42,120,1140000,
42,120,1150000,
42,120,1160000,
42,120,1170000,
42,120,1180000,
42,120,1190000,
42,120,1200000,0.1712999939918518
42,120,1210000,
42,120,1220000,
42,120,1230000,
42,120,1240000,
42,120,1250000,
42,120,1260000,
42,120,1270000,
42,120,1280000,
42,120,1290000,
42,120,1300000,0.19009999930858612
42,120,1310000,
42,120,1320000,
42,120,1330000,
42,120,1340000,
42,120,1350000,
42,120,1360000,
42,120,1370000,
42,120,1380000,
42,120,1390000,
42,120,1400000,0.22679999470710754
42,120,1410000,
42,120,1420000,
42,120,1430000,
42,120,1440000,
42,120,1450000,
42,120,1460000,
42,120,1470000,
42,120,1480000,
42,120,1490000,
42,120,1500000,0.2485000044107437
42,120,1510000,
42,120,1520000,
42,120,1530000,
42,120,1540000,
42,120,1550000,
42,120,1560000,
42,120,1570000,
42,120,1580000,
42,120,1590000,
42,120,1600000,0.2969000041484833
42,120,1610000,
42,120,1620000,
42,120,1630000,
42,120,1640000,
42,120,1650000,
42,120,1660000,
42,120,1670000,
42,120,1680000,
42,120,1690000,
42,120,1700000,0.34860000014305115
42,120,1710000,
42,120,1720000,
42,120,1730000,
42,120,1740000,
42,120,1750000,
42,120,1760000,
42,120,1770000,
42,120,1780000,
42,120,1790000,
42,120,1800000,0.3564000129699707
42,120,1810000,
42,120,1820000,
42,120,1830000,
42,120,1840000,
42,120,1850000,
42,120,1860000,
42,120,1870000,
42,120,1880000,
42,120,1890000,
42,120,1900000,0.37720000743865967
42,120,1910000,
42,120,1920000,
42,120,1930000,
42,120,1940000,
42,120,1950000,
42,120,1960000,
42,120,1970000,
42,120,1980000,
42,120,1990000,
42,120,2000000,0.3905999958515167
42,120,2010000,
42,120,2020000,
42,120,2030000,
42,120,2040000,
42,120,2050000,
42,120,2060000,
42,120,2070000,
42,120,2080000,
42,120,2090000,
42,120,2100000,0.4341999888420105
42,120,2110000,
42,120,2120000,
42,120,2130000,
42,120,2140000,
42,120,2150000,
42,120,2160000,
42,120,2170000,
42,120,2180000,
42,120,2190000,
42,120,2200000,0.48069998621940613
42,120,2210000,
42,120,2220000,
42,120,2230000,
42,120,2240000,
42,120,2250000,
42,120,2260000,
42,120,2270000,
42,120,2280000,
42,120,2290000,
42,120,2300000,0.4657000005245209
42,120,2310000,
42,120,2320000,
42,120,2330000,
42,120,2340000,
42,120,2350000,
42,120,2360000,
42,120,2370000,
42,120,2380000,
42,120,2390000,
42,120,2400000,0.49230000376701355
42,120,2410000,
42,120,2420000,
42,120,2430000,
42,120,2440000,
42,120,2450000,
42,120,2460000,
42,120,2470000,
42,120,2480000,
42,120,2490000,
42,120,2500000,0.5056999921798706
42,120,2510000,
42,120,2520000,
42,120,2530000,
42,120,2540000,
42,120,2550000,
42,120,2560000,
42,120,2570000,
42,120,2580000,
42,120,2590000,
42,120,2600000,0.5353000164031982
42,120,2610000,
42,120,2620000,
42,120,2630000,
42,120,2640000,
42,120,2650000,
42,120,2660000,
42,120,2670000,
42,120,2680000,
42,120,2690000,
42,120,2700000,0.5338000059127808
42,120,2710000,
42,120,2720000,
42,120,2730000,
42,120,2740000,
42,120,2750000,
42,120,2760000,
42,120,2770000,
42,120,2780000,
42,120,2790000,
42,120,2800000,0.5537999868392944
42,120,2810000,
42,120,2820000,
42,120,2830000,
42,120,2840000,
42,120,2850000,
42,120,2860000,
42,120,2870000,
42,120,2880000,
42,120,2890000,
42,120,2900000,0.5947999954223633
42,120,2910000,
42,120,2920000,
42,120,2930000,
42,120,2940000,
42,120,2950000,
42,120,2960000,
42,120,2970000,
42,120,2980000,
42,120,2990000,
42,120,3000000,0.573199987411499
42,120,3010000,
42,120,3020000,
42,120,3030000,
42,120,3040000,
42,120,3050000,
42,120,3060000,
42,120,3070000,
42,120,3080000,
42,120,3090000,
42,120,3100000,0.5906000137329102
42,120,3110000,
42,120,3120000,
42,120,3130000,
42,120,3140000,
42,120,3150000,
42,120,3160000,
42,120,3170000,
42,120,3180000,
42,120,3190000,
42,120,3200000,0.6080999970436096
42,120,3210000,
42,120,3220000,
42,120,3230000,
42,120,3240000,
42,120,3250000,
42,120,3260000,
42,120,3270000,
42,120,3280000,
42,120,3290000,
42,120,3300000,0.6176000237464905
42,120,3310000,
42,120,3320000,
42,120,3330000,
42,120,3340000,
42,120,3350000,
42,120,3360000,
42,120,3370000,
42,120,3380000,
42,120,3390000,
42,120,3400000,0.637499988079071
42,120,3410000,
42,120,3420000,
42,120,3430000,
42,120,3440000,
42,120,3450000,
42,120,3460000,
42,120,3470000,
42,120,3480000,
42,120,3490000,
42,120,3500000,0.6467999815940857
42,120,3510000,
42,120,3520000,
42,120,3530000,
42,120,3540000,
42,120,3550000,
42,120,3560000,
42,120,3570000,
42,120,3580000,
42,120,3590000,
42,120,3600000,0.6557999849319458
42,120,3610000,
42,120,3620000,
42,120,3630000,
42,120,3640000,
42,120,3650000,
42,120,3660000,
42,120,3670000,
42,120,3680000,
42,120,3690000,
42,120,3700000,0.6676999926567078
42,120,3710000,
42,120,3720000,
42,120,3730000,
42,120,3740000,
42,120,3750000,
42,120,3760000,
42,120,3770000,
42,120,3780000,
42,120,3790000,
42,120,3800000,0.6664999723434448
42,120,3810000,
42,120,3820000,
42,120,3830000,
42,120,3840000,
42,120,3850000,
42,120,3860000,
42,120,3870000,
42,120,3880000,
42,120,3890000,
42,120,3900000,0.6736999750137329
42,120,3910000,
42,120,3920000,
42,120,3930000,
42,120,3940000,
42,120,3950000,
42,120,3960000,
42,120,3970000,
42,120,3980000,
42,120,3990000,
42,120,4000000,0.6636000275611877
42,120,4010000,
42,120,4020000,
42,120,4030000,
42,120,4040000,
42,120,4050000,
42,120,4060000,
42,120,4070000,
42,120,4080000,
42,120,4090000,
42,120,4100000,0.6832000017166138
42,120,4110000,
42,120,4120000,
42,120,4130000,
42,120,4140000,
42,120,4150000,
42,120,4160000,
42,120,4170000,
42,120,4180000,
42,120,4190000,
42,120,4200000,0.7113999724388123
42,120,4210000,
42,120,4220000,
42,120,4230000,
42,120,4240000,
42,120,4250000,
42,120,4260000,
42,120,4270000,
42,120,4280000,
42,120,4290000,
42,120,4300000,0.7172999978065491
42,120,4310000,
42,120,4320000,
42,120,4330000,
42,120,4340000,
42,120,4350000,
42,120,4360000,
42,120,4370000,
42,120,4380000,
42,120,4390000,
42,120,4400000,0.7063999772071838
42,120,4410000,
42,120,4420000,
42,120,4430000,
42,120,4440000,
42,120,4450000,
42,120,4460000,
42,120,4470000,
42,120,4480000,
42,120,4490000,
42,120,4500000,0.7023000121116638
42,120,4510000,
42,120,4520000,
42,120,4530000,
42,120,4540000,
42,120,4550000,
42,120,4560000,
42,120,4570000,
42,120,4580000,
42,120,4590000,
42,120,4600000,0.7328000068664551
42,120,4610000,
42,120,4620000,
42,120,4630000,
42,120,4640000,
42,120,4650000,
42,120,4660000,
42,120,4670000,
42,120,4680000,
42,120,4690000,
42,120,4700000,0.7339000105857849
42,120,4710000,
42,120,4720000,
42,120,4730000,
42,120,4740000,
42,120,4750000,
42,120,4760000,
42,120,4770000,
42,120,4780000,
42,120,4790000,
42,120,4800000,0.7206000089645386
42,120,4810000,
42,120,4820000,
42,120,4830000,
42,120,4840000,
42,120,4850000,
42,120,4860000,
42,120,4870000,
42,120,4880000,
42,120,4890000,
42,120,4900000,0.7476000189781189
42,120,4910000,
42,120,4920000,
42,120,4930000,
42,120,4940000,
42,120,4950000,
42,120,4960000,
42,120,4970000,
42,120,4980000,
42,120,4990000,
42,120,5000000,0.7272999882698059
42,140,1,0.0
42,140,10000,
42,140,20000,
42,140,30000,
42,140,40000,
42,140,50000,
42,140,60000,
42,140,70000,
42,140,80000,
42,140,90000,
42,140,100000,0.0003000000142492354
42,140,110000,
42,140,120000,
42,140,130000,
42,140,140000,
42,140,150000,
42,140,160000,
42,140,170000,
42,140,180000,
42,140,190000,
42,140,200000,0.0024999999441206455
42,140,210000,
42,140,220000,
42,140,230000,
42,140,240000,
42,140,250000,
42,140,260000,
42,140,270000,
42,140,280000,
42,140,290000,
42,140,300000,0.008299999870359898
42,140,310000,
42,140,320000,
42,140,330000,
42,140,340000,
42,140,350000,
42,140,360000,
42,140,370000,
42,140,380000,
42,140,390000,
42,140,400000,0.01850000023841858
42,140,410000,
42,140,420000,
42,140,430000,
42,140,440000,
42,140,450000,
42,140,460000,
42,140,470000,
42,140,480000,
42,140,490000,
42,140,500000,0.026499999687075615
42,140,510000,
42,140,520000,
42,140,530000,
42,140,540000,
42,140,550000,
42,140,560000,
42,140,570000,
42,140,580000,
42,140,590000,
42,140,600000,0.03720000013709068
42,140,610000,
42,140,620000,
42,140,630000,
42,140,640000,
42,140,650000,
42,140,660000,
42,140,670000,
42,140,680000,
42,140,690000,
42,140,700000,0.055799998342990875
42,140,710000,
42,140,720000,
42,140,730000,
42,140,740000,
42,140,750000,
42,140,760000,
42,140,770000,
42,140,780000,
42,140,790000,
42,140,800000,0.07689999788999557
42,140,810000,
42,140,820000,
42,140,830000,
42,140,840000,
42,140,850000,
42,140,860000,
42,140,870000,
42,140,880000,
42,140,890000,
42,140,900000,0.10220000147819519
42,140,910000,
42,140,920000,
42,140,930000,
42,140,940000,
42,140,950000,
42,140,960000,
42,140,970000,
42,140,980000,
42,140,990000,
42,140,1000000,0.12020000070333481
42,140,1010000,
42,140,1020000,
42,140,1030000,
42,140,1040000,
42,140,1050000,
42,140,1060000,
42,140,1070000,
42,140,1080000,
42,140,1090000,
42,140,1100000,0.149399995803833
42,140,1110000,
42,140,1120000,
42,140,1130000,
42,140,1140000,
42,140,1150000,
42,140,1160000,
42,140,1170000,
42,140,1180000,
42,140,1190000,
42,140,1200000,0.1678999960422516
42,140,1210000,
42,140,1220000,
42,140,1230000,
42,140,1240000,
42,140,1250000,
42,140,1260000,
42,140,1270000,
42,140,1280000,
42,140,1290000,
42,140,1300000,0.2214999943971634
42,140,1310000,
42,140,1320000,
42,140,1330000,
42,140,1340000,
42,140,1350000,
42,140,1360000,
42,140,1370000,
42,140,1380000,
42,140,1390000,
42,140,1400000,0.23880000412464142
42,140,1410000,
42,140,1420000,
42,140,1430000,
42,140,1440000,
42,140,1450000,
42,140,1460000,
42,140,1470000,
42,140,1480000,
42,140,1490000,
42,140,1500000,0.2831999957561493
42,140,1510000,
42,140,1520000,
42,140,1530000,
42,140,1540000,
42,140,1550000,
42,140,1560000,
42,140,1570000,
42,140,1580000,
42,140,1590000,
42,140,1600000,0.3057999908924103
42,140,1610000,
42,140,1620000,
42,140,1630000,
42,140,1640000,
42,140,1650000,
42,140,1660000,
42,140,1670000,
42,140,1680000,
42,140,1690000,
42,140,1700000,0.34529998898506165
42,140,1710000,
42,140,1720000,
42,140,1730000,
42,140,1740000,
42,140,1750000,
42,140,1760000,
42,140,1770000,
42,140,1780000,
42,140,1790000,
42,140,1800000,0.3668000102043152
42,140,1810000,
42,140,1820000,
42,140,1830000,
42,140,1840000,
42,140,1850000,
42,140,1860000,
42,140,1870000,
42,140,1880000,
42,140,1890000,
42,140,1900000,0.3910999894142151
42,140,1910000,
42,140,1920000,
42,140,1930000,
42,140,1940000,
42,140,1950000,
42,140,1960000,
42,140,1970000,
42,140,1980000,
42,140,1990000,
42,140,2000000,0.40880000591278076
42,140,2010000,
42,140,2020000,
42,140,2030000,
42,140,2040000,
42,140,2050000,
42,140,2060000,
42,140,2070000,
42,140,2080000,
42,140,2090000,
42,140,2100000,0.48080000281333923
42,140,2110000,
42,140,2120000,
42,140,2130000,
42,140,2140000,
42,140,2150000,
42,140,2160000,
42,140,2170000,
42,140,2180000,
42,140,2190000,
42,140,2200000,0.47099998593330383
42,140,2210000,
42,140,2220000,
42,140,2230000,
42,140,2240000,
42,140,2250000,
42,140,2260000,
42,140,2270000,
42,140,2280000,
42,140,2290000,
42,140,2300000,0.4722000062465668
42,140,2310000,
42,140,2320000,
42,140,2330000,
42,140,2340000,
42,140,2350000,
42,140,2360000,
42,140,2370000,
42,140,2380000,
42,140,2390000,
42,140,2400000,0.5005000233650208
42,140,2410000,
42,140,2420000,
42,140,2430000,
42,140,2440000,
42,140,2450000,
42,140,2460000,
42,140,2470000,
42,140,2480000,
42,140,2490000,
42,140,2500000,0.532800018787384
42,140,2510000,
42,140,2520000,
42,140,2530000,
42,140,2540000,
42,140,2550000,
42,140,2560000,
42,140,2570000,
42,140,2580000,
42,140,2590000,
42,140,2600000,0.5375000238418579
42,140,2610000,
42,140,2620000,
42,140,2630000,
42,140,2640000,
42,140,2650000,
42,140,2660000,
42,140,2670000,
42,140,2680000,
42,140,2690000,
42,140,2700000,0.567300021648407
42,140,2710000,
42,140,2720000,
42,140,2730000,
42,140,2740000,
42,140,2750000,
42,140,2760000,
42,140,2770000,
42,140,2780000,
42,140,2790000,
42,140,2800000,0.5767999887466431
42,140,2810000,
42,140,2820000,
42,140,2830000,
42,140,2840000,
42,140,2850000,
42,140,2860000,
42,140,2870000,
42,140,2880000,
42,140,2890000,
42,140,2900000,0.5960999727249146
42,140,2910000,
42,140,2920000,
42,140,2930000,
42,140,2940000,
42,140,2950000,
42,140,2960000,
42,140,2970000,
42,140,2980000,
42,140,2990000,
42,140,3000000,0.5942000150680542
42,140,3010000,
42,140,3020000,
42,140,3030000,
42,140,3040000,
42,140,3050000,
42,140,3060000,
42,140,3070000,
42,140,3080000,
42,140,3090000,
42,140,3100000,0.6179999709129333
42,140,3110000,
42,140,3120000,
42,140,3130000,
42,140,3140000,
42,140,3150000,
42,140,3160000,
42,140,3170000,
42,140,3180000,
42,140,3190000,
42,140,3200000,0.6175000071525574
42,140,3210000,
42,140,3220000,
42,140,3230000,
42,140,3240000,
42,140,3250000,
42,140,3260000,
42,140,3270000,
42,140,3280000,
42,140,3290000,
42,140,3300000,0.6079000234603882
42,140,3310000,
42,140,3320000,
42,140,3330000,
42,140,3340000,
42,140,3350000,
42,140,3360000,
42,140,3370000,
42,140,3380000,
42,140,3390000,
42,140,3400000,0.6236000061035156
42,140,3410000,
42,140,3420000,
42,140,3430000,
42,140,3440000,
42,140,3450000,
42,140,3460000,
42,140,3470000,
42,140,3480000,
42,140,3490000,
42,140,3500000,0.6473000049591064
42,140,3510000,
42,140,3520000,
42,140,3530000,
42,140,3540000,
42,140,3550000,
42,140,3560000,
42,140,3570000,
42,140,3580000,
42,140,3590000,
42,140,3600000,0.6419000029563904
42,140,3610000,
42,140,3620000,
42,140,3630000,
42,140,3640000,
42,140,3650000,
42,140,3660000,
42,140,3670000,
42,140,3680000,
42,140,3690000,
42,140,3700000,0.6783999800682068
42,140,3710000,
42,140,3720000,
42,140,3730000,
42,140,3740000,
42,140,3750000,
42,140,3760000,
42,140,3770000,
42,140,3780000,
42,140,3790000,
42,140,3800000,0.6859999895095825
42,140,3810000,
42,140,3820000,
42,140,3830000,
42,140,3840000,
42,140,3850000,
42,140,3860000,
42,140,3870000,
42,140,3880000,
42,140,3890000,
42,140,3900000,0.6917999982833862
42,140,3910000,
42,140,3920000,
42,140,3930000,
42,140,3940000,
42,140,3950000,
42,140,3960000,
42,140,3970000,
42,140,3980000,
42,140,3990000,
42,140,4000000,0.6772000193595886
42,140,4010000,
42,140,4020000,
42,140,4030000,
42,140,4040000,
42,140,4050000,
42,140,4060000,
42,140,4070000,
42,140,4080000,
42,140,4090000,
42,140,4100000,0.7038000226020813
42,140,4110000,
42,140,4120000,
42,140,4130000,
42,140,4140000,
42,140,4150000,
42,140,4160000,
42,140,4170000,
42,140,4180000,
42,140,4190000,
42,140,4200000,0.6995999813079834
42,140,4210000,
42,140,4220000,
42,140,4230000,
42,140,4240000,
42,140,4250000,
42,140,4260000,
42,140,4270000,
42,140,4280000,
42,140,4290000,
42,140,4300000,0.70169997215271
42,140,4310000,
42,140,4320000,
42,140,4330000,
42,140,4340000,
42,140,4350000,
42,140,4360000,
42,140,4370000,
42,140,4380000,
42,140,4390000,
42,140,4400000,0.7312999963760376
42,140,4410000,
42,140,4420000,
42,140,4430000,
42,140,4440000,
42,140,4450000,
42,140,4460000,
42,140,4470000,
42,140,4480000,
42,140,4490000,
42,140,4500000,0.7206000089645386
42,140,4510000,
42,140,4520000,
42,140,4530000,
42,140,4540000,
42,140,4550000,
42,140,4560000,
42,140,4570000,
42,140,4580000,
42,140,4590000,
42,140,4600000,0.7494999766349792
42,140,4610000,
42,140,4620000,
42,140,4630000,
42,140,4640000,
42,140,4650000,
42,140,4660000,
42,140,4670000,
42,140,4680000,
42,140,4690000,
42,140,4700000,0.727400004863739
42,140,4710000,
42,140,4720000,
42,140,4730000,
42,140,4740000,
42,140,4750000,
42,140,4760000,
42,140,4770000,
42,140,4780000,
42,140,4790000,
42,140,4800000,0.7361999750137329
42,140,4810000,
42,140,4820000,
42,140,4830000,
42,140,4840000,
42,140,4850000,
42,140,4860000,
42,140,4870000,
42,140,4880000,
42,140,4890000,
42,140,4900000,0.7387999892234802
42,140,4910000,
42,140,4920000,
42,140,4930000,
42,140,4940000,
42,140,4950000,
42,140,4960000,
42,140,4970000,
42,140,4980000,
42,140,4990000,
42,140,5000000,0.7437000274658203
42,160,1,0.0
42,160,10000,
42,160,20000,
42,160,30000,
42,160,40000,
42,160,50000,
42,160,60000,
42,160,70000,
42,160,80000,
42,160,90000,
42,160,100000,0.0
42,160,110000,
42,160,120000,
42,160,130000,
42,160,140000,
42,160,150000,
42,160,160000,
42,160,170000,
42,160,180000,
42,160,190000,
42,160,200000,0.0003000000142492354
42,160,210000,
42,160,220000,
42,160,230000,
42,160,240000,
42,160,250000,
42,160,260000,
42,160,270000,
42,160,280000,
42,160,290000,
42,160,300000,0.0024999999441206455
42,160,310000,
42,160,320000,
42,160,330000,
42,160,340000,
42,160,350000,
42,160,360000,
42,160,370000,
42,160,380000,
42,160,390000,
42,160,400000,0.00860000029206276
42,160,410000,
42,160,420000,
42,160,430000,
42,160,440000,
42,160,450000,
42,160,460000,
42,160,470000,
42,160,480000,
42,160,490000,
42,160,500000,0.01489999983459711
42,160,510000,
42,160,520000,
42,160,530000,
42,160,540000,
42,160,550000,
42,160,560000,
42,160,570000,
42,160,580000,
42,160,590000,
42,160,600000,0.026100000366568565
42,160,610000,
42,160,620000,
42,160,630000,
42,160,640000,
42,160,650000,
42,160,660000,
42,160,670000,
42,160,680000,
42,160,690000,
42,160,700000,0.03739999979734421
42,160,710000,
42,160,720000,
42,160,730000,
42,160,740000,
42,160,750000,
42,160,760000,
42,160,770000,
42,160,780000,
42,160,790000,
42,160,800000,0.04699999839067459
42,160,810000,
42,160,820000,
42,160,830000,
42,160,840000,
42,160,850000,
42,160,860000,
42,160,870000,
42,160,880000,
42,160,890000,
42,160,900000,0.07819999754428864
42,160,910000,
42,160,920000,
42,160,930000,
42,160,940000,
42,160,950000,
42,160,960000,
42,160,970000,
42,160,980000,
42,160,990000,
42,160,1000000,0.07909999787807465
42,160,1010000,
42,160,1020000,
42,160,1030000,
42,160,1040000,
42,160,1050000,
42,160,1060000,
42,160,1070000,
42,160,1080000,
42,160,1090000,
42,160,1100000,0.12700000405311584
42,160,1110000,
42,160,1120000,
42,160,1130000,
42,160,1140000,
42,160,1150000,
42,160,1160000,
42,160,1170000,
42,160,1180000,
42,160,1190000,
42,160,1200000,0.13650000095367432
42,160,1210000,
42,160,1220000,
42,160,1230000,
42,160,1240000,
42,160,1250000,
42,160,1260000,
42,160,1270000,
42,160,1280000,
42,160,1290000,
42,160,1300000,0.14910000562667847
42,160,1310000,
42,160,1320000,
42,160,1330000,
42,160,1340000,
42,160,1350000,
42,160,1360000,
42,160,1370000,
42,160,1380000,
42,160,1390000,
42,160,1400000,0.17139999568462372
42,160,1410000,
42,160,1420000,
42,160,1430000,
42,160,1440000,
42,160,1450000,
42,160,1460000,
42,160,1470000,
42,160,1480000,
42,160,1490000,
42,160,1500000,0.20029999315738678
42,160,1510000,
42,160,1520000,
42,160,1530000,
42,160,1540000,
42,160,1550000,
42,160,1560000,
42,160,1570000,
42,160,1580000,
42,160,1590000,
42,160,1600000,0.2517000138759613
42,160,1610000,
42,160,1620000,
42,160,1630000,
42,160,1640000,
42,160,1650000,
42,160,1660000,
42,160,1670000,
42,160,1680000,
42,160,1690000,
42,160,1700000,0.25839999318122864
42,160,1710000,
42,160,1720000,
42,160,1730000,
42,160,1740000,
42,160,1750000,
42,160,1760000,
42,160,1770000,
42,160,1780000,
42,160,1790000,
42,160,1800000,0.2667999863624573
42,160,1810000,
42,160,1820000,
42,160,1830000,
42,160,1840000,
42,160,1850000,
42,160,1860000,
42,160,1870000,
42,160,1880000,
42,160,1890000,
42,160,1900000,0.2870999872684479
42,160,1910000,
42,160,1920000,
42,160,1930000,
42,160,1940000,
42,160,1950000,
42,160,1960000,
42,160,1970000,
42,160,1980000,
42,160,1990000,
42,160,2000000,0.311599999666214
42,160,2010000,
42,160,2020000,
42,160,2030000,
42,160,2040000,
42,160,2050000,
42,160,2060000,
42,160,2070000,
42,160,2080000,
42,160,2090000,
42,160,2100000,0.3578000068664551
42,160,2110000,
42,160,2120000,
42,160,2130000,
42,160,2140000,
42,160,2150000,
42,160,2160000,
42,160,2170000,
42,160,2180000,
42,160,2190000,
42,160,2200000,0.38960000872612
42,160,2210000,
42,160,2220000,
42,160,2230000,
42,160,2240000,
42,160,2250000,
42,160,2260000,
42,160,2270000,
42,160,2280000,
42,160,2290000,
42,160,2300000,0.3822000026702881
42,160,2310000,
42,160,2320000,
42,160,2330000,
42,160,2340000,
42,160,2350000,
42,160,2360000,
42,160,2370000,
42,160,2380000,
42,160,2390000,
42,160,2400000,0.3887999951839447
42,160,2410000,
42,160,2420000,
42,160,2430000,
42,160,2440000,
42,160,2450000,
42,160,2460000,
42,160,2470000,
42,160,2480000,
42,160,2490000,
42,160,2500000,0.3874000012874603
42,160,2510000,
42,160,2520000,
42,160,2530000,
42,160,2540000,
42,160,2550000,
42,160,2560000,
42,160,2570000,
42,160,2580000,
42,160,2590000,
42,160,2600000,0.42080000042915344
42,160,2610000,
42,160,2620000,
42,160,2630000,
42,160,2640000,
42,160,2650000,
42,160,2660000,
42,160,2670000,
42,160,2680000,
42,160,2690000,
42,160,2700000,0.4519999921321869
42,160,2710000,
42,160,2720000,
42,160,2730000,
42,160,2740000,
42,160,2750000,
42,160,2760000,
42,160,2770000,
42,160,2780000,
42,160,2790000,
42,160,2800000,0.44440001249313354
42,160,2810000,
42,160,2820000,
42,160,2830000,
42,160,2840000,
42,160,2850000,
42,160,2860000,
42,160,2870000,
42,160,2880000,
42,160,2890000,
42,160,2900000,0.4555000066757202
42,160,2910000,
42,160,2920000,
42,160,2930000,
42,160,2940000,
42,160,2950000,
42,160,2960000,
42,160,2970000,
42,160,2980000,
42,160,2990000,
42,160,3000000,0.47360000014305115
42,160,3010000,
42,160,3020000,
42,160,3030000,
42,160,3040000,
42,160,3050000,
42,160,3060000,
42,160,3070000,
42,160,3080000,
42,160,3090000,
42,160,3100000,0.47029998898506165
42,160,3110000,
42,160,3120000,
42,160,3130000,
42,160,3140000,
42,160,3150000,
42,160,3160000,
42,160,3170000,
42,160,3180000,
42,160,3190000,
42,160,3200000,0.5368000268936157
42,160,3210000,
42,160,3220000,
42,160,3230000,
42,160,3240000,
42,160,3250000,
42,160,3260000,
42,160,3270000,
42,160,3280000,
42,160,3290000,
42,160,3300000,0.482699990272522
42,160,3310000,
42,160,3320000,
42,160,3330000,
42,160,3340000,
42,160,3350000,
42,160,3360000,
42,160,3370000,
42,160,3380000,
42,160,3390000,
42,160,3400000,0.5580999851226807
42,160,3410000,
42,160,3420000,
42,160,3430000,
42,160,3440000,
42,160,3450000,
42,160,3460000,
42,160,3470000,
42,160,3480000,
42,160,3490000,
42,160,3500000,0.5142999887466431
42,160,3510000,
42,160,3520000,
42,160,3530000,
42,160,3540000,
42,160,3550000,
42,160,3560000,
42,160,3570000,
42,160,3580000,
42,160,3590000,
42,160,3600000,0.5184000134468079
42,160,3610000,
42,160,3620000,
42,160,3630000,
42,160,3640000,
42,160,3650000,
42,160,3660000,
42,160,3670000,
42,160,3680000,
42,160,3690000,
42,160,3700000,0.5568000078201294
42,160,3710000,
42,160,3720000,
42,160,3730000,
42,160,3740000,
42,160,3750000,
42,160,3760000,
42,160,3770000,
42,160,3780000,
42,160,3790000,
42,160,3800000,0.5296000242233276
42,160,3810000,
42,160,3820000,
42,160,3830000,
42,160,3840000,
42,160,3850000,
42,160,3860000,
42,160,3870000,
42,160,3880000,
42,160,3890000,
42,160,3900000,0.5874999761581421
42,160,3910000,
42,160,3920000,
42,160,3930000,
42,160,3940000,
42,160,3950000,
42,160,3960000,
42,160,3970000,
42,160,3980000,
42,160,3990000,
42,160,4000000,0.5163000226020813
42,160,4010000,
42,160,4020000,
42,160,4030000,
42,160,4040000,
42,160,4050000,
42,160,4060000,
42,160,4070000,
42,160,4080000,
42,160,4090000,
42,160,4100000,0.5598999857902527
42,160,4110000,
42,160,4120000,
42,160,4130000,
42,160,4140000,
42,160,4150000,
42,160,4160000,
42,160,4170000,
42,160,4180000,
42,160,4190000,
42,160,4200000,0.5892000198364258
42,160,4210000,
42,160,4220000,
42,160,4230000,
42,160,4240000,
42,160,4250000,
42,160,4260000,
42,160,4270000,
42,160,4280000,
42,160,4290000,
42,160,4300000,0.6043000221252441
42,160,4310000,
42,160,4320000,
42,160,4330000,
42,160,4340000,
42,160,4350000,
42,160,4360000,
42,160,4370000,
42,160,4380000,
42,160,4390000,
42,160,4400000,0.6039000153541565
42,160,4410000,
42,160,4420000,
42,160,4430000,
42,160,4440000,
42,160,4450000,
42,160,4460000,
42,160,4470000,
42,160,4480000,
42,160,4490000,
42,160,4500000,0.6068999767303467
42,160,4510000,
42,160,4520000,
42,160,4530000,
42,160,4540000,
42,160,4550000,
42,160,4560000,
42,160,4570000,
42,160,4580000,
42,160,4590000,
42,160,4600000,0.6281999945640564
42,160,4610000,
42,160,4620000,
42,160,4630000,
42,160,4640000,
42,160,4650000,
42,160,4660000,
42,160,4670000,
42,160,4680000,
42,160,4690000,
42,160,4700000,0.6316999793052673
42,160,4710000,
42,160,4720000,
42,160,4730000,
42,160,4740000,
42,160,4750000,
42,160,4760000,
42,160,4770000,
42,160,4780000,
42,160,4790000,
42,160,4800000,0.6086000204086304
42,160,4810000,
42,160,4820000,
42,160,4830000,
42,160,4840000,
42,160,4850000,
42,160,4860000,
42,160,4870000,
42,160,4880000,
42,160,4890000,
42,160,4900000,0.6464999914169312
42,160,4910000,
42,160,4920000,
42,160,4930000,
42,160,4940000,
42,160,4950000,
42,160,4960000,
42,160,4970000,
42,160,4980000,
42,160,4990000,
42,160,5000000,0.6220999956130981
42,180,1,0.0
42,180,10000,
42,180,20000,
42,180,30000,
42,180,40000,
42,180,50000,
42,180,60000,
42,180,70000,
42,180,80000,
42,180,90000,
42,180,100000,0.0
42,180,110000,
42,180,120000,
42,180,130000,
42,180,140000,
42,180,150000,
42,180,160000,
42,180,170000,
42,180,180000,
42,180,190000,
42,180,200000,0.0003000000142492354
42,180,210000,
42,180,220000,
42,180,230000,
42,180,240000,
42,180,250000,
42,180,260000,
42,180,270000,
42,180,280000,
42,180,290000,
42,180,300000,0.0012000000569969416
42,180,310000,
42,180,320000,
42,180,330000,
42,180,340000,
42,180,350000,
42,180,360000,
42,180,370000,
42,180,380000,
42,180,390000,
42,180,400000,0.002400000113993883
42,180,410000,
42,180,420000,
42,180,430000,
42,180,440000,
42,180,450000,
42,180,460000,
42,180,470000,
42,180,480000,
42,180,490000,
42,180,500000,0.004800000227987766
42,180,510000,
42,180,520000,
42,180,530000,
42,180,540000,
42,180,550000,
42,180,560000,
42,180,570000,
42,180,580000,
42,180,590000,
42,180,600000,0.00989999994635582
42,180,610000,
42,180,620000,
42,180,630000,
42,180,640000,
42,180,650000,
42,180,660000,
42,180,670000,
42,180,680000,
42,180,690000,
42,180,700000,0.015799999237060547
42,180,710000,
42,180,720000,
42,180,730000,
42,180,740000,
42,180,750000,
42,180,760000,
42,180,770000,
42,180,780000,
42,180,790000,
42,180,800000,0.02070000022649765
42,180,810000,
42,180,820000,
42,180,830000,
42,180,840000,
42,180,850000,
42,180,860000,
42,180,870000,
42,180,880000,
42,180,890000,
42,180,900000,0.027499999850988388
42,180,910000,
42,180,920000,
42,180,930000,
42,180,940000,
42,180,950000,
42,180,960000,
42,180,970000,
42,180,980000,
42,180,990000,
42,180,1000000,0.04540000110864639
42,180,1010000,
42,180,1020000,
42,180,1030000,
42,180,1040000,
42,180,1050000,
42,180,1060000,
42,180,1070000,
42,180,1080000,
42,180,1090000,
42,180,1100000,0.05090000107884407
42,180,1110000,
42,180,1120000,
42,180,1130000,
42,180,1140000,
42,180,1150000,
42,180,1160000,
42,180,1170000,
42,180,1180000,
42,180,1190000,
42,180,1200000,0.06759999692440033
42,180,1210000,
42,180,1220000,
42,180,1230000,
42,180,1240000,
42,180,1250000,
42,180,1260000,
42,180,1270000,
42,180,1280000,
42,180,1290000,
42,180,1300000,0.09019999951124191
42,180,1310000,
42,180,1320000,
42,180,1330000,
42,180,1340000,
42,180,1350000,
42,180,1360000,
42,180,1370000,
42,180,1380000,
42,180,1390000,
42,180,1400000,0.1005999967455864
42,180,1410000,
42,180,1420000,
42,180,1430000,
42,180,1440000,
42,180,1450000,
42,180,1460000,
42,180,1470000,
42,180,1480000,
42,180,1490000,
42,180,1500000,0.125
42,180,1510000,
42,180,1520000,
42,180,1530000,
42,180,1540000,
42,180,1550000,
42,180,1560000,
42,180,1570000,
42,180,1580000,
42,180,1590000,
42,180,1600000,0.12950000166893005
42,180,1610000,
42,180,1620000,
42,180,1630000,
42,180,1640000,
42,180,1650000,
42,180,1660000,
42,180,1670000,
42,180,1680000,
42,180,1690000,
42,180,1700000,0.1363999992609024
42,180,1710000,
42,180,1720000,
42,180,1730000,
42,180,1740000,
42,180,1750000,
42,180,1760000,
42,180,1770000,
42,180,1780000,
42,180,1790000,
42,180,1800000,0.15960000455379486
42,180,1810000,
42,180,1820000,
42,180,1830000,
42,180,1840000,
42,180,1850000,
42,180,1860000,
42,180,1870000,
42,180,1880000,
42,180,1890000,
42,180,1900000,0.2029000073671341
42,180,1910000,
42,180,1920000,
42,180,1930000,
42,180,1940000,
42,180,1950000,
42,180,1960000,
42,180,1970000,
42,180,1980000,
42,180,1990000,
42,180,2000000,0.2021999955177307
42,180,2010000,
42,180,2020000,
42,180,2030000,
42,180,2040000,
42,180,2050000,
42,180,2060000,
42,180,2070000,
42,180,2080000,
42,180,2090000,
42,180,2100000,0.2337999939918518
42,180,2110000,
42,180,2120000,
42,180,2130000,
42,180,2140000,
42,180,2150000,
42,180,2160000,
42,180,2170000,
42,180,2180000,
42,180,2190000,
42,180,2200000,0.2614000141620636
42,180,2210000,
42,180,2220000,
42,180,2230000,
42,180,2240000,
42,180,2250000,
42,180,2260000,
42,180,2270000,
42,180,2280000,
42,180,2290000,
42,180,2300000,0.23469999432563782
42,180,2310000,
42,180,2320000,
42,180,2330000,
42,180,2340000,
42,180,2350000,
42,180,2360000,
42,180,2370000,
42,180,2380000,
42,180,2390000,
42,180,2400000,0.30230000615119934
42,180,2410000,
42,180,2420000,
42,180,2430000,
42,180,2440000,
42,180,2450000,
42,180,2460000,
42,180,2470000,
42,180,2480000,
42,180,2490000,
42,180,2500000,0.30079999566078186
42,180,2510000,
42,180,2520000,
42,180,2530000,
42,180,2540000,
42,180,2550000,
42,180,2560000,
42,180,2570000,
42,180,2580000,
42,180,2590000,
42,180,2600000,0.304500013589859
42,180,2610000,
42,180,2620000,
42,180,2630000,
42,180,2640000,
42,180,2650000,
42,180,2660000,
42,180,2670000,
42,180,2680000,
42,180,2690000,
42,180,2700000,0.31220000982284546
42,180,2710000,
42,180,2720000,
42,180,2730000,
42,180,2740000,
42,180,2750000,
42,180,2760000,
42,180,2770000,
42,180,2780000,
42,180,2790000,
42,180,2800000,0.36070001125335693
42,180,2810000,
42,180,2820000,
42,180,2830000,
42,180,2840000,
42,180,2850000,
42,180,2860000,
42,180,2870000,
42,180,2880000,
42,180,2890000,
42,180,2900000,0.3521000146865845
42,180,2910000,
42,180,2920000,
42,180,2930000,
42,180,2940000,
42,180,2950000,
42,180,2960000,
42,180,2970000,
42,180,2980000,
42,180,2990000,
42,180,3000000,0.3885999917984009
42,180,3010000,
42,180,3020000,
42,180,3030000,
42,180,3040000,
42,180,3050000,
42,180,3060000,
42,180,3070000,
42,180,3080000,
42,180,3090000,
42,180,3100000,0.36079999804496765
42,180,3110000,
42,180,3120000,
42,180,3130000,
42,180,3140000,
42,180,3150000,
42,180,3160000,
42,180,3170000,
42,180,3180000,
42,180,3190000,
42,180,3200000,0.4108999967575073
42,180,3210000,
42,180,3220000,
42,180,3230000,
42,180,3240000,
42,180,3250000,
42,180,3260000,
42,180,3270000,
42,180,3280000,
42,180,3290000,
42,180,3300000,0.3359000086784363
42,180,3310000,
42,180,3320000,
42,180,3330000,
42,180,3340000,
42,180,3350000,
42,180,3360000,
42,180,3370000,
42,180,3380000,
42,180,3390000,
42,180,3400000,0.3734999895095825
42,180,3410000,
42,180,3420000,
42,180,3430000,
42,180,3440000,
42,180,3450000,
42,180,3460000,
42,180,3470000,
42,180,3480000,
42,180,3490000,
42,180,3500000,0.27900001406669617
42,180,3510000,
42,180,3520000,
42,180,3530000,
42,180,3540000,
42,180,3550000,
42,180,3560000,
42,180,3570000,
42,180,3580000,
42,180,3590000,
42,180,3600000,0.42910000681877136
42,180,3610000,
42,180,3620000,
42,180,3630000,
42,180,3640000,
42,180,3650000,
42,180,3660000,
42,180,3670000,
42,180,3680000,
42,180,3690000,
42,180,3700000,0.3736000061035156
42,180,3710000,
42,180,3720000,
42,180,3730000,
42,180,3740000,
42,180,3750000,
42,180,3760000,
42,180,3770000,
42,180,3780000,
42,180,3790000,
42,180,3800000,0.48089998960494995
42,180,3810000,
42,180,3820000,
42,180,3830000,
42,180,3840000,
42,180,3850000,
42,180,3860000,
42,180,3870000,
42,180,3880000,
42,180,3890000,
42,180,3900000,0.44600000977516174
42,180,3910000,
42,180,3920000,
42,180,3930000,
42,180,3940000,
42,180,3950000,
42,180,3960000,
42,180,3970000,
42,180,3980000,
42,180,3990000,
42,180,4000000,0.4702000021934509
42,180,4010000,
42,180,4020000,
42,180,4030000,
42,180,4040000,
42,180,4050000,
42,180,4060000,
42,180,4070000,
42,180,4080000,
42,180,4090000,
42,180,4100000,0.4009000062942505
42,180,4110000,
42,180,4120000,
42,180,4130000,
42,180,4140000,
42,180,4150000,
42,180,4160000,
42,180,4170000,
42,180,4180000,
42,180,4190000,
42,180,4200000,0.4652000069618225
42,180,4210000,
42,180,4220000,
42,180,4230000,
42,180,4240000,
42,180,4250000,
42,180,4260000,
42,180,4270000,
42,180,4280000,
42,180,4290000,
42,180,4300000,0.474700003862381
42,180,4310000,
42,180,4320000,
42,180,4330000,
42,180,4340000,
42,180,4350000,
42,180,4360000,
42,180,4370000,
42,180,4380000,
42,180,4390000,
42,180,4400000,0.4884999990463257
42,180,4410000,
42,180,4420000,
42,180,4430000,
42,180,4440000,
42,180,4450000,
42,180,4460000,
42,180,4470000,
42,180,4480000,
42,180,4490000,
42,180,4500000,0.4643999934196472
42,180,4510000,
42,180,4520000,
42,180,4530000,
42,180,4540000,
42,180,4550000,
42,180,4560000,
42,180,4570000,
42,180,4580000,
42,180,4590000,
42,180,4600000,0.49639999866485596
42,180,4610000,
42,180,4620000,
42,180,4630000,
42,180,4640000,
42,180,4650000,
42,180,4660000,
42,180,4670000,
42,180,4680000,
42,180,4690000,
42,180,4700000,0.45260000228881836
42,180,4710000,
42,180,4720000,
42,180,4730000,
42,180,4740000,
42,180,4750000,
42,180,4760000,
42,180,4770000,
42,180,4780000,
42,180,4790000,
42,180,4800000,0.5145000219345093
42,180,4810000,
42,180,4820000,
42,180,4830000,
42,180,4840000,
42,180,4850000,
42,180,4860000,
42,180,4870000,
42,180,4880000,
42,180,4890000,
42,180,4900000,0.4706999957561493
42,180,4910000,
42,180,4920000,
42,180,4930000,
42,180,4940000,
42,180,4950000,
42,180,4960000,
42,180,4970000,
42,180,4980000,
42,180,4990000,
42,180,5000000,0.4952999949455261
42,200,1,0.0
42,200,10000,
42,200,20000,
42,200,30000,
42,200,40000,
42,200,50000,
42,200,60000,
42,200,70000,
42,200,80000,
42,200,90000,
42,200,100000,0.0
42,200,110000,
42,200,120000,
42,200,130000,
42,200,140000,
42,200,150000,
42,200,160000,
42,200,170000,
42,200,180000,
42,200,190000,
42,200,200000,0.0
42,200,210000,
42,200,220000,
42,200,230000,
42,200,240000,
42,200,250000,
42,200,260000,
42,200,270000,
42,200,280000,
42,200,290000,
42,200,300000,0.0005000000237487257
42,200,310000,
42,200,320000,
42,200,330000,
42,200,340000,
42,200,350000,
42,200,360000,
42,200,370000,
42,200,380000,
42,200,390000,
42,200,400000,0.0007999999797903001
42,200,410000,
42,200,420000,
42,200,430000,
42,200,440000,
42,200,450000,
42,200,460000,
42,200,470000,
42,200,480000,
42,200,490000,
42,200,500000,0.0034000000450760126
42,200,510000,
42,200,520000,
42,200,530000,
42,200,540000,
42,200,550000,
42,200,560000,
42,200,570000,
42,200,580000,
42,200,590000,
42,200,600000,0.006599999964237213
42,200,610000,
42,200,620000,
42,200,630000,
42,200,640000,
42,200,650000,
42,200,660000,
42,200,670000,
42,200,680000,
42,200,690000,
42,200,700000,0.013700000010430813
42,200,710000,
42,200,720000,
42,200,730000,
42,200,740000,
42,200,750000,
42,200,760000,
42,200,770000,
42,200,780000,
42,200,790000,
42,200,800000,0.021299999207258224
42,200,810000,
42,200,820000,
42,200,830000,
42,200,840000,
42,200,850000,
42,200,860000,
42,200,870000,
42,200,880000,
42,200,890000,
42,200,900000,0.029400000348687172
42,200,910000,
42,200,920000,
42,200,930000,
42,200,940000,
42,200,950000,
42,200,960000,
42,200,970000,
42,200,980000,
42,200,990000,
42,200,1000000,0.03779999911785126
42,200,1010000,
42,200,1020000,
42,200,1030000,
42,200,1040000,
42,200,1050000,
42,200,1060000,
42,200,1070000,
42,200,1080000,
42,200,1090000,
42,200,1100000,0.046799998730421066
42,200,1110000,
42,200,1120000,
42,200,1130000,
42,200,1140000,
42,200,1150000,
42,200,1160000,
42,200,1170000,
42,200,1180000,
42,200,1190000,
42,200,1200000,0.0674000009894371
42,200,1210000,
42,200,1220000,
42,200,1230000,
42,200,1240000,
42,200,1250000,
42,200,1260000,
42,200,1270000,
42,200,1280000,
42,200,1290000,
42,200,1300000,0.06449999660253525
42,200,1310000,
42,200,1320000,
42,200,1330000,
42,200,1340000,
42,200,1350000,
42,200,1360000,
42,200,1370000,
42,200,1380000,
42,200,1390000,
42,200,1400000,0.08330000191926956
42,200,1410000,
42,200,1420000,
42,200,1430000,
42,200,1440000,
42,200,1450000,
42,200,1460000,
42,200,1470000,
42,200,1480000,
42,200,1490000,
42,200,1500000,0.09809999912977219
42,200,1510000,
42,200,1520000,
42,200,1530000,
42,200,1540000,
42,200,1550000,
42,200,1560000,
42,200,1570000,
42,200,1580000,
42,200,1590000,
42,200,1600000,0.1340000033378601
42,200,1610000,
42,200,1620000,
42,200,1630000,
42,200,1640000,
42,200,1650000,
42,200,1660000,
42,200,1670000,
42,200,1680000,
42,200,1690000,
42,200,1700000,0.12680000066757202
42,200,1710000,
42,200,1720000,
42,200,1730000,
42,200,1740000,
42,200,1750000,
42,200,1760000,
42,200,1770000,
42,200,1780000,
42,200,1790000,
42,200,1800000,0.15219999849796295
42,200,1810000,
42,200,1820000,
42,200,1830000,
42,200,1840000,
42,200,1850000,
42,200,1860000,
42,200,1870000,
42,200,1880000,
42,200,1890000,
42,200,1900000,0.16040000319480896
42,200,1910000,
42,200,1920000,
42,200,1930000,
42,200,1940000,
42,200,1950000,
42,200,1960000,
42,200,1970000,
42,200,1980000,
42,200,1990000,
42,200,2000000,0.19030000269412994
42,200,2010000,
42,200,2020000,
42,200,2030000,
42,200,2040000,
42,200,2050000,
42,200,2060000,
42,200,2070000,
42,200,2080000,
42,200,2090000,
42,200,2100000,0.21799999475479126
42,200,2110000,
42,200,2120000,
42,200,2130000,
42,200,2140000,
42,200,2150000,
42,200,2160000,
42,200,2170000,
42,200,2180000,
42,200,2190000,
42,200,2200000,0.21160000562667847
42,200,2210000,
42,200,2220000,
42,200,2230000,
42,200,2240000,
42,200,2250000,
42,200,2260000,
42,200,2270000,
42,200,2280000,
42,200,2290000,
42,200,2300000,0.2393999993801117
42,200,2310000,
42,200,2320000,
42,200,2330000,
42,200,2340000,
42,200,2350000,
42,200,2360000,
42,200,2370000,
42,200,2380000,
42,200,2390000,
42,200,2400000,0.23559999465942383
42,200,2410000,
42,200,2420000,
42,200,2430000,
42,200,2440000,
42,200,2450000,
42,200,2460000,
42,200,2470000,
42,200,2480000,
42,200,2490000,
42,200,2500000,0.2775999903678894
42,200,2510000,
42,200,2520000,
42,200,2530000,
42,200,2540000,
42,200,2550000,
42,200,2560000,
42,200,2570000,
42,200,2580000,
42,200,2590000,
42,200,2600000,0.2538999915122986
42,200,2610000,
42,200,2620000,
42,200,2630000,
42,200,2640000,
42,200,2650000,
42,200,2660000,
42,200,2670000,
42,200,2680000,
42,200,2690000,
42,200,2700000,0.2874999940395355
42,200,2710000,
42,200,2720000,
42,200,2730000,
42,200,2740000,
42,200,2750000,
42,200,2760000,
42,200,2770000,
42,200,2780000,
42,200,2790000,
42,200,2800000,0.3027999997138977
42,200,2810000,
42,200,2820000,
42,200,2830000,
42,200,2840000,
42,200,2850000,
42,200,2860000,
42,200,2870000,
42,200,2880000,
42,200,2890000,
42,200,2900000,0.30559998750686646
42,200,2910000,
42,200,2920000,
42,200,2930000,
42,200,2940000,
42,200,2950000,
42,200,2960000,
42,200,2970000,
42,200,2980000,
42,200,2990000,
42,200,3000000,0.30469998717308044
42,200,3010000,
42,200,3020000,
42,200,3030000,
42,200,3040000,
42,200,3050000,
42,200,3060000,
42,200,3070000,
42,200,3080000,
42,200,3090000,
42,200,3100000,0.3361999988555908
42,200,3110000,
42,200,3120000,
42,200,3130000,
42,200,3140000,
42,200,3150000,
42,200,3160000,
42,200,3170000,
42,200,3180000,
42,200,3190000,
42,200,3200000,0.39419999718666077
42,200,3210000,
42,200,3220000,
42,200,3230000,
42,200,3240000,
42,200,3250000,
42,200,3260000,
42,200,3270000,
42,200,3280000,
42,200,3290000,
42,200,3300000,0.33559998869895935
42,200,3310000,
42,200,3320000,
42,200,3330000,
42,200,3340000,
42,200,3350000,
42,200,3360000,
42,200,3370000,
42,200,3380000,
42,200,3390000,
42,200,3400000,0.30799999833106995
42,200,3410000,
42,200,3420000,
42,200,3430000,
42,200,3440000,
42,200,3450000,
42,200,3460000,
42,200,3470000,
42,200,3480000,
42,200,3490000,
42,200,3500000,0.3091000020503998
42,200,3510000,
42,200,3520000,
42,200,3530000,
42,200,3540000,
42,200,3550000,
42,200,3560000,
42,200,3570000,
42,200,3580000,
42,200,3590000,
42,200,3600000,0.3662000000476837
42,200,3610000,
42,200,3620000,
42,200,3630000,
42,200,3640000,
42,200,3650000,
42,200,3660000,
42,200,3670000,
42,200,3680000,
42,200,3690000,
42,200,3700000,0.37869998812675476
42,200,3710000,
42,200,3720000,
42,200,3730000,
42,200,3740000,
42,200,3750000,
42,200,3760000,
42,200,3770000,
42,200,3780000,
42,200,3790000,
42,200,3800000,0.37439998984336853
42,200,3810000,
42,200,3820000,
42,200,3830000,
42,200,3840000,
42,200,3850000,
42,200,3860000,
42,200,3870000,
42,200,3880000,
42,200,3890000,
42,200,3900000,0.3896999955177307
42,200,3910000,
42,200,3920000,
42,200,3930000,
42,200,3940000,
42,200,3950000,
42,200,3960000,
42,200,3970000,
42,200,3980000,
42,200,3990000,
42,200,4000000,0.3953000009059906
42,200,4010000,
42,200,4020000,
42,200,4030000,
42,200,4040000,
42,200,4050000,
42,200,4060000,
42,200,4070000,
42,200,4080000,
42,200,4090000,
42,200,4100000,0.41190001368522644
42,200,4110000,
42,200,4120000,
42,200,4130000,
42,200,4140000,
42,200,4150000,
42,200,4160000,
42,200,4170000,
42,200,4180000,
42,200,4190000,
42,200,4200000,0.3946000039577484
42,200,4210000,
42,200,4220000,
42,200,4230000,
42,200,4240000,
42,200,4250000,
42,200,4260000,
42,200,4270000,
42,200,4280000,
42,200,4290000,
42,200,4300000,0.43939998745918274
42,200,4310000,
42,200,4320000,
42,200,4330000,
42,200,4340000,
42,200,4350000,
42,200,4360000,
42,200,4370000,
42,200,4380000,
42,200,4390000,
42,200,4400000,0.41499999165534973
42,200,4410000,
42,200,4420000,
42,200,4430000,
42,200,4440000,
42,200,4450000,
42,200,4460000,
42,200,4470000,
42,200,4480000,
42,200,4490000,
42,200,4500000,0.42260000109672546
42,200,4510000,
42,200,4520000,
42,200,4530000,
42,200,4540000,
42,200,4550000,
42,200,4560000,
42,200,4570000,
42,200,4580000,
42,200,4590000,
42,200,4600000,0.4632999897003174
42,200,4610000,
42,200,4620000,
42,200,4630000,
42,200,4640000,
42,200,4650000,
42,200,4660000,
42,200,4670000,
42,200,4680000,
42,200,4690000,
42,200,4700000,0.450300008058548
42,200,4710000,
42,200,4720000,
42,200,4730000,
42,200,4740000,
42,200,4750000,
42,200,4760000,
42,200,4770000,
42,200,4780000,
42,200,4790000,
42,200,4800000,0.43149998784065247
42,200,4810000,
42,200,4820000,
42,200,4830000,
42,200,4840000,
42,200,4850000,
42,200,4860000,
42,200,4870000,
42,200,4880000,
42,200,4890000,
42,200,4900000,0.45730000734329224
42,200,4910000,
42,200,4920000,
42,200,4930000,
42,200,4940000,
42,200,4950000,
42,200,4960000,
42,200,4970000,
42,200,4980000,
42,200,4990000,
42,200,5000000,0.4221000075340271
43,10,1,0.0
43,10,10000,
43,10,20000,
43,10,30000,
43,10,40000,
43,10,50000,
43,10,60000,
43,10,70000,
43,10,80000,
43,10,90000,
43,10,100000,0.0
43,10,110000,
43,10,120000,
43,10,130000,
43,10,140000,
43,10,150000,
43,10,160000,
43,10,170000,
43,10,180000,
43,10,190000,
43,10,200000,0.0
43,10,210000,
43,10,220000,
43,10,230000,
43,10,240000,
43,10,250000,
43,10,260000,
43,10,270000,
43,10,280000,
43,10,290000,
43,10,300000,0.0
43,10,310000,
43,10,320000,
43,10,330000,
43,10,340000,
43,10,350000,
43,10,360000,
43,10,370000,
43,10,380000,
43,10,390000,
43,10,400000,0.0
43,10,410000,
43,10,420000,
43,10,430000,
43,10,440000,
43,10,450000,
43,10,460000,
43,10,470000,
43,10,480000,
43,10,490000,
43,10,500000,0.0006000000284984708
43,10,510000,
43,10,520000,
43,10,530000,
43,10,540000,
43,10,550000,
43,10,560000,
43,10,570000,
43,10,580000,
43,10,590000,
43,10,600000,0.0015999999595806003
43,10,610000,
43,10,620000,
43,10,630000,
43,10,640000,
43,10,650000,
43,10,660000,
43,10,670000,
43,10,680000,
43,10,690000,
43,10,700000,0.0020000000949949026
43,10,710000,
43,10,720000,
43,10,730000,
43,10,740000,
43,10,750000,
43,10,760000,
43,10,770000,
43,10,780000,
43,10,790000,
43,10,800000,0.0038999998942017555
43,10,810000,
43,10,820000,
43,10,830000,
43,10,840000,
43,10,850000,
43,10,860000,
43,10,870000,
43,10,880000,
43,10,890000,
43,10,900000,0.0026000000070780516
43,10,910000,
43,10,920000,
43,10,930000,
43,10,940000,
43,10,950000,
43,10,960000,
43,10,970000,
43,10,980000,
43,10,990000,
43,10,1000000,0.0035000001080334187
43,10,1010000,
43,10,1020000,
43,10,1030000,
43,10,1040000,
43,10,1050000,
43,10,1060000,
43,10,1070000,
43,10,1080000,
43,10,1090000,
43,10,1100000,0.0031999999191612005
43,10,1110000,
43,10,1120000,
43,10,1130000,
43,10,1140000,
43,10,1150000,
43,10,1160000,
43,10,1170000,
43,10,1180000,
43,10,1190000,
43,10,1200000,0.00419999985024333
43,10,1210000,
43,10,1220000,
43,10,1230000,
43,10,1240000,
43,10,1250000,
43,10,1260000,
43,10,1270000,
43,10,1280000,
43,10,1290000,
43,10,1300000,0.0031999999191612005
43,10,1310000,
43,10,1320000,
43,10,1330000,
43,10,1340000,
43,10,1350000,
43,10,1360000,
43,10,1370000,
43,10,1380000,
43,10,1390000,
43,10,1400000,0.004900000058114529
43,10,1410000,
43,10,1420000,
43,10,1430000,
43,10,1440000,
43,10,1450000,
43,10,1460000,
43,10,1470000,
43,10,1480000,
43,10,1490000,
43,10,1500000,0.00430000014603138
43,10,1510000,
43,10,1520000,
43,10,1530000,
43,10,1540000,
43,10,1550000,
43,10,1560000,
43,10,1570000,
43,10,1580000,
43,10,1590000,
43,10,1600000,0.006000000052154064
43,10,1610000,
43,10,1620000,
43,10,1630000,
43,10,1640000,
43,10,1650000,
43,10,1660000,
43,10,1670000,
43,10,1680000,
43,10,1690000,
43,10,1700000,0.00430000014603138
43,10,1710000,
43,10,1720000,
43,10,1730000,
43,10,1740000,
43,10,1750000,
43,10,1760000,
43,10,1770000,
43,10,1780000,
43,10,1790000,
43,10,1800000,0.004100000020116568
43,10,1810000,
43,10,1820000,
43,10,1830000,
43,10,1840000,
43,10,1850000,
43,10,1860000,
43,10,1870000,
43,10,1880000,
43,10,1890000,
43,10,1900000,0.004399999976158142
43,10,1910000,
43,10,1920000,
43,10,1930000,
43,10,1940000,
43,10,1950000,
43,10,1960000,
43,10,1970000,
43,10,1980000,
43,10,1990000,
43,10,2000000,0.005200000014156103
43,10,2010000,
43,10,2020000,
43,10,2030000,
43,10,2040000,
43,10,2050000,
43,10,2060000,
43,10,2070000,
43,10,2080000,
43,10,2090000,
43,10,2100000,0.005200000014156103
43,10,2110000,
43,10,2120000,
43,10,2130000,
43,10,2140000,
43,10,2150000,
43,10,2160000,
43,10,2170000,
43,10,2180000,
43,10,2190000,
43,10,2200000,0.0044999998062849045
43,10,2210000,
43,10,2220000,
43,10,2230000,
43,10,2240000,
43,10,2250000,
43,10,2260000,
43,10,2270000,
43,10,2280000,
43,10,2290000,
43,10,2300000,0.005900000222027302
43,10,2310000,
43,10,2320000,
43,10,2330000,
43,10,2340000,
43,10,2350000,
43,10,2360000,
43,10,2370000,
43,10,2380000,
43,10,2390000,
43,10,2400000,0.004699999932199717
43,10,2410000,
43,10,2420000,
43,10,2430000,
43,10,2440000,
43,10,2450000,
43,10,2460000,
43,10,2470000,
43,10,2480000,
43,10,2490000,
43,10,2500000,0.004900000058114529
43,10,2510000,
43,10,2520000,
43,10,2530000,
43,10,2540000,
43,10,2550000,
43,10,2560000,
43,10,2570000,
43,10,2580000,
43,10,2590000,
43,10,2600000,0.004999999888241291
43,10,2610000,
43,10,2620000,
43,10,2630000,
43,10,2640000,
43,10,2650000,
43,10,2660000,
43,10,2670000,
43,10,2680000,
43,10,2690000,
43,10,2700000,0.004800000227987766
43,10,2710000,
43,10,2720000,
43,10,2730000,
43,10,2740000,
43,10,2750000,
43,10,2760000,
43,10,2770000,
43,10,2780000,
43,10,2790000,
43,10,2800000,0.004600000102072954
43,10,2810000,
43,10,2820000,
43,10,2830000,
43,10,2840000,
43,10,2850000,
43,10,2860000,
43,10,2870000,
43,10,2880000,
43,10,2890000,
43,10,2900000,0.00559999980032444
43,10,2910000,
43,10,2920000,
43,10,2930000,
43,10,2940000,
43,10,2950000,
43,10,2960000,
43,10,2970000,
43,10,2980000,
43,10,2990000,
43,10,3000000,0.004100000020116568
43,10,3010000,
43,10,3020000,
43,10,3030000,
43,10,3040000,
43,10,3050000,
43,10,3060000,
43,10,3070000,
43,10,3080000,
43,10,3090000,
43,10,3100000,0.004100000020116568
43,10,3110000,
43,10,3120000,
43,10,3130000,
43,10,3140000,
43,10,3150000,
43,10,3160000,
43,10,3170000,
43,10,3180000,
43,10,3190000,
43,10,3200000,0.006000000052154064
43,10,3210000,
43,10,3220000,
43,10,3230000,
43,10,3240000,
43,10,3250000,
43,10,3260000,
43,10,3270000,
43,10,3280000,
43,10,3290000,
43,10,3300000,0.006200000178068876
43,10,3310000,
43,10,3320000,
43,10,3330000,
43,10,3340000,
43,10,3350000,
43,10,3360000,
43,10,3370000,
43,10,3380000,
43,10,3390000,
43,10,3400000,0.00570000009611249
43,10,3410000,
43,10,3420000,
43,10,3430000,
43,10,3440000,
43,10,3450000,
43,10,3460000,
43,10,3470000,
43,10,3480000,
43,10,3490000,
43,10,3500000,0.005400000140070915
43,10,3510000,
43,10,3520000,
43,10,3530000,
43,10,3540000,
43,10,3550000,
43,10,3560000,
43,10,3570000,
43,10,3580000,
43,10,3590000,
43,10,3600000,0.00559999980032444
43,10,3610000,
43,10,3620000,
43,10,3630000,
43,10,3640000,
43,10,3650000,
43,10,3660000,
43,10,3670000,
43,10,3680000,
43,10,3690000,
43,10,3700000,0.00570000009611249
43,10,3710000,
43,10,3720000,
43,10,3730000,
43,10,3740000,
43,10,3750000,
43,10,3760000,
43,10,3770000,
43,10,3780000,
43,10,3790000,
43,10,3800000,0.005900000222027302
43,10,3810000,
43,10,3820000,
43,10,3830000,
43,10,3840000,
43,10,3850000,
43,10,3860000,
43,10,3870000,
43,10,3880000,
43,10,3890000,
43,10,3900000,0.005400000140070915
43,10,3910000,
43,10,3920000,
43,10,3930000,
43,10,3940000,
43,10,3950000,
43,10,3960000,
43,10,3970000,
43,10,3980000,
43,10,3990000,
43,10,4000000,0.005900000222027302
43,10,4010000,
43,10,4020000,
43,10,4030000,
43,10,4040000,
43,10,4050000,
43,10,4060000,
43,10,4070000,
43,10,4080000,
43,10,4090000,
43,10,4100000,0.005100000184029341
43,10,4110000,
43,10,4120000,
43,10,4130000,
43,10,4140000,
43,10,4150000,
43,10,4160000,
43,10,4170000,
43,10,4180000,
43,10,4190000,
43,10,4200000,0.0066999997943639755
43,10,4210000,
43,10,4220000,
43,10,4230000,
43,10,4240000,
43,10,4250000,
43,10,4260000,
43,10,4270000,
43,10,4280000,
43,10,4290000,
43,10,4300000,0.005499999970197678
43,10,4310000,
43,10,4320000,
43,10,4330000,
43,10,4340000,
43,10,4350000,
43,10,4360000,
43,10,4370000,
43,10,4380000,
43,10,4390000,
43,10,4400000,0.004699999932199717
43,10,4410000,
43,10,4420000,
43,10,4430000,
43,10,4440000,
43,10,4450000,
43,10,4460000,
43,10,4470000,
43,10,4480000,
43,10,4490000,
43,10,4500000,0.00570000009611249
43,10,4510000,
43,10,4520000,
43,10,4530000,
43,10,4540000,
43,10,4550000,
43,10,4560000,
43,10,4570000,
43,10,4580000,
43,10,4590000,
43,10,4600000,0.004800000227987766
43,10,4610000,
43,10,4620000,
43,10,4630000,
43,10,4640000,
43,10,4650000,
43,10,4660000,
43,10,4670000,
43,10,4680000,
43,10,4690000,
43,10,4700000,0.006200000178068876
43,10,4710000,
43,10,4720000,
43,10,4730000,
43,10,4740000,
43,10,4750000,
43,10,4760000,
43,10,4770000,
43,10,4780000,
43,10,4790000,
43,10,4800000,0.006800000090152025
43,10,4810000,
43,10,4820000,
43,10,4830000,
43,10,4840000,
43,10,4850000,
43,10,4860000,
43,10,4870000,
43,10,4880000,
43,10,4890000,
43,10,4900000,0.005900000222027302
43,10,4910000,
43,10,4920000,
43,10,4930000,
43,10,4940000,
43,10,4950000,
43,10,4960000,
43,10,4970000,
43,10,4980000,
43,10,4990000,
43,10,5000000,0.005499999970197678
43,20,1,0.0
43,20,10000,
43,20,20000,
43,20,30000,
43,20,40000,
43,20,50000,
43,20,60000,
43,20,70000,
43,20,80000,
43,20,90000,
43,20,100000,0.0
43,20,110000,
43,20,120000,
43,20,130000,
43,20,140000,
43,20,150000,
43,20,160000,
43,20,170000,
43,20,180000,
43,20,190000,
43,20,200000,0.00019999999494757503
43,20,210000,
43,20,220000,
43,20,230000,
43,20,240000,
43,20,250000,
43,20,260000,
43,20,270000,
43,20,280000,
43,20,290000,
43,20,300000,0.004100000020116568
43,20,310000,
43,20,320000,
43,20,330000,
43,20,340000,
43,20,350000,
43,20,360000,
43,20,370000,
43,20,380000,
43,20,390000,
43,20,400000,0.006599999964237213
43,20,410000,
43,20,420000,
43,20,430000,
43,20,440000,
43,20,450000,
43,20,460000,
43,20,470000,
43,20,480000,
43,20,490000,
43,20,500000,0.014700000174343586
43,20,510000,
43,20,520000,
43,20,530000,
43,20,540000,
43,20,550000,
43,20,560000,
43,20,570000,
43,20,580000,
43,20,590000,
43,20,600000,0.021199999377131462
43,20,610000,
43,20,620000,
43,20,630000,
43,20,640000,
43,20,650000,
43,20,660000,
43,20,670000,
43,20,680000,
43,20,690000,
43,20,700000,0.026900000870227814
43,20,710000,
43,20,720000,
43,20,730000,
43,20,740000,
43,20,750000,
43,20,760000,
43,20,770000,
43,20,780000,
43,20,790000,
43,20,800000,0.03099999949336052
43,20,810000,
43,20,820000,
43,20,830000,
43,20,840000,
43,20,850000,
43,20,860000,
43,20,870000,
43,20,880000,
43,20,890000,
43,20,900000,0.03739999979734421
43,20,910000,
43,20,920000,
43,20,930000,
43,20,940000,
43,20,950000,
43,20,960000,
43,20,970000,
43,20,980000,
43,20,990000,
43,20,1000000,0.041200000792741776
43,20,1010000,
43,20,1020000,
43,20,1030000,
43,20,1040000,
43,20,1050000,
43,20,1060000,
43,20,1070000,
43,20,1080000,
43,20,1090000,
43,20,1100000,0.03929999843239784
43,20,1110000,
43,20,1120000,
43,20,1130000,
43,20,1140000,
43,20,1150000,
43,20,1160000,
43,20,1170000,
43,20,1180000,
43,20,1190000,
43,20,1200000,0.04580000042915344
43,20,1210000,
43,20,1220000,
43,20,1230000,
43,20,1240000,
43,20,1250000,
43,20,1260000,
43,20,1270000,
43,20,1280000,
43,20,1290000,
43,20,1300000,0.050999999046325684
43,20,1310000,
43,20,1320000,
43,20,1330000,
43,20,1340000,
43,20,1350000,
43,20,1360000,
43,20,1370000,
43,20,1380000,
43,20,1390000,
43,20,1400000,0.04960000142455101
43,20,1410000,
43,20,1420000,
43,20,1430000,
43,20,1440000,
43,20,1450000,
43,20,1460000,
43,20,1470000,
43,20,1480000,
43,20,1490000,
43,20,1500000,0.05739999935030937
43,20,1510000,
43,20,1520000,
43,20,1530000,
43,20,1540000,
43,20,1550000,
43,20,1560000,
43,20,1570000,
43,20,1580000,
43,20,1590000,
43,20,1600000,0.05889999866485596
43,20,1610000,
43,20,1620000,
43,20,1630000,
43,20,1640000,
43,20,1650000,
43,20,1660000,
43,20,1670000,
43,20,1680000,
43,20,1690000,
43,20,1700000,0.0560000017285347
43,20,1710000,
43,20,1720000,
43,20,1730000,
43,20,1740000,
43,20,1750000,
43,20,1760000,
43,20,1770000,
43,20,1780000,
43,20,1790000,
43,20,1800000,0.062199998646974564
43,20,1810000,
43,20,1820000,
43,20,1830000,
43,20,1840000,
43,20,1850000,
43,20,1860000,
43,20,1870000,
43,20,1880000,
43,20,1890000,
43,20,1900000,0.06539999693632126
43,20,1910000,
43,20,1920000,
43,20,1930000,
43,20,1940000,
43,20,1950000,
43,20,1960000,
43,20,1970000,
43,20,1980000,
43,20,1990000,
43,20,2000000,0.06509999930858612
43,20,2010000,
43,20,2020000,
43,20,2030000,
43,20,2040000,
43,20,2050000,
43,20,2060000,
43,20,2070000,
43,20,2080000,
43,20,2090000,
43,20,2100000,0.06379999965429306
43,20,2110000,
43,20,2120000,
43,20,2130000,
43,20,2140000,
43,20,2150000,
43,20,2160000,
43,20,2170000,
43,20,2180000,
43,20,2190000,
43,20,2200000,0.06909999996423721
43,20,2210000,
43,20,2220000,
43,20,2230000,
43,20,2240000,
43,20,2250000,
43,20,2260000,
43,20,2270000,
43,20,2280000,
43,20,2290000,
43,20,2300000,0.07660000026226044
43,20,2310000,
43,20,2320000,
43,20,2330000,
43,20,2340000,
43,20,2350000,
43,20,2360000,
43,20,2370000,
43,20,2380000,
43,20,2390000,
43,20,2400000,0.06340000033378601
43,20,2410000,
43,20,2420000,
43,20,2430000,
43,20,2440000,
43,20,2450000,
43,20,2460000,
43,20,2470000,
43,20,2480000,
43,20,2490000,
43,20,2500000,0.07280000299215317
43,20,2510000,
43,20,2520000,
43,20,2530000,
43,20,2540000,
43,20,2550000,
43,20,2560000,
43,20,2570000,
43,20,2580000,
43,20,2590000,
43,20,2600000,0.07370000332593918
43,20,2610000,
43,20,2620000,
43,20,2630000,
43,20,2640000,
43,20,2650000,
43,20,2660000,
43,20,2670000,
43,20,2680000,
43,20,2690000,
43,20,2700000,0.07760000228881836
43,20,2710000,
43,20,2720000,
43,20,2730000,
43,20,2740000,
43,20,2750000,
43,20,2760000,
43,20,2770000,
43,20,2780000,
43,20,2790000,
43,20,2800000,0.07750000059604645
43,20,2810000,
43,20,2820000,
43,20,2830000,
43,20,2840000,
43,20,2850000,
43,20,2860000,
43,20,2870000,
43,20,2880000,
43,20,2890000,
43,20,2900000,0.07750000059604645
43,20,2910000,
43,20,2920000,
43,20,2930000,
43,20,2940000,
43,20,2950000,
43,20,2960000,
43,20,2970000,
43,20,2980000,
43,20,2990000,
43,20,3000000,0.0731000006198883
43,20,3010000,
43,20,3020000,
43,20,3030000,
43,20,3040000,
43,20,3050000,
43,20,3060000,
43,20,3070000,
43,20,3080000,
43,20,3090000,
43,20,3100000,0.08299999684095383
43,20,3110000,
43,20,3120000,
43,20,3130000,
43,20,3140000,
43,20,3150000,
43,20,3160000,
43,20,3170000,
43,20,3180000,
43,20,3190000,
43,20,3200000,0.0820000022649765
43,20,3210000,
43,20,3220000,
43,20,3230000,
43,20,3240000,
43,20,3250000,
43,20,3260000,
43,20,3270000,
43,20,3280000,
43,20,3290000,
43,20,3300000,0.08749999850988388
43,20,3310000,
43,20,3320000,
43,20,3330000,
43,20,3340000,
43,20,3350000,
43,20,3360000,
43,20,3370000,
43,20,3380000,
43,20,3390000,
43,20,3400000,0.07989999651908875
43,20,3410000,
43,20,3420000,
43,20,3430000,
43,20,3440000,
43,20,3450000,
43,20,3460000,
43,20,3470000,
43,20,3480000,
43,20,3490000,
43,20,3500000,0.08590000122785568
43,20,3510000,
43,20,3520000,
43,20,3530000,
43,20,3540000,
43,20,3550000,
43,20,3560000,
43,20,3570000,
43,20,3580000,
43,20,3590000,
43,20,3600000,0.08330000191926956
43,20,3610000,
43,20,3620000,
43,20,3630000,
43,20,3640000,
43,20,3650000,
43,20,3660000,
43,20,3670000,
43,20,3680000,
43,20,3690000,
43,20,3700000,0.07840000092983246
43,20,3710000,
43,20,3720000,
43,20,3730000,
43,20,3740000,
43,20,3750000,
43,20,3760000,
43,20,3770000,
43,20,3780000,
43,20,3790000,
43,20,3800000,0.09059999883174896
43,20,3810000,
43,20,3820000,
43,20,3830000,
43,20,3840000,
43,20,3850000,
43,20,3860000,
43,20,3870000,
43,20,3880000,
43,20,3890000,
43,20,3900000,0.09200000017881393
43,20,3910000,
43,20,3920000,
43,20,3930000,
43,20,3940000,
43,20,3950000,
43,20,3960000,
43,20,3970000,
43,20,3980000,
43,20,3990000,
43,20,4000000,0.08669999986886978
43,20,4010000,
43,20,4020000,
43,20,4030000,
43,20,4040000,
43,20,4050000,
43,20,4060000,
43,20,4070000,
43,20,4080000,
43,20,4090000,
43,20,4100000,0.08810000121593475
43,20,4110000,
43,20,4120000,
43,20,4130000,
43,20,4140000,
43,20,4150000,
43,20,4160000,
43,20,4170000,
43,20,4180000,
43,20,4190000,
43,20,4200000,0.08810000121593475
43,20,4210000,
43,20,4220000,
43,20,4230000,
43,20,4240000,
43,20,4250000,
43,20,4260000,
43,20,4270000,
43,20,4280000,
43,20,4290000,
43,20,4300000,0.0851999968290329
43,20,4310000,
43,20,4320000,
43,20,4330000,
43,20,4340000,
43,20,4350000,
43,20,4360000,
43,20,4370000,
43,20,4380000,
43,20,4390000,
43,20,4400000,0.08460000157356262
43,20,4410000,
43,20,4420000,
43,20,4430000,
43,20,4440000,
43,20,4450000,
43,20,4460000,
43,20,4470000,
43,20,4480000,
43,20,4490000,
43,20,4500000,0.09220000356435776
43,20,4510000,
43,20,4520000,
43,20,4530000,
43,20,4540000,
43,20,4550000,
43,20,4560000,
43,20,4570000,
43,20,4580000,
43,20,4590000,
43,20,4600000,0.09229999780654907
43,20,4610000,
43,20,4620000,
43,20,4630000,
43,20,4640000,
43,20,4650000,
43,20,4660000,
43,20,4670000,
43,20,4680000,
43,20,4690000,
43,20,4700000,0.08839999884366989
43,20,4710000,
43,20,4720000,
43,20,4730000,
43,20,4740000,
43,20,4750000,
43,20,4760000,
43,20,4770000,
43,20,4780000,
43,20,4790000,
43,20,4800000,0.09229999780654907
43,20,4810000,
43,20,4820000,
43,20,4830000,
43,20,4840000,
43,20,4850000,
43,20,4860000,
43,20,4870000,
43,20,4880000,
43,20,4890000,
43,20,4900000,0.08959999680519104
43,20,4910000,
43,20,4920000,
43,20,4930000,
43,20,4940000,
43,20,4950000,
43,20,4960000,
43,20,4970000,
43,20,4980000,
43,20,4990000,
43,20,5000000,0.09139999747276306
43,30,1,0.0
43,30,10000,
43,30,20000,
43,30,30000,
43,30,40000,
43,30,50000,
43,30,60000,
43,30,70000,
43,30,80000,
43,30,90000,
43,30,100000,0.0
43,30,110000,
43,30,120000,
43,30,130000,
43,30,140000,
43,30,150000,
43,30,160000,
43,30,170000,
43,30,180000,
43,30,190000,
43,30,200000,0.006099999882280827
43,30,210000,
43,30,220000,
43,30,230000,
43,30,240000,
43,30,250000,
43,30,260000,
43,30,270000,
43,30,280000,
43,30,290000,
43,30,300000,0.024700000882148743
43,30,310000,
43,30,320000,
43,30,330000,
43,30,340000,
43,30,350000,
43,30,360000,
43,30,370000,
43,30,380000,
43,30,390000,
43,30,400000,0.043699998408555984
43,30,410000,
43,30,420000,
43,30,430000,
43,30,440000,
43,30,450000,
43,30,460000,
43,30,470000,
43,30,480000,
43,30,490000,
43,30,500000,0.06289999932050705
43,30,510000,
43,30,520000,
43,30,530000,
43,30,540000,
43,30,550000,
43,30,560000,
43,30,570000,
43,30,580000,
43,30,590000,
43,30,600000,0.07840000092983246
43,30,610000,
43,30,620000,
43,30,630000,
43,30,640000,
43,30,650000,
43,30,660000,
43,30,670000,
43,30,680000,
43,30,690000,
43,30,700000,0.09600000083446503
43,30,710000,
43,30,720000,
43,30,730000,
43,30,740000,
43,30,750000,
43,30,760000,
43,30,770000,
43,30,780000,
43,30,790000,
43,30,800000,0.1137000024318695
43,30,810000,
43,30,820000,
43,30,830000,
43,30,840000,
43,30,850000,
43,30,860000,
43,30,870000,
43,30,880000,
43,30,890000,
43,30,900000,0.12680000066757202
43,30,910000,
43,30,920000,
43,30,930000,
43,30,940000,
43,30,950000,
43,30,960000,
43,30,970000,
43,30,980000,
43,30,990000,
43,30,1000000,0.1451999992132187
43,30,1010000,
43,30,1020000,
43,30,1030000,
43,30,1040000,
43,30,1050000,
43,30,1060000,
43,30,1070000,
43,30,1080000,
43,30,1090000,
43,30,1100000,0.16680000722408295
43,30,1110000,
43,30,1120000,
43,30,1130000,
43,30,1140000,
43,30,1150000,
43,30,1160000,
43,30,1170000,
43,30,1180000,
43,30,1190000,
43,30,1200000,0.15119999647140503
43,30,1210000,
43,30,1220000,
43,30,1230000,
43,30,1240000,
43,30,1250000,
43,30,1260000,
43,30,1270000,
43,30,1280000,
43,30,1290000,
43,30,1300000,0.1678999960422516
43,30,1310000,
43,30,1320000,
43,30,1330000,
43,30,1340000,
43,30,1350000,
43,30,1360000,
43,30,1370000,
43,30,1380000,
43,30,1390000,
43,30,1400000,0.19629999995231628
43,30,1410000,
43,30,1420000,
43,30,1430000,
43,30,1440000,
43,30,1450000,
43,30,1460000,
43,30,1470000,
43,30,1480000,
43,30,1490000,
43,30,1500000,0.19750000536441803
43,30,1510000,
43,30,1520000,
43,30,1530000,
43,30,1540000,
43,30,1550000,
43,30,1560000,
43,30,1570000,
43,30,1580000,
43,30,1590000,
43,30,1600000,0.21209999918937683
43,30,1610000,
43,30,1620000,
43,30,1630000,
43,30,1640000,
43,30,1650000,
43,30,1660000,
43,30,1670000,
43,30,1680000,
43,30,1690000,
43,30,1700000,0.21940000355243683
43,30,1710000,
43,30,1720000,
43,30,1730000,
43,30,1740000,
43,30,1750000,
43,30,1760000,
43,30,1770000,
43,30,1780000,
43,30,1790000,
43,30,1800000,0.23569999635219574
43,30,1810000,
43,30,1820000,
43,30,1830000,
43,30,1840000,
43,30,1850000,
43,30,1860000,
43,30,1870000,
43,30,1880000,
43,30,1890000,
43,30,1900000,0.23680000007152557
43,30,1910000,
43,30,1920000,
43,30,1930000,
43,30,1940000,
43,30,1950000,
43,30,1960000,
43,30,1970000,
43,30,1980000,
43,30,1990000,
43,30,2000000,0.2370000034570694
43,30,2010000,
43,30,2020000,
43,30,2030000,
43,30,2040000,
43,30,2050000,
43,30,2060000,
43,30,2070000,
43,30,2080000,
43,30,2090000,
43,30,2100000,0.2524000108242035
43,30,2110000,
43,30,2120000,
43,30,2130000,
43,30,2140000,
43,30,2150000,
43,30,2160000,
43,30,2170000,
43,30,2180000,
43,30,2190000,
43,30,2200000,0.26510000228881836
43,30,2210000,
43,30,2220000,
43,30,2230000,
43,30,2240000,
43,30,2250000,
43,30,2260000,
43,30,2270000,
43,30,2280000,
43,30,2290000,
43,30,2300000,0.26649999618530273
43,30,2310000,
43,30,2320000,
43,30,2330000,
43,30,2340000,
43,30,2350000,
43,30,2360000,
43,30,2370000,
43,30,2380000,
43,30,2390000,
43,30,2400000,0.26010000705718994
43,30,2410000,
43,30,2420000,
43,30,2430000,
43,30,2440000,
43,30,2450000,
43,30,2460000,
43,30,2470000,
43,30,2480000,
43,30,2490000,
43,30,2500000,0.27399998903274536
43,30,2510000,
43,30,2520000,
43,30,2530000,
43,30,2540000,
43,30,2550000,
43,30,2560000,
43,30,2570000,
43,30,2580000,
43,30,2590000,
43,30,2600000,0.2775000035762787
43,30,2610000,
43,30,2620000,
43,30,2630000,
43,30,2640000,
43,30,2650000,
43,30,2660000,
43,30,2670000,
43,30,2680000,
43,30,2690000,
43,30,2700000,0.2935999929904938
43,30,2710000,
43,30,2720000,
43,30,2730000,
43,30,2740000,
43,30,2750000,
43,30,2760000,
43,30,2770000,
43,30,2780000,
43,30,2790000,
43,30,2800000,0.29499998688697815
43,30,2810000,
43,30,2820000,
43,30,2830000,
43,30,2840000,
43,30,2850000,
43,30,2860000,
43,30,2870000,
43,30,2880000,
43,30,2890000,
43,30,2900000,0.28130000829696655
43,30,2910000,
43,30,2920000,
43,30,2930000,
43,30,2940000,
43,30,2950000,
43,30,2960000,
43,30,2970000,
43,30,2980000,
43,30,2990000,
43,30,3000000,0.28839999437332153
43,30,3010000,
43,30,3020000,
43,30,3030000,
43,30,3040000,
43,30,3050000,
43,30,3060000,
43,30,3070000,
43,30,3080000,
43,30,3090000,
43,30,3100000,0.2842999994754791
43,30,3110000,
43,30,3120000,
43,30,3130000,
43,30,3140000,
43,30,3150000,
43,30,3160000,
43,30,3170000,
43,30,3180000,
43,30,3190000,
43,30,3200000,0.3075999915599823
43,30,3210000,
43,30,3220000,
43,30,3230000,
43,30,3240000,
43,30,3250000,
43,30,3260000,
43,30,3270000,
43,30,3280000,
43,30,3290000,
43,30,3300000,0.3059000074863434
43,30,3310000,
43,30,3320000,
43,30,3330000,
43,30,3340000,
43,30,3350000,
43,30,3360000,
43,30,3370000,
43,30,3380000,
43,30,3390000,
43,30,3400000,0.3068000078201294
43,30,3410000,
43,30,3420000,
43,30,3430000,
43,30,3440000,
43,30,3450000,
43,30,3460000,
43,30,3470000,
43,30,3480000,
43,30,3490000,
43,30,3500000,0.31349998712539673
43,30,3510000,
43,30,3520000,
43,30,3530000,
43,30,3540000,
43,30,3550000,
43,30,3560000,
43,30,3570000,
43,30,3580000,
43,30,3590000,
43,30,3600000,0.3077000081539154
43,30,3610000,
43,30,3620000,
43,30,3630000,
43,30,3640000,
43,30,3650000,
43,30,3660000,
43,30,3670000,
43,30,3680000,
43,30,3690000,
43,30,3700000,0.3149999976158142
43,30,3710000,
43,30,3720000,
43,30,3730000,
43,30,3740000,
43,30,3750000,
43,30,3760000,
43,30,3770000,
43,30,3780000,
43,30,3790000,
43,30,3800000,0.32100000977516174
43,30,3810000,
43,30,3820000,
43,30,3830000,
43,30,3840000,
43,30,3850000,
43,30,3860000,
43,30,3870000,
43,30,3880000,
43,30,3890000,
43,30,3900000,0.32659998536109924
43,30,3910000,
43,30,3920000,
43,30,3930000,
43,30,3940000,
43,30,3950000,
43,30,3960000,
43,30,3970000,
43,30,3980000,
43,30,3990000,
43,30,4000000,0.3269999921321869
43,30,4010000,
43,30,4020000,
43,30,4030000,
43,30,4040000,
43,30,4050000,
43,30,4060000,
43,30,4070000,
43,30,4080000,
43,30,4090000,
43,30,4100000,0.3278000056743622
43,30,4110000,
43,30,4120000,
43,30,4130000,
43,30,4140000,
43,30,4150000,
43,30,4160000,
43,30,4170000,
43,30,4180000,
43,30,4190000,
43,30,4200000,0.3240000009536743
43,30,4210000,
43,30,4220000,
43,30,4230000,
43,30,4240000,
43,30,4250000,
43,30,4260000,
43,30,4270000,
43,30,4280000,
43,30,4290000,
43,30,4300000,0.3425000011920929
43,30,4310000,
43,30,4320000,
43,30,4330000,
43,30,4340000,
43,30,4350000,
43,30,4360000,
43,30,4370000,
43,30,4380000,
43,30,4390000,
43,30,4400000,0.32580000162124634
43,30,4410000,
43,30,4420000,
43,30,4430000,
43,30,4440000,
43,30,4450000,
43,30,4460000,
43,30,4470000,
43,30,4480000,
43,30,4490000,
43,30,4500000,0.3384999930858612
43,30,4510000,
43,30,4520000,
43,30,4530000,
43,30,4540000,
43,30,4550000,
43,30,4560000,
43,30,4570000,
43,30,4580000,
43,30,4590000,
43,30,4600000,0.34470000863075256
43,30,4610000,
43,30,4620000,
43,30,4630000,
43,30,4640000,
43,30,4650000,
43,30,4660000,
43,30,4670000,
43,30,4680000,
43,30,4690000,
43,30,4700000,0.34459999203681946
43,30,4710000,
43,30,4720000,
43,30,4730000,
43,30,4740000,
43,30,4750000,
43,30,4760000,
43,30,4770000,
43,30,4780000,
43,30,4790000,
43,30,4800000,0.3467999994754791
43,30,4810000,
43,30,4820000,
43,30,4830000,
43,30,4840000,
43,30,4850000,
43,30,4860000,
43,30,4870000,
43,30,4880000,
43,30,4890000,
43,30,4900000,0.33880001306533813
43,30,4910000,
43,30,4920000,
43,30,4930000,
43,30,4940000,
43,30,4950000,
43,30,4960000,
43,30,4970000,
43,30,4980000,
43,30,4990000,
43,30,5000000,0.3382999897003174
43,40,1,0.0
43,40,10000,
43,40,20000,
43,40,30000,
43,40,40000,
43,40,50000,
43,40,60000,
43,40,70000,
43,40,80000,
43,40,90000,
43,40,100000,0.0012000000569969416
43,40,110000,
43,40,120000,
43,40,130000,
43,40,140000,
43,40,150000,
43,40,160000,
43,40,170000,
43,40,180000,
43,40,190000,
43,40,200000,0.017500000074505806
43,40,210000,
43,40,220000,
43,40,230000,
43,40,240000,
43,40,250000,
43,40,260000,
43,40,270000,
43,40,280000,
43,40,290000,
43,40,300000,0.05389999970793724
43,40,310000,
43,40,320000,
43,40,330000,
43,40,340000,
43,40,350000,
43,40,360000,
43,40,370000,
43,40,380000,
43,40,390000,
43,40,400000,0.09099999815225601
43,40,410000,
43,40,420000,
43,40,430000,
43,40,440000,
43,40,450000,
43,40,460000,
43,40,470000,
43,40,480000,
43,40,490000,
43,40,500000,0.12070000171661377
43,40,510000,
43,40,520000,
43,40,530000,
43,40,540000,
43,40,550000,
43,40,560000,
43,40,570000,
43,40,580000,
43,40,590000,
43,40,600000,0.15209999680519104
43,40,610000,
43,40,620000,
43,40,630000,
43,40,640000,
43,40,650000,
43,40,660000,
43,40,670000,
43,40,680000,
43,40,690000,
43,40,700000,0.16850000619888306
43,40,710000,
43,40,720000,
43,40,730000,
43,40,740000,
43,40,750000,
43,40,760000,
43,40,770000,
43,40,780000,
43,40,790000,
43,40,800000,0.2093999981880188
43,40,810000,
43,40,820000,
43,40,830000,
43,40,840000,
43,40,850000,
43,40,860000,
43,40,870000,
43,40,880000,
43,40,890000,
43,40,900000,0.22210000455379486
43,40,910000,
43,40,920000,
43,40,930000,
43,40,940000,
43,40,950000,
43,40,960000,
43,40,970000,
43,40,980000,
43,40,990000,
43,40,1000000,0.26409998536109924
43,40,1010000,
43,40,1020000,
43,40,1030000,
43,40,1040000,
43,40,1050000,
43,40,1060000,
43,40,1070000,
43,40,1080000,
43,40,1090000,
43,40,1100000,0.29589998722076416
43,40,1110000,
43,40,1120000,
43,40,1130000,
43,40,1140000,
43,40,1150000,
43,40,1160000,
43,40,1170000,
43,40,1180000,
43,40,1190000,
43,40,1200000,0.320499986410141
43,40,1210000,
43,40,1220000,
43,40,1230000,
43,40,1240000,
43,40,1250000,
43,40,1260000,
43,40,1270000,
43,40,1280000,
43,40,1290000,
43,40,1300000,0.3418000042438507
43,40,1310000,
43,40,1320000,
43,40,1330000,
43,40,1340000,
43,40,1350000,
43,40,1360000,
43,40,1370000,
43,40,1380000,
43,40,1390000,
43,40,1400000,0.35420000553131104
43,40,1410000,
43,40,1420000,
43,40,1430000,
43,40,1440000,
43,40,1450000,
43,40,1460000,
43,40,1470000,
43,40,1480000,
43,40,1490000,
43,40,1500000,0.3610999882221222
43,40,1510000,
43,40,1520000,
43,40,1530000,
43,40,1540000,
43,40,1550000,
43,40,1560000,
43,40,1570000,
43,40,1580000,
43,40,1590000,
43,40,1600000,0.39809998869895935
43,40,1610000,
43,40,1620000,
43,40,1630000,
43,40,1640000,
43,40,1650000,
43,40,1660000,
43,40,1670000,
43,40,1680000,
43,40,1690000,
43,40,1700000,0.42260000109672546
43,40,1710000,
43,40,1720000,
43,40,1730000,
43,40,1740000,
43,40,1750000,
43,40,1760000,
43,40,1770000,
43,40,1780000,
43,40,1790000,
43,40,1800000,0.42559999227523804
43,40,1810000,
43,40,1820000,
43,40,1830000,
43,40,1840000,
43,40,1850000,
43,40,1860000,
43,40,1870000,
43,40,1880000,
43,40,1890000,
43,40,1900000,0.42989999055862427
43,40,1910000,
43,40,1920000,
43,40,1930000,
43,40,1940000,
43,40,1950000,
43,40,1960000,
43,40,1970000,
43,40,1980000,
43,40,1990000,
43,40,2000000,0.4523000121116638
43,40,2010000,
43,40,2020000,
43,40,2030000,
43,40,2040000,
43,40,2050000,
43,40,2060000,
43,40,2070000,
43,40,2080000,
43,40,2090000,
43,40,2100000,0.4821000099182129
43,40,2110000,
43,40,2120000,
43,40,2130000,
43,40,2140000,
43,40,2150000,
43,40,2160000,
43,40,2170000,
43,40,2180000,
43,40,2190000,
43,40,2200000,0.4894999861717224
43,40,2210000,
43,40,2220000,
43,40,2230000,
43,40,2240000,
43,40,2250000,
43,40,2260000,
43,40,2270000,
43,40,2280000,
43,40,2290000,
43,40,2300000,0.4875999987125397
43,40,2310000,
43,40,2320000,
43,40,2330000,
43,40,2340000,
43,40,2350000,
43,40,2360000,
43,40,2370000,
43,40,2380000,
43,40,2390000,
43,40,2400000,0.4993000030517578
43,40,2410000,
43,40,2420000,
43,40,2430000,
43,40,2440000,
43,40,2450000,
43,40,2460000,
43,40,2470000,
43,40,2480000,
43,40,2490000,
43,40,2500000,0.5016999840736389
43,40,2510000,
43,40,2520000,
43,40,2530000,
43,40,2540000,
43,40,2550000,
43,40,2560000,
43,40,2570000,
43,40,2580000,
43,40,2590000,
43,40,2600000,0.5149000287055969
43,40,2610000,
43,40,2620000,
43,40,2630000,
43,40,2640000,
43,40,2650000,
43,40,2660000,
43,40,2670000,
43,40,2680000,
43,40,2690000,
43,40,2700000,0.5246000289916992
43,40,2710000,
43,40,2720000,
43,40,2730000,
43,40,2740000,
43,40,2750000,
43,40,2760000,
43,40,2770000,
43,40,2780000,
43,40,2790000,
43,40,2800000,0.5460000038146973
43,40,2810000,
43,40,2820000,
43,40,2830000,
43,40,2840000,
43,40,2850000,
43,40,2860000,
43,40,2870000,
43,40,2880000,
43,40,2890000,
43,40,2900000,0.5356000065803528
43,40,2910000,
43,40,2920000,
43,40,2930000,
43,40,2940000,
43,40,2950000,
43,40,2960000,
43,40,2970000,
43,40,2980000,
43,40,2990000,
43,40,3000000,0.5389999747276306
43,40,3010000,
43,40,3020000,
43,40,3030000,
43,40,3040000,
43,40,3050000,
43,40,3060000,
43,40,3070000,
43,40,3080000,
43,40,3090000,
43,40,3100000,0.5419999957084656
43,40,3110000,
43,40,3120000,
43,40,3130000,
43,40,3140000,
43,40,3150000,
43,40,3160000,
43,40,3170000,
43,40,3180000,
43,40,3190000,
43,40,3200000,0.5546000003814697
43,40,3210000,
43,40,3220000,
43,40,3230000,
43,40,3240000,
43,40,3250000,
43,40,3260000,
43,40,3270000,
43,40,3280000,
43,40,3290000,
43,40,3300000,0.5601999759674072
43,40,3310000,
43,40,3320000,
43,40,3330000,
43,40,3340000,
43,40,3350000,
43,40,3360000,
43,40,3370000,
43,40,3380000,
43,40,3390000,
43,40,3400000,0.5713000297546387
43,40,3410000,
43,40,3420000,
43,40,3430000,
43,40,3440000,
43,40,3450000,
43,40,3460000,
43,40,3470000,
43,40,3480000,
43,40,3490000,
43,40,3500000,0.5737000107765198
43,40,3510000,
43,40,3520000,
43,40,3530000,
43,40,3540000,
43,40,3550000,
43,40,3560000,
43,40,3570000,
43,40,3580000,
43,40,3590000,
43,40,3600000,0.5828999876976013
43,40,3610000,
43,40,3620000,
43,40,3630000,
43,40,3640000,
43,40,3650000,
43,40,3660000,
43,40,3670000,
43,40,3680000,
43,40,3690000,
43,40,3700000,0.5687999725341797
43,40,3710000,
43,40,3720000,
43,40,3730000,
43,40,3740000,
43,40,3750000,
43,40,3760000,
43,40,3770000,
43,40,3780000,
43,40,3790000,
43,40,3800000,0.5820000171661377
43,40,3810000,
43,40,3820000,
43,40,3830000,
43,40,3840000,
43,40,3850000,
43,40,3860000,
43,40,3870000,
43,40,3880000,
43,40,3890000,
43,40,3900000,0.5935999751091003
43,40,3910000,
43,40,3920000,
43,40,3930000,
43,40,3940000,
43,40,3950000,
43,40,3960000,
43,40,3970000,
43,40,3980000,
43,40,3990000,
43,40,4000000,0.5935999751091003
43,40,4010000,
43,40,4020000,
43,40,4030000,
43,40,4040000,
43,40,4050000,
43,40,4060000,
43,40,4070000,
43,40,4080000,
43,40,4090000,
43,40,4100000,0.6018000245094299
43,40,4110000,
43,40,4120000,
43,40,4130000,
43,40,4140000,
43,40,4150000,
43,40,4160000,
43,40,4170000,
43,40,4180000,
43,40,4190000,
43,40,4200000,0.597100019454956
43,40,4210000,
43,40,4220000,
43,40,4230000,
43,40,4240000,
43,40,4250000,
43,40,4260000,
43,40,4270000,
43,40,4280000,
43,40,4290000,
43,40,4300000,0.595300018787384
43,40,4310000,
43,40,4320000,
43,40,4330000,
43,40,4340000,
43,40,4350000,
43,40,4360000,
43,40,4370000,
43,40,4380000,
43,40,4390000,
43,40,4400000,0.5939000248908997
43,40,4410000,
43,40,4420000,
43,40,4430000,
43,40,4440000,
43,40,4450000,
43,40,4460000,
43,40,4470000,
43,40,4480000,
43,40,4490000,
43,40,4500000,0.6033999919891357
43,40,4510000,
43,40,4520000,
43,40,4530000,
43,40,4540000,
43,40,4550000,
43,40,4560000,
43,40,4570000,
43,40,4580000,
43,40,4590000,
43,40,4600000,0.5985999703407288
43,40,4610000,
43,40,4620000,
43,40,4630000,
43,40,4640000,
43,40,4650000,
43,40,4660000,
43,40,4670000,
43,40,4680000,
43,40,4690000,
43,40,4700000,0.6050000190734863
43,40,4710000,
43,40,4720000,
43,40,4730000,
43,40,4740000,
43,40,4750000,
43,40,4760000,
43,40,4770000,
43,40,4780000,
43,40,4790000,
43,40,4800000,0.6085000038146973
43,40,4810000,
43,40,4820000,
43,40,4830000,
43,40,4840000,
43,40,4850000,
43,40,4860000,
43,40,4870000,
43,40,4880000,
43,40,4890000,
43,40,4900000,0.597000002861023
43,40,4910000,
43,40,4920000,
43,40,4930000,
43,40,4940000,
43,40,4950000,
43,40,4960000,
43,40,4970000,
43,40,4980000,
43,40,4990000,
43,40,5000000,0.6146000027656555
43,50,1,0.0
43,50,10000,
43,50,20000,
43,50,30000,
43,50,40000,
43,50,50000,
43,50,60000,
43,50,70000,
43,50,80000,
43,50,90000,
43,50,100000,0.00039999998989515007
43,50,110000,
43,50,120000,
43,50,130000,
43,50,140000,
43,50,150000,
43,50,160000,
43,50,170000,
43,50,180000,
43,50,190000,
43,50,200000,0.020800000056624413
43,50,210000,
43,50,220000,
43,50,230000,
43,50,240000,
43,50,250000,
43,50,260000,
43,50,270000,
43,50,280000,
43,50,290000,
43,50,300000,0.06639999896287918
43,50,310000,
43,50,320000,
43,50,330000,
43,50,340000,
43,50,350000,
43,50,360000,
43,50,370000,
43,50,380000,
43,50,390000,
43,50,400000,0.11209999769926071
43,50,410000,
43,50,420000,
43,50,430000,
43,50,440000,
43,50,450000,
43,50,460000,
43,50,470000,
43,50,480000,
43,50,490000,
43,50,500000,0.15240000188350677
43,50,510000,
43,50,520000,
43,50,530000,
43,50,540000,
43,50,550000,
43,50,560000,
43,50,570000,
43,50,580000,
43,50,590000,
43,50,600000,0.19339999556541443
43,50,610000,
43,50,620000,
43,50,630000,
43,50,640000,
43,50,650000,
43,50,660000,
43,50,670000,
43,50,680000,
43,50,690000,
43,50,700000,0.22920000553131104
43,50,710000,
43,50,720000,
43,50,730000,
43,50,740000,
43,50,750000,
43,50,760000,
43,50,770000,
43,50,780000,
43,50,790000,
43,50,800000,0.2574000060558319
43,50,810000,
43,50,820000,
43,50,830000,
43,50,840000,
43,50,850000,
43,50,860000,
43,50,870000,
43,50,880000,
43,50,890000,
43,50,900000,0.3003999888896942
43,50,910000,
43,50,920000,
43,50,930000,
43,50,940000,
43,50,950000,
43,50,960000,
43,50,970000,
43,50,980000,
43,50,990000,
43,50,1000000,0.3560999929904938
43,50,1010000,
43,50,1020000,
43,50,1030000,
43,50,1040000,
43,50,1050000,
43,50,1060000,
43,50,1070000,
43,50,1080000,
43,50,1090000,
43,50,1100000,0.3813000023365021
43,50,1110000,
43,50,1120000,
43,50,1130000,
43,50,1140000,
43,50,1150000,
43,50,1160000,
43,50,1170000,
43,50,1180000,
43,50,1190000,
43,50,1200000,0.4050000011920929
43,50,1210000,
43,50,1220000,
43,50,1230000,
43,50,1240000,
43,50,1250000,
43,50,1260000,
43,50,1270000,
43,50,1280000,
43,50,1290000,
43,50,1300000,0.4372999966144562
43,50,1310000,
43,50,1320000,
43,50,1330000,
43,50,1340000,
43,50,1350000,
43,50,1360000,
43,50,1370000,
43,50,1380000,
43,50,1390000,
43,50,1400000,0.46399998664855957
43,50,1410000,
43,50,1420000,
43,50,1430000,
43,50,1440000,
43,50,1450000,
43,50,1460000,
43,50,1470000,
43,50,1480000,
43,50,1490000,
43,50,1500000,0.5030999779701233
43,50,1510000,
43,50,1520000,
43,50,1530000,
43,50,1540000,
43,50,1550000,
43,50,1560000,
43,50,1570000,
43,50,1580000,
43,50,1590000,
43,50,1600000,0.5138000249862671
43,50,1610000,
43,50,1620000,
43,50,1630000,
43,50,1640000,
43,50,1650000,
43,50,1660000,
43,50,1670000,
43,50,1680000,
43,50,1690000,
43,50,1700000,0.5587999820709229
43,50,1710000,
43,50,1720000,
43,50,1730000,
43,50,1740000,
43,50,1750000,
43,50,1760000,
43,50,1770000,
43,50,1780000,
43,50,1790000,
43,50,1800000,0.5751000046730042
43,50,1810000,
43,50,1820000,
43,50,1830000,
43,50,1840000,
43,50,1850000,
43,50,1860000,
43,50,1870000,
43,50,1880000,
43,50,1890000,
43,50,1900000,0.5861999988555908
43,50,1910000,
43,50,1920000,
43,50,1930000,
43,50,1940000,
43,50,1950000,
43,50,1960000,
43,50,1970000,
43,50,1980000,
43,50,1990000,
43,50,2000000,0.6025999784469604
43,50,2010000,
43,50,2020000,
43,50,2030000,
43,50,2040000,
43,50,2050000,
43,50,2060000,
43,50,2070000,
43,50,2080000,
43,50,2090000,
43,50,2100000,0.6251999735832214
43,50,2110000,
43,50,2120000,
43,50,2130000,
43,50,2140000,
43,50,2150000,
43,50,2160000,
43,50,2170000,
43,50,2180000,
43,50,2190000,
43,50,2200000,0.6309999823570251
43,50,2210000,
43,50,2220000,
43,50,2230000,
43,50,2240000,
43,50,2250000,
43,50,2260000,
43,50,2270000,
43,50,2280000,
43,50,2290000,
43,50,2300000,0.6395000219345093
43,50,2310000,
43,50,2320000,
43,50,2330000,
43,50,2340000,
43,50,2350000,
43,50,2360000,
43,50,2370000,
43,50,2380000,
43,50,2390000,
43,50,2400000,0.6593999862670898
43,50,2410000,
43,50,2420000,
43,50,2430000,
43,50,2440000,
43,50,2450000,
43,50,2460000,
43,50,2470000,
43,50,2480000,
43,50,2490000,
43,50,2500000,0.6823999881744385
43,50,2510000,
43,50,2520000,
43,50,2530000,
43,50,2540000,
43,50,2550000,
43,50,2560000,
43,50,2570000,
43,50,2580000,
43,50,2590000,
43,50,2600000,0.6789000034332275
43,50,2610000,
43,50,2620000,
43,50,2630000,
43,50,2640000,
43,50,2650000,
43,50,2660000,
43,50,2670000,
43,50,2680000,
43,50,2690000,
43,50,2700000,0.692300021648407
43,50,2710000,
43,50,2720000,
43,50,2730000,
43,50,2740000,
43,50,2750000,
43,50,2760000,
43,50,2770000,
43,50,2780000,
43,50,2790000,
43,50,2800000,0.6984999775886536
43,50,2810000,
43,50,2820000,
43,50,2830000,
43,50,2840000,
43,50,2850000,
43,50,2860000,
43,50,2870000,
43,50,2880000,
43,50,2890000,
43,50,2900000,0.7125999927520752
43,50,2910000,
43,50,2920000,
43,50,2930000,
43,50,2940000,
43,50,2950000,
43,50,2960000,
43,50,2970000,
43,50,2980000,
43,50,2990000,
43,50,3000000,0.7153000235557556
43,50,3010000,
43,50,3020000,
43,50,3030000,
43,50,3040000,
43,50,3050000,
43,50,3060000,
43,50,3070000,
43,50,3080000,
43,50,3090000,
43,50,3100000,0.7182000279426575
43,50,3110000,
43,50,3120000,
43,50,3130000,
43,50,3140000,
43,50,3150000,
43,50,3160000,
43,50,3170000,
43,50,3180000,
43,50,3190000,
43,50,3200000,0.7299000024795532
43,50,3210000,
43,50,3220000,
43,50,3230000,
43,50,3240000,
43,50,3250000,
43,50,3260000,
43,50,3270000,
43,50,3280000,
43,50,3290000,
43,50,3300000,0.7261999845504761
43,50,3310000,
43,50,3320000,
43,50,3330000,
43,50,3340000,
43,50,3350000,
43,50,3360000,
43,50,3370000,
43,50,3380000,
43,50,3390000,
43,50,3400000,0.7279000282287598
43,50,3410000,
43,50,3420000,
43,50,3430000,
43,50,3440000,
43,50,3450000,
43,50,3460000,
43,50,3470000,
43,50,3480000,
43,50,3490000,
43,50,3500000,0.73580002784729
43,50,3510000,
43,50,3520000,
43,50,3530000,
43,50,3540000,
43,50,3550000,
43,50,3560000,
43,50,3570000,
43,50,3580000,
43,50,3590000,
43,50,3600000,0.7425000071525574
43,50,3610000,
43,50,3620000,
43,50,3630000,
43,50,3640000,
43,50,3650000,
43,50,3660000,
43,50,3670000,
43,50,3680000,
43,50,3690000,
43,50,3700000,0.7454000115394592
43,50,3710000,
43,50,3720000,
43,50,3730000,
43,50,3740000,
43,50,3750000,
43,50,3760000,
43,50,3770000,
43,50,3780000,
43,50,3790000,
43,50,3800000,0.7434999942779541
43,50,3810000,
43,50,3820000,
43,50,3830000,
43,50,3840000,
43,50,3850000,
43,50,3860000,
43,50,3870000,
43,50,3880000,
43,50,3890000,
43,50,3900000,0.7488999962806702
43,50,3910000,
43,50,3920000,
43,50,3930000,
43,50,3940000,
43,50,3950000,
43,50,3960000,
43,50,3970000,
43,50,3980000,
43,50,3990000,
43,50,4000000,0.7538999915122986
43,50,4010000,
43,50,4020000,
43,50,4030000,
43,50,4040000,
43,50,4050000,
43,50,4060000,
43,50,4070000,
43,50,4080000,
43,50,4090000,
43,50,4100000,0.7617999911308289
43,50,4110000,
43,50,4120000,
43,50,4130000,
43,50,4140000,
43,50,4150000,
43,50,4160000,
43,50,4170000,
43,50,4180000,
43,50,4190000,
43,50,4200000,0.7448999881744385
43,50,4210000,
43,50,4220000,
43,50,4230000,
43,50,4240000,
43,50,4250000,
43,50,4260000,
43,50,4270000,
43,50,4280000,
43,50,4290000,
43,50,4300000,0.7563999891281128
43,50,4310000,
43,50,4320000,
43,50,4330000,
43,50,4340000,
43,50,4350000,
43,50,4360000,
43,50,4370000,
43,50,4380000,
43,50,4390000,
43,50,4400000,0.753600001335144
43,50,4410000,
43,50,4420000,
43,50,4430000,
43,50,4440000,
43,50,4450000,
43,50,4460000,
43,50,4470000,
43,50,4480000,
43,50,4490000,
43,50,4500000,0.7537000179290771
43,50,4510000,
43,50,4520000,
43,50,4530000,
43,50,4540000,
43,50,4550000,
43,50,4560000,
43,50,4570000,
43,50,4580000,
43,50,4590000,
43,50,4600000,0.7605000138282776
43,50,4610000,
43,50,4620000,
43,50,4630000,
43,50,4640000,
43,50,4650000,
43,50,4660000,
43,50,4670000,
43,50,4680000,
43,50,4690000,
43,50,4700000,0.7511000037193298
43,50,4710000,
43,50,4720000,
43,50,4730000,
43,50,4740000,
43,50,4750000,
43,50,4760000,
43,50,4770000,
43,50,4780000,
43,50,4790000,
43,50,4800000,0.7520999908447266
43,50,4810000,
43,50,4820000,
43,50,4830000,
43,50,4840000,
43,50,4850000,
43,50,4860000,
43,50,4870000,
43,50,4880000,
43,50,4890000,
43,50,4900000,0.7598000168800354
43,50,4910000,
43,50,4920000,
43,50,4930000,
43,50,4940000,
43,50,4950000,
43,50,4960000,
43,50,4970000,
43,50,4980000,
43,50,4990000,
43,50,5000000,0.7666000127792358
43,60,1,0.0
43,60,10000,
43,60,20000,
43,60,30000,
43,60,40000,
43,60,50000,
43,60,60000,
43,60,70000,
43,60,80000,
43,60,90000,
43,60,100000,0.002099999925121665
43,60,110000,
43,60,120000,
43,60,130000,
43,60,140000,
43,60,150000,
43,60,160000,
43,60,170000,
43,60,180000,
43,60,190000,
43,60,200000,0.025200000032782555
43,60,210000,
43,60,220000,
43,60,230000,
43,60,240000,
43,60,250000,
43,60,260000,
43,60,270000,
43,60,280000,
43,60,290000,
43,60,300000,0.06780000030994415
43,60,310000,
43,60,320000,
43,60,330000,
43,60,340000,
43,60,350000,
43,60,360000,
43,60,370000,
43,60,380000,
43,60,390000,
43,60,400000,0.1080000028014183
43,60,410000,
43,60,420000,
43,60,430000,
43,60,440000,
43,60,450000,
43,60,460000,
43,60,470000,
43,60,480000,
43,60,490000,
43,60,500000,0.14800000190734863
43,60,510000,
43,60,520000,
43,60,530000,
43,60,540000,
43,60,550000,
43,60,560000,
43,60,570000,
43,60,580000,
43,60,590000,
43,60,600000,0.18790000677108765
43,60,610000,
43,60,620000,
43,60,630000,
43,60,640000,
43,60,650000,
43,60,660000,
43,60,670000,
43,60,680000,
43,60,690000,
43,60,700000,0.22949999570846558
43,60,710000,
43,60,720000,
43,60,730000,
43,60,740000,
43,60,750000,
43,60,760000,
43,60,770000,
43,60,780000,
43,60,790000,
43,60,800000,0.28760001063346863
43,60,810000,
43,60,820000,
43,60,830000,
43,60,840000,
43,60,850000,
43,60,860000,
43,60,870000,
43,60,880000,
43,60,890000,
43,60,900000,0.31290000677108765
43,60,910000,
43,60,920000,
43,60,930000,
43,60,940000,
43,60,950000,
43,60,960000,
43,60,970000,
43,60,980000,
43,60,990000,
43,60,1000000,0.3682999908924103
43,60,1010000,
43,60,1020000,
43,60,1030000,
43,60,1040000,
43,60,1050000,
43,60,1060000,
43,60,1070000,
43,60,1080000,
43,60,1090000,
43,60,1100000,0.38670000433921814
43,60,1110000,
43,60,1120000,
43,60,1130000,
43,60,1140000,
43,60,1150000,
43,60,1160000,
43,60,1170000,
43,60,1180000,
43,60,1190000,
43,60,1200000,0.4424999952316284
43,60,1210000,
43,60,1220000,
43,60,1230000,
43,60,1240000,
43,60,1250000,
43,60,1260000,
43,60,1270000,
43,60,1280000,
43,60,1290000,
43,60,1300000,0.4878999888896942
43,60,1310000,
43,60,1320000,
43,60,1330000,
43,60,1340000,
43,60,1350000,
43,60,1360000,
43,60,1370000,
43,60,1380000,
43,60,1390000,
43,60,1400000,0.4943000078201294
43,60,1410000,
43,60,1420000,
43,60,1430000,
43,60,1440000,
43,60,1450000,
43,60,1460000,
43,60,1470000,
43,60,1480000,
43,60,1490000,
43,60,1500000,0.5325000286102295
43,60,1510000,
43,60,1520000,
43,60,1530000,
43,60,1540000,
43,60,1550000,
43,60,1560000,
43,60,1570000,
43,60,1580000,
43,60,1590000,
43,60,1600000,0.5753999948501587
43,60,1610000,
43,60,1620000,
43,60,1630000,
43,60,1640000,
43,60,1650000,
43,60,1660000,
43,60,1670000,
43,60,1680000,
43,60,1690000,
43,60,1700000,0.5957000255584717
43,60,1710000,
43,60,1720000,
43,60,1730000,
43,60,1740000,
43,60,1750000,
43,60,1760000,
43,60,1770000,
43,60,1780000,
43,60,1790000,
43,60,1800000,0.6137999892234802
43,60,1810000,
43,60,1820000,
43,60,1830000,
43,60,1840000,
43,60,1850000,
43,60,1860000,
43,60,1870000,
43,60,1880000,
43,60,1890000,
43,60,1900000,0.6424999833106995
43,60,1910000,
43,60,1920000,
43,60,1930000,
43,60,1940000,
43,60,1950000,
43,60,1960000,
43,60,1970000,
43,60,1980000,
43,60,1990000,
43,60,2000000,0.6596999764442444
43,60,2010000,
43,60,2020000,
43,60,2030000,
43,60,2040000,
43,60,2050000,
43,60,2060000,
43,60,2070000,
43,60,2080000,
43,60,2090000,
43,60,2100000,0.684499979019165
43,60,2110000,
43,60,2120000,
43,60,2130000,
43,60,2140000,
43,60,2150000,
43,60,2160000,
43,60,2170000,
43,60,2180000,
43,60,2190000,
43,60,2200000,0.7034000158309937
43,60,2210000,
43,60,2220000,
43,60,2230000,
43,60,2240000,
43,60,2250000,
43,60,2260000,
43,60,2270000,
43,60,2280000,
43,60,2290000,
43,60,2300000,0.70169997215271
43,60,2310000,
43,60,2320000,
43,60,2330000,
43,60,2340000,
43,60,2350000,
43,60,2360000,
43,60,2370000,
43,60,2380000,
43,60,2390000,
43,60,2400000,0.7257000207901001
43,60,2410000,
43,60,2420000,
43,60,2430000,
43,60,2440000,
43,60,2450000,
43,60,2460000,
43,60,2470000,
43,60,2480000,
43,60,2490000,
43,60,2500000,0.7307999730110168
43,60,2510000,
43,60,2520000,
43,60,2530000,
43,60,2540000,
43,60,2550000,
43,60,2560000,
43,60,2570000,
43,60,2580000,
43,60,2590000,
43,60,2600000,0.7414000034332275
43,60,2610000,
43,60,2620000,
43,60,2630000,
43,60,2640000,
43,60,2650000,
43,60,2660000,
43,60,2670000,
43,60,2680000,
43,60,2690000,
43,60,2700000,0.7421000003814697
43,60,2710000,
43,60,2720000,
43,60,2730000,
43,60,2740000,
43,60,2750000,
43,60,2760000,
43,60,2770000,
43,60,2780000,
43,60,2790000,
43,60,2800000,0.7501000165939331
43,60,2810000,
43,60,2820000,
43,60,2830000,
43,60,2840000,
43,60,2850000,
43,60,2860000,
43,60,2870000,
43,60,2880000,
43,60,2890000,
43,60,2900000,0.7644000053405762
43,60,2910000,
43,60,2920000,
43,60,2930000,
43,60,2940000,
43,60,2950000,
43,60,2960000,
43,60,2970000,
43,60,2980000,
43,60,2990000,
43,60,3000000,0.7777000069618225
43,60,3010000,
43,60,3020000,
43,60,3030000,
43,60,3040000,
43,60,3050000,
43,60,3060000,
43,60,3070000,
43,60,3080000,
43,60,3090000,
43,60,3100000,0.7817000150680542
43,60,3110000,
43,60,3120000,
43,60,3130000,
43,60,3140000,
43,60,3150000,
43,60,3160000,
43,60,3170000,
43,60,3180000,
43,60,3190000,
43,60,3200000,0.7896999716758728
43,60,3210000,
43,60,3220000,
43,60,3230000,
43,60,3240000,
43,60,3250000,
43,60,3260000,
43,60,3270000,
43,60,3280000,
43,60,3290000,
43,60,3300000,0.7892000079154968
43,60,3310000,
43,60,3320000,
43,60,3330000,
43,60,3340000,
43,60,3350000,
43,60,3360000,
43,60,3370000,
43,60,3380000,
43,60,3390000,
43,60,3400000,0.7950999736785889
43,60,3410000,
43,60,3420000,
43,60,3430000,
43,60,3440000,
43,60,3450000,
43,60,3460000,
43,60,3470000,
43,60,3480000,
43,60,3490000,
43,60,3500000,0.8062999844551086
43,60,3510000,
43,60,3520000,
43,60,3530000,
43,60,3540000,
43,60,3550000,
43,60,3560000,
43,60,3570000,
43,60,3580000,
43,60,3590000,
43,60,3600000,0.7979000210762024
43,60,3610000,
43,60,3620000,
43,60,3630000,
43,60,3640000,
43,60,3650000,
43,60,3660000,
43,60,3670000,
43,60,3680000,
43,60,3690000,
43,60,3700000,0.7968999743461609
43,60,3710000,
43,60,3720000,
43,60,3730000,
43,60,3740000,
43,60,3750000,
43,60,3760000,
43,60,3770000,
43,60,3780000,
43,60,3790000,
43,60,3800000,0.7968999743461609
43,60,3810000,
43,60,3820000,
43,60,3830000,
43,60,3840000,
43,60,3850000,
43,60,3860000,
43,60,3870000,
43,60,3880000,
43,60,3890000,
43,60,3900000,0.8116999864578247
43,60,3910000,
43,60,3920000,
43,60,3930000,
43,60,3940000,
43,60,3950000,
43,60,3960000,
43,60,3970000,
43,60,3980000,
43,60,3990000,
43,60,4000000,0.8075000047683716
43,60,4010000,
43,60,4020000,
43,60,4030000,
43,60,4040000,
43,60,4050000,
43,60,4060000,
43,60,4070000,
43,60,4080000,
43,60,4090000,
43,60,4100000,0.8126000165939331
43,60,4110000,
43,60,4120000,
43,60,4130000,
43,60,4140000,
43,60,4150000,
43,60,4160000,
43,60,4170000,
43,60,4180000,
43,60,4190000,
43,60,4200000,0.8102999925613403
43,60,4210000,
43,60,4220000,
43,60,4230000,
43,60,4240000,
43,60,4250000,
43,60,4260000,
43,60,4270000,
43,60,4280000,
43,60,4290000,
43,60,4300000,0.8198999762535095
43,60,4310000,
43,60,4320000,
43,60,4330000,
43,60,4340000,
43,60,4350000,
43,60,4360000,
43,60,4370000,
43,60,4380000,
43,60,4390000,
43,60,4400000,0.8100000023841858
43,60,4410000,
43,60,4420000,
43,60,4430000,
43,60,4440000,
43,60,4450000,
43,60,4460000,
43,60,4470000,
43,60,4480000,
43,60,4490000,
43,60,4500000,0.8180999755859375
43,60,4510000,
43,60,4520000,
43,60,4530000,
43,60,4540000,
43,60,4550000,
43,60,4560000,
43,60,4570000,
43,60,4580000,
43,60,4590000,
43,60,4600000,0.8133000135421753
43,60,4610000,
43,60,4620000,
43,60,4630000,
43,60,4640000,
43,60,4650000,
43,60,4660000,
43,60,4670000,
43,60,4680000,
43,60,4690000,
43,60,4700000,0.8136000037193298
43,60,4710000,
43,60,4720000,
43,60,4730000,
43,60,4740000,
43,60,4750000,
43,60,4760000,
43,60,4770000,
43,60,4780000,
43,60,4790000,
43,60,4800000,0.8246999979019165
43,60,4810000,
43,60,4820000,
43,60,4830000,
43,60,4840000,
43,60,4850000,
43,60,4860000,
43,60,4870000,
43,60,4880000,
43,60,4890000,
43,60,4900000,0.8238000273704529
43,60,4910000,
43,60,4920000,
43,60,4930000,
43,60,4940000,
43,60,4950000,
43,60,4960000,
43,60,4970000,
43,60,4980000,
43,60,4990000,
43,60,5000000,0.8206999897956848
43,70,1,0.0
43,70,10000,
43,70,20000,
43,70,30000,
43,70,40000,
43,70,50000,
43,70,60000,
43,70,70000,
43,70,80000,
43,70,90000,
43,70,100000,0.001500000013038516
43,70,110000,
43,70,120000,
43,70,130000,
43,70,140000,
43,70,150000,
43,70,160000,
43,70,170000,
43,70,180000,
43,70,190000,
43,70,200000,0.022199999541044235
43,70,210000,
43,70,220000,
43,70,230000,
43,70,240000,
43,70,250000,
43,70,260000,
43,70,270000,
43,70,280000,
43,70,290000,
43,70,300000,0.05640000104904175
43,70,310000,
43,70,320000,
43,70,330000,
43,70,340000,
43,70,350000,
43,70,360000,
43,70,370000,
43,70,380000,
43,70,390000,
43,70,400000,0.10589999705553055
43,70,410000,
43,70,420000,
43,70,430000,
43,70,440000,
43,70,450000,
43,70,460000,
43,70,470000,
43,70,480000,
43,70,490000,
43,70,500000,0.14000000059604645
43,70,510000,
43,70,520000,
43,70,530000,
43,70,540000,
43,70,550000,
43,70,560000,
43,70,570000,
43,70,580000,
43,70,590000,
43,70,600000,0.18639999628067017
43,70,610000,
43,70,620000,
43,70,630000,
43,70,640000,
43,70,650000,
43,70,660000,
43,70,670000,
43,70,680000,
43,70,690000,
43,70,700000,0.2240000069141388
43,70,710000,
43,70,720000,
43,70,730000,
43,70,740000,
43,70,750000,
43,70,760000,
43,70,770000,
43,70,780000,
43,70,790000,
43,70,800000,0.2754000127315521
43,70,810000,
43,70,820000,
43,70,830000,
43,70,840000,
43,70,850000,
43,70,860000,
43,70,870000,
43,70,880000,
43,70,890000,
43,70,900000,0.3174999952316284
43,70,910000,
43,70,920000,
43,70,930000,
43,70,940000,
43,70,950000,
43,70,960000,
43,70,970000,
43,70,980000,
43,70,990000,
43,70,1000000,0.3458000123500824
43,70,1010000,
43,70,1020000,
43,70,1030000,
43,70,1040000,
43,70,1050000,
43,70,1060000,
43,70,1070000,
43,70,1080000,
43,70,1090000,
43,70,1100000,0.37540000677108765
43,70,1110000,
43,70,1120000,
43,70,1130000,
43,70,1140000,
43,70,1150000,
43,70,1160000,
43,70,1170000,
43,70,1180000,
43,70,1190000,
43,70,1200000,0.43320000171661377
43,70,1210000,
43,70,1220000,
43,70,1230000,
43,70,1240000,
43,70,1250000,
43,70,1260000,
43,70,1270000,
43,70,1280000,
43,70,1290000,
43,70,1300000,0.4839000105857849
43,70,1310000,
43,70,1320000,
43,70,1330000,
43,70,1340000,
43,70,1350000,
43,70,1360000,
43,70,1370000,
43,70,1380000,
43,70,1390000,
43,70,1400000,0.5375000238418579
43,70,1410000,
43,70,1420000,
43,70,1430000,
43,70,1440000,
43,70,1450000,
43,70,1460000,
43,70,1470000,
43,70,1480000,
43,70,1490000,
43,70,1500000,0.5631999969482422
43,70,1510000,
43,70,1520000,
43,70,1530000,
43,70,1540000,
43,70,1550000,
43,70,1560000,
43,70,1570000,
43,70,1580000,
43,70,1590000,
43,70,1600000,0.5892999768257141
43,70,1610000,
43,70,1620000,
43,70,1630000,
43,70,1640000,
43,70,1650000,
43,70,1660000,
43,70,1670000,
43,70,1680000,
43,70,1690000,
43,70,1700000,0.6466000080108643
43,70,1710000,
43,70,1720000,
43,70,1730000,
43,70,1740000,
43,70,1750000,
43,70,1760000,
43,70,1770000,
43,70,1780000,
43,70,1790000,
43,70,1800000,0.6486999988555908
43,70,1810000,
43,70,1820000,
43,70,1830000,
43,70,1840000,
43,70,1850000,
43,70,1860000,
43,70,1870000,
43,70,1880000,
43,70,1890000,
43,70,1900000,0.676800012588501
43,70,1910000,
43,70,1920000,
43,70,1930000,
43,70,1940000,
43,70,1950000,
43,70,1960000,
43,70,1970000,
43,70,1980000,
43,70,1990000,
43,70,2000000,0.7026000022888184
43,70,2010000,
43,70,2020000,
43,70,2030000,
43,70,2040000,
43,70,2050000,
43,70,2060000,
43,70,2070000,
43,70,2080000,
43,70,2090000,
43,70,2100000,0.7105000019073486
43,70,2110000,
43,70,2120000,
43,70,2130000,
43,70,2140000,
43,70,2150000,
43,70,2160000,
43,70,2170000,
43,70,2180000,
43,70,2190000,
43,70,2200000,0.7300000190734863
43,70,2210000,
43,70,2220000,
43,70,2230000,
43,70,2240000,
43,70,2250000,
43,70,2260000,
43,70,2270000,
43,70,2280000,
43,70,2290000,
43,70,2300000,0.743399977684021
43,70,2310000,
43,70,2320000,
43,70,2330000,
43,70,2340000,
43,70,2350000,
43,70,2360000,
43,70,2370000,
43,70,2380000,
43,70,2390000,
43,70,2400000,0.758899986743927
43,70,2410000,
43,70,2420000,
43,70,2430000,
43,70,2440000,
43,70,2450000,
43,70,2460000,
43,70,2470000,
43,70,2480000,
43,70,2490000,
43,70,2500000,0.7767000198364258
43,70,2510000,
43,70,2520000,
43,70,2530000,
43,70,2540000,
43,70,2550000,
43,70,2560000,
43,70,2570000,
43,70,2580000,
43,70,2590000,
43,70,2600000,0.7700999975204468
43,70,2610000,
43,70,2620000,
43,70,2630000,
43,70,2640000,
43,70,2650000,
43,70,2660000,
43,70,2670000,
43,70,2680000,
43,70,2690000,
43,70,2700000,0.7886999845504761
43,70,2710000,
43,70,2720000,
43,70,2730000,
43,70,2740000,
43,70,2750000,
43,70,2760000,
43,70,2770000,
43,70,2780000,
43,70,2790000,
43,70,2800000,0.7957000136375427
43,70,2810000,
43,70,2820000,
43,70,2830000,
43,70,2840000,
43,70,2850000,
43,70,2860000,
43,70,2870000,
43,70,2880000,
43,70,2890000,
43,70,2900000,0.8003000020980835
43,70,2910000,
43,70,2920000,
43,70,2930000,
43,70,2940000,
43,70,2950000,
43,70,2960000,
43,70,2970000,
43,70,2980000,
43,70,2990000,
43,70,3000000,0.8144999742507935
43,70,3010000,
43,70,3020000,
43,70,3030000,
43,70,3040000,
43,70,3050000,
43,70,3060000,
43,70,3070000,
43,70,3080000,
43,70,3090000,
43,70,3100000,0.7961999773979187
43,70,3110000,
43,70,3120000,
43,70,3130000,
43,70,3140000,
43,70,3150000,
43,70,3160000,
43,70,3170000,
43,70,3180000,
43,70,3190000,
43,70,3200000,0.824999988079071
43,70,3210000,
43,70,3220000,
43,70,3230000,
43,70,3240000,
43,70,3250000,
43,70,3260000,
43,70,3270000,
43,70,3280000,
43,70,3290000,
43,70,3300000,0.8154000043869019
43,70,3310000,
43,70,3320000,
43,70,3330000,
43,70,3340000,
43,70,3350000,
43,70,3360000,
43,70,3370000,
43,70,3380000,
43,70,3390000,
43,70,3400000,0.820900022983551
43,70,3410000,
43,70,3420000,
43,70,3430000,
43,70,3440000,
43,70,3450000,
43,70,3460000,
43,70,3470000,
43,70,3480000,
43,70,3490000,
43,70,3500000,0.8238999843597412
43,70,3510000,
43,70,3520000,
43,70,3530000,
43,70,3540000,
43,70,3550000,
43,70,3560000,
43,70,3570000,
43,70,3580000,
43,70,3590000,
43,70,3600000,0.8258000016212463
43,70,3610000,
43,70,3620000,
43,70,3630000,
43,70,3640000,
43,70,3650000,
43,70,3660000,
43,70,3670000,
43,70,3680000,
43,70,3690000,
43,70,3700000,0.8240000009536743
43,70,3710000,
43,70,3720000,
43,70,3730000,
43,70,3740000,
43,70,3750000,
43,70,3760000,
43,70,3770000,
43,70,3780000,
43,70,3790000,
43,70,3800000,0.833299994468689
43,70,3810000,
43,70,3820000,
43,70,3830000,
43,70,3840000,
43,70,3850000,
43,70,3860000,
43,70,3870000,
43,70,3880000,
43,70,3890000,
43,70,3900000,0.8226000070571899
43,70,3910000,
43,70,3920000,
43,70,3930000,
43,70,3940000,
43,70,3950000,
43,70,3960000,
43,70,3970000,
43,70,3980000,
43,70,3990000,
43,70,4000000,0.826200008392334
43,70,4010000,
43,70,4020000,
43,70,4030000,
43,70,4040000,
43,70,4050000,
43,70,4060000,
43,70,4070000,
43,70,4080000,
43,70,4090000,
43,70,4100000,0.8255000114440918
43,70,4110000,
43,70,4120000,
43,70,4130000,
43,70,4140000,
43,70,4150000,
43,70,4160000,
43,70,4170000,
43,70,4180000,
43,70,4190000,
43,70,4200000,0.8409000039100647
43,70,4210000,
43,70,4220000,
43,70,4230000,
43,70,4240000,
43,70,4250000,
43,70,4260000,
43,70,4270000,
43,70,4280000,
43,70,4290000,
43,70,4300000,0.8343999981880188
43,70,4310000,
43,70,4320000,
43,70,4330000,
43,70,4340000,
43,70,4350000,
43,70,4360000,
43,70,4370000,
43,70,4380000,
43,70,4390000,
43,70,4400000,0.8417999744415283
43,70,4410000,
43,70,4420000,
43,70,4430000,
43,70,4440000,
43,70,4450000,
43,70,4460000,
43,70,4470000,
43,70,4480000,
43,70,4490000,
43,70,4500000,0.8424000144004822
43,70,4510000,
43,70,4520000,
43,70,4530000,
43,70,4540000,
43,70,4550000,
43,70,4560000,
43,70,4570000,
43,70,4580000,
43,70,4590000,
43,70,4600000,0.8447999954223633
43,70,4610000,
43,70,4620000,
43,70,4630000,
43,70,4640000,
43,70,4650000,
43,70,4660000,
43,70,4670000,
43,70,4680000,
43,70,4690000,
43,70,4700000,0.8341000080108643
43,70,4710000,
43,70,4720000,
43,70,4730000,
43,70,4740000,
43,70,4750000,
43,70,4760000,
43,70,4770000,
43,70,4780000,
43,70,4790000,
43,70,4800000,0.8446000218391418
43,70,4810000,
43,70,4820000,
43,70,4830000,
43,70,4840000,
43,70,4850000,
43,70,4860000,
43,70,4870000,
43,70,4880000,
43,70,4890000,
43,70,4900000,0.8536999821662903
43,70,4910000,
43,70,4920000,
43,70,4930000,
43,70,4940000,
43,70,4950000,
43,70,4960000,
43,70,4970000,
43,70,4980000,
43,70,4990000,
43,70,5000000,0.8518999814987183
43,80,1,0.0
43,80,10000,
43,80,20000,
43,80,30000,
43,80,40000,
43,80,50000,
43,80,60000,
43,80,70000,
43,80,80000,
43,80,90000,
43,80,100000,0.0010000000474974513
43,80,110000,
43,80,120000,
43,80,130000,
43,80,140000,
43,80,150000,
43,80,160000,
43,80,170000,
43,80,180000,
43,80,190000,
43,80,200000,0.02199999988079071
43,80,210000,
43,80,220000,
43,80,230000,
43,80,240000,
43,80,250000,
43,80,260000,
43,80,270000,
43,80,280000,
43,80,290000,
43,80,300000,0.05139999836683273
43,80,310000,
43,80,320000,
43,80,330000,
43,80,340000,
43,80,350000,
43,80,360000,
43,80,370000,
43,80,380000,
43,80,390000,
43,80,400000,0.08110000193119049
43,80,410000,
43,80,420000,
43,80,430000,
43,80,440000,
43,80,450000,
43,80,460000,
43,80,470000,
43,80,480000,
43,80,490000,
43,80,500000,0.121799997985363
43,80,510000,
43,80,520000,
43,80,530000,
43,80,540000,
43,80,550000,
43,80,560000,
43,80,570000,
43,80,580000,
43,80,590000,
43,80,600000,0.15469999611377716
43,80,610000,
43,80,620000,
43,80,630000,
43,80,640000,
43,80,650000,
43,80,660000,
43,80,670000,
43,80,680000,
43,80,690000,
43,80,700000,0.20759999752044678
43,80,710000,
43,80,720000,
43,80,730000,
43,80,740000,
43,80,750000,
43,80,760000,
43,80,770000,
43,80,780000,
43,80,790000,
43,80,800000,0.23999999463558197
43,80,810000,
43,80,820000,
43,80,830000,
43,80,840000,
43,80,850000,
43,80,860000,
43,80,870000,
43,80,880000,
43,80,890000,
43,80,900000,0.2800000011920929
43,80,910000,
43,80,920000,
43,80,930000,
43,80,940000,
43,80,950000,
43,80,960000,
43,80,970000,
43,80,980000,
43,80,990000,
43,80,1000000,0.32019999623298645
43,80,1010000,
43,80,1020000,
43,80,1030000,
43,80,1040000,
43,80,1050000,
43,80,1060000,
43,80,1070000,
43,80,1080000,
43,80,1090000,
43,80,1100000,0.36320000886917114
43,80,1110000,
43,80,1120000,
43,80,1130000,
43,80,1140000,
43,80,1150000,
43,80,1160000,
43,80,1170000,
43,80,1180000,
43,80,1190000,
43,80,1200000,0.38429999351501465
43,80,1210000,
43,80,1220000,
43,80,1230000,
43,80,1240000,
43,80,1250000,
43,80,1260000,
43,80,1270000,
43,80,1280000,
43,80,1290000,
43,80,1300000,0.4253999888896942
43,80,1310000,
43,80,1320000,
43,80,1330000,
43,80,1340000,
43,80,1350000,
43,80,1360000,
43,80,1370000,
43,80,1380000,
43,80,1390000,
43,80,1400000,0.48980000615119934
43,80,1410000,
43,80,1420000,
43,80,1430000,
43,80,1440000,
43,80,1450000,
43,80,1460000,
43,80,1470000,
43,80,1480000,
43,80,1490000,
43,80,1500000,0.4975999891757965
43,80,1510000,
43,80,1520000,
43,80,1530000,
43,80,1540000,
43,80,1550000,
43,80,1560000,
43,80,1570000,
43,80,1580000,
43,80,1590000,
43,80,1600000,0.5468999743461609
43,80,1610000,
43,80,1620000,
43,80,1630000,
43,80,1640000,
43,80,1650000,
43,80,1660000,
43,80,1670000,
43,80,1680000,
43,80,1690000,
43,80,1700000,0.5860999822616577
43,80,1710000,
43,80,1720000,
43,80,1730000,
43,80,1740000,
43,80,1750000,
43,80,1760000,
43,80,1770000,
43,80,1780000,
43,80,1790000,
43,80,1800000,0.620199978351593
43,80,1810000,
43,80,1820000,
43,80,1830000,
43,80,1840000,
43,80,1850000,
43,80,1860000,
43,80,1870000,
43,80,1880000,
43,80,1890000,
43,80,1900000,0.6402000188827515
43,80,1910000,
43,80,1920000,
43,80,1930000,
43,80,1940000,
43,80,1950000,
43,80,1960000,
43,80,1970000,
43,80,1980000,
43,80,1990000,
43,80,2000000,0.6726999878883362
43,80,2010000,
43,80,2020000,
43,80,2030000,
43,80,2040000,
43,80,2050000,
43,80,2060000,
43,80,2070000,
43,80,2080000,
43,80,2090000,
43,80,2100000,0.6836000084877014
43,80,2110000,
43,80,2120000,
43,80,2130000,
43,80,2140000,
43,80,2150000,
43,80,2160000,
43,80,2170000,
43,80,2180000,
43,80,2190000,
43,80,2200000,0.6967999935150146
43,80,2210000,
43,80,2220000,
43,80,2230000,
43,80,2240000,
43,80,2250000,
43,80,2260000,
43,80,2270000,
43,80,2280000,
43,80,2290000,
43,80,2300000,0.722599983215332
43,80,2310000,
43,80,2320000,
43,80,2330000,
43,80,2340000,
43,80,2350000,
43,80,2360000,
43,80,2370000,
43,80,2380000,
43,80,2390000,
43,80,2400000,0.7355999946594238
43,80,2410000,
43,80,2420000,
43,80,2430000,
43,80,2440000,
43,80,2450000,
43,80,2460000,
43,80,2470000,
43,80,2480000,
43,80,2490000,
43,80,2500000,0.742900013923645
43,80,2510000,
43,80,2520000,
43,80,2530000,
43,80,2540000,
43,80,2550000,
43,80,2560000,
43,80,2570000,
43,80,2580000,
43,80,2590000,
43,80,2600000,0.7498000264167786
43,80,2610000,
43,80,2620000,
43,80,2630000,
43,80,2640000,
43,80,2650000,
43,80,2660000,
43,80,2670000,
43,80,2680000,
43,80,2690000,
43,80,2700000,0.7663999795913696
43,80,2710000,
43,80,2720000,
43,80,2730000,
43,80,2740000,
43,80,2750000,
43,80,2760000,
43,80,2770000,
43,80,2780000,
43,80,2790000,
43,80,2800000,0.7741000056266785
43,80,2810000,
43,80,2820000,
43,80,2830000,
43,80,2840000,
43,80,2850000,
43,80,2860000,
43,80,2870000,
43,80,2880000,
43,80,2890000,
43,80,2900000,0.7791000008583069
43,80,2910000,
43,80,2920000,
43,80,2930000,
43,80,2940000,
43,80,2950000,
43,80,2960000,
43,80,2970000,
43,80,2980000,
43,80,2990000,
43,80,3000000,0.7854999899864197
43,80,3010000,
43,80,3020000,
43,80,3030000,
43,80,3040000,
43,80,3050000,
43,80,3060000,
43,80,3070000,
43,80,3080000,
43,80,3090000,
43,80,3100000,0.784600019454956
43,80,3110000,
43,80,3120000,
43,80,3130000,
43,80,3140000,
43,80,3150000,
43,80,3160000,
43,80,3170000,
43,80,3180000,
43,80,3190000,
43,80,3200000,0.7943000197410583
43,80,3210000,
43,80,3220000,
43,80,3230000,
43,80,3240000,
43,80,3250000,
43,80,3260000,
43,80,3270000,
43,80,3280000,
43,80,3290000,
43,80,3300000,0.8037999868392944
43,80,3310000,
43,80,3320000,
43,80,3330000,
43,80,3340000,
43,80,3350000,
43,80,3360000,
43,80,3370000,
43,80,3380000,
43,80,3390000,
43,80,3400000,0.8083000183105469
43,80,3410000,
43,80,3420000,
43,80,3430000,
43,80,3440000,
43,80,3450000,
43,80,3460000,
43,80,3470000,
43,80,3480000,
43,80,3490000,
43,80,3500000,0.8109999895095825
43,80,3510000,
43,80,3520000,
43,80,3530000,
43,80,3540000,
43,80,3550000,
43,80,3560000,
43,80,3570000,
43,80,3580000,
43,80,3590000,
43,80,3600000,0.8126000165939331
43,80,3610000,
43,80,3620000,
43,80,3630000,
43,80,3640000,
43,80,3650000,
43,80,3660000,
43,80,3670000,
43,80,3680000,
43,80,3690000,
43,80,3700000,0.8122000098228455
43,80,3710000,
43,80,3720000,
43,80,3730000,
43,80,3740000,
43,80,3750000,
43,80,3760000,
43,80,3770000,
43,80,3780000,
43,80,3790000,
43,80,3800000,0.8228999972343445
43,80,3810000,
43,80,3820000,
43,80,3830000,
43,80,3840000,
43,80,3850000,
43,80,3860000,
43,80,3870000,
43,80,3880000,
43,80,3890000,
43,80,3900000,0.8313000202178955
43,80,3910000,
43,80,3920000,
43,80,3930000,
43,80,3940000,
43,80,3950000,
43,80,3960000,
43,80,3970000,
43,80,3980000,
43,80,3990000,
43,80,4000000,0.8172000050544739
43,80,4010000,
43,80,4020000,
43,80,4030000,
43,80,4040000,
43,80,4050000,
43,80,4060000,
43,80,4070000,
43,80,4080000,
43,80,4090000,
43,80,4100000,0.8237000107765198
43,80,4110000,
43,80,4120000,
43,80,4130000,
43,80,4140000,
43,80,4150000,
43,80,4160000,
43,80,4170000,
43,80,4180000,
43,80,4190000,
43,80,4200000,0.8220000267028809
43,80,4210000,
43,80,4220000,
43,80,4230000,
43,80,4240000,
43,80,4250000,
43,80,4260000,
43,80,4270000,
43,80,4280000,
43,80,4290000,
43,80,4300000,0.8194000124931335
43,80,4310000,
43,80,4320000,
43,80,4330000,
43,80,4340000,
43,80,4350000,
43,80,4360000,
43,80,4370000,
43,80,4380000,
43,80,4390000,
43,80,4400000,0.8216999769210815
43,80,4410000,
43,80,4420000,
43,80,4430000,
43,80,4440000,
43,80,4450000,
43,80,4460000,
43,80,4470000,
43,80,4480000,
43,80,4490000,
43,80,4500000,0.8206999897956848
43,80,4510000,
43,80,4520000,
43,80,4530000,
43,80,4540000,
43,80,4550000,
43,80,4560000,
43,80,4570000,
43,80,4580000,
43,80,4590000,
43,80,4600000,0.8335999846458435
43,80,4610000,
43,80,4620000,
43,80,4630000,
43,80,4640000,
43,80,4650000,
43,80,4660000,
43,80,4670000,
43,80,4680000,
43,80,4690000,
43,80,4700000,0.8338000178337097
43,80,4710000,
43,80,4720000,
43,80,4730000,
43,80,4740000,
43,80,4750000,
43,80,4760000,
43,80,4770000,
43,80,4780000,
43,80,4790000,
43,80,4800000,0.8367999792098999
43,80,4810000,
43,80,4820000,
43,80,4830000,
43,80,4840000,
43,80,4850000,
43,80,4860000,
43,80,4870000,
43,80,4880000,
43,80,4890000,
43,80,4900000,0.8288000226020813
43,80,4910000,
43,80,4920000,
43,80,4930000,
43,80,4940000,
43,80,4950000,
43,80,4960000,
43,80,4970000,
43,80,4980000,
43,80,4990000,
43,80,5000000,0.8284000158309937
43,90,1,0.0
43,90,10000,
43,90,20000,
43,90,30000,
43,90,40000,
43,90,50000,
43,90,60000,
43,90,70000,
43,90,80000,
43,90,90000,
43,90,100000,0.000699999975040555
43,90,110000,
43,90,120000,
43,90,130000,
43,90,140000,
43,90,150000,
43,90,160000,
43,90,170000,
43,90,180000,
43,90,190000,
43,90,200000,0.01769999973475933
43,90,210000,
43,90,220000,
43,90,230000,
43,90,240000,
43,90,250000,
43,90,260000,
43,90,270000,
43,90,280000,
43,90,290000,
43,90,300000,0.037300001829862595
43,90,310000,
43,90,320000,
43,90,330000,
43,90,340000,
43,90,350000,
43,90,360000,
43,90,370000,
43,90,380000,
43,90,390000,
43,90,400000,0.0697999969124794
43,90,410000,
43,90,420000,
43,90,430000,
43,90,440000,
43,90,450000,
43,90,460000,
43,90,470000,
43,90,480000,
43,90,490000,
43,90,500000,0.0940999984741211
43,90,510000,
43,90,520000,
43,90,530000,
43,90,540000,
43,90,550000,
43,90,560000,
43,90,570000,
43,90,580000,
43,90,590000,
43,90,600000,0.12950000166893005
43,90,610000,
43,90,620000,
43,90,630000,
43,90,640000,
43,90,650000,
43,90,660000,
43,90,670000,
43,90,680000,
43,90,690000,
43,90,700000,0.15320000052452087
43,90,710000,
43,90,720000,
43,90,730000,
43,90,740000,
43,90,750000,
43,90,760000,
43,90,770000,
43,90,780000,
43,90,790000,
43,90,800000,0.2013999968767166
43,90,810000,
43,90,820000,
43,90,830000,
43,90,840000,
43,90,850000,
43,90,860000,
43,90,870000,
43,90,880000,
43,90,890000,
43,90,900000,0.21570000052452087
43,90,910000,
43,90,920000,
43,90,930000,
43,90,940000,
43,90,950000,
43,90,960000,
43,90,970000,
43,90,980000,
43,90,990000,
43,90,1000000,0.2702000141143799
43,90,1010000,
43,90,1020000,
43,90,1030000,
43,90,1040000,
43,90,1050000,
43,90,1060000,
43,90,1070000,
43,90,1080000,
43,90,1090000,
43,90,1100000,0.3102000057697296
43,90,1110000,
43,90,1120000,
43,90,1130000,
43,90,1140000,
43,90,1150000,
43,90,1160000,
43,90,1170000,
43,90,1180000,
43,90,1190000,
43,90,1200000,0.335099995136261
43,90,1210000,
43,90,1220000,
43,90,1230000,
43,90,1240000,
43,90,1250000,
43,90,1260000,
43,90,1270000,
43,90,1280000,
43,90,1290000,
43,90,1300000,0.3684999942779541
43,90,1310000,
43,90,1320000,
43,90,1330000,
43,90,1340000,
43,90,1350000,
43,90,1360000,
43,90,1370000,
43,90,1380000,
43,90,1390000,
43,90,1400000,0.40639999508857727
43,90,1410000,
43,90,1420000,
43,90,1430000,
43,90,1440000,
43,90,1450000,
43,90,1460000,
43,90,1470000,
43,90,1480000,
43,90,1490000,
43,90,1500000,0.44339999556541443
43,90,1510000,
43,90,1520000,
43,90,1530000,
43,90,1540000,
43,90,1550000,
43,90,1560000,
43,90,1570000,
43,90,1580000,
43,90,1590000,
43,90,1600000,0.4839000105857849
43,90,1610000,
43,90,1620000,
43,90,1630000,
43,90,1640000,
43,90,1650000,
43,90,1660000,
43,90,1670000,
43,90,1680000,
43,90,1690000,
43,90,1700000,0.5202000141143799
43,90,1710000,
43,90,1720000,
43,90,1730000,
43,90,1740000,
43,90,1750000,
43,90,1760000,
43,90,1770000,
43,90,1780000,
43,90,1790000,
43,90,1800000,0.570900022983551
43,90,1810000,
43,90,1820000,
43,90,1830000,
43,90,1840000,
43,90,1850000,
43,90,1860000,
43,90,1870000,
43,90,1880000,
43,90,1890000,
43,90,1900000,0.5879999995231628
43,90,1910000,
43,90,1920000,
43,90,1930000,
43,90,1940000,
43,90,1950000,
43,90,1960000,
43,90,1970000,
43,90,1980000,
43,90,1990000,
43,90,2000000,0.5972999930381775
43,90,2010000,
43,90,2020000,
43,90,2030000,
43,90,2040000,
43,90,2050000,
43,90,2060000,
43,90,2070000,
43,90,2080000,
43,90,2090000,
43,90,2100000,0.6255000233650208
43,90,2110000,
43,90,2120000,
43,90,2130000,
43,90,2140000,
43,90,2150000,
43,90,2160000,
43,90,2170000,
43,90,2180000,
43,90,2190000,
43,90,2200000,0.6462000012397766
43,90,2210000,
43,90,2220000,
43,90,2230000,
43,90,2240000,
43,90,2250000,
43,90,2260000,
43,90,2270000,
43,90,2280000,
43,90,2290000,
43,90,2300000,0.6769000291824341
43,90,2310000,
43,90,2320000,
43,90,2330000,
43,90,2340000,
43,90,2350000,
43,90,2360000,
43,90,2370000,
43,90,2380000,
43,90,2390000,
43,90,2400000,0.6931999921798706
43,90,2410000,
43,90,2420000,
43,90,2430000,
43,90,2440000,
43,90,2450000,
43,90,2460000,
43,90,2470000,
43,90,2480000,
43,90,2490000,
43,90,2500000,0.701200008392334
43,90,2510000,
43,90,2520000,
43,90,2530000,
43,90,2540000,
43,90,2550000,
43,90,2560000,
43,90,2570000,
43,90,2580000,
43,90,2590000,
43,90,2600000,0.7282000184059143
43,90,2610000,
43,90,2620000,
43,90,2630000,
43,90,2640000,
43,90,2650000,
43,90,2660000,
43,90,2670000,
43,90,2680000,
43,90,2690000,
43,90,2700000,0.7246999740600586
43,90,2710000,
43,90,2720000,
43,90,2730000,
43,90,2740000,
43,90,2750000,
43,90,2760000,
43,90,2770000,
43,90,2780000,
43,90,2790000,
43,90,2800000,0.7307999730110168
43,90,2810000,
43,90,2820000,
43,90,2830000,
43,90,2840000,
43,90,2850000,
43,90,2860000,
43,90,2870000,
43,90,2880000,
43,90,2890000,
43,90,2900000,0.7544000148773193
43,90,2910000,
43,90,2920000,
43,90,2930000,
43,90,2940000,
43,90,2950000,
43,90,2960000,
43,90,2970000,
43,90,2980000,
43,90,2990000,
43,90,3000000,0.7627000212669373
43,90,3010000,
43,90,3020000,
43,90,3030000,
43,90,3040000,
43,90,3050000,
43,90,3060000,
43,90,3070000,
43,90,3080000,
43,90,3090000,
43,90,3100000,0.76910001039505
43,90,3110000,
43,90,3120000,
43,90,3130000,
43,90,3140000,
43,90,3150000,
43,90,3160000,
43,90,3170000,
43,90,3180000,
43,90,3190000,
43,90,3200000,0.7558000087738037
43,90,3210000,
43,90,3220000,
43,90,3230000,
43,90,3240000,
43,90,3250000,
43,90,3260000,
43,90,3270000,
43,90,3280000,
43,90,3290000,
43,90,3300000,0.7756999731063843
43,90,3310000,
43,90,3320000,
43,90,3330000,
43,90,3340000,
43,90,3350000,
43,90,3360000,
43,90,3370000,
43,90,3380000,
43,90,3390000,
43,90,3400000,0.7835000157356262
43,90,3410000,
43,90,3420000,
43,90,3430000,
43,90,3440000,
43,90,3450000,
43,90,3460000,
43,90,3470000,
43,90,3480000,
43,90,3490000,
43,90,3500000,0.777400016784668
43,90,3510000,
43,90,3520000,
43,90,3530000,
43,90,3540000,
43,90,3550000,
43,90,3560000,
43,90,3570000,
43,90,3580000,
43,90,3590000,
43,90,3600000,0.7760000228881836
43,90,3610000,
43,90,3620000,
43,90,3630000,
43,90,3640000,
43,90,3650000,
43,90,3660000,
43,90,3670000,
43,90,3680000,
43,90,3690000,
43,90,3700000,0.7811999917030334
43,90,3710000,
43,90,3720000,
43,90,3730000,
43,90,3740000,
43,90,3750000,
43,90,3760000,
43,90,3770000,
43,90,3780000,
43,90,3790000,
43,90,3800000,0.7930999994277954
43,90,3810000,
43,90,3820000,
43,90,3830000,
43,90,3840000,
43,90,3850000,
43,90,3860000,
43,90,3870000,
43,90,3880000,
43,90,3890000,
43,90,3900000,0.7990000247955322
43,90,3910000,
43,90,3920000,
43,90,3930000,
43,90,3940000,
43,90,3950000,
43,90,3960000,
43,90,3970000,
43,90,3980000,
43,90,3990000,
43,90,4000000,0.7972999811172485
43,90,4010000,
43,90,4020000,
43,90,4030000,
43,90,4040000,
43,90,4050000,
43,90,4060000,
43,90,4070000,
43,90,4080000,
43,90,4090000,
43,90,4100000,0.8052999973297119
43,90,4110000,
43,90,4120000,
43,90,4130000,
43,90,4140000,
43,90,4150000,
43,90,4160000,
43,90,4170000,
43,90,4180000,
43,90,4190000,
43,90,4200000,0.8023999929428101
43,90,4210000,
43,90,4220000,
43,90,4230000,
43,90,4240000,
43,90,4250000,
43,90,4260000,
43,90,4270000,
43,90,4280000,
43,90,4290000,
43,90,4300000,0.801800012588501
43,90,4310000,
43,90,4320000,
43,90,4330000,
43,90,4340000,
43,90,4350000,
43,90,4360000,
43,90,4370000,
43,90,4380000,
43,90,4390000,
43,90,4400000,0.8154000043869019
43,90,4410000,
43,90,4420000,
43,90,4430000,
43,90,4440000,
43,90,4450000,
43,90,4460000,
43,90,4470000,
43,90,4480000,
43,90,4490000,
43,90,4500000,0.8144999742507935
43,90,4510000,
43,90,4520000,
43,90,4530000,
43,90,4540000,
43,90,4550000,
43,90,4560000,
43,90,4570000,
43,90,4580000,
43,90,4590000,
43,90,4600000,0.8047000169754028
43,90,4610000,
43,90,4620000,
43,90,4630000,
43,90,4640000,
43,90,4650000,
43,90,4660000,
43,90,4670000,
43,90,4680000,
43,90,4690000,
43,90,4700000,0.8190000057220459
43,90,4710000,
43,90,4720000,
43,90,4730000,
43,90,4740000,
43,90,4750000,
43,90,4760000,
43,90,4770000,
43,90,4780000,
43,90,4790000,
43,90,4800000,0.824999988079071
43,90,4810000,
43,90,4820000,
43,90,4830000,
43,90,4840000,
43,90,4850000,
43,90,4860000,
43,90,4870000,
43,90,4880000,
43,90,4890000,
43,90,4900000,0.8206999897956848
43,90,4910000,
43,90,4920000,
43,90,4930000,
43,90,4940000,
43,90,4950000,
43,90,4960000,
43,90,4970000,
43,90,4980000,
43,90,4990000,
43,90,5000000,0.8144999742507935
43,100,1,0.0
43,100,10000,
43,100,20000,
43,100,30000,
43,100,40000,
43,100,50000,
43,100,60000,
43,100,70000,
43,100,80000,
43,100,90000,
43,100,100000,0.0007999999797903001
43,100,110000,
43,100,120000,
43,100,130000,
43,100,140000,
43,100,150000,
43,100,160000,
43,100,170000,
43,100,180000,
43,100,190000,
43,100,200000,0.012299999594688416
43,100,210000,
43,100,220000,
43,100,230000,
43,100,240000,
43,100,250000,
43,100,260000,
43,100,270000,
43,100,280000,
43,100,290000,
43,100,300000,0.03150000050663948
43,100,310000,
43,100,320000,
43,100,330000,
43,100,340000,
43,100,350000,
43,100,360000,
43,100,370000,
43,100,380000,
43,100,390000,
43,100,400000,0.05400000140070915
43,100,410000,
43,100,420000,
43,100,430000,
43,100,440000,
43,100,450000,
43,100,460000,
43,100,470000,
43,100,480000,
43,100,490000,
43,100,500000,0.07909999787807465
43,100,510000,
43,100,520000,
43,100,530000,
43,100,540000,
43,100,550000,
43,100,560000,
43,100,570000,
43,100,580000,
43,100,590000,
43,100,600000,0.1103999987244606
43,100,610000,
43,100,620000,
43,100,630000,
43,100,640000,
43,100,650000,
43,100,660000,
43,100,670000,
43,100,680000,
43,100,690000,
43,100,700000,0.13809999823570251
43,100,710000,
43,100,720000,
43,100,730000,
43,100,740000,
43,100,750000,
43,100,760000,
43,100,770000,
43,100,780000,
43,100,790000,
43,100,800000,0.1492999941110611
43,100,810000,
43,100,820000,
43,100,830000,
43,100,840000,
43,100,850000,
43,100,860000,
43,100,870000,
43,100,880000,
43,100,890000,
43,100,900000,0.1843000054359436
43,100,910000,
43,100,920000,
43,100,930000,
43,100,940000,
43,100,950000,
43,100,960000,
43,100,970000,
43,100,980000,
43,100,990000,
43,100,1000000,0.20890000462532043
43,100,1010000,
43,100,1020000,
43,100,1030000,
43,100,1040000,
43,100,1050000,
43,100,1060000,
43,100,1070000,
43,100,1080000,
43,100,1090000,
43,100,1100000,0.2353000044822693
43,100,1110000,
43,100,1120000,
43,100,1130000,
43,100,1140000,
43,100,1150000,
43,100,1160000,
43,100,1170000,
43,100,1180000,
43,100,1190000,
43,100,1200000,0.27320000529289246
43,100,1210000,
43,100,1220000,
43,100,1230000,
43,100,1240000,
43,100,1250000,
43,100,1260000,
43,100,1270000,
43,100,1280000,
43,100,1290000,
43,100,1300000,0.3118000030517578
43,100,1310000,
43,100,1320000,
43,100,1330000,
43,100,1340000,
43,100,1350000,
43,100,1360000,
43,100,1370000,
43,100,1380000,
43,100,1390000,
43,100,1400000,0.325300008058548
43,100,1410000,
43,100,1420000,
43,100,1430000,
43,100,1440000,
43,100,1450000,
43,100,1460000,
43,100,1470000,
43,100,1480000,
43,100,1490000,
43,100,1500000,0.3675999939441681
43,100,1510000,
43,100,1520000,
43,100,1530000,
43,100,1540000,
43,100,1550000,
43,100,1560000,
43,100,1570000,
43,100,1580000,
43,100,1590000,
43,100,1600000,0.38690000772476196
43,100,1610000,
43,100,1620000,
43,100,1630000,
43,100,1640000,
43,100,1650000,
43,100,1660000,
43,100,1670000,
43,100,1680000,
43,100,1690000,
43,100,1700000,0.4375
43,100,1710000,
43,100,1720000,
43,100,1730000,
43,100,1740000,
43,100,1750000,
43,100,1760000,
43,100,1770000,
43,100,1780000,
43,100,1790000,
43,100,1800000,0.4560000002384186
43,100,1810000,
43,100,1820000,
43,100,1830000,
43,100,1840000,
43,100,1850000,
43,100,1860000,
43,100,1870000,
43,100,1880000,
43,100,1890000,
43,100,1900000,0.4970000088214874
43,100,1910000,
43,100,1920000,
43,100,1930000,
43,100,1940000,
43,100,1950000,
43,100,1960000,
43,100,1970000,
43,100,1980000,
43,100,1990000,
43,100,2000000,0.5115000009536743
43,100,2010000,
43,100,2020000,
43,100,2030000,
43,100,2040000,
43,100,2050000,
43,100,2060000,
43,100,2070000,
43,100,2080000,
43,100,2090000,
43,100,2100000,0.5253999829292297
43,100,2110000,
43,100,2120000,
43,100,2130000,
43,100,2140000,
43,100,2150000,
43,100,2160000,
43,100,2170000,
43,100,2180000,
43,100,2190000,
43,100,2200000,0.5648999810218811
43,100,2210000,
43,100,2220000,
43,100,2230000,
43,100,2240000,
43,100,2250000,
43,100,2260000,
43,100,2270000,
43,100,2280000,
43,100,2290000,
43,100,2300000,0.5569999814033508
43,100,2310000,
43,100,2320000,
43,100,2330000,
43,100,2340000,
43,100,2350000,
43,100,2360000,
43,100,2370000,
43,100,2380000,
43,100,2390000,
43,100,2400000,0.5899999737739563
43,100,2410000,
43,100,2420000,
43,100,2430000,
43,100,2440000,
43,100,2450000,
43,100,2460000,
43,100,2470000,
43,100,2480000,
43,100,2490000,
43,100,2500000,0.6025000214576721
43,100,2510000,
43,100,2520000,
43,100,2530000,
43,100,2540000,
43,100,2550000,
43,100,2560000,
43,100,2570000,
43,100,2580000,
43,100,2590000,
43,100,2600000,0.6291000247001648
43,100,2610000,
43,100,2620000,
43,100,2630000,
43,100,2640000,
43,100,2650000,
43,100,2660000,
43,100,2670000,
43,100,2680000,
43,100,2690000,
43,100,2700000,0.6179999709129333
43,100,2710000,
43,100,2720000,
43,100,2730000,
43,100,2740000,
43,100,2750000,
43,100,2760000,
43,100,2770000,
43,100,2780000,
43,100,2790000,
43,100,2800000,0.6456000208854675
43,100,2810000,
43,100,2820000,
43,100,2830000,
43,100,2840000,
43,100,2850000,
43,100,2860000,
43,100,2870000,
43,100,2880000,
43,100,2890000,
43,100,2900000,0.6341999769210815
43,100,2910000,
43,100,2920000,
43,100,2930000,
43,100,2940000,
43,100,2950000,
43,100,2960000,
43,100,2970000,
43,100,2980000,
43,100,2990000,
43,100,3000000,0.6614000201225281
43,100,3010000,
43,100,3020000,
43,100,3030000,
43,100,3040000,
43,100,3050000,
43,100,3060000,
43,100,3070000,
43,100,3080000,
43,100,3090000,
43,100,3100000,0.6693999767303467
43,100,3110000,
43,100,3120000,
43,100,3130000,
43,100,3140000,
43,100,3150000,
43,100,3160000,
43,100,3170000,
43,100,3180000,
43,100,3190000,
43,100,3200000,0.6873999834060669
43,100,3210000,
43,100,3220000,
43,100,3230000,
43,100,3240000,
43,100,3250000,
43,100,3260000,
43,100,3270000,
43,100,3280000,
43,100,3290000,
43,100,3300000,0.680400013923645
43,100,3310000,
43,100,3320000,
43,100,3330000,
43,100,3340000,
43,100,3350000,
43,100,3360000,
43,100,3370000,
43,100,3380000,
43,100,3390000,
43,100,3400000,0.7019000053405762
43,100,3410000,
43,100,3420000,
43,100,3430000,
43,100,3440000,
43,100,3450000,
43,100,3460000,
43,100,3470000,
43,100,3480000,
43,100,3490000,
43,100,3500000,0.699999988079071
43,100,3510000,
43,100,3520000,
43,100,3530000,
43,100,3540000,
43,100,3550000,
43,100,3560000,
43,100,3570000,
43,100,3580000,
43,100,3590000,
43,100,3600000,0.715399980545044
43,100,3610000,
43,100,3620000,
43,100,3630000,
43,100,3640000,
43,100,3650000,
43,100,3660000,
43,100,3670000,
43,100,3680000,
43,100,3690000,
43,100,3700000,0.72079998254776
43,100,3710000,
43,100,3720000,
43,100,3730000,
43,100,3740000,
43,100,3750000,
43,100,3760000,
43,100,3770000,
43,100,3780000,
43,100,3790000,
43,100,3800000,0.7322999835014343
43,100,3810000,
43,100,3820000,
43,100,3830000,
43,100,3840000,
43,100,3850000,
43,100,3860000,
43,100,3870000,
43,100,3880000,
43,100,3890000,
43,100,3900000,0.7268999814987183
43,100,3910000,
43,100,3920000,
43,100,3930000,
43,100,3940000,
43,100,3950000,
43,100,3960000,
43,100,3970000,
43,100,3980000,
43,100,3990000,
43,100,4000000,0.7265999913215637
43,100,4010000,
43,100,4020000,
43,100,4030000,
43,100,4040000,
43,100,4050000,
43,100,4060000,
43,100,4070000,
43,100,4080000,
43,100,4090000,
43,100,4100000,0.7318999767303467
43,100,4110000,
43,100,4120000,
43,100,4130000,
43,100,4140000,
43,100,4150000,
43,100,4160000,
43,100,4170000,
43,100,4180000,
43,100,4190000,
43,100,4200000,0.755299985408783
43,100,4210000,
43,100,4220000,
43,100,4230000,
43,100,4240000,
43,100,4250000,
43,100,4260000,
43,100,4270000,
43,100,4280000,
43,100,4290000,
43,100,4300000,0.7598000168800354
43,100,4310000,
43,100,4320000,
43,100,4330000,
43,100,4340000,
43,100,4350000,
43,100,4360000,
43,100,4370000,
43,100,4380000,
43,100,4390000,
43,100,4400000,0.7677000164985657
43,100,4410000,
43,100,4420000,
43,100,4430000,
43,100,4440000,
43,100,4450000,
43,100,4460000,
43,100,4470000,
43,100,4480000,
43,100,4490000,
43,100,4500000,0.7588000297546387
43,100,4510000,
43,100,4520000,
43,100,4530000,
43,100,4540000,
43,100,4550000,
43,100,4560000,
43,100,4570000,
43,100,4580000,
43,100,4590000,
43,100,4600000,0.7531999945640564
43,100,4610000,
43,100,4620000,
43,100,4630000,
43,100,4640000,
43,100,4650000,
43,100,4660000,
43,100,4670000,
43,100,4680000,
43,100,4690000,
43,100,4700000,0.7699000239372253
43,100,4710000,
43,100,4720000,
43,100,4730000,
43,100,4740000,
43,100,4750000,
43,100,4760000,
43,100,4770000,
43,100,4780000,
43,100,4790000,
43,100,4800000,0.7774999737739563
43,100,4810000,
43,100,4820000,
43,100,4830000,
43,100,4840000,
43,100,4850000,
43,100,4860000,
43,100,4870000,
43,100,4880000,
43,100,4890000,
43,100,4900000,0.7742000222206116
43,100,4910000,
43,100,4920000,
43,100,4930000,
43,100,4940000,
43,100,4950000,
43,100,4960000,
43,100,4970000,
43,100,4980000,
43,100,4990000,
43,100,5000000,0.7846999764442444
43,120,1,0.0
43,120,10000,
43,120,20000,
43,120,30000,
43,120,40000,
43,120,50000,
43,120,60000,
43,120,70000,
43,120,80000,
43,120,90000,
43,120,100000,0.00019999999494757503
43,120,110000,
43,120,120000,
43,120,130000,
43,120,140000,
43,120,150000,
43,120,160000,
43,120,170000,
43,120,180000,
43,120,190000,
43,120,200000,0.008700000122189522
43,120,210000,
43,120,220000,
43,120,230000,
43,120,240000,
43,120,250000,
43,120,260000,
43,120,270000,
43,120,280000,
43,120,290000,
43,120,300000,0.018200000748038292
43,120,310000,
43,120,320000,
43,120,330000,
43,120,340000,
43,120,350000,
43,120,360000,
43,120,370000,
43,120,380000,
43,120,390000,
43,120,400000,0.03530000150203705
43,120,410000,
43,120,420000,
43,120,430000,
43,120,440000,
43,120,450000,
43,120,460000,
43,120,470000,
43,120,480000,
43,120,490000,
43,120,500000,0.04769999906420708
43,120,510000,
43,120,520000,
43,120,530000,
43,120,540000,
43,120,550000,
43,120,560000,
43,120,570000,
43,120,580000,
43,120,590000,
43,120,600000,0.06260000169277191
43,120,610000,
43,120,620000,
43,120,630000,
43,120,640000,
43,120,650000,
43,120,660000,
43,120,670000,
43,120,680000,
43,120,690000,
43,120,700000,0.07509999722242355
43,120,710000,
43,120,720000,
43,120,730000,
43,120,740000,
43,120,750000,
43,120,760000,
43,120,770000,
43,120,780000,
43,120,790000,
43,120,800000,0.10029999911785126
43,120,810000,
43,120,820000,
43,120,830000,
43,120,840000,
43,120,850000,
43,120,860000,
43,120,870000,
43,120,880000,
43,120,890000,
43,120,900000,0.11540000140666962
43,120,910000,
43,120,920000,
43,120,930000,
43,120,940000,
43,120,950000,
43,120,960000,
43,120,970000,
43,120,980000,
43,120,990000,
43,120,1000000,0.1298000067472458
43,120,1010000,
43,120,1020000,
43,120,1030000,
43,120,1040000,
43,120,1050000,
43,120,1060000,
43,120,1070000,
43,120,1080000,
43,120,1090000,
43,120,1100000,0.16279999911785126
43,120,1110000,
43,120,1120000,
43,120,1130000,
43,120,1140000,
43,120,1150000,
43,120,1160000,
43,120,1170000,
43,120,1180000,
43,120,1190000,
43,120,1200000,0.18330000340938568
43,120,1210000,
43,120,1220000,
43,120,1230000,
43,120,1240000,
43,120,1250000,
43,120,1260000,
43,120,1270000,
43,120,1280000,
43,120,1290000,
43,120,1300000,0.2240999937057495
43,120,1310000,
43,120,1320000,
43,120,1330000,
43,120,1340000,
43,120,1350000,
43,120,1360000,
43,120,1370000,
43,120,1380000,
43,120,1390000,
43,120,1400000,0.2240999937057495
43,120,1410000,
43,120,1420000,
43,120,1430000,
43,120,1440000,
43,120,1450000,
43,120,1460000,
43,120,1470000,
43,120,1480000,
43,120,1490000,
43,120,1500000,0.2759999930858612
43,120,1510000,
43,120,1520000,
43,120,1530000,
43,120,1540000,
43,120,1550000,
43,120,1560000,
43,120,1570000,
43,120,1580000,
43,120,1590000,
43,120,1600000,0.2851000130176544
43,120,1610000,
43,120,1620000,
43,120,1630000,
43,120,1640000,
43,120,1650000,
43,120,1660000,
43,120,1670000,
43,120,1680000,
43,120,1690000,
43,120,1700000,0.32100000977516174
43,120,1710000,
43,120,1720000,
43,120,1730000,
43,120,1740000,
43,120,1750000,
43,120,1760000,
43,120,1770000,
43,120,1780000,
43,120,1790000,
43,120,1800000,0.3668000102043152
43,120,1810000,
43,120,1820000,
43,120,1830000,
43,120,1840000,
43,120,1850000,
43,120,1860000,
43,120,1870000,
43,120,1880000,
43,120,1890000,
43,120,1900000,0.3984000086784363
43,120,1910000,
43,120,1920000,
43,120,1930000,
43,120,1940000,
43,120,1950000,
43,120,1960000,
43,120,1970000,
43,120,1980000,
43,120,1990000,
43,120,2000000,0.4140999913215637
43,120,2010000,
43,120,2020000,
43,120,2030000,
43,120,2040000,
43,120,2050000,
43,120,2060000,
43,120,2070000,
43,120,2080000,
43,120,2090000,
43,120,2100000,0.4352000057697296
43,120,2110000,
43,120,2120000,
43,120,2130000,
43,120,2140000,
43,120,2150000,
43,120,2160000,
43,120,2170000,
43,120,2180000,
43,120,2190000,
43,120,2200000,0.4544999897480011
43,120,2210000,
43,120,2220000,
43,120,2230000,
43,120,2240000,
43,120,2250000,
43,120,2260000,
43,120,2270000,
43,120,2280000,
43,120,2290000,
43,120,2300000,0.46880000829696655
43,120,2310000,
43,120,2320000,
43,120,2330000,
43,120,2340000,
43,120,2350000,
43,120,2360000,
43,120,2370000,
43,120,2380000,
43,120,2390000,
43,120,2400000,0.5016000270843506
43,120,2410000,
43,120,2420000,
43,120,2430000,
43,120,2440000,
43,120,2450000,
43,120,2460000,
43,120,2470000,
43,120,2480000,
43,120,2490000,
43,120,2500000,0.4916999936103821
43,120,2510000,
43,120,2520000,
43,120,2530000,
43,120,2540000,
43,120,2550000,
43,120,2560000,
43,120,2570000,
43,120,2580000,
43,120,2590000,
43,120,2600000,0.5037000179290771
43,120,2610000,
43,120,2620000,
43,120,2630000,
43,120,2640000,
43,120,2650000,
43,120,2660000,
43,120,2670000,
43,120,2680000,
43,120,2690000,
43,120,2700000,0.5382000207901001
43,120,2710000,
43,120,2720000,
43,120,2730000,
43,120,2740000,
43,120,2750000,
43,120,2760000,
43,120,2770000,
43,120,2780000,
43,120,2790000,
43,120,2800000,0.5464000105857849
43,120,2810000,
43,120,2820000,
43,120,2830000,
43,120,2840000,
43,120,2850000,
43,120,2860000,
43,120,2870000,
43,120,2880000,
43,120,2890000,
43,120,2900000,0.5627999901771545
43,120,2910000,
43,120,2920000,
43,120,2930000,
43,120,2940000,
43,120,2950000,
43,120,2960000,
43,120,2970000,
43,120,2980000,
43,120,2990000,
43,120,3000000,0.5504999756813049
43,120,3010000,
43,120,3020000,
43,120,3030000,
43,120,3040000,
43,120,3050000,
43,120,3060000,
43,120,3070000,
43,120,3080000,
43,120,3090000,
43,120,3100000,0.5896000266075134
43,120,3110000,
43,120,3120000,
43,120,3130000,
43,120,3140000,
43,120,3150000,
43,120,3160000,
43,120,3170000,
43,120,3180000,
43,120,3190000,
43,120,3200000,0.5982999801635742
43,120,3210000,
43,120,3220000,
43,120,3230000,
43,120,3240000,
43,120,3250000,
43,120,3260000,
43,120,3270000,
43,120,3280000,
43,120,3290000,
43,120,3300000,0.6184999942779541
43,120,3310000,
43,120,3320000,
43,120,3330000,
43,120,3340000,
43,120,3350000,
43,120,3360000,
43,120,3370000,
43,120,3380000,
43,120,3390000,
43,120,3400000,0.6269000172615051
43,120,3410000,
43,120,3420000,
43,120,3430000,
43,120,3440000,
43,120,3450000,
43,120,3460000,
43,120,3470000,
43,120,3480000,
43,120,3490000,
43,120,3500000,0.6471999883651733
43,120,3510000,
43,120,3520000,
43,120,3530000,
43,120,3540000,
43,120,3550000,
43,120,3560000,
43,120,3570000,
43,120,3580000,
43,120,3590000,
43,120,3600000,0.660099983215332
43,120,3610000,
43,120,3620000,
43,120,3630000,
43,120,3640000,
43,120,3650000,
43,120,3660000,
43,120,3670000,
43,120,3680000,
43,120,3690000,
43,120,3700000,0.6542999744415283
43,120,3710000,
43,120,3720000,
43,120,3730000,
43,120,3740000,
43,120,3750000,
43,120,3760000,
43,120,3770000,
43,120,3780000,
43,120,3790000,
43,120,3800000,0.6305999755859375
43,120,3810000,
43,120,3820000,
43,120,3830000,
43,120,3840000,
43,120,3850000,
43,120,3860000,
43,120,3870000,
43,120,3880000,
43,120,3890000,
43,120,3900000,0.6608999967575073
43,120,3910000,
43,120,3920000,
43,120,3930000,
43,120,3940000,
43,120,3950000,
43,120,3960000,
43,120,3970000,
43,120,3980000,
43,120,3990000,
43,120,4000000,0.6732000112533569
43,120,4010000,
43,120,4020000,
43,120,4030000,
43,120,4040000,
43,120,4050000,
43,120,4060000,
43,120,4070000,
43,120,4080000,
43,120,4090000,
43,120,4100000,0.6881999969482422
43,120,4110000,
43,120,4120000,
43,120,4130000,
43,120,4140000,
43,120,4150000,
43,120,4160000,
43,120,4170000,
43,120,4180000,
43,120,4190000,
43,120,4200000,0.6718000173568726
43,120,4210000,
43,120,4220000,
43,120,4230000,
43,120,4240000,
43,120,4250000,
43,120,4260000,
43,120,4270000,
43,120,4280000,
43,120,4290000,
43,120,4300000,0.6751999855041504
43,120,4310000,
43,120,4320000,
43,120,4330000,
43,120,4340000,
43,120,4350000,
43,120,4360000,
43,120,4370000,
43,120,4380000,
43,120,4390000,
43,120,4400000,0.7170000076293945
43,120,4410000,
43,120,4420000,
43,120,4430000,
43,120,4440000,
43,120,4450000,
43,120,4460000,
43,120,4470000,
43,120,4480000,
43,120,4490000,
43,120,4500000,0.6908000111579895
43,120,4510000,
43,120,4520000,
43,120,4530000,
43,120,4540000,
43,120,4550000,
43,120,4560000,
43,120,4570000,
43,120,4580000,
43,120,4590000,
43,120,4600000,0.7249000072479248
43,120,4610000,
43,120,4620000,
43,120,4630000,
43,120,4640000,
43,120,4650000,
43,120,4660000,
43,120,4670000,
43,120,4680000,
43,120,4690000,
43,120,4700000,0.7267000079154968
43,120,4710000,
43,120,4720000,
43,120,4730000,
43,120,4740000,
43,120,4750000,
43,120,4760000,
43,120,4770000,
43,120,4780000,
43,120,4790000,
43,120,4800000,0.7174999713897705
43,120,4810000,
43,120,4820000,
43,120,4830000,
43,120,4840000,
43,120,4850000,
43,120,4860000,
43,120,4870000,
43,120,4880000,
43,120,4890000,
43,120,4900000,0.7336999773979187
43,120,4910000,
43,120,4920000,
43,120,4930000,
43,120,4940000,
43,120,4950000,
43,120,4960000,
43,120,4970000,
43,120,4980000,
43,120,4990000,
43,120,5000000,0.7501999735832214
43,140,1,0.0
43,140,10000,
43,140,20000,
43,140,30000,
43,140,40000,
43,140,50000,
43,140,60000,
43,140,70000,
43,140,80000,
43,140,90000,
43,140,100000,0.0
43,140,110000,
43,140,120000,
43,140,130000,
43,140,140000,
43,140,150000,
43,140,160000,
43,140,170000,
43,140,180000,
43,140,190000,
43,140,200000,0.0027000000700354576
43,140,210000,
43,140,220000,
43,140,230000,
43,140,240000,
43,140,250000,
43,140,260000,
43,140,270000,
43,140,280000,
43,140,290000,
43,140,300000,0.008799999952316284
43,140,310000,
43,140,320000,
43,140,330000,
43,140,340000,
43,140,350000,
43,140,360000,
43,140,370000,
43,140,380000,
43,140,390000,
43,140,400000,0.01850000023841858
43,140,410000,
43,140,420000,
43,140,430000,
43,140,440000,
43,140,450000,
43,140,460000,
43,140,470000,
43,140,480000,
43,140,490000,
43,140,500000,0.027499999850988388
43,140,510000,
43,140,520000,
43,140,530000,
43,140,540000,
43,140,550000,
43,140,560000,
43,140,570000,
43,140,580000,
43,140,590000,
43,140,600000,0.041600000113248825
43,140,610000,
43,140,620000,
43,140,630000,
43,140,640000,
43,140,650000,
43,140,660000,
43,140,670000,
43,140,680000,
43,140,690000,
43,140,700000,0.0551999993622303
43,140,710000,
43,140,720000,
43,140,730000,
43,140,740000,
43,140,750000,
43,140,760000,
43,140,770000,
43,140,780000,
43,140,790000,
43,140,800000,0.0803999975323677
43,140,810000,
43,140,820000,
43,140,830000,
43,140,840000,
43,140,850000,
43,140,860000,
43,140,870000,
43,140,880000,
43,140,890000,
43,140,900000,0.10170000046491623
43,140,910000,
43,140,920000,
43,140,930000,
43,140,940000,
43,140,950000,
43,140,960000,
43,140,970000,
43,140,980000,
43,140,990000,
43,140,1000000,0.1216999962925911
43,140,1010000,
43,140,1020000,
43,140,1030000,
43,140,1040000,
43,140,1050000,
43,140,1060000,
43,140,1070000,
43,140,1080000,
43,140,1090000,
43,140,1100000,0.15950000286102295
43,140,1110000,
43,140,1120000,
43,140,1130000,
43,140,1140000,
43,140,1150000,
43,140,1160000,
43,140,1170000,
43,140,1180000,
43,140,1190000,
43,140,1200000,0.1793999969959259
43,140,1210000,
43,140,1220000,
43,140,1230000,
43,140,1240000,
43,140,1250000,
43,140,1260000,
43,140,1270000,
43,140,1280000,
43,140,1290000,
43,140,1300000,0.19580000638961792
43,140,1310000,
43,140,1320000,
43,140,1330000,
43,140,1340000,
43,140,1350000,
43,140,1360000,
43,140,1370000,
43,140,1380000,
43,140,1390000,
43,140,1400000,0.26600000262260437
43,140,1410000,
43,140,1420000,
43,140,1430000,
43,140,1440000,
43,140,1450000,
43,140,1460000,
43,140,1470000,
43,140,1480000,
43,140,1490000,
43,140,1500000,0.27230000495910645
43,140,1510000,
43,140,1520000,
43,140,1530000,
43,140,1540000,
43,140,1550000,
43,140,1560000,
43,140,1570000,
43,140,1580000,
43,140,1590000,
43,140,1600000,0.2992999851703644
43,140,1610000,
43,140,1620000,
43,140,1630000,
43,140,1640000,
43,140,1650000,
43,140,1660000,
43,140,1670000,
43,140,1680000,
43,140,1690000,
43,140,1700000,0.32850000262260437
43,140,1710000,
43,140,1720000,
43,140,1730000,
43,140,1740000,
43,140,1750000,
43,140,1760000,
43,140,1770000,
43,140,1780000,
43,140,1790000,
43,140,1800000,0.3492000102996826
43,140,1810000,
43,140,1820000,
43,140,1830000,
43,140,1840000,
43,140,1850000,
43,140,1860000,
43,140,1870000,
43,140,1880000,
43,140,1890000,
43,140,1900000,0.38519999384880066
43,140,1910000,
43,140,1920000,
43,140,1930000,
43,140,1940000,
43,140,1950000,
43,140,1960000,
43,140,1970000,
43,140,1980000,
43,140,1990000,
43,140,2000000,0.41190001368522644
43,140,2010000,
43,140,2020000,
43,140,2030000,
43,140,2040000,
43,140,2050000,
43,140,2060000,
43,140,2070000,
43,140,2080000,
43,140,2090000,
43,140,2100000,0.45179998874664307
43,140,2110000,
43,140,2120000,
43,140,2130000,
43,140,2140000,
43,140,2150000,
43,140,2160000,
43,140,2170000,
43,140,2180000,
43,140,2190000,
43,140,2200000,0.4300999939441681
43,140,2210000,
43,140,2220000,
43,140,2230000,
43,140,2240000,
43,140,2250000,
43,140,2260000,
43,140,2270000,
43,140,2280000,
43,140,2290000,
43,140,2300000,0.4828999936580658
43,140,2310000,
43,140,2320000,
43,140,2330000,
43,140,2340000,
43,140,2350000,
43,140,2360000,
43,140,2370000,
43,140,2380000,
43,140,2390000,
43,140,2400000,0.49300000071525574
43,140,2410000,
43,140,2420000,
43,140,2430000,
43,140,2440000,
43,140,2450000,
43,140,2460000,
43,140,2470000,
43,140,2480000,
43,140,2490000,
43,140,2500000,0.516700029373169
43,140,2510000,
43,140,2520000,
43,140,2530000,
43,140,2540000,
43,140,2550000,
43,140,2560000,
43,140,2570000,
43,140,2580000,
43,140,2590000,
43,140,2600000,0.536300003528595
43,140,2610000,
43,140,2620000,
43,140,2630000,
43,140,2640000,
43,140,2650000,
43,140,2660000,
43,140,2670000,
43,140,2680000,
43,140,2690000,
43,140,2700000,0.54339998960495
43,140,2710000,
43,140,2720000,
43,140,2730000,
43,140,2740000,
43,140,2750000,
43,140,2760000,
43,140,2770000,
43,140,2780000,
43,140,2790000,
43,140,2800000,0.566100001335144
43,140,2810000,
43,140,2820000,
43,140,2830000,
43,140,2840000,
43,140,2850000,
43,140,2860000,
43,140,2870000,
43,140,2880000,
43,140,2890000,
43,140,2900000,0.5687000155448914
43,140,2910000,
43,140,2920000,
43,140,2930000,
43,140,2940000,
43,140,2950000,
43,140,2960000,
43,140,2970000,
43,140,2980000,
43,140,2990000,
43,140,3000000,0.593999981880188
43,140,3010000,
43,140,3020000,
43,140,3030000,
43,140,3040000,
43,140,3050000,
43,140,3060000,
43,140,3070000,
43,140,3080000,
43,140,3090000,
43,140,3100000,0.5938000082969666
43,140,3110000,
43,140,3120000,
43,140,3130000,
43,140,3140000,
43,140,3150000,
43,140,3160000,
43,140,3170000,
43,140,3180000,
43,140,3190000,
43,140,3200000,0.6211000084877014
43,140,3210000,
43,140,3220000,
43,140,3230000,
43,140,3240000,
43,140,3250000,
43,140,3260000,
43,140,3270000,
43,140,3280000,
43,140,3290000,
43,140,3300000,0.618399977684021
43,140,3310000,
43,140,3320000,
43,140,3330000,
43,140,3340000,
43,140,3350000,
43,140,3360000,
43,140,3370000,
43,140,3380000,
43,140,3390000,
43,140,3400000,0.6384999752044678
43,140,3410000,
43,140,3420000,
43,140,3430000,
43,140,3440000,
43,140,3450000,
43,140,3460000,
43,140,3470000,
43,140,3480000,
43,140,3490000,
43,140,3500000,0.6205000281333923
43,140,3510000,
43,140,3520000,
43,140,3530000,
43,140,3540000,
43,140,3550000,
43,140,3560000,
43,140,3570000,
43,140,3580000,
43,140,3590000,
43,140,3600000,0.6590999960899353
43,140,3610000,
43,140,3620000,
43,140,3630000,
43,140,3640000,
43,140,3650000,
43,140,3660000,
43,140,3670000,
43,140,3680000,
43,140,3690000,
43,140,3700000,0.6438999772071838
43,140,3710000,
43,140,3720000,
43,140,3730000,
43,140,3740000,
43,140,3750000,
43,140,3760000,
43,140,3770000,
43,140,3780000,
43,140,3790000,
43,140,3800000,0.6704999804496765
43,140,3810000,
43,140,3820000,
43,140,3830000,
43,140,3840000,
43,140,3850000,
43,140,3860000,
43,140,3870000,
43,140,3880000,
43,140,3890000,
43,140,3900000,0.6730999946594238
43,140,3910000,
43,140,3920000,
43,140,3930000,
43,140,3940000,
43,140,3950000,
43,140,3960000,
43,140,3970000,
43,140,3980000,
43,140,3990000,
43,140,4000000,0.6747000217437744
43,140,4010000,
43,140,4020000,
43,140,4030000,
43,140,4040000,
43,140,4050000,
43,140,4060000,
43,140,4070000,
43,140,4080000,
43,140,4090000,
43,140,4100000,0.7102000117301941
43,140,4110000,
43,140,4120000,
43,140,4130000,
43,140,4140000,
43,140,4150000,
43,140,4160000,
43,140,4170000,
43,140,4180000,
43,140,4190000,
43,140,4200000,0.6963000297546387
43,140,4210000,
43,140,4220000,
43,140,4230000,
43,140,4240000,
43,140,4250000,
43,140,4260000,
43,140,4270000,
43,140,4280000,
43,140,4290000,
43,140,4300000,0.6894000172615051
43,140,4310000,
43,140,4320000,
43,140,4330000,
43,140,4340000,
43,140,4350000,
43,140,4360000,
43,140,4370000,
43,140,4380000,
43,140,4390000,
43,140,4400000,0.6991000175476074
43,140,4410000,
43,140,4420000,
43,140,4430000,
43,140,4440000,
43,140,4450000,
43,140,4460000,
43,140,4470000,
43,140,4480000,
43,140,4490000,
43,140,4500000,0.6965000033378601
43,140,4510000,
43,140,4520000,
43,140,4530000,
43,140,4540000,
43,140,4550000,
43,140,4560000,
43,140,4570000,
43,140,4580000,
43,140,4590000,
43,140,4600000,0.6875
43,140,4610000,
43,140,4620000,
43,140,4630000,
43,140,4640000,
43,140,4650000,
43,140,4660000,
43,140,4670000,
43,140,4680000,
43,140,4690000,
43,140,4700000,0.7461000084877014
43,140,4710000,
43,140,4720000,
43,140,4730000,
43,140,4740000,
43,140,4750000,
43,140,4760000,
43,140,4770000,
43,140,4780000,
43,140,4790000,
43,140,4800000,0.7599999904632568
43,140,4810000,
43,140,4820000,
43,140,4830000,
43,140,4840000,
43,140,4850000,
43,140,4860000,
43,140,4870000,
43,140,4880000,
43,140,4890000,
43,140,4900000,0.7652999758720398
43,140,4910000,
43,140,4920000,
43,140,4930000,
43,140,4940000,
43,140,4950000,
43,140,4960000,
43,140,4970000,
43,140,4980000,
43,140,4990000,
43,140,5000000,0.7422999739646912
43,160,1,0.0
43,160,10000,
43,160,20000,
43,160,30000,
43,160,40000,
43,160,50000,
43,160,60000,
43,160,70000,
43,160,80000,
43,160,90000,
43,160,100000,0.0
43,160,110000,
43,160,120000,
43,160,130000,
43,160,140000,
43,160,150000,
43,160,160000,
43,160,170000,
43,160,180000,
43,160,190000,
43,160,200000,0.00019999999494757503
43,160,210000,
43,160,220000,
43,160,230000,
43,160,240000,
43,160,250000,
43,160,260000,
43,160,270000,
43,160,280000,
43,160,290000,
43,160,300000,0.0020000000949949026
43,160,310000,
43,160,320000,
43,160,330000,
43,160,340000,
43,160,350000,
43,160,360000,
43,160,370000,
43,160,380000,
43,160,390000,
43,160,400000,0.007400000002235174
43,160,410000,
43,160,420000,
43,160,430000,
43,160,440000,
43,160,450000,
43,160,460000,
43,160,470000,
43,160,480000,
43,160,490000,
43,160,500000,0.012500000186264515
43,160,510000,
43,160,520000,
43,160,530000,
43,160,540000,
43,160,550000,
43,160,560000,
43,160,570000,
43,160,580000,
43,160,590000,
43,160,600000,0.01979999989271164
43,160,610000,
43,160,620000,
43,160,630000,
43,160,640000,
43,160,650000,
43,160,660000,
43,160,670000,
43,160,680000,
43,160,690000,
43,160,700000,0.03970000147819519
43,160,710000,
43,160,720000,
43,160,730000,
43,160,740000,
43,160,750000,
43,160,760000,
43,160,770000,
43,160,780000,
43,160,790000,
43,160,800000,0.0494999997317791
43,160,810000,
43,160,820000,
43,160,830000,
43,160,840000,
43,160,850000,
43,160,860000,
43,160,870000,
43,160,880000,
43,160,890000,
43,160,900000,0.06499999761581421
43,160,910000,
43,160,920000,
43,160,930000,
43,160,940000,
43,160,950000,
43,160,960000,
43,160,970000,
43,160,980000,
43,160,990000,
43,160,1000000,0.09679999947547913
43,160,1010000,
43,160,1020000,
43,160,1030000,
43,160,1040000,
43,160,1050000,
43,160,1060000,
43,160,1070000,
43,160,1080000,
43,160,1090000,
43,160,1100000,0.11150000244379044
43,160,1110000,
43,160,1120000,
43,160,1130000,
43,160,1140000,
43,160,1150000,
43,160,1160000,
43,160,1170000,
43,160,1180000,
43,160,1190000,
43,160,1200000,0.13680000603199005
43,160,1210000,
43,160,1220000,
43,160,1230000,
43,160,1240000,
43,160,1250000,
43,160,1260000,
43,160,1270000,
43,160,1280000,
43,160,1290000,
43,160,1300000,0.17489999532699585
43,160,1310000,
43,160,1320000,
43,160,1330000,
43,160,1340000,
43,160,1350000,
43,160,1360000,
43,160,1370000,
43,160,1380000,
43,160,1390000,
43,160,1400000,0.1720999926328659
43,160,1410000,
43,160,1420000,
43,160,1430000,
43,160,1440000,
43,160,1450000,
43,160,1460000,
43,160,1470000,
43,160,1480000,
43,160,1490000,
43,160,1500000,0.20659999549388885
43,160,1510000,
43,160,1520000,
43,160,1530000,
43,160,1540000,
43,160,1550000,
43,160,1560000,
43,160,1570000,
43,160,1580000,
43,160,1590000,
43,160,1600000,0.23960000276565552
43,160,1610000,
43,160,1620000,
43,160,1630000,
43,160,1640000,
43,160,1650000,
43,160,1660000,
43,160,1670000,
43,160,1680000,
43,160,1690000,
43,160,1700000,0.2567000091075897
43,160,1710000,
43,160,1720000,
43,160,1730000,
43,160,1740000,
43,160,1750000,
43,160,1760000,
43,160,1770000,
43,160,1780000,
43,160,1790000,
43,160,1800000,0.25589999556541443
43,160,1810000,
43,160,1820000,
43,160,1830000,
43,160,1840000,
43,160,1850000,
43,160,1860000,
43,160,1870000,
43,160,1880000,
43,160,1890000,
43,160,1900000,0.30469998717308044
43,160,1910000,
43,160,1920000,
43,160,1930000,
43,160,1940000,
43,160,1950000,
43,160,1960000,
43,160,1970000,
43,160,1980000,
43,160,1990000,
43,160,2000000,0.3165000081062317
43,160,2010000,
43,160,2020000,
43,160,2030000,
43,160,2040000,
43,160,2050000,
43,160,2060000,
43,160,2070000,
43,160,2080000,
43,160,2090000,
43,160,2100000,0.329800009727478
43,160,2110000,
43,160,2120000,
43,160,2130000,
43,160,2140000,
43,160,2150000,
43,160,2160000,
43,160,2170000,
43,160,2180000,
43,160,2190000,
43,160,2200000,0.38019999861717224
43,160,2210000,
43,160,2220000,
43,160,2230000,
43,160,2240000,
43,160,2250000,
43,160,2260000,
43,160,2270000,
43,160,2280000,
43,160,2290000,
43,160,2300000,0.374099999666214
43,160,2310000,
43,160,2320000,
43,160,2330000,
43,160,2340000,
43,160,2350000,
43,160,2360000,
43,160,2370000,
43,160,2380000,
43,160,2390000,
43,160,2400000,0.3765000104904175
43,160,2410000,
43,160,2420000,
43,160,2430000,
43,160,2440000,
43,160,2450000,
43,160,2460000,
43,160,2470000,
43,160,2480000,
43,160,2490000,
43,160,2500000,0.413100004196167
43,160,2510000,
43,160,2520000,
43,160,2530000,
43,160,2540000,
43,160,2550000,
43,160,2560000,
43,160,2570000,
43,160,2580000,
43,160,2590000,
43,160,2600000,0.4075999855995178
43,160,2610000,
43,160,2620000,
43,160,2630000,
43,160,2640000,
43,160,2650000,
43,160,2660000,
43,160,2670000,
43,160,2680000,
43,160,2690000,
43,160,2700000,0.42149999737739563
43,160,2710000,
43,160,2720000,
43,160,2730000,
43,160,2740000,
43,160,2750000,
43,160,2760000,
43,160,2770000,
43,160,2780000,
43,160,2790000,
43,160,2800000,0.4336000084877014
43,160,2810000,
43,160,2820000,
43,160,2830000,
43,160,2840000,
43,160,2850000,
43,160,2860000,
43,160,2870000,
43,160,2880000,
43,160,2890000,
43,160,2900000,0.4700999855995178
43,160,2910000,
43,160,2920000,
43,160,2930000,
43,160,2940000,
43,160,2950000,
43,160,2960000,
43,160,2970000,
43,160,2980000,
43,160,2990000,
43,160,3000000,0.4587000012397766
43,160,3010000,
43,160,3020000,
43,160,3030000,
43,160,3040000,
43,160,3050000,
43,160,3060000,
43,160,3070000,
43,160,3080000,
43,160,3090000,
43,160,3100000,0.44269999861717224
43,160,3110000,
43,160,3120000,
43,160,3130000,
43,160,3140000,
43,160,3150000,
43,160,3160000,
43,160,3170000,
43,160,3180000,
43,160,3190000,
43,160,3200000,0.48510000109672546
43,160,3210000,
43,160,3220000,
43,160,3230000,
43,160,3240000,
43,160,3250000,
43,160,3260000,
43,160,3270000,
43,160,3280000,
43,160,3290000,
43,160,3300000,0.5375999808311462
43,160,3310000,
43,160,3320000,
43,160,3330000,
43,160,3340000,
43,160,3350000,
43,160,3360000,
43,160,3370000,
43,160,3380000,
43,160,3390000,
43,160,3400000,0.5230000019073486
43,160,3410000,
43,160,3420000,
43,160,3430000,
43,160,3440000,
43,160,3450000,
43,160,3460000,
43,160,3470000,
43,160,3480000,
43,160,3490000,
43,160,3500000,0.5263000130653381
43,160,3510000,
43,160,3520000,
43,160,3530000,
43,160,3540000,
43,160,3550000,
43,160,3560000,
43,160,3570000,
43,160,3580000,
43,160,3590000,
43,160,3600000,0.5135999917984009
43,160,3610000,
43,160,3620000,
43,160,3630000,
43,160,3640000,
43,160,3650000,
43,160,3660000,
43,160,3670000,
43,160,3680000,
43,160,3690000,
43,160,3700000,0.513700008392334
43,160,3710000,
43,160,3720000,
43,160,3730000,
43,160,3740000,
43,160,3750000,
43,160,3760000,
43,160,3770000,
43,160,3780000,
43,160,3790000,
43,160,3800000,0.5361999869346619
43,160,3810000,
43,160,3820000,
43,160,3830000,
43,160,3840000,
43,160,3850000,
43,160,3860000,
43,160,3870000,
43,160,3880000,
43,160,3890000,
43,160,3900000,0.5616999864578247
43,160,3910000,
43,160,3920000,
43,160,3930000,
43,160,3940000,
43,160,3950000,
43,160,3960000,
43,160,3970000,
43,160,3980000,
43,160,3990000,
43,160,4000000,0.5486000180244446
43,160,4010000,
43,160,4020000,
43,160,4030000,
43,160,4040000,
43,160,4050000,
43,160,4060000,
43,160,4070000,
43,160,4080000,
43,160,4090000,
43,160,4100000,0.5695000290870667
43,160,4110000,
43,160,4120000,
43,160,4130000,
43,160,4140000,
43,160,4150000,
43,160,4160000,
43,160,4170000,
43,160,4180000,
43,160,4190000,
43,160,4200000,0.5795000195503235
43,160,4210000,
43,160,4220000,
43,160,4230000,
43,160,4240000,
43,160,4250000,
43,160,4260000,
43,160,4270000,
43,160,4280000,
43,160,4290000,
43,160,4300000,0.5975000262260437
43,160,4310000,
43,160,4320000,
43,160,4330000,
43,160,4340000,
43,160,4350000,
43,160,4360000,
43,160,4370000,
43,160,4380000,
43,160,4390000,
43,160,4400000,0.6123999953269958
43,160,4410000,
43,160,4420000,
43,160,4430000,
43,160,4440000,
43,160,4450000,
43,160,4460000,
43,160,4470000,
43,160,4480000,
43,160,4490000,
43,160,4500000,0.6406000256538391
43,160,4510000,
43,160,4520000,
43,160,4530000,
43,160,4540000,
43,160,4550000,
43,160,4560000,
43,160,4570000,
43,160,4580000,
43,160,4590000,
43,160,4600000,0.5953999757766724
43,160,4610000,
43,160,4620000,
43,160,4630000,
43,160,4640000,
43,160,4650000,
43,160,4660000,
43,160,4670000,
43,160,4680000,
43,160,4690000,
43,160,4700000,0.6333000063896179
43,160,4710000,
43,160,4720000,
43,160,4730000,
43,160,4740000,
43,160,4750000,
43,160,4760000,
43,160,4770000,
43,160,4780000,
43,160,4790000,
43,160,4800000,0.5954999923706055
43,160,4810000,
43,160,4820000,
43,160,4830000,
43,160,4840000,
43,160,4850000,
43,160,4860000,
43,160,4870000,
43,160,4880000,
43,160,4890000,
43,160,4900000,0.6166999936103821
43,160,4910000,
43,160,4920000,
43,160,4930000,
43,160,4940000,
43,160,4950000,
43,160,4960000,
43,160,4970000,
43,160,4980000,
43,160,4990000,
43,160,5000000,0.6262999773025513
43,180,1,0.0
43,180,10000,
43,180,20000,
43,180,30000,
43,180,40000,
43,180,50000,
43,180,60000,
43,180,70000,
43,180,80000,
43,180,90000,
43,180,100000,9.999999747378752e-05
43,180,110000,
43,180,120000,
43,180,130000,
43,180,140000,
43,180,150000,
43,180,160000,
43,180,170000,
43,180,180000,
43,180,190000,
43,180,200000,0.00019999999494757503
43,180,210000,
43,180,220000,
43,180,230000,
43,180,240000,
43,180,250000,
43,180,260000,
43,180,270000,
43,180,280000,
43,180,290000,
43,180,300000,0.0010000000474974513
43,180,310000,
43,180,320000,
43,180,330000,
43,180,340000,
43,180,350000,
43,180,360000,
43,180,370000,
43,180,380000,
43,180,390000,
43,180,400000,0.002199999988079071
43,180,410000,
43,180,420000,
43,180,430000,
43,180,440000,
43,180,450000,
43,180,460000,
43,180,470000,
43,180,480000,
43,180,490000,
43,180,500000,0.00559999980032444
43,180,510000,
43,180,520000,
43,180,530000,
43,180,540000,
43,180,550000,
43,180,560000,
43,180,570000,
43,180,580000,
43,180,590000,
43,180,600000,0.009499999694526196
43,180,610000,
43,180,620000,
43,180,630000,
43,180,640000,
43,180,650000,
43,180,660000,
43,180,670000,
43,180,680000,
43,180,690000,
43,180,700000,0.017000000923871994
43,180,710000,
43,180,720000,
43,180,730000,
43,180,740000,
43,180,750000,
43,180,760000,
43,180,770000,
43,180,780000,
43,180,790000,
43,180,800000,0.02759999968111515
43,180,810000,
43,180,820000,
43,180,830000,
43,180,840000,
43,180,850000,
43,180,860000,
43,180,870000,
43,180,880000,
43,180,890000,
43,180,900000,0.0348999984562397
43,180,910000,
43,180,920000,
43,180,930000,
43,180,940000,
43,180,950000,
43,180,960000,
43,180,970000,
43,180,980000,
43,180,990000,
43,180,1000000,0.05530000105500221
43,180,1010000,
43,180,1020000,
43,180,1030000,
43,180,1040000,
43,180,1050000,
43,180,1060000,
43,180,1070000,
43,180,1080000,
43,180,1090000,
43,180,1100000,0.06530000269412994
43,180,1110000,
43,180,1120000,
43,180,1130000,
43,180,1140000,
43,180,1150000,
43,180,1160000,
43,180,1170000,
43,180,1180000,
43,180,1190000,
43,180,1200000,0.07779999822378159
43,180,1210000,
43,180,1220000,
43,180,1230000,
43,180,1240000,
43,180,1250000,
43,180,1260000,
43,180,1270000,
43,180,1280000,
43,180,1290000,
43,180,1300000,0.11010000109672546
43,180,1310000,
43,180,1320000,
43,180,1330000,
43,180,1340000,
43,180,1350000,
43,180,1360000,
43,180,1370000,
43,180,1380000,
43,180,1390000,
43,180,1400000,0.12049999833106995
43,180,1410000,
43,180,1420000,
43,180,1430000,
43,180,1440000,
43,180,1450000,
43,180,1460000,
43,180,1470000,
43,180,1480000,
43,180,1490000,
43,180,1500000,0.14640000462532043
43,180,1510000,
43,180,1520000,
43,180,1530000,
43,180,1540000,
43,180,1550000,
43,180,1560000,
43,180,1570000,
43,180,1580000,
43,180,1590000,
43,180,1600000,0.16210000216960907
43,180,1610000,
43,180,1620000,
43,180,1630000,
43,180,1640000,
43,180,1650000,
43,180,1660000,
43,180,1670000,
43,180,1680000,
43,180,1690000,
43,180,1700000,0.18729999661445618
43,180,1710000,
43,180,1720000,
43,180,1730000,
43,180,1740000,
43,180,1750000,
43,180,1760000,
43,180,1770000,
43,180,1780000,
43,180,1790000,
43,180,1800000,0.20829999446868896
43,180,1810000,
43,180,1820000,
43,180,1830000,
43,180,1840000,
43,180,1850000,
43,180,1860000,
43,180,1870000,
43,180,1880000,
43,180,1890000,
43,180,1900000,0.20319999754428864
43,180,1910000,
43,180,1920000,
43,180,1930000,
43,180,1940000,
43,180,1950000,
43,180,1960000,
43,180,1970000,
43,180,1980000,
43,180,1990000,
43,180,2000000,0.2531000077724457
43,180,2010000,
43,180,2020000,
43,180,2030000,
43,180,2040000,
43,180,2050000,
43,180,2060000,
43,180,2070000,
43,180,2080000,
43,180,2090000,
43,180,2100000,0.25679999589920044
43,180,2110000,
43,180,2120000,
43,180,2130000,
43,180,2140000,
43,180,2150000,
43,180,2160000,
43,180,2170000,
43,180,2180000,
43,180,2190000,
43,180,2200000,0.25870001316070557
43,180,2210000,
43,180,2220000,
43,180,2230000,
43,180,2240000,
43,180,2250000,
43,180,2260000,
43,180,2270000,
43,180,2280000,
43,180,2290000,
43,180,2300000,0.271699994802475
43,180,2310000,
43,180,2320000,
43,180,2330000,
43,180,2340000,
43,180,2350000,
43,180,2360000,
43,180,2370000,
43,180,2380000,
43,180,2390000,
43,180,2400000,0.29420000314712524
43,180,2410000,
43,180,2420000,
43,180,2430000,
43,180,2440000,
43,180,2450000,
43,180,2460000,
43,180,2470000,
43,180,2480000,
43,180,2490000,
43,180,2500000,0.3573000133037567
43,180,2510000,
43,180,2520000,
43,180,2530000,
43,180,2540000,
43,180,2550000,
43,180,2560000,
43,180,2570000,
43,180,2580000,
43,180,2590000,
43,180,2600000,0.31779998540878296
43,180,2610000,
43,180,2620000,
43,180,2630000,
43,180,2640000,
43,180,2650000,
43,180,2660000,
43,180,2670000,
43,180,2680000,
43,180,2690000,
43,180,2700000,0.3441999852657318
43,180,2710000,
43,180,2720000,
43,180,2730000,
43,180,2740000,
43,180,2750000,
43,180,2760000,
43,180,2770000,
43,180,2780000,
43,180,2790000,
43,180,2800000,0.3571000099182129
43,180,2810000,
43,180,2820000,
43,180,2830000,
43,180,2840000,
43,180,2850000,
43,180,2860000,
43,180,2870000,
43,180,2880000,
43,180,2890000,
43,180,2900000,0.3465000092983246
43,180,2910000,
43,180,2920000,
43,180,2930000,
43,180,2940000,
43,180,2950000,
43,180,2960000,
43,180,2970000,
43,180,2980000,
43,180,2990000,
43,180,3000000,0.361299991607666
43,180,3010000,
43,180,3020000,
43,180,3030000,
43,180,3040000,
43,180,3050000,
43,180,3060000,
43,180,3070000,
43,180,3080000,
43,180,3090000,
43,180,3100000,0.3799999952316284
43,180,3110000,
43,180,3120000,
43,180,3130000,
43,180,3140000,
43,180,3150000,
43,180,3160000,
43,180,3170000,
43,180,3180000,
43,180,3190000,
43,180,3200000,0.3831000030040741
43,180,3210000,
43,180,3220000,
43,180,3230000,
43,180,3240000,
43,180,3250000,
43,180,3260000,
43,180,3270000,
43,180,3280000,
43,180,3290000,
43,180,3300000,0.3894999921321869
43,180,3310000,
43,180,3320000,
43,180,3330000,
43,180,3340000,
43,180,3350000,
43,180,3360000,
43,180,3370000,
43,180,3380000,
43,180,3390000,
43,180,3400000,0.4138000011444092
43,180,3410000,
43,180,3420000,
43,180,3430000,
43,180,3440000,
43,180,3450000,
43,180,3460000,
43,180,3470000,
43,180,3480000,
43,180,3490000,
43,180,3500000,0.4189999997615814
43,180,3510000,
43,180,3520000,
43,180,3530000,
43,180,3540000,
43,180,3550000,
43,180,3560000,
43,180,3570000,
43,180,3580000,
43,180,3590000,
43,180,3600000,0.42820000648498535
43,180,3610000,
43,180,3620000,
43,180,3630000,
43,180,3640000,
43,180,3650000,
43,180,3660000,
43,180,3670000,
43,180,3680000,
43,180,3690000,
43,180,3700000,0.41830000281333923
43,180,3710000,
43,180,3720000,
43,180,3730000,
43,180,3740000,
43,180,3750000,
43,180,3760000,
43,180,3770000,
43,180,3780000,
43,180,3790000,
43,180,3800000,0.4302999973297119
43,180,3810000,
43,180,3820000,
43,180,3830000,
43,180,3840000,
43,180,3850000,
43,180,3860000,
43,180,3870000,
43,180,3880000,
43,180,3890000,
43,180,3900000,0.4242999851703644
43,180,3910000,
43,180,3920000,
43,180,3930000,
43,180,3940000,
43,180,3950000,
43,180,3960000,
43,180,3970000,
43,180,3980000,
43,180,3990000,
43,180,4000000,0.4586000144481659
43,180,4010000,
43,180,4020000,
43,180,4030000,
43,180,4040000,
43,180,4050000,
43,180,4060000,
43,180,4070000,
43,180,4080000,
43,180,4090000,
43,180,4100000,0.44179999828338623
43,180,4110000,
43,180,4120000,
43,180,4130000,
43,180,4140000,
43,180,4150000,
43,180,4160000,
43,180,4170000,
43,180,4180000,
43,180,4190000,
43,180,4200000,0.5160999894142151
43,180,4210000,
43,180,4220000,
43,180,4230000,
43,180,4240000,
43,180,4250000,
43,180,4260000,
43,180,4270000,
43,180,4280000,
43,180,4290000,
43,180,4300000,0.4945000112056732
43,180,4310000,
43,180,4320000,
43,180,4330000,
43,180,4340000,
43,180,4350000,
43,180,4360000,
43,180,4370000,
43,180,4380000,
43,180,4390000,
43,180,4400000,0.47589999437332153
43,180,4410000,
43,180,4420000,
43,180,4430000,
43,180,4440000,
43,180,4450000,
43,180,4460000,
43,180,4470000,
43,180,4480000,
43,180,4490000,
43,180,4500000,0.5087000131607056
43,180,4510000,
43,180,4520000,
43,180,4530000,
43,180,4540000,
43,180,4550000,
43,180,4560000,
43,180,4570000,
43,180,4580000,
43,180,4590000,
43,180,4600000,0.4659000039100647
43,180,4610000,
43,180,4620000,
43,180,4630000,
43,180,4640000,
43,180,4650000,
43,180,4660000,
43,180,4670000,
43,180,4680000,
43,180,4690000,
43,180,4700000,0.46860000491142273
43,180,4710000,
43,180,4720000,
43,180,4730000,
43,180,4740000,
43,180,4750000,
43,180,4760000,
43,180,4770000,
43,180,4780000,
43,180,4790000,
43,180,4800000,0.48030000925064087
43,180,4810000,
43,180,4820000,
43,180,4830000,
43,180,4840000,
43,180,4850000,
43,180,4860000,
43,180,4870000,
43,180,4880000,
43,180,4890000,
43,180,4900000,0.4742000102996826
43,180,4910000,
43,180,4920000,
43,180,4930000,
43,180,4940000,
43,180,4950000,
43,180,4960000,
43,180,4970000,
43,180,4980000,
43,180,4990000,
43,180,5000000,0.4828999936580658
43,200,1,0.0
43,200,10000,
43,200,20000,
43,200,30000,
43,200,40000,
43,200,50000,
43,200,60000,
43,200,70000,
43,200,80000,
43,200,90000,
43,200,100000,9.999999747378752e-05
43,200,110000,
43,200,120000,
43,200,130000,
43,200,140000,
43,200,150000,
43,200,160000,
43,200,170000,
43,200,180000,
43,200,190000,
43,200,200000,0.0
43,200,210000,
43,200,220000,
43,200,230000,
43,200,240000,
43,200,250000,
43,200,260000,
43,200,270000,
43,200,280000,
43,200,290000,
43,200,300000,0.0008999999845400453
43,200,310000,
43,200,320000,
43,200,330000,
43,200,340000,
43,200,350000,
43,200,360000,
43,200,370000,
43,200,380000,
43,200,390000,
43,200,400000,0.00139999995008111
43,200,410000,
43,200,420000,
43,200,430000,
43,200,440000,
43,200,450000,
43,200,460000,
43,200,470000,
43,200,480000,
43,200,490000,
43,200,500000,0.003000000026077032
43,200,510000,
43,200,520000,
43,200,530000,
43,200,540000,
43,200,550000,
43,200,560000,
43,200,570000,
43,200,580000,
43,200,590000,
43,200,600000,0.006200000178068876
43,200,610000,
43,200,620000,
43,200,630000,
43,200,640000,
43,200,650000,
43,200,660000,
43,200,670000,
43,200,680000,
43,200,690000,
43,200,700000,0.014800000004470348
43,200,710000,
43,200,720000,
43,200,730000,
43,200,740000,
43,200,750000,
43,200,760000,
43,200,770000,
43,200,780000,
43,200,790000,
43,200,800000,0.020400000736117363
43,200,810000,
43,200,820000,
43,200,830000,
43,200,840000,
43,200,850000,
43,200,860000,
43,200,870000,
43,200,880000,
43,200,890000,
43,200,900000,0.025100000202655792
43,200,910000,
43,200,920000,
43,200,930000,
43,200,940000,
43,200,950000,
43,200,960000,
43,200,970000,
43,200,980000,
43,200,990000,
43,200,1000000,0.038600001484155655
43,200,1010000,
43,200,1020000,
43,200,1030000,
43,200,1040000,
43,200,1050000,
43,200,1060000,
43,200,1070000,
43,200,1080000,
43,200,1090000,
43,200,1100000,0.04520000144839287
43,200,1110000,
43,200,1120000,
43,200,1130000,
43,200,1140000,
43,200,1150000,
43,200,1160000,
43,200,1170000,
43,200,1180000,
43,200,1190000,
43,200,1200000,0.056699998676776886
43,200,1210000,
43,200,1220000,
43,200,1230000,
43,200,1240000,
43,200,1250000,
43,200,1260000,
43,200,1270000,
43,200,1280000,
43,200,1290000,
43,200,1300000,0.06920000165700912
43,200,1310000,
43,200,1320000,
43,200,1330000,
43,200,1340000,
43,200,1350000,
43,200,1360000,
43,200,1370000,
43,200,1380000,
43,200,1390000,
43,200,1400000,0.07360000163316727
43,200,1410000,
43,200,1420000,
43,200,1430000,
43,200,1440000,
43,200,1450000,
43,200,1460000,
43,200,1470000,
43,200,1480000,
43,200,1490000,
43,200,1500000,0.09549999982118607
43,200,1510000,
43,200,1520000,
43,200,1530000,
43,200,1540000,
43,200,1550000,
43,200,1560000,
43,200,1570000,
43,200,1580000,
43,200,1590000,
43,200,1600000,0.12049999833106995
43,200,1610000,
43,200,1620000,
43,200,1630000,
43,200,1640000,
43,200,1650000,
43,200,1660000,
43,200,1670000,
43,200,1680000,
43,200,1690000,
43,200,1700000,0.12960000336170197
43,200,1710000,
43,200,1720000,
43,200,1730000,
43,200,1740000,
43,200,1750000,
43,200,1760000,
43,200,1770000,
43,200,1780000,
43,200,1790000,
43,200,1800000,0.15219999849796295
43,200,1810000,
43,200,1820000,
43,200,1830000,
43,200,1840000,
43,200,1850000,
43,200,1860000,
43,200,1870000,
43,200,1880000,
43,200,1890000,
43,200,1900000,0.17270000278949738
43,200,1910000,
43,200,1920000,
43,200,1930000,
43,200,1940000,
43,200,1950000,
43,200,1960000,
43,200,1970000,
43,200,1980000,
43,200,1990000,
43,200,2000000,0.1754000037908554
43,200,2010000,
43,200,2020000,
43,200,2030000,
43,200,2040000,
43,200,2050000,
43,200,2060000,
43,200,2070000,
43,200,2080000,
43,200,2090000,
43,200,2100000,0.18549999594688416
43,200,2110000,
43,200,2120000,
43,200,2130000,
43,200,2140000,
43,200,2150000,
43,200,2160000,
43,200,2170000,
43,200,2180000,
43,200,2190000,
43,200,2200000,0.21389999985694885
43,200,2210000,
43,200,2220000,
43,200,2230000,
43,200,2240000,
43,200,2250000,
43,200,2260000,
43,200,2270000,
43,200,2280000,
43,200,2290000,
43,200,2300000,0.22030000388622284
43,200,2310000,
43,200,2320000,
43,200,2330000,
43,200,2340000,
43,200,2350000,
43,200,2360000,
43,200,2370000,
43,200,2380000,
43,200,2390000,
43,200,2400000,0.2353000044822693
43,200,2410000,
43,200,2420000,
43,200,2430000,
43,200,2440000,
43,200,2450000,
43,200,2460000,
43,200,2470000,
43,200,2480000,
43,200,2490000,
43,200,2500000,0.2662000060081482
43,200,2510000,
43,200,2520000,
43,200,2530000,
43,200,2540000,
43,200,2550000,
43,200,2560000,
43,200,2570000,
43,200,2580000,
43,200,2590000,
43,200,2600000,0.24199999868869781
43,200,2610000,
43,200,2620000,
43,200,2630000,
43,200,2640000,
43,200,2650000,
43,200,2660000,
43,200,2670000,
43,200,2680000,
43,200,2690000,
43,200,2700000,0.2531000077724457
43,200,2710000,
43,200,2720000,
43,200,2730000,
43,200,2740000,
43,200,2750000,
43,200,2760000,
43,200,2770000,
43,200,2780000,
43,200,2790000,
43,200,2800000,0.27459999918937683
43,200,2810000,
43,200,2820000,
43,200,2830000,
43,200,2840000,
43,200,2850000,
43,200,2860000,
43,200,2870000,
43,200,2880000,
43,200,2890000,
43,200,2900000,0.30079999566078186
43,200,2910000,
43,200,2920000,
43,200,2930000,
43,200,2940000,
43,200,2950000,
43,200,2960000,
43,200,2970000,
43,200,2980000,
43,200,2990000,
43,200,3000000,0.29919999837875366
43,200,3010000,
43,200,3020000,
43,200,3030000,
43,200,3040000,
43,200,3050000,
43,200,3060000,
43,200,3070000,
43,200,3080000,
43,200,3090000,
43,200,3100000,0.2937999963760376
43,200,3110000,
43,200,3120000,
43,200,3130000,
43,200,3140000,
43,200,3150000,
43,200,3160000,
43,200,3170000,
43,200,3180000,
43,200,3190000,
43,200,3200000,0.33059999346733093
43,200,3210000,
43,200,3220000,
43,200,3230000,
43,200,3240000,
43,200,3250000,
43,200,3260000,
43,200,3270000,
43,200,3280000,
43,200,3290000,
43,200,3300000,0.3522999882698059
43,200,3310000,
43,200,3320000,
43,200,3330000,
43,200,3340000,
43,200,3350000,
43,200,3360000,
43,200,3370000,
43,200,3380000,
43,200,3390000,
43,200,3400000,0.32670000195503235
43,200,3410000,
43,200,3420000,
43,200,3430000,
43,200,3440000,
43,200,3450000,
43,200,3460000,
43,200,3470000,
43,200,3480000,
43,200,3490000,
43,200,3500000,0.3328000009059906
43,200,3510000,
43,200,3520000,
43,200,3530000,
43,200,3540000,
43,200,3550000,
43,200,3560000,
43,200,3570000,
43,200,3580000,
43,200,3590000,
43,200,3600000,0.3513999879360199
43,200,3610000,
43,200,3620000,
43,200,3630000,
43,200,3640000,
43,200,3650000,
43,200,3660000,
43,200,3670000,
43,200,3680000,
43,200,3690000,
43,200,3700000,0.3700000047683716
43,200,3710000,
43,200,3720000,
43,200,3730000,
43,200,3740000,
43,200,3750000,
43,200,3760000,
43,200,3770000,
43,200,3780000,
43,200,3790000,
43,200,3800000,0.399399995803833
43,200,3810000,
43,200,3820000,
43,200,3830000,
43,200,3840000,
43,200,3850000,
43,200,3860000,
43,200,3870000,
43,200,3880000,
43,200,3890000,
43,200,3900000,0.40059998631477356
43,200,3910000,
43,200,3920000,
43,200,3930000,
43,200,3940000,
43,200,3950000,
43,200,3960000,
43,200,3970000,
43,200,3980000,
43,200,3990000,
43,200,4000000,0.3603000044822693
43,200,4010000,
43,200,4020000,
43,200,4030000,
43,200,4040000,
43,200,4050000,
43,200,4060000,
43,200,4070000,
43,200,4080000,
43,200,4090000,
43,200,4100000,0.37139999866485596
43,200,4110000,
43,200,4120000,
43,200,4130000,
43,200,4140000,
43,200,4150000,
43,200,4160000,
43,200,4170000,
43,200,4180000,
43,200,4190000,
43,200,4200000,0.36309999227523804
43,200,4210000,
43,200,4220000,
43,200,4230000,
43,200,4240000,
43,200,4250000,
43,200,4260000,
43,200,4270000,
43,200,4280000,
43,200,4290000,
43,200,4300000,0.42419999837875366
43,200,4310000,
43,200,4320000,
43,200,4330000,
43,200,4340000,
43,200,4350000,
43,200,4360000,
43,200,4370000,
43,200,4380000,
43,200,4390000,
43,200,4400000,0.3919000029563904
43,200,4410000,
43,200,4420000,
43,200,4430000,
43,200,4440000,
43,200,4450000,
43,200,4460000,
43,200,4470000,
43,200,4480000,
43,200,4490000,
43,200,4500000,0.4072999954223633
43,200,4510000,
43,200,4520000,
43,200,4530000,
43,200,4540000,
43,200,4550000,
43,200,4560000,
43,200,4570000,
43,200,4580000,
43,200,4590000,
43,200,4600000,0.45019999146461487
43,200,4610000,
43,200,4620000,
43,200,4630000,
43,200,4640000,
43,200,4650000,
43,200,4660000,
43,200,4670000,
43,200,4680000,
43,200,4690000,
43,200,4700000,0.4359000027179718
43,200,4710000,
43,200,4720000,
43,200,4730000,
43,200,4740000,
43,200,4750000,
43,200,4760000,
43,200,4770000,
43,200,4780000,
43,200,4790000,
43,200,4800000,0.428600013256073
43,200,4810000,
43,200,4820000,
43,200,4830000,
43,200,4840000,
43,200,4850000,
43,200,4860000,
43,200,4870000,
43,200,4880000,
43,200,4890000,
43,200,4900000,0.45579999685287476
43,200,4910000,
43,200,4920000,
43,200,4930000,
43,200,4940000,
43,200,4950000,
43,200,4960000,
43,200,4970000,
43,200,4980000,
43,200,4990000,
43,200,5000000,0.4323999881744385
44,10,1,0.0
44,10,10000,
44,10,20000,
44,10,30000,
44,10,40000,
44,10,50000,
44,10,60000,
44,10,70000,
44,10,80000,
44,10,90000,
44,10,100000,0.0
44,10,110000,
44,10,120000,
44,10,130000,
44,10,140000,
44,10,150000,
44,10,160000,
44,10,170000,
44,10,180000,
44,10,190000,
44,10,200000,0.0
44,10,210000,
44,10,220000,
44,10,230000,
44,10,240000,
44,10,250000,
44,10,260000,
44,10,270000,
44,10,280000,
44,10,290000,
44,10,300000,0.0
44,10,310000,
44,10,320000,
44,10,330000,
44,10,340000,
44,10,350000,
44,10,360000,
44,10,370000,
44,10,380000,
44,10,390000,
44,10,400000,0.0
44,10,410000,
44,10,420000,
44,10,430000,
44,10,440000,
44,10,450000,
44,10,460000,
44,10,470000,
44,10,480000,
44,10,490000,
44,10,500000,0.000699999975040555
44,10,510000,
44,10,520000,
44,10,530000,
44,10,540000,
44,10,550000,
44,10,560000,
44,10,570000,
44,10,580000,
44,10,590000,
44,10,600000,0.0019000000320374966
44,10,610000,
44,10,620000,
44,10,630000,
44,10,640000,
44,10,650000,
44,10,660000,
44,10,670000,
44,10,680000,
44,10,690000,
44,10,700000,0.0027000000700354576
44,10,710000,
44,10,720000,
44,10,730000,
44,10,740000,
44,10,750000,
44,10,760000,
44,10,770000,
44,10,780000,
44,10,790000,
44,10,800000,0.0026000000070780516
44,10,810000,
44,10,820000,
44,10,830000,
44,10,840000,
44,10,850000,
44,10,860000,
44,10,870000,
44,10,880000,
44,10,890000,
44,10,900000,0.0038999998942017555
44,10,910000,
44,10,920000,
44,10,930000,
44,10,940000,
44,10,950000,
44,10,960000,
44,10,970000,
44,10,980000,
44,10,990000,
44,10,1000000,0.00430000014603138
44,10,1010000,
44,10,1020000,
44,10,1030000,
44,10,1040000,
44,10,1050000,
44,10,1060000,
44,10,1070000,
44,10,1080000,
44,10,1090000,
44,10,1100000,0.004699999932199717
44,10,1110000,
44,10,1120000,
44,10,1130000,
44,10,1140000,
44,10,1150000,
44,10,1160000,
44,10,1170000,
44,10,1180000,
44,10,1190000,
44,10,1200000,0.003700000001117587
44,10,1210000,
44,10,1220000,
44,10,1230000,
44,10,1240000,
44,10,1250000,
44,10,1260000,
44,10,1270000,
44,10,1280000,
44,10,1290000,
44,10,1300000,0.004600000102072954
44,10,1310000,
44,10,1320000,
44,10,1330000,
44,10,1340000,
44,10,1350000,
44,10,1360000,
44,10,1370000,
44,10,1380000,
44,10,1390000,
44,10,1400000,0.004000000189989805
44,10,1410000,
44,10,1420000,
44,10,1430000,
44,10,1440000,
44,10,1450000,
44,10,1460000,
44,10,1470000,
44,10,1480000,
44,10,1490000,
44,10,1500000,0.00570000009611249
44,10,1510000,
44,10,1520000,
44,10,1530000,
44,10,1540000,
44,10,1550000,
44,10,1560000,
44,10,1570000,
44,10,1580000,
44,10,1590000,
44,10,1600000,0.004800000227987766
44,10,1610000,
44,10,1620000,
44,10,1630000,
44,10,1640000,
44,10,1650000,
44,10,1660000,
44,10,1670000,
44,10,1680000,
44,10,1690000,
44,10,1700000,0.005499999970197678
44,10,1710000,
44,10,1720000,
44,10,1730000,
44,10,1740000,
44,10,1750000,
44,10,1760000,
44,10,1770000,
44,10,1780000,
44,10,1790000,
44,10,1800000,0.005200000014156103
44,10,1810000,
44,10,1820000,
44,10,1830000,
44,10,1840000,
44,10,1850000,
44,10,1860000,
44,10,1870000,
44,10,1880000,
44,10,1890000,
44,10,1900000,0.005100000184029341
44,10,1910000,
44,10,1920000,
44,10,1930000,
44,10,1940000,
44,10,1950000,
44,10,1960000,
44,10,1970000,
44,10,1980000,
44,10,1990000,
44,10,2000000,0.005499999970197678
44,10,2010000,
44,10,2020000,
44,10,2030000,
44,10,2040000,
44,10,2050000,
44,10,2060000,
44,10,2070000,
44,10,2080000,
44,10,2090000,
44,10,2100000,0.006099999882280827
44,10,2110000,
44,10,2120000,
44,10,2130000,
44,10,2140000,
44,10,2150000,
44,10,2160000,
44,10,2170000,
44,10,2180000,
44,10,2190000,
44,10,2200000,0.005200000014156103
44,10,2210000,
44,10,2220000,
44,10,2230000,
44,10,2240000,
44,10,2250000,
44,10,2260000,
44,10,2270000,
44,10,2280000,
44,10,2290000,
44,10,2300000,0.003800000064074993
44,10,2310000,
44,10,2320000,
44,10,2330000,
44,10,2340000,
44,10,2350000,
44,10,2360000,
44,10,2370000,
44,10,2380000,
44,10,2390000,
44,10,2400000,0.004999999888241291
44,10,2410000,
44,10,2420000,
44,10,2430000,
44,10,2440000,
44,10,2450000,
44,10,2460000,
44,10,2470000,
44,10,2480000,
44,10,2490000,
44,10,2500000,0.004699999932199717
44,10,2510000,
44,10,2520000,
44,10,2530000,
44,10,2540000,
44,10,2550000,
44,10,2560000,
44,10,2570000,
44,10,2580000,
44,10,2590000,
44,10,2600000,0.006300000008195639
44,10,2610000,
44,10,2620000,
44,10,2630000,
44,10,2640000,
44,10,2650000,
44,10,2660000,
44,10,2670000,
44,10,2680000,
44,10,2690000,
44,10,2700000,0.005799999926239252
44,10,2710000,
44,10,2720000,
44,10,2730000,
44,10,2740000,
44,10,2750000,
44,10,2760000,
44,10,2770000,
44,10,2780000,
44,10,2790000,
44,10,2800000,0.005499999970197678
44,10,2810000,
44,10,2820000,
44,10,2830000,
44,10,2840000,
44,10,2850000,
44,10,2860000,
44,10,2870000,
44,10,2880000,
44,10,2890000,
44,10,2900000,0.005799999926239252
44,10,2910000,
44,10,2920000,
44,10,2930000,
44,10,2940000,
44,10,2950000,
44,10,2960000,
44,10,2970000,
44,10,2980000,
44,10,2990000,
44,10,3000000,0.005200000014156103
44,10,3010000,
44,10,3020000,
44,10,3030000,
44,10,3040000,
44,10,3050000,
44,10,3060000,
44,10,3070000,
44,10,3080000,
44,10,3090000,
44,10,3100000,0.006399999838322401
44,10,3110000,
44,10,3120000,
44,10,3130000,
44,10,3140000,
44,10,3150000,
44,10,3160000,
44,10,3170000,
44,10,3180000,
44,10,3190000,
44,10,3200000,0.0052999998442828655
44,10,3210000,
44,10,3220000,
44,10,3230000,
44,10,3240000,
44,10,3250000,
44,10,3260000,
44,10,3270000,
44,10,3280000,
44,10,3290000,
44,10,3300000,0.00570000009611249
44,10,3310000,
44,10,3320000,
44,10,3330000,
44,10,3340000,
44,10,3350000,
44,10,3360000,
44,10,3370000,
44,10,3380000,
44,10,3390000,
44,10,3400000,0.005799999926239252
44,10,3410000,
44,10,3420000,
44,10,3430000,
44,10,3440000,
44,10,3450000,
44,10,3460000,
44,10,3470000,
44,10,3480000,
44,10,3490000,
44,10,3500000,0.005100000184029341
44,10,3510000,
44,10,3520000,
44,10,3530000,
44,10,3540000,
44,10,3550000,
44,10,3560000,
44,10,3570000,
44,10,3580000,
44,10,3590000,
44,10,3600000,0.006599999964237213
44,10,3610000,
44,10,3620000,
44,10,3630000,
44,10,3640000,
44,10,3650000,
44,10,3660000,
44,10,3670000,
44,10,3680000,
44,10,3690000,
44,10,3700000,0.004699999932199717
44,10,3710000,
44,10,3720000,
44,10,3730000,
44,10,3740000,
44,10,3750000,
44,10,3760000,
44,10,3770000,
44,10,3780000,
44,10,3790000,
44,10,3800000,0.005499999970197678
44,10,3810000,
44,10,3820000,
44,10,3830000,
44,10,3840000,
44,10,3850000,
44,10,3860000,
44,10,3870000,
44,10,3880000,
44,10,3890000,
44,10,3900000,0.006599999964237213
44,10,3910000,
44,10,3920000,
44,10,3930000,
44,10,3940000,
44,10,3950000,
44,10,3960000,
44,10,3970000,
44,10,3980000,
44,10,3990000,
44,10,4000000,0.007799999788403511
44,10,4010000,
44,10,4020000,
44,10,4030000,
44,10,4040000,
44,10,4050000,
44,10,4060000,
44,10,4070000,
44,10,4080000,
44,10,4090000,
44,10,4100000,0.006200000178068876
44,10,4110000,
44,10,4120000,
44,10,4130000,
44,10,4140000,
44,10,4150000,
44,10,4160000,
44,10,4170000,
44,10,4180000,
44,10,4190000,
44,10,4200000,0.006399999838322401
44,10,4210000,
44,10,4220000,
44,10,4230000,
44,10,4240000,
44,10,4250000,
44,10,4260000,
44,10,4270000,
44,10,4280000,
44,10,4290000,
44,10,4300000,0.005100000184029341
44,10,4310000,
44,10,4320000,
44,10,4330000,
44,10,4340000,
44,10,4350000,
44,10,4360000,
44,10,4370000,
44,10,4380000,
44,10,4390000,
44,10,4400000,0.006500000134110451
44,10,4410000,
44,10,4420000,
44,10,4430000,
44,10,4440000,
44,10,4450000,
44,10,4460000,
44,10,4470000,
44,10,4480000,
44,10,4490000,
44,10,4500000,0.0052999998442828655
44,10,4510000,
44,10,4520000,
44,10,4530000,
44,10,4540000,
44,10,4550000,
44,10,4560000,
44,10,4570000,
44,10,4580000,
44,10,4590000,
44,10,4600000,0.006300000008195639
44,10,4610000,
44,10,4620000,
44,10,4630000,
44,10,4640000,
44,10,4650000,
44,10,4660000,
44,10,4670000,
44,10,4680000,
44,10,4690000,
44,10,4700000,0.006599999964237213
44,10,4710000,
44,10,4720000,
44,10,4730000,
44,10,4740000,
44,10,4750000,
44,10,4760000,
44,10,4770000,
44,10,4780000,
44,10,4790000,
44,10,4800000,0.004999999888241291
44,10,4810000,
44,10,4820000,
44,10,4830000,
44,10,4840000,
44,10,4850000,
44,10,4860000,
44,10,4870000,
44,10,4880000,
44,10,4890000,
44,10,4900000,0.005100000184029341
44,10,4910000,
44,10,4920000,
44,10,4930000,
44,10,4940000,
44,10,4950000,
44,10,4960000,
44,10,4970000,
44,10,4980000,
44,10,4990000,
44,10,5000000,0.005200000014156103
44,20,1,0.0
44,20,10000,
44,20,20000,
44,20,30000,
44,20,40000,
44,20,50000,
44,20,60000,
44,20,70000,
44,20,80000,
44,20,90000,
44,20,100000,0.0
44,20,110000,
44,20,120000,
44,20,130000,
44,20,140000,
44,20,150000,
44,20,160000,
44,20,170000,
44,20,180000,
44,20,190000,
44,20,200000,0.0010000000474974513
44,20,210000,
44,20,220000,
44,20,230000,
44,20,240000,
44,20,250000,
44,20,260000,
44,20,270000,
44,20,280000,
44,20,290000,
44,20,300000,0.003800000064074993
44,20,310000,
44,20,320000,
44,20,330000,
44,20,340000,
44,20,350000,
44,20,360000,
44,20,370000,
44,20,380000,
44,20,390000,
44,20,400000,0.007400000002235174
44,20,410000,
44,20,420000,
44,20,430000,
44,20,440000,
44,20,450000,
44,20,460000,
44,20,470000,
44,20,480000,
44,20,490000,
44,20,500000,0.014800000004470348
44,20,510000,
44,20,520000,
44,20,530000,
44,20,540000,
44,20,550000,
44,20,560000,
44,20,570000,
44,20,580000,
44,20,590000,
44,20,600000,0.019500000402331352
44,20,610000,
44,20,620000,
44,20,630000,
44,20,640000,
44,20,650000,
44,20,660000,
44,20,670000,
44,20,680000,
44,20,690000,
44,20,700000,0.024299999698996544
44,20,710000,
44,20,720000,
44,20,730000,
44,20,740000,
44,20,750000,
44,20,760000,
44,20,770000,
44,20,780000,
44,20,790000,
44,20,800000,0.032099999487400055
44,20,810000,
44,20,820000,
44,20,830000,
44,20,840000,
44,20,850000,
44,20,860000,
44,20,870000,
44,20,880000,
44,20,890000,
44,20,900000,0.03579999879002571
44,20,910000,
44,20,920000,
44,20,930000,
44,20,940000,
44,20,950000,
44,20,960000,
44,20,970000,
44,20,980000,
44,20,990000,
44,20,1000000,0.037300001829862595
44,20,1010000,
44,20,1020000,
44,20,1030000,
44,20,1040000,
44,20,1050000,
44,20,1060000,
44,20,1070000,
44,20,1080000,
44,20,1090000,
44,20,1100000,0.041600000113248825
44,20,1110000,
44,20,1120000,
44,20,1130000,
44,20,1140000,
44,20,1150000,
44,20,1160000,
44,20,1170000,
44,20,1180000,
44,20,1190000,
44,20,1200000,0.04899999871850014
44,20,1210000,
44,20,1220000,
44,20,1230000,
44,20,1240000,
44,20,1250000,
44,20,1260000,
44,20,1270000,
44,20,1280000,
44,20,1290000,
44,20,1300000,0.04960000142455101
44,20,1310000,
44,20,1320000,
44,20,1330000,
44,20,1340000,
44,20,1350000,
44,20,1360000,
44,20,1370000,
44,20,1380000,
44,20,1390000,
44,20,1400000,0.05079999938607216
44,20,1410000,
44,20,1420000,
44,20,1430000,
44,20,1440000,
44,20,1450000,
44,20,1460000,
44,20,1470000,
44,20,1480000,
44,20,1490000,
44,20,1500000,0.053700000047683716
44,20,1510000,
44,20,1520000,
44,20,1530000,
44,20,1540000,
44,20,1550000,
44,20,1560000,
44,20,1570000,
44,20,1580000,
44,20,1590000,
44,20,1600000,0.05779999867081642
44,20,1610000,
44,20,1620000,
44,20,1630000,
44,20,1640000,
44,20,1650000,
44,20,1660000,
44,20,1670000,
44,20,1680000,
44,20,1690000,
44,20,1700000,0.05290000140666962
44,20,1710000,
44,20,1720000,
44,20,1730000,
44,20,1740000,
44,20,1750000,
44,20,1760000,
44,20,1770000,
44,20,1780000,
44,20,1790000,
44,20,1800000,0.05660000070929527
44,20,1810000,
44,20,1820000,
44,20,1830000,
44,20,1840000,
44,20,1850000,
44,20,1860000,
44,20,1870000,
44,20,1880000,
44,20,1890000,
44,20,1900000,0.06279999762773514
44,20,1910000,
44,20,1920000,
44,20,1930000,
44,20,1940000,
44,20,1950000,
44,20,1960000,
44,20,1970000,
44,20,1980000,
44,20,1990000,
44,20,2000000,0.06620000302791595
44,20,2010000,
44,20,2020000,
44,20,2030000,
44,20,2040000,
44,20,2050000,
44,20,2060000,
44,20,2070000,
44,20,2080000,
44,20,2090000,
44,20,2100000,0.06340000033378601
44,20,2110000,
44,20,2120000,
44,20,2130000,
44,20,2140000,
44,20,2150000,
44,20,2160000,
44,20,2170000,
44,20,2180000,
44,20,2190000,
44,20,2200000,0.06350000202655792
44,20,2210000,
44,20,2220000,
44,20,2230000,
44,20,2240000,
44,20,2250000,
44,20,2260000,
44,20,2270000,
44,20,2280000,
44,20,2290000,
44,20,2300000,0.06679999828338623
44,20,2310000,
44,20,2320000,
44,20,2330000,
44,20,2340000,
44,20,2350000,
44,20,2360000,
44,20,2370000,
44,20,2380000,
44,20,2390000,
44,20,2400000,0.07190000265836716
44,20,2410000,
44,20,2420000,
44,20,2430000,
44,20,2440000,
44,20,2450000,
44,20,2460000,
44,20,2470000,
44,20,2480000,
44,20,2490000,
44,20,2500000,0.0706000030040741
44,20,2510000,
44,20,2520000,
44,20,2530000,
44,20,2540000,
44,20,2550000,
44,20,2560000,
44,20,2570000,
44,20,2580000,
44,20,2590000,
44,20,2600000,0.07010000199079514
44,20,2610000,
44,20,2620000,
44,20,2630000,
44,20,2640000,
44,20,2650000,
44,20,2660000,
44,20,2670000,
44,20,2680000,
44,20,2690000,
44,20,2700000,0.07829999923706055
44,20,2710000,
44,20,2720000,
44,20,2730000,
44,20,2740000,
44,20,2750000,
44,20,2760000,
44,20,2770000,
44,20,2780000,
44,20,2790000,
44,20,2800000,0.07989999651908875
44,20,2810000,
44,20,2820000,
44,20,2830000,
44,20,2840000,
44,20,2850000,
44,20,2860000,
44,20,2870000,
44,20,2880000,
44,20,2890000,
44,20,2900000,0.07729999721050262
44,20,2910000,
44,20,2920000,
44,20,2930000,
44,20,2940000,
44,20,2950000,
44,20,2960000,
44,20,2970000,
44,20,2980000,
44,20,2990000,
44,20,3000000,0.07599999755620956
44,20,3010000,
44,20,3020000,
44,20,3030000,
44,20,3040000,
44,20,3050000,
44,20,3060000,
44,20,3070000,
44,20,3080000,
44,20,3090000,
44,20,3100000,0.07609999924898148
44,20,3110000,
44,20,3120000,
44,20,3130000,
44,20,3140000,
44,20,3150000,
44,20,3160000,
44,20,3170000,
44,20,3180000,
44,20,3190000,
44,20,3200000,0.08240000158548355
44,20,3210000,
44,20,3220000,
44,20,3230000,
44,20,3240000,
44,20,3250000,
44,20,3260000,
44,20,3270000,
44,20,3280000,
44,20,3290000,
44,20,3300000,0.07680000364780426
44,20,3310000,
44,20,3320000,
44,20,3330000,
44,20,3340000,
44,20,3350000,
44,20,3360000,
44,20,3370000,
44,20,3380000,
44,20,3390000,
44,20,3400000,0.08540000021457672
44,20,3410000,
44,20,3420000,
44,20,3430000,
44,20,3440000,
44,20,3450000,
44,20,3460000,
44,20,3470000,
44,20,3480000,
44,20,3490000,
44,20,3500000,0.08169999718666077
44,20,3510000,
44,20,3520000,
44,20,3530000,
44,20,3540000,
44,20,3550000,
44,20,3560000,
44,20,3570000,
44,20,3580000,
44,20,3590000,
44,20,3600000,0.08160000294446945
44,20,3610000,
44,20,3620000,
44,20,3630000,
44,20,3640000,
44,20,3650000,
44,20,3660000,
44,20,3670000,
44,20,3680000,
44,20,3690000,
44,20,3700000,0.08659999817609787
44,20,3710000,
44,20,3720000,
44,20,3730000,
44,20,3740000,
44,20,3750000,
44,20,3760000,
44,20,3770000,
44,20,3780000,
44,20,3790000,
44,20,3800000,0.08879999816417694
44,20,3810000,
44,20,3820000,
44,20,3830000,
44,20,3840000,
44,20,3850000,
44,20,3860000,
44,20,3870000,
44,20,3880000,
44,20,3890000,
44,20,3900000,0.08860000222921371
44,20,3910000,
44,20,3920000,
44,20,3930000,
44,20,3940000,
44,20,3950000,
44,20,3960000,
44,20,3970000,
44,20,3980000,
44,20,3990000,
44,20,4000000,0.08380000293254852
44,20,4010000,
44,20,4020000,
44,20,4030000,
44,20,4040000,
44,20,4050000,
44,20,4060000,
44,20,4070000,
44,20,4080000,
44,20,4090000,
44,20,4100000,0.08429999649524689
44,20,4110000,
44,20,4120000,
44,20,4130000,
44,20,4140000,
44,20,4150000,
44,20,4160000,
44,20,4170000,
44,20,4180000,
44,20,4190000,
44,20,4200000,0.08799999952316284
44,20,4210000,
44,20,4220000,
44,20,4230000,
44,20,4240000,
44,20,4250000,
44,20,4260000,
44,20,4270000,
44,20,4280000,
44,20,4290000,
44,20,4300000,0.09130000323057175
44,20,4310000,
44,20,4320000,
44,20,4330000,
44,20,4340000,
44,20,4350000,
44,20,4360000,
44,20,4370000,
44,20,4380000,
44,20,4390000,
44,20,4400000,0.08789999783039093
44,20,4410000,
44,20,4420000,
44,20,4430000,
44,20,4440000,
44,20,4450000,
44,20,4460000,
44,20,4470000,
44,20,4480000,
44,20,4490000,
44,20,4500000,0.09449999779462814
44,20,4510000,
44,20,4520000,
44,20,4530000,
44,20,4540000,
44,20,4550000,
44,20,4560000,
44,20,4570000,
44,20,4580000,
44,20,4590000,
44,20,4600000,0.08250000327825546
44,20,4610000,
44,20,4620000,
44,20,4630000,
44,20,4640000,
44,20,4650000,
44,20,4660000,
44,20,4670000,
44,20,4680000,
44,20,4690000,
44,20,4700000,0.08699999749660492
44,20,4710000,
44,20,4720000,
44,20,4730000,
44,20,4740000,
44,20,4750000,
44,20,4760000,
44,20,4770000,
44,20,4780000,
44,20,4790000,
44,20,4800000,0.09290000051259995
44,20,4810000,
44,20,4820000,
44,20,4830000,
44,20,4840000,
44,20,4850000,
44,20,4860000,
44,20,4870000,
44,20,4880000,
44,20,4890000,
44,20,4900000,0.09470000118017197
44,20,4910000,
44,20,4920000,
44,20,4930000,
44,20,4940000,
44,20,4950000,
44,20,4960000,
44,20,4970000,
44,20,4980000,
44,20,4990000,
44,20,5000000,0.09600000083446503
44,30,1,0.0
44,30,10000,
44,30,20000,
44,30,30000,
44,30,40000,
44,30,50000,
44,30,60000,
44,30,70000,
44,30,80000,
44,30,90000,
44,30,100000,0.00019999999494757503
44,30,110000,
44,30,120000,
44,30,130000,
44,30,140000,
44,30,150000,
44,30,160000,
44,30,170000,
44,30,180000,
44,30,190000,
44,30,200000,0.006399999838322401
44,30,210000,
44,30,220000,
44,30,230000,
44,30,240000,
44,30,250000,
44,30,260000,
44,30,270000,
44,30,280000,
44,30,290000,
44,30,300000,0.02329999953508377
44,30,310000,
44,30,320000,
44,30,330000,
44,30,340000,
44,30,350000,
44,30,360000,
44,30,370000,
44,30,380000,
44,30,390000,
44,30,400000,0.041200000792741776
44,30,410000,
44,30,420000,
44,30,430000,
44,30,440000,
44,30,450000,
44,30,460000,
44,30,470000,
44,30,480000,
44,30,490000,
44,30,500000,0.06289999932050705
44,30,510000,
44,30,520000,
44,30,530000,
44,30,540000,
44,30,550000,
44,30,560000,
44,30,570000,
44,30,580000,
44,30,590000,
44,30,600000,0.08250000327825546
44,30,610000,
44,30,620000,
44,30,630000,
44,30,640000,
44,30,650000,
44,30,660000,
44,30,670000,
44,30,680000,
44,30,690000,
44,30,700000,0.09200000017881393
44,30,710000,
44,30,720000,
44,30,730000,
44,30,740000,
44,30,750000,
44,30,760000,
44,30,770000,
44,30,780000,
44,30,790000,
44,30,800000,0.10930000245571136
44,30,810000,
44,30,820000,
44,30,830000,
44,30,840000,
44,30,850000,
44,30,860000,
44,30,870000,
44,30,880000,
44,30,890000,
44,30,900000,0.13500000536441803
44,30,910000,
44,30,920000,
44,30,930000,
44,30,940000,
44,30,950000,
44,30,960000,
44,30,970000,
44,30,980000,
44,30,990000,
44,30,1000000,0.14380000531673431
44,30,1010000,
44,30,1020000,
44,30,1030000,
44,30,1040000,
44,30,1050000,
44,30,1060000,
44,30,1070000,
44,30,1080000,
44,30,1090000,
44,30,1100000,0.14890000224113464
44,30,1110000,
44,30,1120000,
44,30,1130000,
44,30,1140000,
44,30,1150000,
44,30,1160000,
44,30,1170000,
44,30,1180000,
44,30,1190000,
44,30,1200000,0.16740000247955322
44,30,1210000,
44,30,1220000,
44,30,1230000,
44,30,1240000,
44,30,1250000,
44,30,1260000,
44,30,1270000,
44,30,1280000,
44,30,1290000,
44,30,1300000,0.17560000717639923
44,30,1310000,
44,30,1320000,
44,30,1330000,
44,30,1340000,
44,30,1350000,
44,30,1360000,
44,30,1370000,
44,30,1380000,
44,30,1390000,
44,30,1400000,0.1843000054359436
44,30,1410000,
44,30,1420000,
44,30,1430000,
44,30,1440000,
44,30,1450000,
44,30,1460000,
44,30,1470000,
44,30,1480000,
44,30,1490000,
44,30,1500000,0.20900000631809235
44,30,1510000,
44,30,1520000,
44,30,1530000,
44,30,1540000,
44,30,1550000,
44,30,1560000,
44,30,1570000,
44,30,1580000,
44,30,1590000,
44,30,1600000,0.20909999310970306
44,30,1610000,
44,30,1620000,
44,30,1630000,
44,30,1640000,
44,30,1650000,
44,30,1660000,
44,30,1670000,
44,30,1680000,
44,30,1690000,
44,30,1700000,0.218299999833107
44,30,1710000,
44,30,1720000,
44,30,1730000,
44,30,1740000,
44,30,1750000,
44,30,1760000,
44,30,1770000,
44,30,1780000,
44,30,1790000,
44,30,1800000,0.23350000381469727
44,30,1810000,
44,30,1820000,
44,30,1830000,
44,30,1840000,
44,30,1850000,
44,30,1860000,
44,30,1870000,
44,30,1880000,
44,30,1890000,
44,30,1900000,0.2231999933719635
44,30,1910000,
44,30,1920000,
44,30,1930000,
44,30,1940000,
44,30,1950000,
44,30,1960000,
44,30,1970000,
44,30,1980000,
44,30,1990000,
44,30,2000000,0.2321999967098236
44,30,2010000,
44,30,2020000,
44,30,2030000,
44,30,2040000,
44,30,2050000,
44,30,2060000,
44,30,2070000,
44,30,2080000,
44,30,2090000,
44,30,2100000,0.2619999945163727
44,30,2110000,
44,30,2120000,
44,30,2130000,
44,30,2140000,
44,30,2150000,
44,30,2160000,
44,30,2170000,
44,30,2180000,
44,30,2190000,
44,30,2200000,0.26989999413490295
44,30,2210000,
44,30,2220000,
44,30,2230000,
44,30,2240000,
44,30,2250000,
44,30,2260000,
44,30,2270000,
44,30,2280000,
44,30,2290000,
44,30,2300000,0.26100000739097595
44,30,2310000,
44,30,2320000,
44,30,2330000,
44,30,2340000,
44,30,2350000,
44,30,2360000,
44,30,2370000,
44,30,2380000,
44,30,2390000,
44,30,2400000,0.2694000005722046
44,30,2410000,
44,30,2420000,
44,30,2430000,
44,30,2440000,
44,30,2450000,
44,30,2460000,
44,30,2470000,
44,30,2480000,
44,30,2490000,
44,30,2500000,0.2896000146865845
44,30,2510000,
44,30,2520000,
44,30,2530000,
44,30,2540000,
44,30,2550000,
44,30,2560000,
44,30,2570000,
44,30,2580000,
44,30,2590000,
44,30,2600000,0.2793999910354614
44,30,2610000,
44,30,2620000,
44,30,2630000,
44,30,2640000,
44,30,2650000,
44,30,2660000,
44,30,2670000,
44,30,2680000,
44,30,2690000,
44,30,2700000,0.3034000098705292
44,30,2710000,
44,30,2720000,
44,30,2730000,
44,30,2740000,
44,30,2750000,
44,30,2760000,
44,30,2770000,
44,30,2780000,
44,30,2790000,
44,30,2800000,0.27900001406669617
44,30,2810000,
44,30,2820000,
44,30,2830000,
44,30,2840000,
44,30,2850000,
44,30,2860000,
44,30,2870000,
44,30,2880000,
44,30,2890000,
44,30,2900000,0.29170000553131104
44,30,2910000,
44,30,2920000,
44,30,2930000,
44,30,2940000,
44,30,2950000,
44,30,2960000,
44,30,2970000,
44,30,2980000,
44,30,2990000,
44,30,3000000,0.28999999165534973
44,30,3010000,
44,30,3020000,
44,30,3030000,
44,30,3040000,
44,30,3050000,
44,30,3060000,
44,30,3070000,
44,30,3080000,
44,30,3090000,
44,30,3100000,0.30160000920295715
44,30,3110000,
44,30,3120000,
44,30,3130000,
44,30,3140000,
44,30,3150000,
44,30,3160000,
44,30,3170000,
44,30,3180000,
44,30,3190000,
44,30,3200000,0.30169999599456787
44,30,3210000,
44,30,3220000,
44,30,3230000,
44,30,3240000,
44,30,3250000,
44,30,3260000,
44,30,3270000,
44,30,3280000,
44,30,3290000,
44,30,3300000,0.30489999055862427
44,30,3310000,
44,30,3320000,
44,30,3330000,
44,30,3340000,
44,30,3350000,
44,30,3360000,
44,30,3370000,
44,30,3380000,
44,30,3390000,
44,30,3400000,0.3133000135421753
44,30,3410000,
44,30,3420000,
44,30,3430000,
44,30,3440000,
44,30,3450000,
44,30,3460000,
44,30,3470000,
44,30,3480000,
44,30,3490000,
44,30,3500000,0.29319998621940613
44,30,3510000,
44,30,3520000,
44,30,3530000,
44,30,3540000,
44,30,3550000,
44,30,3560000,
44,30,3570000,
44,30,3580000,
44,30,3590000,
44,30,3600000,0.31529998779296875
44,30,3610000,
44,30,3620000,
44,30,3630000,
44,30,3640000,
44,30,3650000,
44,30,3660000,
44,30,3670000,
44,30,3680000,
44,30,3690000,
44,30,3700000,0.32089999318122864
44,30,3710000,
44,30,3720000,
44,30,3730000,
44,30,3740000,
44,30,3750000,
44,30,3760000,
44,30,3770000,
44,30,3780000,
44,30,3790000,
44,30,3800000,0.3221000134944916
44,30,3810000,
44,30,3820000,
44,30,3830000,
44,30,3840000,
44,30,3850000,
44,30,3860000,
44,30,3870000,
44,30,3880000,
44,30,3890000,
44,30,3900000,0.3310000002384186
44,30,3910000,
44,30,3920000,
44,30,3930000,
44,30,3940000,
44,30,3950000,
44,30,3960000,
44,30,3970000,
44,30,3980000,
44,30,3990000,
44,30,4000000,0.33239999413490295
44,30,4010000,
44,30,4020000,
44,30,4030000,
44,30,4040000,
44,30,4050000,
44,30,4060000,
44,30,4070000,
44,30,4080000,
44,30,4090000,
44,30,4100000,0.32989999651908875
44,30,4110000,
44,30,4120000,
44,30,4130000,
44,30,4140000,
44,30,4150000,
44,30,4160000,
44,30,4170000,
44,30,4180000,
44,30,4190000,
44,30,4200000,0.32910001277923584
44,30,4210000,
44,30,4220000,
44,30,4230000,
44,30,4240000,
44,30,4250000,
44,30,4260000,
44,30,4270000,
44,30,4280000,
44,30,4290000,
44,30,4300000,0.33730000257492065
44,30,4310000,
44,30,4320000,
44,30,4330000,
44,30,4340000,
44,30,4350000,
44,30,4360000,
44,30,4370000,
44,30,4380000,
44,30,4390000,
44,30,4400000,0.3346000015735626
44,30,4410000,
44,30,4420000,
44,30,4430000,
44,30,4440000,
44,30,4450000,
44,30,4460000,
44,30,4470000,
44,30,4480000,
44,30,4490000,
44,30,4500000,0.3407999873161316
44,30,4510000,
44,30,4520000,
44,30,4530000,
44,30,4540000,
44,30,4550000,
44,30,4560000,
44,30,4570000,
44,30,4580000,
44,30,4590000,
44,30,4600000,0.34850001335144043
44,30,4610000,
44,30,4620000,
44,30,4630000,
44,30,4640000,
44,30,4650000,
44,30,4660000,
44,30,4670000,
44,30,4680000,
44,30,4690000,
44,30,4700000,0.3508000075817108
44,30,4710000,
44,30,4720000,
44,30,4730000,
44,30,4740000,
44,30,4750000,
44,30,4760000,
44,30,4770000,
44,30,4780000,
44,30,4790000,
44,30,4800000,0.35280001163482666
44,30,4810000,
44,30,4820000,
44,30,4830000,
44,30,4840000,
44,30,4850000,
44,30,4860000,
44,30,4870000,
44,30,4880000,
44,30,4890000,
44,30,4900000,0.3409999907016754
44,30,4910000,
44,30,4920000,
44,30,4930000,
44,30,4940000,
44,30,4950000,
44,30,4960000,
44,30,4970000,
44,30,4980000,
44,30,4990000,
44,30,5000000,0.3467000126838684
44,40,1,0.0
44,40,10000,
44,40,20000,
44,40,30000,
44,40,40000,
44,40,50000,
44,40,60000,
44,40,70000,
44,40,80000,
44,40,90000,
44,40,100000,0.000699999975040555
44,40,110000,
44,40,120000,
44,40,130000,
44,40,140000,
44,40,150000,
44,40,160000,
44,40,170000,
44,40,180000,
44,40,190000,
44,40,200000,0.016300000250339508
44,40,210000,
44,40,220000,
44,40,230000,
44,40,240000,
44,40,250000,
44,40,260000,
44,40,270000,
44,40,280000,
44,40,290000,
44,40,300000,0.04989999905228615
44,40,310000,
44,40,320000,
44,40,330000,
44,40,340000,
44,40,350000,
44,40,360000,
44,40,370000,
44,40,380000,
44,40,390000,
44,40,400000,0.09210000187158585
44,40,410000,
44,40,420000,
44,40,430000,
44,40,440000,
44,40,450000,
44,40,460000,
44,40,470000,
44,40,480000,
44,40,490000,
44,40,500000,0.11230000108480453
44,40,510000,
44,40,520000,
44,40,530000,
44,40,540000,
44,40,550000,
44,40,560000,
44,40,570000,
44,40,580000,
44,40,590000,
44,40,600000,0.14869999885559082
44,40,610000,
44,40,620000,
44,40,630000,
44,40,640000,
44,40,650000,
44,40,660000,
44,40,670000,
44,40,680000,
44,40,690000,
44,40,700000,0.1906999945640564
44,40,710000,
44,40,720000,
44,40,730000,
44,40,740000,
44,40,750000,
44,40,760000,
44,40,770000,
44,40,780000,
44,40,790000,
44,40,800000,0.20569999516010284
44,40,810000,
44,40,820000,
44,40,830000,
44,40,840000,
44,40,850000,
44,40,860000,
44,40,870000,
44,40,880000,
44,40,890000,
44,40,900000,0.2442999929189682
44,40,910000,
44,40,920000,
44,40,930000,
44,40,940000,
44,40,950000,
44,40,960000,
44,40,970000,
44,40,980000,
44,40,990000,
44,40,1000000,0.2515999972820282
44,40,1010000,
44,40,1020000,
44,40,1030000,
44,40,1040000,
44,40,1050000,
44,40,1060000,
44,40,1070000,
44,40,1080000,
44,40,1090000,
44,40,1100000,0.2700999975204468
44,40,1110000,
44,40,1120000,
44,40,1130000,
44,40,1140000,
44,40,1150000,
44,40,1160000,
44,40,1170000,
44,40,1180000,
44,40,1190000,
44,40,1200000,0.3086000084877014
44,40,1210000,
44,40,1220000,
44,40,1230000,
44,40,1240000,
44,40,1250000,
44,40,1260000,
44,40,1270000,
44,40,1280000,
44,40,1290000,
44,40,1300000,0.3330000042915344
44,40,1310000,
44,40,1320000,
44,40,1330000,
44,40,1340000,
44,40,1350000,
44,40,1360000,
44,40,1370000,
44,40,1380000,
44,40,1390000,
44,40,1400000,0.3366999924182892
44,40,1410000,
44,40,1420000,
44,40,1430000,
44,40,1440000,
44,40,1450000,
44,40,1460000,
44,40,1470000,
44,40,1480000,
44,40,1490000,
44,40,1500000,0.373199999332428
44,40,1510000,
44,40,1520000,
44,40,1530000,
44,40,1540000,
44,40,1550000,
44,40,1560000,
44,40,1570000,
44,40,1580000,
44,40,1590000,
44,40,1600000,0.39149999618530273
44,40,1610000,
44,40,1620000,
44,40,1630000,
44,40,1640000,
44,40,1650000,
44,40,1660000,
44,40,1670000,
44,40,1680000,
44,40,1690000,
44,40,1700000,0.4056999981403351
44,40,1710000,
44,40,1720000,
44,40,1730000,
44,40,1740000,
44,40,1750000,
44,40,1760000,
44,40,1770000,
44,40,1780000,
44,40,1790000,
44,40,1800000,0.41429999470710754
44,40,1810000,
44,40,1820000,
44,40,1830000,
44,40,1840000,
44,40,1850000,
44,40,1860000,
44,40,1870000,
44,40,1880000,
44,40,1890000,
44,40,1900000,0.4336000084877014
44,40,1910000,
44,40,1920000,
44,40,1930000,
44,40,1940000,
44,40,1950000,
44,40,1960000,
44,40,1970000,
44,40,1980000,
44,40,1990000,
44,40,2000000,0.4507000148296356
44,40,2010000,
44,40,2020000,
44,40,2030000,
44,40,2040000,
44,40,2050000,
44,40,2060000,
44,40,2070000,
44,40,2080000,
44,40,2090000,
44,40,2100000,0.4731999933719635
44,40,2110000,
44,40,2120000,
44,40,2130000,
44,40,2140000,
44,40,2150000,
44,40,2160000,
44,40,2170000,
44,40,2180000,
44,40,2190000,
44,40,2200000,0.46389999985694885
44,40,2210000,
44,40,2220000,
44,40,2230000,
44,40,2240000,
44,40,2250000,
44,40,2260000,
44,40,2270000,
44,40,2280000,
44,40,2290000,
44,40,2300000,0.4878000020980835
44,40,2310000,
44,40,2320000,
44,40,2330000,
44,40,2340000,
44,40,2350000,
44,40,2360000,
44,40,2370000,
44,40,2380000,
44,40,2390000,
44,40,2400000,0.49380001425743103
44,40,2410000,
44,40,2420000,
44,40,2430000,
44,40,2440000,
44,40,2450000,
44,40,2460000,
44,40,2470000,
44,40,2480000,
44,40,2490000,
44,40,2500000,0.5115000009536743
44,40,2510000,
44,40,2520000,
44,40,2530000,
44,40,2540000,
44,40,2550000,
44,40,2560000,
44,40,2570000,
44,40,2580000,
44,40,2590000,
44,40,2600000,0.5098999738693237
44,40,2610000,
44,40,2620000,
44,40,2630000,
44,40,2640000,
44,40,2650000,
44,40,2660000,
44,40,2670000,
44,40,2680000,
44,40,2690000,
44,40,2700000,0.5156999826431274
44,40,2710000,
44,40,2720000,
44,40,2730000,
44,40,2740000,
44,40,2750000,
44,40,2760000,
44,40,2770000,
44,40,2780000,
44,40,2790000,
44,40,2800000,0.5194000005722046
44,40,2810000,
44,40,2820000,
44,40,2830000,
44,40,2840000,
44,40,2850000,
44,40,2860000,
44,40,2870000,
44,40,2880000,
44,40,2890000,
44,40,2900000,0.5365999937057495
44,40,2910000,
44,40,2920000,
44,40,2930000,
44,40,2940000,
44,40,2950000,
44,40,2960000,
44,40,2970000,
44,40,2980000,
44,40,2990000,
44,40,3000000,0.5443000197410583
44,40,3010000,
44,40,3020000,
44,40,3030000,
44,40,3040000,
44,40,3050000,
44,40,3060000,
44,40,3070000,
44,40,3080000,
44,40,3090000,
44,40,3100000,0.5424000024795532
44,40,3110000,
44,40,3120000,
44,40,3130000,
44,40,3140000,
44,40,3150000,
44,40,3160000,
44,40,3170000,
44,40,3180000,
44,40,3190000,
44,40,3200000,0.5464000105857849
44,40,3210000,
44,40,3220000,
44,40,3230000,
44,40,3240000,
44,40,3250000,
44,40,3260000,
44,40,3270000,
44,40,3280000,
44,40,3290000,
44,40,3300000,0.5728999972343445
44,40,3310000,
44,40,3320000,
44,40,3330000,
44,40,3340000,
44,40,3350000,
44,40,3360000,
44,40,3370000,
44,40,3380000,
44,40,3390000,
44,40,3400000,0.5648000240325928
44,40,3410000,
44,40,3420000,
44,40,3430000,
44,40,3440000,
44,40,3450000,
44,40,3460000,
44,40,3470000,
44,40,3480000,
44,40,3490000,
44,40,3500000,0.5613999962806702
44,40,3510000,
44,40,3520000,
44,40,3530000,
44,40,3540000,
44,40,3550000,
44,40,3560000,
44,40,3570000,
44,40,3580000,
44,40,3590000,
44,40,3600000,0.5802000164985657
44,40,3610000,
44,40,3620000,
44,40,3630000,
44,40,3640000,
44,40,3650000,
44,40,3660000,
44,40,3670000,
44,40,3680000,
44,40,3690000,
44,40,3700000,0.5769000053405762
44,40,3710000,
44,40,3720000,
44,40,3730000,
44,40,3740000,
44,40,3750000,
44,40,3760000,
44,40,3770000,
44,40,3780000,
44,40,3790000,
44,40,3800000,0.5885999798774719
44,40,3810000,
44,40,3820000,
44,40,3830000,
44,40,3840000,
44,40,3850000,
44,40,3860000,
44,40,3870000,
44,40,3880000,
44,40,3890000,
44,40,3900000,0.5971999764442444
44,40,3910000,
44,40,3920000,
44,40,3930000,
44,40,3940000,
44,40,3950000,
44,40,3960000,
44,40,3970000,
44,40,3980000,
44,40,3990000,
44,40,4000000,0.5964999794960022
44,40,4010000,
44,40,4020000,
44,40,4030000,
44,40,4040000,
44,40,4050000,
44,40,4060000,
44,40,4070000,
44,40,4080000,
44,40,4090000,
44,40,4100000,0.5795000195503235
44,40,4110000,
44,40,4120000,
44,40,4130000,
44,40,4140000,
44,40,4150000,
44,40,4160000,
44,40,4170000,
44,40,4180000,
44,40,4190000,
44,40,4200000,0.5846999883651733
44,40,4210000,
44,40,4220000,
44,40,4230000,
44,40,4240000,
44,40,4250000,
44,40,4260000,
44,40,4270000,
44,40,4280000,
44,40,4290000,
44,40,4300000,0.593999981880188
44,40,4310000,
44,40,4320000,
44,40,4330000,
44,40,4340000,
44,40,4350000,
44,40,4360000,
44,40,4370000,
44,40,4380000,
44,40,4390000,
44,40,4400000,0.6033999919891357
44,40,4410000,
44,40,4420000,
44,40,4430000,
44,40,4440000,
44,40,4450000,
44,40,4460000,
44,40,4470000,
44,40,4480000,
44,40,4490000,
44,40,4500000,0.6007000207901001
44,40,4510000,
44,40,4520000,
44,40,4530000,
44,40,4540000,
44,40,4550000,
44,40,4560000,
44,40,4570000,
44,40,4580000,
44,40,4590000,
44,40,4600000,0.6111000180244446
44,40,4610000,
44,40,4620000,
44,40,4630000,
44,40,4640000,
44,40,4650000,
44,40,4660000,
44,40,4670000,
44,40,4680000,
44,40,4690000,
44,40,4700000,0.618399977684021
44,40,4710000,
44,40,4720000,
44,40,4730000,
44,40,4740000,
44,40,4750000,
44,40,4760000,
44,40,4770000,
44,40,4780000,
44,40,4790000,
44,40,4800000,0.6103000044822693
44,40,4810000,
44,40,4820000,
44,40,4830000,
44,40,4840000,
44,40,4850000,
44,40,4860000,
44,40,4870000,
44,40,4880000,
44,40,4890000,
44,40,4900000,0.6025000214576721
44,40,4910000,
44,40,4920000,
44,40,4930000,
44,40,4940000,
44,40,4950000,
44,40,4960000,
44,40,4970000,
44,40,4980000,
44,40,4990000,
44,40,5000000,0.5995000004768372
44,50,1,0.0
44,50,10000,
44,50,20000,
44,50,30000,
44,50,40000,
44,50,50000,
44,50,60000,
44,50,70000,
44,50,80000,
44,50,90000,
44,50,100000,0.00139999995008111
44,50,110000,
44,50,120000,
44,50,130000,
44,50,140000,
44,50,150000,
44,50,160000,
44,50,170000,
44,50,180000,
44,50,190000,
44,50,200000,0.025499999523162842
44,50,210000,
44,50,220000,
44,50,230000,
44,50,240000,
44,50,250000,
44,50,260000,
44,50,270000,
44,50,280000,
44,50,290000,
44,50,300000,0.0568000003695488
44,50,310000,
44,50,320000,
44,50,330000,
44,50,340000,
44,50,350000,
44,50,360000,
44,50,370000,
44,50,380000,
44,50,390000,
44,50,400000,0.11259999871253967
44,50,410000,
44,50,420000,
44,50,430000,
44,50,440000,
44,50,450000,
44,50,460000,
44,50,470000,
44,50,480000,
44,50,490000,
44,50,500000,0.1648000031709671
44,50,510000,
44,50,520000,
44,50,530000,
44,50,540000,
44,50,550000,
44,50,560000,
44,50,570000,
44,50,580000,
44,50,590000,
44,50,600000,0.19259999692440033
44,50,610000,
44,50,620000,
44,50,630000,
44,50,640000,
44,50,650000,
44,50,660000,
44,50,670000,
44,50,680000,
44,50,690000,
44,50,700000,0.23649999499320984
44,50,710000,
44,50,720000,
44,50,730000,
44,50,740000,
44,50,750000,
44,50,760000,
44,50,770000,
44,50,780000,
44,50,790000,
44,50,800000,0.27799999713897705
44,50,810000,
44,50,820000,
44,50,830000,
44,50,840000,
44,50,850000,
44,50,860000,
44,50,870000,
44,50,880000,
44,50,890000,
44,50,900000,0.30730000138282776
44,50,910000,
44,50,920000,
44,50,930000,
44,50,940000,
44,50,950000,
44,50,960000,
44,50,970000,
44,50,980000,
44,50,990000,
44,50,1000000,0.3495999872684479
44,50,1010000,
44,50,1020000,
44,50,1030000,
44,50,1040000,
44,50,1050000,
44,50,1060000,
44,50,1070000,
44,50,1080000,
44,50,1090000,
44,50,1100000,0.37940001487731934
44,50,1110000,
44,50,1120000,
44,50,1130000,
44,50,1140000,
44,50,1150000,
44,50,1160000,
44,50,1170000,
44,50,1180000,
44,50,1190000,
44,50,1200000,0.4142000079154968
44,50,1210000,
44,50,1220000,
44,50,1230000,
44,50,1240000,
44,50,1250000,
44,50,1260000,
44,50,1270000,
44,50,1280000,
44,50,1290000,
44,50,1300000,0.4465999901294708
44,50,1310000,
44,50,1320000,
44,50,1330000,
44,50,1340000,
44,50,1350000,
44,50,1360000,
44,50,1370000,
44,50,1380000,
44,50,1390000,
44,50,1400000,0.46309998631477356
44,50,1410000,
44,50,1420000,
44,50,1430000,
44,50,1440000,
44,50,1450000,
44,50,1460000,
44,50,1470000,
44,50,1480000,
44,50,1490000,
44,50,1500000,0.5149000287055969
44,50,1510000,
44,50,1520000,
44,50,1530000,
44,50,1540000,
44,50,1550000,
44,50,1560000,
44,50,1570000,
44,50,1580000,
44,50,1590000,
44,50,1600000,0.5149000287055969
44,50,1610000,
44,50,1620000,
44,50,1630000,
44,50,1640000,
44,50,1650000,
44,50,1660000,
44,50,1670000,
44,50,1680000,
44,50,1690000,
44,50,1700000,0.5612000226974487
44,50,1710000,
44,50,1720000,
44,50,1730000,
44,50,1740000,
44,50,1750000,
44,50,1760000,
44,50,1770000,
44,50,1780000,
44,50,1790000,
44,50,1800000,0.5687999725341797
44,50,1810000,
44,50,1820000,
44,50,1830000,
44,50,1840000,
44,50,1850000,
44,50,1860000,
44,50,1870000,
44,50,1880000,
44,50,1890000,
44,50,1900000,0.585099995136261
44,50,1910000,
44,50,1920000,
44,50,1930000,
44,50,1940000,
44,50,1950000,
44,50,1960000,
44,50,1970000,
44,50,1980000,
44,50,1990000,
44,50,2000000,0.599399983882904
44,50,2010000,
44,50,2020000,
44,50,2030000,
44,50,2040000,
44,50,2050000,
44,50,2060000,
44,50,2070000,
44,50,2080000,
44,50,2090000,
44,50,2100000,0.6180999875068665
44,50,2110000,
44,50,2120000,
44,50,2130000,
44,50,2140000,
44,50,2150000,
44,50,2160000,
44,50,2170000,
44,50,2180000,
44,50,2190000,
44,50,2200000,0.6420999765396118
44,50,2210000,
44,50,2220000,
44,50,2230000,
44,50,2240000,
44,50,2250000,
44,50,2260000,
44,50,2270000,
44,50,2280000,
44,50,2290000,
44,50,2300000,0.6539999842643738
44,50,2310000,
44,50,2320000,
44,50,2330000,
44,50,2340000,
44,50,2350000,
44,50,2360000,
44,50,2370000,
44,50,2380000,
44,50,2390000,
44,50,2400000,0.6478000283241272
44,50,2410000,
44,50,2420000,
44,50,2430000,
44,50,2440000,
44,50,2450000,
44,50,2460000,
44,50,2470000,
44,50,2480000,
44,50,2490000,
44,50,2500000,0.6654000282287598
44,50,2510000,
44,50,2520000,
44,50,2530000,
44,50,2540000,
44,50,2550000,
44,50,2560000,
44,50,2570000,
44,50,2580000,
44,50,2590000,
44,50,2600000,0.6794999837875366
44,50,2610000,
44,50,2620000,
44,50,2630000,
44,50,2640000,
44,50,2650000,
44,50,2660000,
44,50,2670000,
44,50,2680000,
44,50,2690000,
44,50,2700000,0.6920999884605408
44,50,2710000,
44,50,2720000,
44,50,2730000,
44,50,2740000,
44,50,2750000,
44,50,2760000,
44,50,2770000,
44,50,2780000,
44,50,2790000,
44,50,2800000,0.7017999887466431
44,50,2810000,
44,50,2820000,
44,50,2830000,
44,50,2840000,
44,50,2850000,
44,50,2860000,
44,50,2870000,
44,50,2880000,
44,50,2890000,
44,50,2900000,0.7081000208854675
44,50,2910000,
44,50,2920000,
44,50,2930000,
44,50,2940000,
44,50,2950000,
44,50,2960000,
44,50,2970000,
44,50,2980000,
44,50,2990000,
44,50,3000000,0.7106999754905701
44,50,3010000,
44,50,3020000,
44,50,3030000,
44,50,3040000,
44,50,3050000,
44,50,3060000,
44,50,3070000,
44,50,3080000,
44,50,3090000,
44,50,3100000,0.7152000069618225
44,50,3110000,
44,50,3120000,
44,50,3130000,
44,50,3140000,
44,50,3150000,
44,50,3160000,
44,50,3170000,
44,50,3180000,
44,50,3190000,
44,50,3200000,0.7192000150680542
44,50,3210000,
44,50,3220000,
44,50,3230000,
44,50,3240000,
44,50,3250000,
44,50,3260000,
44,50,3270000,
44,50,3280000,
44,50,3290000,
44,50,3300000,0.733299970626831
44,50,3310000,
44,50,3320000,
44,50,3330000,
44,50,3340000,
44,50,3350000,
44,50,3360000,
44,50,3370000,
44,50,3380000,
44,50,3390000,
44,50,3400000,0.7328000068664551
44,50,3410000,
44,50,3420000,
44,50,3430000,
44,50,3440000,
44,50,3450000,
44,50,3460000,
44,50,3470000,
44,50,3480000,
44,50,3490000,
44,50,3500000,0.7250999808311462
44,50,3510000,
44,50,3520000,
44,50,3530000,
44,50,3540000,
44,50,3550000,
44,50,3560000,
44,50,3570000,
44,50,3580000,
44,50,3590000,
44,50,3600000,0.7439000010490417
44,50,3610000,
44,50,3620000,
44,50,3630000,
44,50,3640000,
44,50,3650000,
44,50,3660000,
44,50,3670000,
44,50,3680000,
44,50,3690000,
44,50,3700000,0.743399977684021
44,50,3710000,
44,50,3720000,
44,50,3730000,
44,50,3740000,
44,50,3750000,
44,50,3760000,
44,50,3770000,
44,50,3780000,
44,50,3790000,
44,50,3800000,0.7483999729156494
44,50,3810000,
44,50,3820000,
44,50,3830000,
44,50,3840000,
44,50,3850000,
44,50,3860000,
44,50,3870000,
44,50,3880000,
44,50,3890000,
44,50,3900000,0.7542999982833862
44,50,3910000,
44,50,3920000,
44,50,3930000,
44,50,3940000,
44,50,3950000,
44,50,3960000,
44,50,3970000,
44,50,3980000,
44,50,3990000,
44,50,4000000,0.7486000061035156
44,50,4010000,
44,50,4020000,
44,50,4030000,
44,50,4040000,
44,50,4050000,
44,50,4060000,
44,50,4070000,
44,50,4080000,
44,50,4090000,
44,50,4100000,0.7511000037193298
44,50,4110000,
44,50,4120000,
44,50,4130000,
44,50,4140000,
44,50,4150000,
44,50,4160000,
44,50,4170000,
44,50,4180000,
44,50,4190000,
44,50,4200000,0.7468000054359436
44,50,4210000,
44,50,4220000,
44,50,4230000,
44,50,4240000,
44,50,4250000,
44,50,4260000,
44,50,4270000,
44,50,4280000,
44,50,4290000,
44,50,4300000,0.7534999847412109
44,50,4310000,
44,50,4320000,
44,50,4330000,
44,50,4340000,
44,50,4350000,
44,50,4360000,
44,50,4370000,
44,50,4380000,
44,50,4390000,
44,50,4400000,0.7538999915122986
44,50,4410000,
44,50,4420000,
44,50,4430000,
44,50,4440000,
44,50,4450000,
44,50,4460000,
44,50,4470000,
44,50,4480000,
44,50,4490000,
44,50,4500000,0.7563999891281128
44,50,4510000,
44,50,4520000,
44,50,4530000,
44,50,4540000,
44,50,4550000,
44,50,4560000,
44,50,4570000,
44,50,4580000,
44,50,4590000,
44,50,4600000,0.7598999738693237
44,50,4610000,
44,50,4620000,
44,50,4630000,
44,50,4640000,
44,50,4650000,
44,50,4660000,
44,50,4670000,
44,50,4680000,
44,50,4690000,
44,50,4700000,0.7634000182151794
44,50,4710000,
44,50,4720000,
44,50,4730000,
44,50,4740000,
44,50,4750000,
44,50,4760000,
44,50,4770000,
44,50,4780000,
44,50,4790000,
44,50,4800000,0.7613999843597412
44,50,4810000,
44,50,4820000,
44,50,4830000,
44,50,4840000,
44,50,4850000,
44,50,4860000,
44,50,4870000,
44,50,4880000,
44,50,4890000,
44,50,4900000,0.7731999754905701
44,50,4910000,
44,50,4920000,
44,50,4930000,
44,50,4940000,
44,50,4950000,
44,50,4960000,
44,50,4970000,
44,50,4980000,
44,50,4990000,
44,50,5000000,0.7706000208854675
44,60,1,0.0
44,60,10000,
44,60,20000,
44,60,30000,
44,60,40000,
44,60,50000,
44,60,60000,
44,60,70000,
44,60,80000,
44,60,90000,
44,60,100000,0.001500000013038516
44,60,110000,
44,60,120000,
44,60,130000,
44,60,140000,
44,60,150000,
44,60,160000,
44,60,170000,
44,60,180000,
44,60,190000,
44,60,200000,0.022600000724196434
44,60,210000,
44,60,220000,
44,60,230000,
44,60,240000,
44,60,250000,
44,60,260000,
44,60,270000,
44,60,280000,
44,60,290000,
44,60,300000,0.06539999693632126
44,60,310000,
44,60,320000,
44,60,330000,
44,60,340000,
44,60,350000,
44,60,360000,
44,60,370000,
44,60,380000,
44,60,390000,
44,60,400000,0.1096000000834465
44,60,410000,
44,60,420000,
44,60,430000,
44,60,440000,
44,60,450000,
44,60,460000,
44,60,470000,
44,60,480000,
44,60,490000,
44,60,500000,0.15119999647140503
44,60,510000,
44,60,520000,
44,60,530000,
44,60,540000,
44,60,550000,
44,60,560000,
44,60,570000,
44,60,580000,
44,60,590000,
44,60,600000,0.18790000677108765
44,60,610000,
44,60,620000,
44,60,630000,
44,60,640000,
44,60,650000,
44,60,660000,
44,60,670000,
44,60,680000,
44,60,690000,
44,60,700000,0.2371000051498413
44,60,710000,
44,60,720000,
44,60,730000,
44,60,740000,
44,60,750000,
44,60,760000,
44,60,770000,
44,60,780000,
44,60,790000,
44,60,800000,0.28299999237060547
44,60,810000,
44,60,820000,
44,60,830000,
44,60,840000,
44,60,850000,
44,60,860000,
44,60,870000,
44,60,880000,
44,60,890000,
44,60,900000,0.31459999084472656
44,60,910000,
44,60,920000,
44,60,930000,
44,60,940000,
44,60,950000,
44,60,960000,
44,60,970000,
44,60,980000,
44,60,990000,
44,60,1000000,0.36390000581741333
44,60,1010000,
44,60,1020000,
44,60,1030000,
44,60,1040000,
44,60,1050000,
44,60,1060000,
44,60,1070000,
44,60,1080000,
44,60,1090000,
44,60,1100000,0.4002000093460083
44,60,1110000,
44,60,1120000,
44,60,1130000,
44,60,1140000,
44,60,1150000,
44,60,1160000,
44,60,1170000,
44,60,1180000,
44,60,1190000,
44,60,1200000,0.4309000074863434
44,60,1210000,
44,60,1220000,
44,60,1230000,
44,60,1240000,
44,60,1250000,
44,60,1260000,
44,60,1270000,
44,60,1280000,
44,60,1290000,
44,60,1300000,0.4729999899864197
44,60,1310000,
44,60,1320000,
44,60,1330000,
44,60,1340000,
44,60,1350000,
44,60,1360000,
44,60,1370000,
44,60,1380000,
44,60,1390000,
44,60,1400000,0.5115000009536743
44,60,1410000,
44,60,1420000,
44,60,1430000,
44,60,1440000,
44,60,1450000,
44,60,1460000,
44,60,1470000,
44,60,1480000,
44,60,1490000,
44,60,1500000,0.5422000288963318
44,60,1510000,
44,60,1520000,
44,60,1530000,
44,60,1540000,
44,60,1550000,
44,60,1560000,
44,60,1570000,
44,60,1580000,
44,60,1590000,
44,60,1600000,0.5637000203132629
44,60,1610000,
44,60,1620000,
44,60,1630000,
44,60,1640000,
44,60,1650000,
44,60,1660000,
44,60,1670000,
44,60,1680000,
44,60,1690000,
44,60,1700000,0.6046000123023987
44,60,1710000,
44,60,1720000,
44,60,1730000,
44,60,1740000,
44,60,1750000,
44,60,1760000,
44,60,1770000,
44,60,1780000,
44,60,1790000,
44,60,1800000,0.6122999787330627
44,60,1810000,
44,60,1820000,
44,60,1830000,
44,60,1840000,
44,60,1850000,
44,60,1860000,
44,60,1870000,
44,60,1880000,
44,60,1890000,
44,60,1900000,0.6434999704360962
44,60,1910000,
44,60,1920000,
44,60,1930000,
44,60,1940000,
44,60,1950000,
44,60,1960000,
44,60,1970000,
44,60,1980000,
44,60,1990000,
44,60,2000000,0.6636999845504761
44,60,2010000,
44,60,2020000,
44,60,2030000,
44,60,2040000,
44,60,2050000,
44,60,2060000,
44,60,2070000,
44,60,2080000,
44,60,2090000,
44,60,2100000,0.6898999810218811
44,60,2110000,
44,60,2120000,
44,60,2130000,
44,60,2140000,
44,60,2150000,
44,60,2160000,
44,60,2170000,
44,60,2180000,
44,60,2190000,
44,60,2200000,0.6991000175476074
44,60,2210000,
44,60,2220000,
44,60,2230000,
44,60,2240000,
44,60,2250000,
44,60,2260000,
44,60,2270000,
44,60,2280000,
44,60,2290000,
44,60,2300000,0.7089999914169312
44,60,2310000,
44,60,2320000,
44,60,2330000,
44,60,2340000,
44,60,2350000,
44,60,2360000,
44,60,2370000,
44,60,2380000,
44,60,2390000,
44,60,2400000,0.724399983882904
44,60,2410000,
44,60,2420000,
44,60,2430000,
44,60,2440000,
44,60,2450000,
44,60,2460000,
44,60,2470000,
44,60,2480000,
44,60,2490000,
44,60,2500000,0.7437999844551086
44,60,2510000,
44,60,2520000,
44,60,2530000,
44,60,2540000,
44,60,2550000,
44,60,2560000,
44,60,2570000,
44,60,2580000,
44,60,2590000,
44,60,2600000,0.7512000203132629
44,60,2610000,
44,60,2620000,
44,60,2630000,
44,60,2640000,
44,60,2650000,
44,60,2660000,
44,60,2670000,
44,60,2680000,
44,60,2690000,
44,60,2700000,0.7652999758720398
44,60,2710000,
44,60,2720000,
44,60,2730000,
44,60,2740000,
44,60,2750000,
44,60,2760000,
44,60,2770000,
44,60,2780000,
44,60,2790000,
44,60,2800000,0.7684999704360962
44,60,2810000,
44,60,2820000,
44,60,2830000,
44,60,2840000,
44,60,2850000,
44,60,2860000,
44,60,2870000,
44,60,2880000,
44,60,2890000,
44,60,2900000,0.7663999795913696
44,60,2910000,
44,60,2920000,
44,60,2930000,
44,60,2940000,
44,60,2950000,
44,60,2960000,
44,60,2970000,
44,60,2980000,
44,60,2990000,
44,60,3000000,0.7811999917030334
44,60,3010000,
44,60,3020000,
44,60,3030000,
44,60,3040000,
44,60,3050000,
44,60,3060000,
44,60,3070000,
44,60,3080000,
44,60,3090000,
44,60,3100000,0.7914999723434448
44,60,3110000,
44,60,3120000,
44,60,3130000,
44,60,3140000,
44,60,3150000,
44,60,3160000,
44,60,3170000,
44,60,3180000,
44,60,3190000,
44,60,3200000,0.8014000058174133
44,60,3210000,
44,60,3220000,
44,60,3230000,
44,60,3240000,
44,60,3250000,
44,60,3260000,
44,60,3270000,
44,60,3280000,
44,60,3290000,
44,60,3300000,0.7911999821662903
44,60,3310000,
44,60,3320000,
44,60,3330000,
44,60,3340000,
44,60,3350000,
44,60,3360000,
44,60,3370000,
44,60,3380000,
44,60,3390000,
44,60,3400000,0.8051999807357788
44,60,3410000,
44,60,3420000,
44,60,3430000,
44,60,3440000,
44,60,3450000,
44,60,3460000,
44,60,3470000,
44,60,3480000,
44,60,3490000,
44,60,3500000,0.7997000217437744
44,60,3510000,
44,60,3520000,
44,60,3530000,
44,60,3540000,
44,60,3550000,
44,60,3560000,
44,60,3570000,
44,60,3580000,
44,60,3590000,
44,60,3600000,0.8105999827384949
44,60,3610000,
44,60,3620000,
44,60,3630000,
44,60,3640000,
44,60,3650000,
44,60,3660000,
44,60,3670000,
44,60,3680000,
44,60,3690000,
44,60,3700000,0.8104000091552734
44,60,3710000,
44,60,3720000,
44,60,3730000,
44,60,3740000,
44,60,3750000,
44,60,3760000,
44,60,3770000,
44,60,3780000,
44,60,3790000,
44,60,3800000,0.8123999834060669
44,60,3810000,
44,60,3820000,
44,60,3830000,
44,60,3840000,
44,60,3850000,
44,60,3860000,
44,60,3870000,
44,60,3880000,
44,60,3890000,
44,60,3900000,0.8057000041007996
44,60,3910000,
44,60,3920000,
44,60,3930000,
44,60,3940000,
44,60,3950000,
44,60,3960000,
44,60,3970000,
44,60,3980000,
44,60,3990000,
44,60,4000000,0.8227999806404114
44,60,4010000,
44,60,4020000,
44,60,4030000,
44,60,4040000,
44,60,4050000,
44,60,4060000,
44,60,4070000,
44,60,4080000,
44,60,4090000,
44,60,4100000,0.8141999840736389
44,60,4110000,
44,60,4120000,
44,60,4130000,
44,60,4140000,
44,60,4150000,
44,60,4160000,
44,60,4170000,
44,60,4180000,
44,60,4190000,
44,60,4200000,0.8238999843597412
44,60,4210000,
44,60,4220000,
44,60,4230000,
44,60,4240000,
44,60,4250000,
44,60,4260000,
44,60,4270000,
44,60,4280000,
44,60,4290000,
44,60,4300000,0.8215000033378601
44,60,4310000,
44,60,4320000,
44,60,4330000,
44,60,4340000,
44,60,4350000,
44,60,4360000,
44,60,4370000,
44,60,4380000,
44,60,4390000,
44,60,4400000,0.8195000290870667
44,60,4410000,
44,60,4420000,
44,60,4430000,
44,60,4440000,
44,60,4450000,
44,60,4460000,
44,60,4470000,
44,60,4480000,
44,60,4490000,
44,60,4500000,0.8230999708175659
44,60,4510000,
44,60,4520000,
44,60,4530000,
44,60,4540000,
44,60,4550000,
44,60,4560000,
44,60,4570000,
44,60,4580000,
44,60,4590000,
44,60,4600000,0.833299994468689
44,60,4610000,
44,60,4620000,
44,60,4630000,
44,60,4640000,
44,60,4650000,
44,60,4660000,
44,60,4670000,
44,60,4680000,
44,60,4690000,
44,60,4700000,0.8287000060081482
44,60,4710000,
44,60,4720000,
44,60,4730000,
44,60,4740000,
44,60,4750000,
44,60,4760000,
44,60,4770000,
44,60,4780000,
44,60,4790000,
44,60,4800000,0.8179000020027161
44,60,4810000,
44,60,4820000,
44,60,4830000,
44,60,4840000,
44,60,4850000,
44,60,4860000,
44,60,4870000,
44,60,4880000,
44,60,4890000,
44,60,4900000,0.8327999711036682
44,60,4910000,
44,60,4920000,
44,60,4930000,
44,60,4940000,
44,60,4950000,
44,60,4960000,
44,60,4970000,
44,60,4980000,
44,60,4990000,
44,60,5000000,0.8363999724388123
44,70,1,0.0
44,70,10000,
44,70,20000,
44,70,30000,
44,70,40000,
44,70,50000,
44,70,60000,
44,70,70000,
44,70,80000,
44,70,90000,
44,70,100000,0.0027000000700354576
44,70,110000,
44,70,120000,
44,70,130000,
44,70,140000,
44,70,150000,
44,70,160000,
44,70,170000,
44,70,180000,
44,70,190000,
44,70,200000,0.02239999920129776
44,70,210000,
44,70,220000,
44,70,230000,
44,70,240000,
44,70,250000,
44,70,260000,
44,70,270000,
44,70,280000,
44,70,290000,
44,70,300000,0.06379999965429306
44,70,310000,
44,70,320000,
44,70,330000,
44,70,340000,
44,70,350000,
44,70,360000,
44,70,370000,
44,70,380000,
44,70,390000,
44,70,400000,0.10639999806880951
44,70,410000,
44,70,420000,
44,70,430000,
44,70,440000,
44,70,450000,
44,70,460000,
44,70,470000,
44,70,480000,
44,70,490000,
44,70,500000,0.14659999310970306
44,70,510000,
44,70,520000,
44,70,530000,
44,70,540000,
44,70,550000,
44,70,560000,
44,70,570000,
44,70,580000,
44,70,590000,
44,70,600000,0.17990000545978546
44,70,610000,
44,70,620000,
44,70,630000,
44,70,640000,
44,70,650000,
44,70,660000,
44,70,670000,
44,70,680000,
44,70,690000,
44,70,700000,0.22310000658035278
44,70,710000,
44,70,720000,
44,70,730000,
44,70,740000,
44,70,750000,
44,70,760000,
44,70,770000,
44,70,780000,
44,70,790000,
44,70,800000,0.26330000162124634
44,70,810000,
44,70,820000,
44,70,830000,
44,70,840000,
44,70,850000,
44,70,860000,
44,70,870000,
44,70,880000,
44,70,890000,
44,70,900000,0.3070000112056732
44,70,910000,
44,70,920000,
44,70,930000,
44,70,940000,
44,70,950000,
44,70,960000,
44,70,970000,
44,70,980000,
44,70,990000,
44,70,1000000,0.36149999499320984
44,70,1010000,
44,70,1020000,
44,70,1030000,
44,70,1040000,
44,70,1050000,
44,70,1060000,
44,70,1070000,
44,70,1080000,
44,70,1090000,
44,70,1100000,0.4041000008583069
44,70,1110000,
44,70,1120000,
44,70,1130000,
44,70,1140000,
44,70,1150000,
44,70,1160000,
44,70,1170000,
44,70,1180000,
44,70,1190000,
44,70,1200000,0.44190001487731934
44,70,1210000,
44,70,1220000,
44,70,1230000,
44,70,1240000,
44,70,1250000,
44,70,1260000,
44,70,1270000,
44,70,1280000,
44,70,1290000,
44,70,1300000,0.47870001196861267
44,70,1310000,
44,70,1320000,
44,70,1330000,
44,70,1340000,
44,70,1350000,
44,70,1360000,
44,70,1370000,
44,70,1380000,
44,70,1390000,
44,70,1400000,0.513700008392334
44,70,1410000,
44,70,1420000,
44,70,1430000,
44,70,1440000,
44,70,1450000,
44,70,1460000,
44,70,1470000,
44,70,1480000,
44,70,1490000,
44,70,1500000,0.5566999912261963
44,70,1510000,
44,70,1520000,
44,70,1530000,
44,70,1540000,
44,70,1550000,
44,70,1560000,
44,70,1570000,
44,70,1580000,
44,70,1590000,
44,70,1600000,0.5996999740600586
44,70,1610000,
44,70,1620000,
44,70,1630000,
44,70,1640000,
44,70,1650000,
44,70,1660000,
44,70,1670000,
44,70,1680000,
44,70,1690000,
44,70,1700000,0.621999979019165
44,70,1710000,
44,70,1720000,
44,70,1730000,
44,70,1740000,
44,70,1750000,
44,70,1760000,
44,70,1770000,
44,70,1780000,
44,70,1790000,
44,70,1800000,0.6730999946594238
44,70,1810000,
44,70,1820000,
44,70,1830000,
44,70,1840000,
44,70,1850000,
44,70,1860000,
44,70,1870000,
44,70,1880000,
44,70,1890000,
44,70,1900000,0.6830999851226807
44,70,1910000,
44,70,1920000,
44,70,1930000,
44,70,1940000,
44,70,1950000,
44,70,1960000,
44,70,1970000,
44,70,1980000,
44,70,1990000,
44,70,2000000,0.7070000171661377
44,70,2010000,
44,70,2020000,
44,70,2030000,
44,70,2040000,
44,70,2050000,
44,70,2060000,
44,70,2070000,
44,70,2080000,
44,70,2090000,
44,70,2100000,0.7235999703407288
44,70,2110000,
44,70,2120000,
44,70,2130000,
44,70,2140000,
44,70,2150000,
44,70,2160000,
44,70,2170000,
44,70,2180000,
44,70,2190000,
44,70,2200000,0.7268999814987183
44,70,2210000,
44,70,2220000,
44,70,2230000,
44,70,2240000,
44,70,2250000,
44,70,2260000,
44,70,2270000,
44,70,2280000,
44,70,2290000,
44,70,2300000,0.7480999827384949
44,70,2310000,
44,70,2320000,
44,70,2330000,
44,70,2340000,
44,70,2350000,
44,70,2360000,
44,70,2370000,
44,70,2380000,
44,70,2390000,
44,70,2400000,0.7677000164985657
44,70,2410000,
44,70,2420000,
44,70,2430000,
44,70,2440000,
44,70,2450000,
44,70,2460000,
44,70,2470000,
44,70,2480000,
44,70,2490000,
44,70,2500000,0.7775999903678894
44,70,2510000,
44,70,2520000,
44,70,2530000,
44,70,2540000,
44,70,2550000,
44,70,2560000,
44,70,2570000,
44,70,2580000,
44,70,2590000,
44,70,2600000,0.77920001745224
44,70,2610000,
44,70,2620000,
44,70,2630000,
44,70,2640000,
44,70,2650000,
44,70,2660000,
44,70,2670000,
44,70,2680000,
44,70,2690000,
44,70,2700000,0.7940999865531921
44,70,2710000,
44,70,2720000,
44,70,2730000,
44,70,2740000,
44,70,2750000,
44,70,2760000,
44,70,2770000,
44,70,2780000,
44,70,2790000,
44,70,2800000,0.8011000156402588
44,70,2810000,
44,70,2820000,
44,70,2830000,
44,70,2840000,
44,70,2850000,
44,70,2860000,
44,70,2870000,
44,70,2880000,
44,70,2890000,
44,70,2900000,0.7985000014305115
44,70,2910000,
44,70,2920000,
44,70,2930000,
44,70,2940000,
44,70,2950000,
44,70,2960000,
44,70,2970000,
44,70,2980000,
44,70,2990000,
44,70,3000000,0.8086000084877014
44,70,3010000,
44,70,3020000,
44,70,3030000,
44,70,3040000,
44,70,3050000,
44,70,3060000,
44,70,3070000,
44,70,3080000,
44,70,3090000,
44,70,3100000,0.8109999895095825
44,70,3110000,
44,70,3120000,
44,70,3130000,
44,70,3140000,
44,70,3150000,
44,70,3160000,
44,70,3170000,
44,70,3180000,
44,70,3190000,
44,70,3200000,0.820900022983551
44,70,3210000,
44,70,3220000,
44,70,3230000,
44,70,3240000,
44,70,3250000,
44,70,3260000,
44,70,3270000,
44,70,3280000,
44,70,3290000,
44,70,3300000,0.8112999796867371
44,70,3310000,
44,70,3320000,
44,70,3330000,
44,70,3340000,
44,70,3350000,
44,70,3360000,
44,70,3370000,
44,70,3380000,
44,70,3390000,
44,70,3400000,0.8234999775886536
44,70,3410000,
44,70,3420000,
44,70,3430000,
44,70,3440000,
44,70,3450000,
44,70,3460000,
44,70,3470000,
44,70,3480000,
44,70,3490000,
44,70,3500000,0.8252000212669373
44,70,3510000,
44,70,3520000,
44,70,3530000,
44,70,3540000,
44,70,3550000,
44,70,3560000,
44,70,3570000,
44,70,3580000,
44,70,3590000,
44,70,3600000,0.8300999999046326
44,70,3610000,
44,70,3620000,
44,70,3630000,
44,70,3640000,
44,70,3650000,
44,70,3660000,
44,70,3670000,
44,70,3680000,
44,70,3690000,
44,70,3700000,0.8260999917984009
44,70,3710000,
44,70,3720000,
44,70,3730000,
44,70,3740000,
44,70,3750000,
44,70,3760000,
44,70,3770000,
44,70,3780000,
44,70,3790000,
44,70,3800000,0.8339999914169312
44,70,3810000,
44,70,3820000,
44,70,3830000,
44,70,3840000,
44,70,3850000,
44,70,3860000,
44,70,3870000,
44,70,3880000,
44,70,3890000,
44,70,3900000,0.8345999717712402
44,70,3910000,
44,70,3920000,
44,70,3930000,
44,70,3940000,
44,70,3950000,
44,70,3960000,
44,70,3970000,
44,70,3980000,
44,70,3990000,
44,70,4000000,0.8454999923706055
44,70,4010000,
44,70,4020000,
44,70,4030000,
44,70,4040000,
44,70,4050000,
44,70,4060000,
44,70,4070000,
44,70,4080000,
44,70,4090000,
44,70,4100000,0.8345999717712402
44,70,4110000,
44,70,4120000,
44,70,4130000,
44,70,4140000,
44,70,4150000,
44,70,4160000,
44,70,4170000,
44,70,4180000,
44,70,4190000,
44,70,4200000,0.8395000100135803
44,70,4210000,
44,70,4220000,
44,70,4230000,
44,70,4240000,
44,70,4250000,
44,70,4260000,
44,70,4270000,
44,70,4280000,
44,70,4290000,
44,70,4300000,0.8317000269889832
44,70,4310000,
44,70,4320000,
44,70,4330000,
44,70,4340000,
44,70,4350000,
44,70,4360000,
44,70,4370000,
44,70,4380000,
44,70,4390000,
44,70,4400000,0.8457000255584717
44,70,4410000,
44,70,4420000,
44,70,4430000,
44,70,4440000,
44,70,4450000,
44,70,4460000,
44,70,4470000,
44,70,4480000,
44,70,4490000,
44,70,4500000,0.8432000279426575
44,70,4510000,
44,70,4520000,
44,70,4530000,
44,70,4540000,
44,70,4550000,
44,70,4560000,
44,70,4570000,
44,70,4580000,
44,70,4590000,
44,70,4600000,0.8442000150680542
44,70,4610000,
44,70,4620000,
44,70,4630000,
44,70,4640000,
44,70,4650000,
44,70,4660000,
44,70,4670000,
44,70,4680000,
44,70,4690000,
44,70,4700000,0.8501999974250793
44,70,4710000,
44,70,4720000,
44,70,4730000,
44,70,4740000,
44,70,4750000,
44,70,4760000,
44,70,4770000,
44,70,4780000,
44,70,4790000,
44,70,4800000,0.8507999777793884
44,70,4810000,
44,70,4820000,
44,70,4830000,
44,70,4840000,
44,70,4850000,
44,70,4860000,
44,70,4870000,
44,70,4880000,
44,70,4890000,
44,70,4900000,0.8478999733924866
44,70,4910000,
44,70,4920000,
44,70,4930000,
44,70,4940000,
44,70,4950000,
44,70,4960000,
44,70,4970000,
44,70,4980000,
44,70,4990000,
44,70,5000000,0.8540999889373779
44,80,1,0.0
44,80,10000,
44,80,20000,
44,80,30000,
44,80,40000,
44,80,50000,
44,80,60000,
44,80,70000,
44,80,80000,
44,80,90000,
44,80,100000,0.0017999999690800905
44,80,110000,
44,80,120000,
44,80,130000,
44,80,140000,
44,80,150000,
44,80,160000,
44,80,170000,
44,80,180000,
44,80,190000,
44,80,200000,0.023600000888109207
44,80,210000,
44,80,220000,
44,80,230000,
44,80,240000,
44,80,250000,
44,80,260000,
44,80,270000,
44,80,280000,
44,80,290000,
44,80,300000,0.05480000004172325
44,80,310000,
44,80,320000,
44,80,330000,
44,80,340000,
44,80,350000,
44,80,360000,
44,80,370000,
44,80,380000,
44,80,390000,
44,80,400000,0.08709999918937683
44,80,410000,
44,80,420000,
44,80,430000,
44,80,440000,
44,80,450000,
44,80,460000,
44,80,470000,
44,80,480000,
44,80,490000,
44,80,500000,0.12120000272989273
44,80,510000,
44,80,520000,
44,80,530000,
44,80,540000,
44,80,550000,
44,80,560000,
44,80,570000,
44,80,580000,
44,80,590000,
44,80,600000,0.14990000426769257
44,80,610000,
44,80,620000,
44,80,630000,
44,80,640000,
44,80,650000,
44,80,660000,
44,80,670000,
44,80,680000,
44,80,690000,
44,80,700000,0.19580000638961792
44,80,710000,
44,80,720000,
44,80,730000,
44,80,740000,
44,80,750000,
44,80,760000,
44,80,770000,
44,80,780000,
44,80,790000,
44,80,800000,0.23029999434947968
44,80,810000,
44,80,820000,
44,80,830000,
44,80,840000,
44,80,850000,
44,80,860000,
44,80,870000,
44,80,880000,
44,80,890000,
44,80,900000,0.257099986076355
44,80,910000,
44,80,920000,
44,80,930000,
44,80,940000,
44,80,950000,
44,80,960000,
44,80,970000,
44,80,980000,
44,80,990000,
44,80,1000000,0.3077999949455261
44,80,1010000,
44,80,1020000,
44,80,1030000,
44,80,1040000,
44,80,1050000,
44,80,1060000,
44,80,1070000,
44,80,1080000,
44,80,1090000,
44,80,1100000,0.3424000144004822
44,80,1110000,
44,80,1120000,
44,80,1130000,
44,80,1140000,
44,80,1150000,
44,80,1160000,
44,80,1170000,
44,80,1180000,
44,80,1190000,
44,80,1200000,0.3935999870300293
44,80,1210000,
44,80,1220000,
44,80,1230000,
44,80,1240000,
44,80,1250000,
44,80,1260000,
44,80,1270000,
44,80,1280000,
44,80,1290000,
44,80,1300000,0.4359000027179718
44,80,1310000,
44,80,1320000,
44,80,1330000,
44,80,1340000,
44,80,1350000,
44,80,1360000,
44,80,1370000,
44,80,1380000,
44,80,1390000,
44,80,1400000,0.47620001435279846
44,80,1410000,
44,80,1420000,
44,80,1430000,
44,80,1440000,
44,80,1450000,
44,80,1460000,
44,80,1470000,
44,80,1480000,
44,80,1490000,
44,80,1500000,0.5227000117301941
44,80,1510000,
44,80,1520000,
44,80,1530000,
44,80,1540000,
44,80,1550000,
44,80,1560000,
44,80,1570000,
44,80,1580000,
44,80,1590000,
44,80,1600000,0.54339998960495
44,80,1610000,
44,80,1620000,
44,80,1630000,
44,80,1640000,
44,80,1650000,
44,80,1660000,
44,80,1670000,
44,80,1680000,
44,80,1690000,
44,80,1700000,0.5745000243186951
44,80,1710000,
44,80,1720000,
44,80,1730000,
44,80,1740000,
44,80,1750000,
44,80,1760000,
44,80,1770000,
44,80,1780000,
44,80,1790000,
44,80,1800000,0.6215000152587891
44,80,1810000,
44,80,1820000,
44,80,1830000,
44,80,1840000,
44,80,1850000,
44,80,1860000,
44,80,1870000,
44,80,1880000,
44,80,1890000,
44,80,1900000,0.6234999895095825
44,80,1910000,
44,80,1920000,
44,80,1930000,
44,80,1940000,
44,80,1950000,
44,80,1960000,
44,80,1970000,
44,80,1980000,
44,80,1990000,
44,80,2000000,0.6574000120162964
44,80,2010000,
44,80,2020000,
44,80,2030000,
44,80,2040000,
44,80,2050000,
44,80,2060000,
44,80,2070000,
44,80,2080000,
44,80,2090000,
44,80,2100000,0.6740999817848206
44,80,2110000,
44,80,2120000,
44,80,2130000,
44,80,2140000,
44,80,2150000,
44,80,2160000,
44,80,2170000,
44,80,2180000,
44,80,2190000,
44,80,2200000,0.6991999745368958
44,80,2210000,
44,80,2220000,
44,80,2230000,
44,80,2240000,
44,80,2250000,
44,80,2260000,
44,80,2270000,
44,80,2280000,
44,80,2290000,
44,80,2300000,0.6969000101089478
44,80,2310000,
44,80,2320000,
44,80,2330000,
44,80,2340000,
44,80,2350000,
44,80,2360000,
44,80,2370000,
44,80,2380000,
44,80,2390000,
44,80,2400000,0.7092000246047974
44,80,2410000,
44,80,2420000,
44,80,2430000,
44,80,2440000,
44,80,2450000,
44,80,2460000,
44,80,2470000,
44,80,2480000,
44,80,2490000,
44,80,2500000,0.7199000120162964
44,80,2510000,
44,80,2520000,
44,80,2530000,
44,80,2540000,
44,80,2550000,
44,80,2560000,
44,80,2570000,
44,80,2580000,
44,80,2590000,
44,80,2600000,0.7373999953269958
44,80,2610000,
44,80,2620000,
44,80,2630000,
44,80,2640000,
44,80,2650000,
44,80,2660000,
44,80,2670000,
44,80,2680000,
44,80,2690000,
44,80,2700000,0.7551000118255615
44,80,2710000,
44,80,2720000,
44,80,2730000,
44,80,2740000,
44,80,2750000,
44,80,2760000,
44,80,2770000,
44,80,2780000,
44,80,2790000,
44,80,2800000,0.7551000118255615
44,80,2810000,
44,80,2820000,
44,80,2830000,
44,80,2840000,
44,80,2850000,
44,80,2860000,
44,80,2870000,
44,80,2880000,
44,80,2890000,
44,80,2900000,0.746999979019165
44,80,2910000,
44,80,2920000,
44,80,2930000,
44,80,2940000,
44,80,2950000,
44,80,2960000,
44,80,2970000,
44,80,2980000,
44,80,2990000,
44,80,3000000,0.7663999795913696
44,80,3010000,
44,80,3020000,
44,80,3030000,
44,80,3040000,
44,80,3050000,
44,80,3060000,
44,80,3070000,
44,80,3080000,
44,80,3090000,
44,80,3100000,0.7770000100135803
44,80,3110000,
44,80,3120000,
44,80,3130000,
44,80,3140000,
44,80,3150000,
44,80,3160000,
44,80,3170000,
44,80,3180000,
44,80,3190000,
44,80,3200000,0.7833999991416931
44,80,3210000,
44,80,3220000,
44,80,3230000,
44,80,3240000,
44,80,3250000,
44,80,3260000,
44,80,3270000,
44,80,3280000,
44,80,3290000,
44,80,3300000,0.7914999723434448
44,80,3310000,
44,80,3320000,
44,80,3330000,
44,80,3340000,
44,80,3350000,
44,80,3360000,
44,80,3370000,
44,80,3380000,
44,80,3390000,
44,80,3400000,0.7961000204086304
44,80,3410000,
44,80,3420000,
44,80,3430000,
44,80,3440000,
44,80,3450000,
44,80,3460000,
44,80,3470000,
44,80,3480000,
44,80,3490000,
44,80,3500000,0.8046000003814697
44,80,3510000,
44,80,3520000,
44,80,3530000,
44,80,3540000,
44,80,3550000,
44,80,3560000,
44,80,3570000,
44,80,3580000,
44,80,3590000,
44,80,3600000,0.8172000050544739
44,80,3610000,
44,80,3620000,
44,80,3630000,
44,80,3640000,
44,80,3650000,
44,80,3660000,
44,80,3670000,
44,80,3680000,
44,80,3690000,
44,80,3700000,0.804099977016449
44,80,3710000,
44,80,3720000,
44,80,3730000,
44,80,3740000,
44,80,3750000,
44,80,3760000,
44,80,3770000,
44,80,3780000,
44,80,3790000,
44,80,3800000,0.8148000240325928
44,80,3810000,
44,80,3820000,
44,80,3830000,
44,80,3840000,
44,80,3850000,
44,80,3860000,
44,80,3870000,
44,80,3880000,
44,80,3890000,
44,80,3900000,0.8148000240325928
44,80,3910000,
44,80,3920000,
44,80,3930000,
44,80,3940000,
44,80,3950000,
44,80,3960000,
44,80,3970000,
44,80,3980000,
44,80,3990000,
44,80,4000000,0.8374999761581421
44,80,4010000,
44,80,4020000,
44,80,4030000,
44,80,4040000,
44,80,4050000,
44,80,4060000,
44,80,4070000,
44,80,4080000,
44,80,4090000,
44,80,4100000,0.8337000012397766
44,80,4110000,
44,80,4120000,
44,80,4130000,
44,80,4140000,
44,80,4150000,
44,80,4160000,
44,80,4170000,
44,80,4180000,
44,80,4190000,
44,80,4200000,0.829200029373169
44,80,4210000,
44,80,4220000,
44,80,4230000,
44,80,4240000,
44,80,4250000,
44,80,4260000,
44,80,4270000,
44,80,4280000,
44,80,4290000,
44,80,4300000,0.8339999914169312
44,80,4310000,
44,80,4320000,
44,80,4330000,
44,80,4340000,
44,80,4350000,
44,80,4360000,
44,80,4370000,
44,80,4380000,
44,80,4390000,
44,80,4400000,0.8420000076293945
44,80,4410000,
44,80,4420000,
44,80,4430000,
44,80,4440000,
44,80,4450000,
44,80,4460000,
44,80,4470000,
44,80,4480000,
44,80,4490000,
44,80,4500000,0.8295000195503235
44,80,4510000,
44,80,4520000,
44,80,4530000,
44,80,4540000,
44,80,4550000,
44,80,4560000,
44,80,4570000,
44,80,4580000,
44,80,4590000,
44,80,4600000,0.8330000042915344
44,80,4610000,
44,80,4620000,
44,80,4630000,
44,80,4640000,
44,80,4650000,
44,80,4660000,
44,80,4670000,
44,80,4680000,
44,80,4690000,
44,80,4700000,0.8349999785423279
44,80,4710000,
44,80,4720000,
44,80,4730000,
44,80,4740000,
44,80,4750000,
44,80,4760000,
44,80,4770000,
44,80,4780000,
44,80,4790000,
44,80,4800000,0.8317000269889832
44,80,4810000,
44,80,4820000,
44,80,4830000,
44,80,4840000,
44,80,4850000,
44,80,4860000,
44,80,4870000,
44,80,4880000,
44,80,4890000,
44,80,4900000,0.8422999978065491
44,80,4910000,
44,80,4920000,
44,80,4930000,
44,80,4940000,
44,80,4950000,
44,80,4960000,
44,80,4970000,
44,80,4980000,
44,80,4990000,
44,80,5000000,0.8496000170707703
44,90,1,0.0
44,90,10000,
44,90,20000,
44,90,30000,
44,90,40000,
44,90,50000,
44,90,60000,
44,90,70000,
44,90,80000,
44,90,90000,
44,90,100000,0.0010000000474974513
44,90,110000,
44,90,120000,
44,90,130000,
44,90,140000,
44,90,150000,
44,90,160000,
44,90,170000,
44,90,180000,
44,90,190000,
44,90,200000,0.015799999237060547
44,90,210000,
44,90,220000,
44,90,230000,
44,90,240000,
44,90,250000,
44,90,260000,
44,90,270000,
44,90,280000,
44,90,290000,
44,90,300000,0.039900001138448715
44,90,310000,
44,90,320000,
44,90,330000,
44,90,340000,
44,90,350000,
44,90,360000,
44,90,370000,
44,90,380000,
44,90,390000,
44,90,400000,0.06750000268220901
44,90,410000,
44,90,420000,
44,90,430000,
44,90,440000,
44,90,450000,
44,90,460000,
44,90,470000,
44,90,480000,
44,90,490000,
44,90,500000,0.08829999715089798
44,90,510000,
44,90,520000,
44,90,530000,
44,90,540000,
44,90,550000,
44,90,560000,
44,90,570000,
44,90,580000,
44,90,590000,
44,90,600000,0.11640000343322754
44,90,610000,
44,90,620000,
44,90,630000,
44,90,640000,
44,90,650000,
44,90,660000,
44,90,670000,
44,90,680000,
44,90,690000,
44,90,700000,0.15860000252723694
44,90,710000,
44,90,720000,
44,90,730000,
44,90,740000,
44,90,750000,
44,90,760000,
44,90,770000,
44,90,780000,
44,90,790000,
44,90,800000,0.20020000636577606
44,90,810000,
44,90,820000,
44,90,830000,
44,90,840000,
44,90,850000,
44,90,860000,
44,90,870000,
44,90,880000,
44,90,890000,
44,90,900000,0.23669999837875366
44,90,910000,
44,90,920000,
44,90,930000,
44,90,940000,
44,90,950000,
44,90,960000,
44,90,970000,
44,90,980000,
44,90,990000,
44,90,1000000,0.25440001487731934
44,90,1010000,
44,90,1020000,
44,90,1030000,
44,90,1040000,
44,90,1050000,
44,90,1060000,
44,90,1070000,
44,90,1080000,
44,90,1090000,
44,90,1100000,0.3100999891757965
44,90,1110000,
44,90,1120000,
44,90,1130000,
44,90,1140000,
44,90,1150000,
44,90,1160000,
44,90,1170000,
44,90,1180000,
44,90,1190000,
44,90,1200000,0.32749998569488525
44,90,1210000,
44,90,1220000,
44,90,1230000,
44,90,1240000,
44,90,1250000,
44,90,1260000,
44,90,1270000,
44,90,1280000,
44,90,1290000,
44,90,1300000,0.3700999915599823
44,90,1310000,
44,90,1320000,
44,90,1330000,
44,90,1340000,
44,90,1350000,
44,90,1360000,
44,90,1370000,
44,90,1380000,
44,90,1390000,
44,90,1400000,0.42809998989105225
44,90,1410000,
44,90,1420000,
44,90,1430000,
44,90,1440000,
44,90,1450000,
44,90,1460000,
44,90,1470000,
44,90,1480000,
44,90,1490000,
44,90,1500000,0.47850000858306885
44,90,1510000,
44,90,1520000,
44,90,1530000,
44,90,1540000,
44,90,1550000,
44,90,1560000,
44,90,1570000,
44,90,1580000,
44,90,1590000,
44,90,1600000,0.5249999761581421
44,90,1610000,
44,90,1620000,
44,90,1630000,
44,90,1640000,
44,90,1650000,
44,90,1660000,
44,90,1670000,
44,90,1680000,
44,90,1690000,
44,90,1700000,0.5479999780654907
44,90,1710000,
44,90,1720000,
44,90,1730000,
44,90,1740000,
44,90,1750000,
44,90,1760000,
44,90,1770000,
44,90,1780000,
44,90,1790000,
44,90,1800000,0.5774999856948853
44,90,1810000,
44,90,1820000,
44,90,1830000,
44,90,1840000,
44,90,1850000,
44,90,1860000,
44,90,1870000,
44,90,1880000,
44,90,1890000,
44,90,1900000,0.6071000099182129
44,90,1910000,
44,90,1920000,
44,90,1930000,
44,90,1940000,
44,90,1950000,
44,90,1960000,
44,90,1970000,
44,90,1980000,
44,90,1990000,
44,90,2000000,0.6288999915122986
44,90,2010000,
44,90,2020000,
44,90,2030000,
44,90,2040000,
44,90,2050000,
44,90,2060000,
44,90,2070000,
44,90,2080000,
44,90,2090000,
44,90,2100000,0.6347000002861023
44,90,2110000,
44,90,2120000,
44,90,2130000,
44,90,2140000,
44,90,2150000,
44,90,2160000,
44,90,2170000,
44,90,2180000,
44,90,2190000,
44,90,2200000,0.6535999774932861
44,90,2210000,
44,90,2220000,
44,90,2230000,
44,90,2240000,
44,90,2250000,
44,90,2260000,
44,90,2270000,
44,90,2280000,
44,90,2290000,
44,90,2300000,0.6629999876022339
44,90,2310000,
44,90,2320000,
44,90,2330000,
44,90,2340000,
44,90,2350000,
44,90,2360000,
44,90,2370000,
44,90,2380000,
44,90,2390000,
44,90,2400000,0.6703000068664551
44,90,2410000,
44,90,2420000,
44,90,2430000,
44,90,2440000,
44,90,2450000,
44,90,2460000,
44,90,2470000,
44,90,2480000,
44,90,2490000,
44,90,2500000,0.6998999714851379
44,90,2510000,
44,90,2520000,
44,90,2530000,
44,90,2540000,
44,90,2550000,
44,90,2560000,
44,90,2570000,
44,90,2580000,
44,90,2590000,
44,90,2600000,0.7139000296592712
44,90,2610000,
44,90,2620000,
44,90,2630000,
44,90,2640000,
44,90,2650000,
44,90,2660000,
44,90,2670000,
44,90,2680000,
44,90,2690000,
44,90,2700000,0.7106999754905701
44,90,2710000,
44,90,2720000,
44,90,2730000,
44,90,2740000,
44,90,2750000,
44,90,2760000,
44,90,2770000,
44,90,2780000,
44,90,2790000,
44,90,2800000,0.7278000116348267
44,90,2810000,
44,90,2820000,
44,90,2830000,
44,90,2840000,
44,90,2850000,
44,90,2860000,
44,90,2870000,
44,90,2880000,
44,90,2890000,
44,90,2900000,0.7258999943733215
44,90,2910000,
44,90,2920000,
44,90,2930000,
44,90,2940000,
44,90,2950000,
44,90,2960000,
44,90,2970000,
44,90,2980000,
44,90,2990000,
44,90,3000000,0.7542999982833862
44,90,3010000,
44,90,3020000,
44,90,3030000,
44,90,3040000,
44,90,3050000,
44,90,3060000,
44,90,3070000,
44,90,3080000,
44,90,3090000,
44,90,3100000,0.7434999942779541
44,90,3110000,
44,90,3120000,
44,90,3130000,
44,90,3140000,
44,90,3150000,
44,90,3160000,
44,90,3170000,
44,90,3180000,
44,90,3190000,
44,90,3200000,0.7537000179290771
44,90,3210000,
44,90,3220000,
44,90,3230000,
44,90,3240000,
44,90,3250000,
44,90,3260000,
44,90,3270000,
44,90,3280000,
44,90,3290000,
44,90,3300000,0.7523999810218811
44,90,3310000,
44,90,3320000,
44,90,3330000,
44,90,3340000,
44,90,3350000,
44,90,3360000,
44,90,3370000,
44,90,3380000,
44,90,3390000,
44,90,3400000,0.7698000073432922
44,90,3410000,
44,90,3420000,
44,90,3430000,
44,90,3440000,
44,90,3450000,
44,90,3460000,
44,90,3470000,
44,90,3480000,
44,90,3490000,
44,90,3500000,0.7602999806404114
44,90,3510000,
44,90,3520000,
44,90,3530000,
44,90,3540000,
44,90,3550000,
44,90,3560000,
44,90,3570000,
44,90,3580000,
44,90,3590000,
44,90,3600000,0.7777000069618225
44,90,3610000,
44,90,3620000,
44,90,3630000,
44,90,3640000,
44,90,3650000,
44,90,3660000,
44,90,3670000,
44,90,3680000,
44,90,3690000,
44,90,3700000,0.7756999731063843
44,90,3710000,
44,90,3720000,
44,90,3730000,
44,90,3740000,
44,90,3750000,
44,90,3760000,
44,90,3770000,
44,90,3780000,
44,90,3790000,
44,90,3800000,0.7993999719619751
44,90,3810000,
44,90,3820000,
44,90,3830000,
44,90,3840000,
44,90,3850000,
44,90,3860000,
44,90,3870000,
44,90,3880000,
44,90,3890000,
44,90,3900000,0.7993999719619751
44,90,3910000,
44,90,3920000,
44,90,3930000,
44,90,3940000,
44,90,3950000,
44,90,3960000,
44,90,3970000,
44,90,3980000,
44,90,3990000,
44,90,4000000,0.7825000286102295
44,90,4010000,
44,90,4020000,
44,90,4030000,
44,90,4040000,
44,90,4050000,
44,90,4060000,
44,90,4070000,
44,90,4080000,
44,90,4090000,
44,90,4100000,0.7946000099182129
44,90,4110000,
44,90,4120000,
44,90,4130000,
44,90,4140000,
44,90,4150000,
44,90,4160000,
44,90,4170000,
44,90,4180000,
44,90,4190000,
44,90,4200000,0.7954000234603882
44,90,4210000,
44,90,4220000,
44,90,4230000,
44,90,4240000,
44,90,4250000,
44,90,4260000,
44,90,4270000,
44,90,4280000,
44,90,4290000,
44,90,4300000,0.8105999827384949
44,90,4310000,
44,90,4320000,
44,90,4330000,
44,90,4340000,
44,90,4350000,
44,90,4360000,
44,90,4370000,
44,90,4380000,
44,90,4390000,
44,90,4400000,0.800599992275238
44,90,4410000,
44,90,4420000,
44,90,4430000,
44,90,4440000,
44,90,4450000,
44,90,4460000,
44,90,4470000,
44,90,4480000,
44,90,4490000,
44,90,4500000,0.8055999875068665
44,90,4510000,
44,90,4520000,
44,90,4530000,
44,90,4540000,
44,90,4550000,
44,90,4560000,
44,90,4570000,
44,90,4580000,
44,90,4590000,
44,90,4600000,0.8248999714851379
44,90,4610000,
44,90,4620000,
44,90,4630000,
44,90,4640000,
44,90,4650000,
44,90,4660000,
44,90,4670000,
44,90,4680000,
44,90,4690000,
44,90,4700000,0.8245999813079834
44,90,4710000,
44,90,4720000,
44,90,4730000,
44,90,4740000,
44,90,4750000,
44,90,4760000,
44,90,4770000,
44,90,4780000,
44,90,4790000,
44,90,4800000,0.814300000667572
44,90,4810000,
44,90,4820000,
44,90,4830000,
44,90,4840000,
44,90,4850000,
44,90,4860000,
44,90,4870000,
44,90,4880000,
44,90,4890000,
44,90,4900000,0.8174999952316284
44,90,4910000,
44,90,4920000,
44,90,4930000,
44,90,4940000,
44,90,4950000,
44,90,4960000,
44,90,4970000,
44,90,4980000,
44,90,4990000,
44,90,5000000,0.8202000260353088
44,100,1,0.0
44,100,10000,
44,100,20000,
44,100,30000,
44,100,40000,
44,100,50000,
44,100,60000,
44,100,70000,
44,100,80000,
44,100,90000,
44,100,100000,0.00039999998989515007
44,100,110000,
44,100,120000,
44,100,130000,
44,100,140000,
44,100,150000,
44,100,160000,
44,100,170000,
44,100,180000,
44,100,190000,
44,100,200000,0.013500000350177288
44,100,210000,
44,100,220000,
44,100,230000,
44,100,240000,
44,100,250000,
44,100,260000,
44,100,270000,
44,100,280000,
44,100,290000,
44,100,300000,0.033799998462200165
44,100,310000,
44,100,320000,
44,100,330000,
44,100,340000,
44,100,350000,
44,100,360000,
44,100,370000,
44,100,380000,
44,100,390000,
44,100,400000,0.05640000104904175
44,100,410000,
44,100,420000,
44,100,430000,
44,100,440000,
44,100,450000,
44,100,460000,
44,100,470000,
44,100,480000,
44,100,490000,
44,100,500000,0.08079999685287476
44,100,510000,
44,100,520000,
44,100,530000,
44,100,540000,
44,100,550000,
44,100,560000,
44,100,570000,
44,100,580000,
44,100,590000,
44,100,600000,0.09709999710321426
44,100,610000,
44,100,620000,
44,100,630000,
44,100,640000,
44,100,650000,
44,100,660000,
44,100,670000,
44,100,680000,
44,100,690000,
44,100,700000,0.12780000269412994
44,100,710000,
44,100,720000,
44,100,730000,
44,100,740000,
44,100,750000,
44,100,760000,
44,100,770000,
44,100,780000,
44,100,790000,
44,100,800000,0.1517000049352646
44,100,810000,
44,100,820000,
44,100,830000,
44,100,840000,
44,100,850000,
44,100,860000,
44,100,870000,
44,100,880000,
44,100,890000,
44,100,900000,0.18129999935626984
44,100,910000,
44,100,920000,
44,100,930000,
44,100,940000,
44,100,950000,
44,100,960000,
44,100,970000,
44,100,980000,
44,100,990000,
44,100,1000000,0.20020000636577606
44,100,1010000,
44,100,1020000,
44,100,1030000,
44,100,1040000,
44,100,1050000,
44,100,1060000,
44,100,1070000,
44,100,1080000,
44,100,1090000,
44,100,1100000,0.2395000010728836
44,100,1110000,
44,100,1120000,
44,100,1130000,
44,100,1140000,
44,100,1150000,
44,100,1160000,
44,100,1170000,
44,100,1180000,
44,100,1190000,
44,100,1200000,0.2709999978542328
44,100,1210000,
44,100,1220000,
44,100,1230000,
44,100,1240000,
44,100,1250000,
44,100,1260000,
44,100,1270000,
44,100,1280000,
44,100,1290000,
44,100,1300000,0.3075999915599823
44,100,1310000,
44,100,1320000,
44,100,1330000,
44,100,1340000,
44,100,1350000,
44,100,1360000,
44,100,1370000,
44,100,1380000,
44,100,1390000,
44,100,1400000,0.335999995470047
44,100,1410000,
44,100,1420000,
44,100,1430000,
44,100,1440000,
44,100,1450000,
44,100,1460000,
44,100,1470000,
44,100,1480000,
44,100,1490000,
44,100,1500000,0.382999986410141
44,100,1510000,
44,100,1520000,
44,100,1530000,
44,100,1540000,
44,100,1550000,
44,100,1560000,
44,100,1570000,
44,100,1580000,
44,100,1590000,
44,100,1600000,0.3978999853134155
44,100,1610000,
44,100,1620000,
44,100,1630000,
44,100,1640000,
44,100,1650000,
44,100,1660000,
44,100,1670000,
44,100,1680000,
44,100,1690000,
44,100,1700000,0.4361000061035156
44,100,1710000,
44,100,1720000,
44,100,1730000,
44,100,1740000,
44,100,1750000,
44,100,1760000,
44,100,1770000,
44,100,1780000,
44,100,1790000,
44,100,1800000,0.48539999127388
44,100,1810000,
44,100,1820000,
44,100,1830000,
44,100,1840000,
44,100,1850000,
44,100,1860000,
44,100,1870000,
44,100,1880000,
44,100,1890000,
44,100,1900000,0.5055000185966492
44,100,1910000,
44,100,1920000,
44,100,1930000,
44,100,1940000,
44,100,1950000,
44,100,1960000,
44,100,1970000,
44,100,1980000,
44,100,1990000,
44,100,2000000,0.529699981212616
44,100,2010000,
44,100,2020000,
44,100,2030000,
44,100,2040000,
44,100,2050000,
44,100,2060000,
44,100,2070000,
44,100,2080000,
44,100,2090000,
44,100,2100000,0.5509999990463257
44,100,2110000,
44,100,2120000,
44,100,2130000,
44,100,2140000,
44,100,2150000,
44,100,2160000,
44,100,2170000,
44,100,2180000,
44,100,2190000,
44,100,2200000,0.5669000148773193
44,100,2210000,
44,100,2220000,
44,100,2230000,
44,100,2240000,
44,100,2250000,
44,100,2260000,
44,100,2270000,
44,100,2280000,
44,100,2290000,
44,100,2300000,0.5910000205039978
44,100,2310000,
44,100,2320000,
44,100,2330000,
44,100,2340000,
44,100,2350000,
44,100,2360000,
44,100,2370000,
44,100,2380000,
44,100,2390000,
44,100,2400000,0.5870000123977661
44,100,2410000,
44,100,2420000,
44,100,2430000,
44,100,2440000,
44,100,2450000,
44,100,2460000,
44,100,2470000,
44,100,2480000,
44,100,2490000,
44,100,2500000,0.5963000059127808
44,100,2510000,
44,100,2520000,
44,100,2530000,
44,100,2540000,
44,100,2550000,
44,100,2560000,
44,100,2570000,
44,100,2580000,
44,100,2590000,
44,100,2600000,0.6211000084877014
44,100,2610000,
44,100,2620000,
44,100,2630000,
44,100,2640000,
44,100,2650000,
44,100,2660000,
44,100,2670000,
44,100,2680000,
44,100,2690000,
44,100,2700000,0.670199990272522
44,100,2710000,
44,100,2720000,
44,100,2730000,
44,100,2740000,
44,100,2750000,
44,100,2760000,
44,100,2770000,
44,100,2780000,
44,100,2790000,
44,100,2800000,0.6466000080108643
44,100,2810000,
44,100,2820000,
44,100,2830000,
44,100,2840000,
44,100,2850000,
44,100,2860000,
44,100,2870000,
44,100,2880000,
44,100,2890000,
44,100,2900000,0.6542999744415283
44,100,2910000,
44,100,2920000,
44,100,2930000,
44,100,2940000,
44,100,2950000,
44,100,2960000,
44,100,2970000,
44,100,2980000,
44,100,2990000,
44,100,3000000,0.6780999898910522
44,100,3010000,
44,100,3020000,
44,100,3030000,
44,100,3040000,
44,100,3050000,
44,100,3060000,
44,100,3070000,
44,100,3080000,
44,100,3090000,
44,100,3100000,0.675000011920929
44,100,3110000,
44,100,3120000,
44,100,3130000,
44,100,3140000,
44,100,3150000,
44,100,3160000,
44,100,3170000,
44,100,3180000,
44,100,3190000,
44,100,3200000,0.6855999827384949
44,100,3210000,
44,100,3220000,
44,100,3230000,
44,100,3240000,
44,100,3250000,
44,100,3260000,
44,100,3270000,
44,100,3280000,
44,100,3290000,
44,100,3300000,0.6976000070571899
44,100,3310000,
44,100,3320000,
44,100,3330000,
44,100,3340000,
44,100,3350000,
44,100,3360000,
44,100,3370000,
44,100,3380000,
44,100,3390000,
44,100,3400000,0.7092000246047974
44,100,3410000,
44,100,3420000,
44,100,3430000,
44,100,3440000,
44,100,3450000,
44,100,3460000,
44,100,3470000,
44,100,3480000,
44,100,3490000,
44,100,3500000,0.7116000056266785
44,100,3510000,
44,100,3520000,
44,100,3530000,
44,100,3540000,
44,100,3550000,
44,100,3560000,
44,100,3570000,
44,100,3580000,
44,100,3590000,
44,100,3600000,0.7135999798774719
44,100,3610000,
44,100,3620000,
44,100,3630000,
44,100,3640000,
44,100,3650000,
44,100,3660000,
44,100,3670000,
44,100,3680000,
44,100,3690000,
44,100,3700000,0.7409999966621399
44,100,3710000,
44,100,3720000,
44,100,3730000,
44,100,3740000,
44,100,3750000,
44,100,3760000,
44,100,3770000,
44,100,3780000,
44,100,3790000,
44,100,3800000,0.71670001745224
44,100,3810000,
44,100,3820000,
44,100,3830000,
44,100,3840000,
44,100,3850000,
44,100,3860000,
44,100,3870000,
44,100,3880000,
44,100,3890000,
44,100,3900000,0.732699990272522
44,100,3910000,
44,100,3920000,
44,100,3930000,
44,100,3940000,
44,100,3950000,
44,100,3960000,
44,100,3970000,
44,100,3980000,
44,100,3990000,
44,100,4000000,0.7419000267982483
44,100,4010000,
44,100,4020000,
44,100,4030000,
44,100,4040000,
44,100,4050000,
44,100,4060000,
44,100,4070000,
44,100,4080000,
44,100,4090000,
44,100,4100000,0.7404000163078308
44,100,4110000,
44,100,4120000,
44,100,4130000,
44,100,4140000,
44,100,4150000,
44,100,4160000,
44,100,4170000,
44,100,4180000,
44,100,4190000,
44,100,4200000,0.7476000189781189
44,100,4210000,
44,100,4220000,
44,100,4230000,
44,100,4240000,
44,100,4250000,
44,100,4260000,
44,100,4270000,
44,100,4280000,
44,100,4290000,
44,100,4300000,0.7414000034332275
44,100,4310000,
44,100,4320000,
44,100,4330000,
44,100,4340000,
44,100,4350000,
44,100,4360000,
44,100,4370000,
44,100,4380000,
44,100,4390000,
44,100,4400000,0.7627000212669373
44,100,4410000,
44,100,4420000,
44,100,4430000,
44,100,4440000,
44,100,4450000,
44,100,4460000,
44,100,4470000,
44,100,4480000,
44,100,4490000,
44,100,4500000,0.7656000256538391
44,100,4510000,
44,100,4520000,
44,100,4530000,
44,100,4540000,
44,100,4550000,
44,100,4560000,
44,100,4570000,
44,100,4580000,
44,100,4590000,
44,100,4600000,0.7720999717712402
44,100,4610000,
44,100,4620000,
44,100,4630000,
44,100,4640000,
44,100,4650000,
44,100,4660000,
44,100,4670000,
44,100,4680000,
44,100,4690000,
44,100,4700000,0.7677000164985657
44,100,4710000,
44,100,4720000,
44,100,4730000,
44,100,4740000,
44,100,4750000,
44,100,4760000,
44,100,4770000,
44,100,4780000,
44,100,4790000,
44,100,4800000,0.7699999809265137
44,100,4810000,
44,100,4820000,
44,100,4830000,
44,100,4840000,
44,100,4850000,
44,100,4860000,
44,100,4870000,
44,100,4880000,
44,100,4890000,
44,100,4900000,0.7736999988555908
44,100,4910000,
44,100,4920000,
44,100,4930000,
44,100,4940000,
44,100,4950000,
44,100,4960000,
44,100,4970000,
44,100,4980000,
44,100,4990000,
44,100,5000000,0.7716000080108643
44,120,1,0.0
44,120,10000,
44,120,20000,
44,120,30000,
44,120,40000,
44,120,50000,
44,120,60000,
44,120,70000,
44,120,80000,
44,120,90000,
44,120,100000,0.00039999998989515007
44,120,110000,
44,120,120000,
44,120,130000,
44,120,140000,
44,120,150000,
44,120,160000,
44,120,170000,
44,120,180000,
44,120,190000,
44,120,200000,0.005100000184029341
44,120,210000,
44,120,220000,
44,120,230000,
44,120,240000,
44,120,250000,
44,120,260000,
44,120,270000,
44,120,280000,
44,120,290000,
44,120,300000,0.01940000057220459
44,120,310000,
44,120,320000,
44,120,330000,
44,120,340000,
44,120,350000,
44,120,360000,
44,120,370000,
44,120,380000,
44,120,390000,
44,120,400000,0.03370000049471855
44,120,410000,
44,120,420000,
44,120,430000,
44,120,440000,
44,120,450000,
44,120,460000,
44,120,470000,
44,120,480000,
44,120,490000,
44,120,500000,0.0421999990940094
44,120,510000,
44,120,520000,
44,120,530000,
44,120,540000,
44,120,550000,
44,120,560000,
44,120,570000,
44,120,580000,
44,120,590000,
44,120,600000,0.05770000070333481
44,120,610000,
44,120,620000,
44,120,630000,
44,120,640000,
44,120,650000,
44,120,660000,
44,120,670000,
44,120,680000,
44,120,690000,
44,120,700000,0.0706000030040741
44,120,710000,
44,120,720000,
44,120,730000,
44,120,740000,
44,120,750000,
44,120,760000,
44,120,770000,
44,120,780000,
44,120,790000,
44,120,800000,0.07890000194311142
44,120,810000,
44,120,820000,
44,120,830000,
44,120,840000,
44,120,850000,
44,120,860000,
44,120,870000,
44,120,880000,
44,120,890000,
44,120,900000,0.1039000004529953
44,120,910000,
44,120,920000,
44,120,930000,
44,120,940000,
44,120,950000,
44,120,960000,
44,120,970000,
44,120,980000,
44,120,990000,
44,120,1000000,0.13519999384880066
44,120,1010000,
44,120,1020000,
44,120,1030000,
44,120,1040000,
44,120,1050000,
44,120,1060000,
44,120,1070000,
44,120,1080000,
44,120,1090000,
44,120,1100000,0.1542000025510788
44,120,1110000,
44,120,1120000,
44,120,1130000,
44,120,1140000,
44,120,1150000,
44,120,1160000,
44,120,1170000,
44,120,1180000,
44,120,1190000,
44,120,1200000,0.1859000027179718
44,120,1210000,
44,120,1220000,
44,120,1230000,
44,120,1240000,
44,120,1250000,
44,120,1260000,
44,120,1270000,
44,120,1280000,
44,120,1290000,
44,120,1300000,0.2021999955177307
44,120,1310000,
44,120,1320000,
44,120,1330000,
44,120,1340000,
44,120,1350000,
44,120,1360000,
44,120,1370000,
44,120,1380000,
44,120,1390000,
44,120,1400000,0.23440000414848328
44,120,1410000,
44,120,1420000,
44,120,1430000,
44,120,1440000,
44,120,1450000,
44,120,1460000,
44,120,1470000,
44,120,1480000,
44,120,1490000,
44,120,1500000,0.26669999957084656
44,120,1510000,
44,120,1520000,
44,120,1530000,
44,120,1540000,
44,120,1550000,
44,120,1560000,
44,120,1570000,
44,120,1580000,
44,120,1590000,
44,120,1600000,0.30000001192092896
44,120,1610000,
44,120,1620000,
44,120,1630000,
44,120,1640000,
44,120,1650000,
44,120,1660000,
44,120,1670000,
44,120,1680000,
44,120,1690000,
44,120,1700000,0.33169999718666077
44,120,1710000,
44,120,1720000,
44,120,1730000,
44,120,1740000,
44,120,1750000,
44,120,1760000,
44,120,1770000,
44,120,1780000,
44,120,1790000,
44,120,1800000,0.3637000024318695
44,120,1810000,
44,120,1820000,
44,120,1830000,
44,120,1840000,
44,120,1850000,
44,120,1860000,
44,120,1870000,
44,120,1880000,
44,120,1890000,
44,120,1900000,0.39879998564720154
44,120,1910000,
44,120,1920000,
44,120,1930000,
44,120,1940000,
44,120,1950000,
44,120,1960000,
44,120,1970000,
44,120,1980000,
44,120,1990000,
44,120,2000000,0.4153999984264374
44,120,2010000,
44,120,2020000,
44,120,2030000,
44,120,2040000,
44,120,2050000,
44,120,2060000,
44,120,2070000,
44,120,2080000,
44,120,2090000,
44,120,2100000,0.4603999853134155
44,120,2110000,
44,120,2120000,
44,120,2130000,
44,120,2140000,
44,120,2150000,
44,120,2160000,
44,120,2170000,
44,120,2180000,
44,120,2190000,
44,120,2200000,0.47929999232292175
44,120,2210000,
44,120,2220000,
44,120,2230000,
44,120,2240000,
44,120,2250000,
44,120,2260000,
44,120,2270000,
44,120,2280000,
44,120,2290000,
44,120,2300000,0.48100000619888306
44,120,2310000,
44,120,2320000,
44,120,2330000,
44,120,2340000,
44,120,2350000,
44,120,2360000,
44,120,2370000,
44,120,2380000,
44,120,2390000,
44,120,2400000,0.4871000051498413
44,120,2410000,
44,120,2420000,
44,120,2430000,
44,120,2440000,
44,120,2450000,
44,120,2460000,
44,120,2470000,
44,120,2480000,
44,120,2490000,
44,120,2500000,0.5338000059127808
44,120,2510000,
44,120,2520000,
44,120,2530000,
44,120,2540000,
44,120,2550000,
44,120,2560000,
44,120,2570000,
44,120,2580000,
44,120,2590000,
44,120,2600000,0.5184000134468079
44,120,2610000,
44,120,2620000,
44,120,2630000,
44,120,2640000,
44,120,2650000,
44,120,2660000,
44,120,2670000,
44,120,2680000,
44,120,2690000,
44,120,2700000,0.5558000206947327
44,120,2710000,
44,120,2720000,
44,120,2730000,
44,120,2740000,
44,120,2750000,
44,120,2760000,
44,120,2770000,
44,120,2780000,
44,120,2790000,
44,120,2800000,0.5590000152587891
44,120,2810000,
44,120,2820000,
44,120,2830000,
44,120,2840000,
44,120,2850000,
44,120,2860000,
44,120,2870000,
44,120,2880000,
44,120,2890000,
44,120,2900000,0.5694000124931335
44,120,2910000,
44,120,2920000,
44,120,2930000,
44,120,2940000,
44,120,2950000,
44,120,2960000,
44,120,2970000,
44,120,2980000,
44,120,2990000,
44,120,3000000,0.5810999870300293
44,120,3010000,
44,120,3020000,
44,120,3030000,
44,120,3040000,
44,120,3050000,
44,120,3060000,
44,120,3070000,
44,120,3080000,
44,120,3090000,
44,120,3100000,0.6144999861717224
44,120,3110000,
44,120,3120000,
44,120,3130000,
44,120,3140000,
44,120,3150000,
44,120,3160000,
44,120,3170000,
44,120,3180000,
44,120,3190000,
44,120,3200000,0.6200000047683716
44,120,3210000,
44,120,3220000,
44,120,3230000,
44,120,3240000,
44,120,3250000,
44,120,3260000,
44,120,3270000,
44,120,3280000,
44,120,3290000,
44,120,3300000,0.6471999883651733
44,120,3310000,
44,120,3320000,
44,120,3330000,
44,120,3340000,
44,120,3350000,
44,120,3360000,
44,120,3370000,
44,120,3380000,
44,120,3390000,
44,120,3400000,0.6269999742507935
44,120,3410000,
44,120,3420000,
44,120,3430000,
44,120,3440000,
44,120,3450000,
44,120,3460000,
44,120,3470000,
44,120,3480000,
44,120,3490000,
44,120,3500000,0.6489999890327454
44,120,3510000,
44,120,3520000,
44,120,3530000,
44,120,3540000,
44,120,3550000,
44,120,3560000,
44,120,3570000,
44,120,3580000,
44,120,3590000,
44,120,3600000,0.6338000297546387
44,120,3610000,
44,120,3620000,
44,120,3630000,
44,120,3640000,
44,120,3650000,
44,120,3660000,
44,120,3670000,
44,120,3680000,
44,120,3690000,
44,120,3700000,0.6615999937057495
44,120,3710000,
44,120,3720000,
44,120,3730000,
44,120,3740000,
44,120,3750000,
44,120,3760000,
44,120,3770000,
44,120,3780000,
44,120,3790000,
44,120,3800000,0.6607000231742859
44,120,3810000,
44,120,3820000,
44,120,3830000,
44,120,3840000,
44,120,3850000,
44,120,3860000,
44,120,3870000,
44,120,3880000,
44,120,3890000,
44,120,3900000,0.6797000169754028
44,120,3910000,
44,120,3920000,
44,120,3930000,
44,120,3940000,
44,120,3950000,
44,120,3960000,
44,120,3970000,
44,120,3980000,
44,120,3990000,
44,120,4000000,0.6671000123023987
44,120,4010000,
44,120,4020000,
44,120,4030000,
44,120,4040000,
44,120,4050000,
44,120,4060000,
44,120,4070000,
44,120,4080000,
44,120,4090000,
44,120,4100000,0.6886000037193298
44,120,4110000,
44,120,4120000,
44,120,4130000,
44,120,4140000,
44,120,4150000,
44,120,4160000,
44,120,4170000,
44,120,4180000,
44,120,4190000,
44,120,4200000,0.6858000159263611
44,120,4210000,
44,120,4220000,
44,120,4230000,
44,120,4240000,
44,120,4250000,
44,120,4260000,
44,120,4270000,
44,120,4280000,
44,120,4290000,
44,120,4300000,0.7002000212669373
44,120,4310000,
44,120,4320000,
44,120,4330000,
44,120,4340000,
44,120,4350000,
44,120,4360000,
44,120,4370000,
44,120,4380000,
44,120,4390000,
44,120,4400000,0.7009000182151794
44,120,4410000,
44,120,4420000,
44,120,4430000,
44,120,4440000,
44,120,4450000,
44,120,4460000,
44,120,4470000,
44,120,4480000,
44,120,4490000,
44,120,4500000,0.7218999862670898
44,120,4510000,
44,120,4520000,
44,120,4530000,
44,120,4540000,
44,120,4550000,
44,120,4560000,
44,120,4570000,
44,120,4580000,
44,120,4590000,
44,120,4600000,0.7279000282287598
44,120,4610000,
44,120,4620000,
44,120,4630000,
44,120,4640000,
44,120,4650000,
44,120,4660000,
44,120,4670000,
44,120,4680000,
44,120,4690000,
44,120,4700000,0.7063999772071838
44,120,4710000,
44,120,4720000,
44,120,4730000,
44,120,4740000,
44,120,4750000,
44,120,4760000,
44,120,4770000,
44,120,4780000,
44,120,4790000,
44,120,4800000,0.7304999828338623
44,120,4810000,
44,120,4820000,
44,120,4830000,
44,120,4840000,
44,120,4850000,
44,120,4860000,
44,120,4870000,
44,120,4880000,
44,120,4890000,
44,120,4900000,0.7337999939918518
44,120,4910000,
44,120,4920000,
44,120,4930000,
44,120,4940000,
44,120,4950000,
44,120,4960000,
44,120,4970000,
44,120,4980000,
44,120,4990000,
44,120,5000000,0.7311999797821045
44,140,1,0.0
44,140,10000,
44,140,20000,
44,140,30000,
44,140,40000,
44,140,50000,
44,140,60000,
44,140,70000,
44,140,80000,
44,140,90000,
44,140,100000,9.999999747378752e-05
44,140,110000,
44,140,120000,
44,140,130000,
44,140,140000,
44,140,150000,
44,140,160000,
44,140,170000,
44,140,180000,
44,140,190000,
44,140,200000,0.0010000000474974513
44,140,210000,
44,140,220000,
44,140,230000,
44,140,240000,
44,140,250000,
44,140,260000,
44,140,270000,
44,140,280000,
44,140,290000,
44,140,300000,0.008700000122189522
44,140,310000,
44,140,320000,
44,140,330000,
44,140,340000,
44,140,350000,
44,140,360000,
44,140,370000,
44,140,380000,
44,140,390000,
44,140,400000,0.017500000074505806
44,140,410000,
44,140,420000,
44,140,430000,
44,140,440000,
44,140,450000,
44,140,460000,
44,140,470000,
44,140,480000,
44,140,490000,
44,140,500000,0.03359999880194664
44,140,510000,
44,140,520000,
44,140,530000,
44,140,540000,
44,140,550000,
44,140,560000,
44,140,570000,
44,140,580000,
44,140,590000,
44,140,600000,0.04670000076293945
44,140,610000,
44,140,620000,
44,140,630000,
44,140,640000,
44,140,650000,
44,140,660000,
44,140,670000,
44,140,680000,
44,140,690000,
44,140,700000,0.05810000002384186
44,140,710000,
44,140,720000,
44,140,730000,
44,140,740000,
44,140,750000,
44,140,760000,
44,140,770000,
44,140,780000,
44,140,790000,
44,140,800000,0.07410000264644623
44,140,810000,
44,140,820000,
44,140,830000,
44,140,840000,
44,140,850000,
44,140,860000,
44,140,870000,
44,140,880000,
44,140,890000,
44,140,900000,0.10119999945163727
44,140,910000,
44,140,920000,
44,140,930000,
44,140,940000,
44,140,950000,
44,140,960000,
44,140,970000,
44,140,980000,
44,140,990000,
44,140,1000000,0.1185000017285347
44,140,1010000,
44,140,1020000,
44,140,1030000,
44,140,1040000,
44,140,1050000,
44,140,1060000,
44,140,1070000,
44,140,1080000,
44,140,1090000,
44,140,1100000,0.1468999981880188
44,140,1110000,
44,140,1120000,
44,140,1130000,
44,140,1140000,
44,140,1150000,
44,140,1160000,
44,140,1170000,
44,140,1180000,
44,140,1190000,
44,140,1200000,0.17190000414848328
44,140,1210000,
44,140,1220000,
44,140,1230000,
44,140,1240000,
44,140,1250000,
44,140,1260000,
44,140,1270000,
44,140,1280000,
44,140,1290000,
44,140,1300000,0.22429999709129333
44,140,1310000,
44,140,1320000,
44,140,1330000,
44,140,1340000,
44,140,1350000,
44,140,1360000,
44,140,1370000,
44,140,1380000,
44,140,1390000,
44,140,1400000,0.25380000472068787
44,140,1410000,
44,140,1420000,
44,140,1430000,
44,140,1440000,
44,140,1450000,
44,140,1460000,
44,140,1470000,
44,140,1480000,
44,140,1490000,
44,140,1500000,0.2721000015735626
44,140,1510000,
44,140,1520000,
44,140,1530000,
44,140,1540000,
44,140,1550000,
44,140,1560000,
44,140,1570000,
44,140,1580000,
44,140,1590000,
44,140,1600000,0.31310001015663147
44,140,1610000,
44,140,1620000,
44,140,1630000,
44,140,1640000,
44,140,1650000,
44,140,1660000,
44,140,1670000,
44,140,1680000,
44,140,1690000,
44,140,1700000,0.3353999853134155
44,140,1710000,
44,140,1720000,
44,140,1730000,
44,140,1740000,
44,140,1750000,
44,140,1760000,
44,140,1770000,
44,140,1780000,
44,140,1790000,
44,140,1800000,0.36309999227523804
44,140,1810000,
44,140,1820000,
44,140,1830000,
44,140,1840000,
44,140,1850000,
44,140,1860000,
44,140,1870000,
44,140,1880000,
44,140,1890000,
44,140,1900000,0.40290001034736633
44,140,1910000,
44,140,1920000,
44,140,1930000,
44,140,1940000,
44,140,1950000,
44,140,1960000,
44,140,1970000,
44,140,1980000,
44,140,1990000,
44,140,2000000,0.42010000348091125
44,140,2010000,
44,140,2020000,
44,140,2030000,
44,140,2040000,
44,140,2050000,
44,140,2060000,
44,140,2070000,
44,140,2080000,
44,140,2090000,
44,140,2100000,0.44760000705718994
44,140,2110000,
44,140,2120000,
44,140,2130000,
44,140,2140000,
44,140,2150000,
44,140,2160000,
44,140,2170000,
44,140,2180000,
44,140,2190000,
44,140,2200000,0.47200000286102295
44,140,2210000,
44,140,2220000,
44,140,2230000,
44,140,2240000,
44,140,2250000,
44,140,2260000,
44,140,2270000,
44,140,2280000,
44,140,2290000,
44,140,2300000,0.5067999958992004
44,140,2310000,
44,140,2320000,
44,140,2330000,
44,140,2340000,
44,140,2350000,
44,140,2360000,
44,140,2370000,
44,140,2380000,
44,140,2390000,
44,140,2400000,0.5026999711990356
44,140,2410000,
44,140,2420000,
44,140,2430000,
44,140,2440000,
44,140,2450000,
44,140,2460000,
44,140,2470000,
44,140,2480000,
44,140,2490000,
44,140,2500000,0.5097000002861023
44,140,2510000,
44,140,2520000,
44,140,2530000,
44,140,2540000,
44,140,2550000,
44,140,2560000,
44,140,2570000,
44,140,2580000,
44,140,2590000,
44,140,2600000,0.5577999949455261
44,140,2610000,
44,140,2620000,
44,140,2630000,
44,140,2640000,
44,140,2650000,
44,140,2660000,
44,140,2670000,
44,140,2680000,
44,140,2690000,
44,140,2700000,0.557699978351593
44,140,2710000,
44,140,2720000,
44,140,2730000,
44,140,2740000,
44,140,2750000,
44,140,2760000,
44,140,2770000,
44,140,2780000,
44,140,2790000,
44,140,2800000,0.5730999708175659
44,140,2810000,
44,140,2820000,
44,140,2830000,
44,140,2840000,
44,140,2850000,
44,140,2860000,
44,140,2870000,
44,140,2880000,
44,140,2890000,
44,140,2900000,0.590399980545044
44,140,2910000,
44,140,2920000,
44,140,2930000,
44,140,2940000,
44,140,2950000,
44,140,2960000,
44,140,2970000,
44,140,2980000,
44,140,2990000,
44,140,3000000,0.6115000247955322
44,140,3010000,
44,140,3020000,
44,140,3030000,
44,140,3040000,
44,140,3050000,
44,140,3060000,
44,140,3070000,
44,140,3080000,
44,140,3090000,
44,140,3100000,0.5989999771118164
44,140,3110000,
44,140,3120000,
44,140,3130000,
44,140,3140000,
44,140,3150000,
44,140,3160000,
44,140,3170000,
44,140,3180000,
44,140,3190000,
44,140,3200000,0.6212999820709229
44,140,3210000,
44,140,3220000,
44,140,3230000,
44,140,3240000,
44,140,3250000,
44,140,3260000,
44,140,3270000,
44,140,3280000,
44,140,3290000,
44,140,3300000,0.6190999746322632
44,140,3310000,
44,140,3320000,
44,140,3330000,
44,140,3340000,
44,140,3350000,
44,140,3360000,
44,140,3370000,
44,140,3380000,
44,140,3390000,
44,140,3400000,0.6495000123977661
44,140,3410000,
44,140,3420000,
44,140,3430000,
44,140,3440000,
44,140,3450000,
44,140,3460000,
44,140,3470000,
44,140,3480000,
44,140,3490000,
44,140,3500000,0.6589000225067139
44,140,3510000,
44,140,3520000,
44,140,3530000,
44,140,3540000,
44,140,3550000,
44,140,3560000,
44,140,3570000,
44,140,3580000,
44,140,3590000,
44,140,3600000,0.6442999839782715
44,140,3610000,
44,140,3620000,
44,140,3630000,
44,140,3640000,
44,140,3650000,
44,140,3660000,
44,140,3670000,
44,140,3680000,
44,140,3690000,
44,140,3700000,0.6891999840736389
44,140,3710000,
44,140,3720000,
44,140,3730000,
44,140,3740000,
44,140,3750000,
44,140,3760000,
44,140,3770000,
44,140,3780000,
44,140,3790000,
44,140,3800000,0.6464999914169312
44,140,3810000,
44,140,3820000,
44,140,3830000,
44,140,3840000,
44,140,3850000,
44,140,3860000,
44,140,3870000,
44,140,3880000,
44,140,3890000,
44,140,3900000,0.697700023651123
44,140,3910000,
44,140,3920000,
44,140,3930000,
44,140,3940000,
44,140,3950000,
44,140,3960000,
44,140,3970000,
44,140,3980000,
44,140,3990000,
44,140,4000000,0.7044000029563904
44,140,4010000,
44,140,4020000,
44,140,4030000,
44,140,4040000,
44,140,4050000,
44,140,4060000,
44,140,4070000,
44,140,4080000,
44,140,4090000,
44,140,4100000,0.6960999965667725
44,140,4110000,
44,140,4120000,
44,140,4130000,
44,140,4140000,
44,140,4150000,
44,140,4160000,
44,140,4170000,
44,140,4180000,
44,140,4190000,
44,140,4200000,0.7099000215530396
44,140,4210000,
44,140,4220000,
44,140,4230000,
44,140,4240000,
44,140,4250000,
44,140,4260000,
44,140,4270000,
44,140,4280000,
44,140,4290000,
44,140,4300000,0.7211999893188477
44,140,4310000,
44,140,4320000,
44,140,4330000,
44,140,4340000,
44,140,4350000,
44,140,4360000,
44,140,4370000,
44,140,4380000,
44,140,4390000,
44,140,4400000,0.7156999707221985
44,140,4410000,
44,140,4420000,
44,140,4430000,
44,140,4440000,
44,140,4450000,
44,140,4460000,
44,140,4470000,
44,140,4480000,
44,140,4490000,
44,140,4500000,0.7285000085830688
44,140,4510000,
44,140,4520000,
44,140,4530000,
44,140,4540000,
44,140,4550000,
44,140,4560000,
44,140,4570000,
44,140,4580000,
44,140,4590000,
44,140,4600000,0.739300012588501
44,140,4610000,
44,140,4620000,
44,140,4630000,
44,140,4640000,
44,140,4650000,
44,140,4660000,
44,140,4670000,
44,140,4680000,
44,140,4690000,
44,140,4700000,0.7271000146865845
44,140,4710000,
44,140,4720000,
44,140,4730000,
44,140,4740000,
44,140,4750000,
44,140,4760000,
44,140,4770000,
44,140,4780000,
44,140,4790000,
44,140,4800000,0.7335000038146973
44,140,4810000,
44,140,4820000,
44,140,4830000,
44,140,4840000,
44,140,4850000,
44,140,4860000,
44,140,4870000,
44,140,4880000,
44,140,4890000,
44,140,4900000,0.7394999861717224
44,140,4910000,
44,140,4920000,
44,140,4930000,
44,140,4940000,
44,140,4950000,
44,140,4960000,
44,140,4970000,
44,140,4980000,
44,140,4990000,
44,140,5000000,0.7324000000953674
44,160,1,0.0
44,160,10000,
44,160,20000,
44,160,30000,
44,160,40000,
44,160,50000,
44,160,60000,
44,160,70000,
44,160,80000,
44,160,90000,
44,160,100000,9.999999747378752e-05
44,160,110000,
44,160,120000,
44,160,130000,
44,160,140000,
44,160,150000,
44,160,160000,
44,160,170000,
44,160,180000,
44,160,190000,
44,160,200000,0.0003000000142492354
44,160,210000,
44,160,220000,
44,160,230000,
44,160,240000,
44,160,250000,
44,160,260000,
44,160,270000,
44,160,280000,
44,160,290000,
44,160,300000,0.0019000000320374966
44,160,310000,
44,160,320000,
44,160,330000,
44,160,340000,
44,160,350000,
44,160,360000,
44,160,370000,
44,160,380000,
44,160,390000,
44,160,400000,0.0026000000070780516
44,160,410000,
44,160,420000,
44,160,430000,
44,160,440000,
44,160,450000,
44,160,460000,
44,160,470000,
44,160,480000,
44,160,490000,
44,160,500000,0.006300000008195639
44,160,510000,
44,160,520000,
44,160,530000,
44,160,540000,
44,160,550000,
44,160,560000,
44,160,570000,
44,160,580000,
44,160,590000,
44,160,600000,0.012900000438094139
44,160,610000,
44,160,620000,
44,160,630000,
44,160,640000,
44,160,650000,
44,160,660000,
44,160,670000,
44,160,680000,
44,160,690000,
44,160,700000,0.016899999231100082
44,160,710000,
44,160,720000,
44,160,730000,
44,160,740000,
44,160,750000,
44,160,760000,
44,160,770000,
44,160,780000,
44,160,790000,
44,160,800000,0.024000000208616257
44,160,810000,
44,160,820000,
44,160,830000,
44,160,840000,
44,160,850000,
44,160,860000,
44,160,870000,
44,160,880000,
44,160,890000,
44,160,900000,0.04039999842643738
44,160,910000,
44,160,920000,
44,160,930000,
44,160,940000,
44,160,950000,
44,160,960000,
44,160,970000,
44,160,980000,
44,160,990000,
44,160,1000000,0.052400000393390656
44,160,1010000,
44,160,1020000,
44,160,1030000,
44,160,1040000,
44,160,1050000,
44,160,1060000,
44,160,1070000,
44,160,1080000,
44,160,1090000,
44,160,1100000,0.07270000129938126
44,160,1110000,
44,160,1120000,
44,160,1130000,
44,160,1140000,
44,160,1150000,
44,160,1160000,
44,160,1170000,
44,160,1180000,
44,160,1190000,
44,160,1200000,0.10350000113248825
44,160,1210000,
44,160,1220000,
44,160,1230000,
44,160,1240000,
44,160,1250000,
44,160,1260000,
44,160,1270000,
44,160,1280000,
44,160,1290000,
44,160,1300000,0.12620000541210175
44,160,1310000,
44,160,1320000,
44,160,1330000,
44,160,1340000,
44,160,1350000,
44,160,1360000,
44,160,1370000,
44,160,1380000,
44,160,1390000,
44,160,1400000,0.14259999990463257
44,160,1410000,
44,160,1420000,
44,160,1430000,
44,160,1440000,
44,160,1450000,
44,160,1460000,
44,160,1470000,
44,160,1480000,
44,160,1490000,
44,160,1500000,0.16089999675750732
44,160,1510000,
44,160,1520000,
44,160,1530000,
44,160,1540000,
44,160,1550000,
44,160,1560000,
44,160,1570000,
44,160,1580000,
44,160,1590000,
44,160,1600000,0.19859999418258667
44,160,1610000,
44,160,1620000,
44,160,1630000,
44,160,1640000,
44,160,1650000,
44,160,1660000,
44,160,1670000,
44,160,1680000,
44,160,1690000,
44,160,1700000,0.21870000660419464
44,160,1710000,
44,160,1720000,
44,160,1730000,
44,160,1740000,
44,160,1750000,
44,160,1760000,
44,160,1770000,
44,160,1780000,
44,160,1790000,
44,160,1800000,0.20800000429153442
44,160,1810000,
44,160,1820000,
44,160,1830000,
44,160,1840000,
44,160,1850000,
44,160,1860000,
44,160,1870000,
44,160,1880000,
44,160,1890000,
44,160,1900000,0.2671000063419342
44,160,1910000,
44,160,1920000,
44,160,1930000,
44,160,1940000,
44,160,1950000,
44,160,1960000,
44,160,1970000,
44,160,1980000,
44,160,1990000,
44,160,2000000,0.2872999906539917
44,160,2010000,
44,160,2020000,
44,160,2030000,
44,160,2040000,
44,160,2050000,
44,160,2060000,
44,160,2070000,
44,160,2080000,
44,160,2090000,
44,160,2100000,0.3125
44,160,2110000,
44,160,2120000,
44,160,2130000,
44,160,2140000,
44,160,2150000,
44,160,2160000,
44,160,2170000,
44,160,2180000,
44,160,2190000,
44,160,2200000,0.2962000072002411
44,160,2210000,
44,160,2220000,
44,160,2230000,
44,160,2240000,
44,160,2250000,
44,160,2260000,
44,160,2270000,
44,160,2280000,
44,160,2290000,
44,160,2300000,0.3027999997138977
44,160,2310000,
44,160,2320000,
44,160,2330000,
44,160,2340000,
44,160,2350000,
44,160,2360000,
44,160,2370000,
44,160,2380000,
44,160,2390000,
44,160,2400000,0.35929998755455017
44,160,2410000,
44,160,2420000,
44,160,2430000,
44,160,2440000,
44,160,2450000,
44,160,2460000,
44,160,2470000,
44,160,2480000,
44,160,2490000,
44,160,2500000,0.35190001130104065
44,160,2510000,
44,160,2520000,
44,160,2530000,
44,160,2540000,
44,160,2550000,
44,160,2560000,
44,160,2570000,
44,160,2580000,
44,160,2590000,
44,160,2600000,0.34040001034736633
44,160,2610000,
44,160,2620000,
44,160,2630000,
44,160,2640000,
44,160,2650000,
44,160,2660000,
44,160,2670000,
44,160,2680000,
44,160,2690000,
44,160,2700000,0.3869999945163727
44,160,2710000,
44,160,2720000,
44,160,2730000,
44,160,2740000,
44,160,2750000,
44,160,2760000,
44,160,2770000,
44,160,2780000,
44,160,2790000,
44,160,2800000,0.3828999996185303
44,160,2810000,
44,160,2820000,
44,160,2830000,
44,160,2840000,
44,160,2850000,
44,160,2860000,
44,160,2870000,
44,160,2880000,
44,160,2890000,
44,160,2900000,0.37070000171661377
44,160,2910000,
44,160,2920000,
44,160,2930000,
44,160,2940000,
44,160,2950000,
44,160,2960000,
44,160,2970000,
44,160,2980000,
44,160,2990000,
44,160,3000000,0.4334000051021576
44,160,3010000,
44,160,3020000,
44,160,3030000,
44,160,3040000,
44,160,3050000,
44,160,3060000,
44,160,3070000,
44,160,3080000,
44,160,3090000,
44,160,3100000,0.4544999897480011
44,160,3110000,
44,160,3120000,
44,160,3130000,
44,160,3140000,
44,160,3150000,
44,160,3160000,
44,160,3170000,
44,160,3180000,
44,160,3190000,
44,160,3200000,0.4133000075817108
44,160,3210000,
44,160,3220000,
44,160,3230000,
44,160,3240000,
44,160,3250000,
44,160,3260000,
44,160,3270000,
44,160,3280000,
44,160,3290000,
44,160,3300000,0.4106999933719635
44,160,3310000,
44,160,3320000,
44,160,3330000,
44,160,3340000,
44,160,3350000,
44,160,3360000,
44,160,3370000,
44,160,3380000,
44,160,3390000,
44,160,3400000,0.43950000405311584
44,160,3410000,
44,160,3420000,
44,160,3430000,
44,160,3440000,
44,160,3450000,
44,160,3460000,
44,160,3470000,
44,160,3480000,
44,160,3490000,
44,160,3500000,0.4544999897480011
44,160,3510000,
44,160,3520000,
44,160,3530000,
44,160,3540000,
44,160,3550000,
44,160,3560000,
44,160,3570000,
44,160,3580000,
44,160,3590000,
44,160,3600000,0.4074999988079071
44,160,3610000,
44,160,3620000,
44,160,3630000,
44,160,3640000,
44,160,3650000,
44,160,3660000,
44,160,3670000,
44,160,3680000,
44,160,3690000,
44,160,3700000,0.4790000021457672
44,160,3710000,
44,160,3720000,
44,160,3730000,
44,160,3740000,
44,160,3750000,
44,160,3760000,
44,160,3770000,
44,160,3780000,
44,160,3790000,
44,160,3800000,0.49950000643730164
44,160,3810000,
44,160,3820000,
44,160,3830000,
44,160,3840000,
44,160,3850000,
44,160,3860000,
44,160,3870000,
44,160,3880000,
44,160,3890000,
44,160,3900000,0.4903999865055084
44,160,3910000,
44,160,3920000,
44,160,3930000,
44,160,3940000,
44,160,3950000,
44,160,3960000,
44,160,3970000,
44,160,3980000,
44,160,3990000,
44,160,4000000,0.5027999877929688
44,160,4010000,
44,160,4020000,
44,160,4030000,
44,160,4040000,
44,160,4050000,
44,160,4060000,
44,160,4070000,
44,160,4080000,
44,160,4090000,
44,160,4100000,0.5306000113487244
44,160,4110000,
44,160,4120000,
44,160,4130000,
44,160,4140000,
44,160,4150000,
44,160,4160000,
44,160,4170000,
44,160,4180000,
44,160,4190000,
44,160,4200000,0.5200999975204468
44,160,4210000,
44,160,4220000,
44,160,4230000,
44,160,4240000,
44,160,4250000,
44,160,4260000,
44,160,4270000,
44,160,4280000,
44,160,4290000,
44,160,4300000,0.49559998512268066
44,160,4310000,
44,160,4320000,
44,160,4330000,
44,160,4340000,
44,160,4350000,
44,160,4360000,
44,160,4370000,
44,160,4380000,
44,160,4390000,
44,160,4400000,0.5336999893188477
44,160,4410000,
44,160,4420000,
44,160,4430000,
44,160,4440000,
44,160,4450000,
44,160,4460000,
44,160,4470000,
44,160,4480000,
44,160,4490000,
44,160,4500000,0.5353999733924866
44,160,4510000,
44,160,4520000,
44,160,4530000,
44,160,4540000,
44,160,4550000,
44,160,4560000,
44,160,4570000,
44,160,4580000,
44,160,4590000,
44,160,4600000,0.5307999849319458
44,160,4610000,
44,160,4620000,
44,160,4630000,
44,160,4640000,
44,160,4650000,
44,160,4660000,
44,160,4670000,
44,160,4680000,
44,160,4690000,
44,160,4700000,0.4805999994277954
44,160,4710000,
44,160,4720000,
44,160,4730000,
44,160,4740000,
44,160,4750000,
44,160,4760000,
44,160,4770000,
44,160,4780000,
44,160,4790000,
44,160,4800000,0.49149999022483826
44,160,4810000,
44,160,4820000,
44,160,4830000,
44,160,4840000,
44,160,4850000,
44,160,4860000,
44,160,4870000,
44,160,4880000,
44,160,4890000,
44,160,4900000,0.5192000269889832
44,160,4910000,
44,160,4920000,
44,160,4930000,
44,160,4940000,
44,160,4950000,
44,160,4960000,
44,160,4970000,
44,160,4980000,
44,160,4990000,
44,160,5000000,0.578499972820282
44,180,1,0.0
44,180,10000,
44,180,20000,
44,180,30000,
44,180,40000,
44,180,50000,
44,180,60000,
44,180,70000,
44,180,80000,
44,180,90000,
44,180,100000,0.0
44,180,110000,
44,180,120000,
44,180,130000,
44,180,140000,
44,180,150000,
44,180,160000,
44,180,170000,
44,180,180000,
44,180,190000,
44,180,200000,0.00019999999494757503
44,180,210000,
44,180,220000,
44,180,230000,
44,180,240000,
44,180,250000,
44,180,260000,
44,180,270000,
44,180,280000,
44,180,290000,
44,180,300000,0.0005000000237487257
44,180,310000,
44,180,320000,
44,180,330000,
44,180,340000,
44,180,350000,
44,180,360000,
44,180,370000,
44,180,380000,
44,180,390000,
44,180,400000,0.00139999995008111
44,180,410000,
44,180,420000,
44,180,430000,
44,180,440000,
44,180,450000,
44,180,460000,
44,180,470000,
44,180,480000,
44,180,490000,
44,180,500000,0.0035000001080334187
44,180,510000,
44,180,520000,
44,180,530000,
44,180,540000,
44,180,550000,
44,180,560000,
44,180,570000,
44,180,580000,
44,180,590000,
44,180,600000,0.008500000461935997
44,180,610000,
44,180,620000,
44,180,630000,
44,180,640000,
44,180,650000,
44,180,660000,
44,180,670000,
44,180,680000,
44,180,690000,
44,180,700000,0.00989999994635582
44,180,710000,
44,180,720000,
44,180,730000,
44,180,740000,
44,180,750000,
44,180,760000,
44,180,770000,
44,180,780000,
44,180,790000,
44,180,800000,0.020500000566244125
44,180,810000,
44,180,820000,
44,180,830000,
44,180,840000,
44,180,850000,
44,180,860000,
44,180,870000,
44,180,880000,
44,180,890000,
44,180,900000,0.03539999946951866
44,180,910000,
44,180,920000,
44,180,930000,
44,180,940000,
44,180,950000,
44,180,960000,
44,180,970000,
44,180,980000,
44,180,990000,
44,180,1000000,0.04479999840259552
44,180,1010000,
44,180,1020000,
44,180,1030000,
44,180,1040000,
44,180,1050000,
44,180,1060000,
44,180,1070000,
44,180,1080000,
44,180,1090000,
44,180,1100000,0.059300001710653305
44,180,1110000,
44,180,1120000,
44,180,1130000,
44,180,1140000,
44,180,1150000,
44,180,1160000,
44,180,1170000,
44,180,1180000,
44,180,1190000,
44,180,1200000,0.0812000036239624
44,180,1210000,
44,180,1220000,
44,180,1230000,
44,180,1240000,
44,180,1250000,
44,180,1260000,
44,180,1270000,
44,180,1280000,
44,180,1290000,
44,180,1300000,0.08959999680519104
44,180,1310000,
44,180,1320000,
44,180,1330000,
44,180,1340000,
44,180,1350000,
44,180,1360000,
44,180,1370000,
44,180,1380000,
44,180,1390000,
44,180,1400000,0.11190000176429749
44,180,1410000,
44,180,1420000,
44,180,1430000,
44,180,1440000,
44,180,1450000,
44,180,1460000,
44,180,1470000,
44,180,1480000,
44,180,1490000,
44,180,1500000,0.14079999923706055
44,180,1510000,
44,180,1520000,
44,180,1530000,
44,180,1540000,
44,180,1550000,
44,180,1560000,
44,180,1570000,
44,180,1580000,
44,180,1590000,
44,180,1600000,0.15449999272823334
44,180,1610000,
44,180,1620000,
44,180,1630000,
44,180,1640000,
44,180,1650000,
44,180,1660000,
44,180,1670000,
44,180,1680000,
44,180,1690000,
44,180,1700000,0.19599999487400055
44,180,1710000,
44,180,1720000,
44,180,1730000,
44,180,1740000,
44,180,1750000,
44,180,1760000,
44,180,1770000,
44,180,1780000,
44,180,1790000,
44,180,1800000,0.21369999647140503
44,180,1810000,
44,180,1820000,
44,180,1830000,
44,180,1840000,
44,180,1850000,
44,180,1860000,
44,180,1870000,
44,180,1880000,
44,180,1890000,
44,180,1900000,0.2282000035047531
44,180,1910000,
44,180,1920000,
44,180,1930000,
44,180,1940000,
44,180,1950000,
44,180,1960000,
44,180,1970000,
44,180,1980000,
44,180,1990000,
44,180,2000000,0.2475000023841858
44,180,2010000,
44,180,2020000,
44,180,2030000,
44,180,2040000,
44,180,2050000,
44,180,2060000,
44,180,2070000,
44,180,2080000,
44,180,2090000,
44,180,2100000,0.259799987077713
44,180,2110000,
44,180,2120000,
44,180,2130000,
44,180,2140000,
44,180,2150000,
44,180,2160000,
44,180,2170000,
44,180,2180000,
44,180,2190000,
44,180,2200000,0.2651999890804291
44,180,2210000,
44,180,2220000,
44,180,2230000,
44,180,2240000,
44,180,2250000,
44,180,2260000,
44,180,2270000,
44,180,2280000,
44,180,2290000,
44,180,2300000,0.2651999890804291
44,180,2310000,
44,180,2320000,
44,180,2330000,
44,180,2340000,
44,180,2350000,
44,180,2360000,
44,180,2370000,
44,180,2380000,
44,180,2390000,
44,180,2400000,0.3240000009536743
44,180,2410000,
44,180,2420000,
44,180,2430000,
44,180,2440000,
44,180,2450000,
44,180,2460000,
44,180,2470000,
44,180,2480000,
44,180,2490000,
44,180,2500000,0.32580000162124634
44,180,2510000,
44,180,2520000,
44,180,2530000,
44,180,2540000,
44,180,2550000,
44,180,2560000,
44,180,2570000,
44,180,2580000,
44,180,2590000,
44,180,2600000,0.32670000195503235
44,180,2610000,
44,180,2620000,
44,180,2630000,
44,180,2640000,
44,180,2650000,
44,180,2660000,
44,180,2670000,
44,180,2680000,
44,180,2690000,
44,180,2700000,0.3391000032424927
44,180,2710000,
44,180,2720000,
44,180,2730000,
44,180,2740000,
44,180,2750000,
44,180,2760000,
44,180,2770000,
44,180,2780000,
44,180,2790000,
44,180,2800000,0.3499999940395355
44,180,2810000,
44,180,2820000,
44,180,2830000,
44,180,2840000,
44,180,2850000,
44,180,2860000,
44,180,2870000,
44,180,2880000,
44,180,2890000,
44,180,2900000,0.3743000030517578
44,180,2910000,
44,180,2920000,
44,180,2930000,
44,180,2940000,
44,180,2950000,
44,180,2960000,
44,180,2970000,
44,180,2980000,
44,180,2990000,
44,180,3000000,0.3691999912261963
44,180,3010000,
44,180,3020000,
44,180,3030000,
44,180,3040000,
44,180,3050000,
44,180,3060000,
44,180,3070000,
44,180,3080000,
44,180,3090000,
44,180,3100000,0.35199999809265137
44,180,3110000,
44,180,3120000,
44,180,3130000,
44,180,3140000,
44,180,3150000,
44,180,3160000,
44,180,3170000,
44,180,3180000,
44,180,3190000,
44,180,3200000,0.40560001134872437
44,180,3210000,
44,180,3220000,
44,180,3230000,
44,180,3240000,
44,180,3250000,
44,180,3260000,
44,180,3270000,
44,180,3280000,
44,180,3290000,
44,180,3300000,0.40639999508857727
44,180,3310000,
44,180,3320000,
44,180,3330000,
44,180,3340000,
44,180,3350000,
44,180,3360000,
44,180,3370000,
44,180,3380000,
44,180,3390000,
44,180,3400000,0.41499999165534973
44,180,3410000,
44,180,3420000,
44,180,3430000,
44,180,3440000,
44,180,3450000,
44,180,3460000,
44,180,3470000,
44,180,3480000,
44,180,3490000,
44,180,3500000,0.43970000743865967
44,180,3510000,
44,180,3520000,
44,180,3530000,
44,180,3540000,
44,180,3550000,
44,180,3560000,
44,180,3570000,
44,180,3580000,
44,180,3590000,
44,180,3600000,0.4350999891757965
44,180,3610000,
44,180,3620000,
44,180,3630000,
44,180,3640000,
44,180,3650000,
44,180,3660000,
44,180,3670000,
44,180,3680000,
44,180,3690000,
44,180,3700000,0.4569999873638153
44,180,3710000,
44,180,3720000,
44,180,3730000,
44,180,3740000,
44,180,3750000,
44,180,3760000,
44,180,3770000,
44,180,3780000,
44,180,3790000,
44,180,3800000,0.40310001373291016
44,180,3810000,
44,180,3820000,
44,180,3830000,
44,180,3840000,
44,180,3850000,
44,180,3860000,
44,180,3870000,
44,180,3880000,
44,180,3890000,
44,180,3900000,0.421099990606308
44,180,3910000,
44,180,3920000,
44,180,3930000,
44,180,3940000,
44,180,3950000,
44,180,3960000,
44,180,3970000,
44,180,3980000,
44,180,3990000,
44,180,4000000,0.47699999809265137
44,180,4010000,
44,180,4020000,
44,180,4030000,
44,180,4040000,
44,180,4050000,
44,180,4060000,
44,180,4070000,
44,180,4080000,
44,180,4090000,
44,180,4100000,0.4641999900341034
44,180,4110000,
44,180,4120000,
44,180,4130000,
44,180,4140000,
44,180,4150000,
44,180,4160000,
44,180,4170000,
44,180,4180000,
44,180,4190000,
44,180,4200000,0.48919999599456787
44,180,4210000,
44,180,4220000,
44,180,4230000,
44,180,4240000,
44,180,4250000,
44,180,4260000,
44,180,4270000,
44,180,4280000,
44,180,4290000,
44,180,4300000,0.5098999738693237
44,180,4310000,
44,180,4320000,
44,180,4330000,
44,180,4340000,
44,180,4350000,
44,180,4360000,
44,180,4370000,
44,180,4380000,
44,180,4390000,
44,180,4400000,0.48890000581741333
44,180,4410000,
44,180,4420000,
44,180,4430000,
44,180,4440000,
44,180,4450000,
44,180,4460000,
44,180,4470000,
44,180,4480000,
44,180,4490000,
44,180,4500000,0.5101000070571899
44,180,4510000,
44,180,4520000,
44,180,4530000,
44,180,4540000,
44,180,4550000,
44,180,4560000,
44,180,4570000,
44,180,4580000,
44,180,4590000,
44,180,4600000,0.5196999907493591
44,180,4610000,
44,180,4620000,
44,180,4630000,
44,180,4640000,
44,180,4650000,
44,180,4660000,
44,180,4670000,
44,180,4680000,
44,180,4690000,
44,180,4700000,0.520799994468689
44,180,4710000,
44,180,4720000,
44,180,4730000,
44,180,4740000,
44,180,4750000,
44,180,4760000,
44,180,4770000,
44,180,4780000,
44,180,4790000,
44,180,4800000,0.49799999594688416
44,180,4810000,
44,180,4820000,
44,180,4830000,
44,180,4840000,
44,180,4850000,
44,180,4860000,
44,180,4870000,
44,180,4880000,
44,180,4890000,
44,180,4900000,0.536300003528595
44,180,4910000,
44,180,4920000,
44,180,4930000,
44,180,4940000,
44,180,4950000,
44,180,4960000,
44,180,4970000,
44,180,4980000,
44,180,4990000,
44,180,5000000,0.5512999892234802
44,200,1,0.0
44,200,10000,
44,200,20000,
44,200,30000,
44,200,40000,
44,200,50000,
44,200,60000,
44,200,70000,
44,200,80000,
44,200,90000,
44,200,100000,0.0
44,200,110000,
44,200,120000,
44,200,130000,
44,200,140000,
44,200,150000,
44,200,160000,
44,200,170000,
44,200,180000,
44,200,190000,
44,200,200000,9.999999747378752e-05
44,200,210000,
44,200,220000,
44,200,230000,
44,200,240000,
44,200,250000,
44,200,260000,
44,200,270000,
44,200,280000,
44,200,290000,
44,200,300000,0.0003000000142492354
44,200,310000,
44,200,320000,
44,200,330000,
44,200,340000,
44,200,350000,
44,200,360000,
44,200,370000,
44,200,380000,
44,200,390000,
44,200,400000,0.0007999999797903001
44,200,410000,
44,200,420000,
44,200,430000,
44,200,440000,
44,200,450000,
44,200,460000,
44,200,470000,
44,200,480000,
44,200,490000,
44,200,500000,0.002899999963119626
44,200,510000,
44,200,520000,
44,200,530000,
44,200,540000,
44,200,550000,
44,200,560000,
44,200,570000,
44,200,580000,
44,200,590000,
44,200,600000,0.0071000000461936
44,200,610000,
44,200,620000,
44,200,630000,
44,200,640000,
44,200,650000,
44,200,660000,
44,200,670000,
44,200,680000,
44,200,690000,
44,200,700000,0.008899999782443047
44,200,710000,
44,200,720000,
44,200,730000,
44,200,740000,
44,200,750000,
44,200,760000,
44,200,770000,
44,200,780000,
44,200,790000,
44,200,800000,0.021299999207258224
44,200,810000,
44,200,820000,
44,200,830000,
44,200,840000,
44,200,850000,
44,200,860000,
44,200,870000,
44,200,880000,
44,200,890000,
44,200,900000,0.028300000354647636
44,200,910000,
44,200,920000,
44,200,930000,
44,200,940000,
44,200,950000,
44,200,960000,
44,200,970000,
44,200,980000,
44,200,990000,
44,200,1000000,0.042100001126527786
44,200,1010000,
44,200,1020000,
44,200,1030000,
44,200,1040000,
44,200,1050000,
44,200,1060000,
44,200,1070000,
44,200,1080000,
44,200,1090000,
44,200,1100000,0.05079999938607216
44,200,1110000,
44,200,1120000,
44,200,1130000,
44,200,1140000,
44,200,1150000,
44,200,1160000,
44,200,1170000,
44,200,1180000,
44,200,1190000,
44,200,1200000,0.06199999898672104
44,200,1210000,
44,200,1220000,
44,200,1230000,
44,200,1240000,
44,200,1250000,
44,200,1260000,
44,200,1270000,
44,200,1280000,
44,200,1290000,
44,200,1300000,0.07410000264644623
44,200,1310000,
44,200,1320000,
44,200,1330000,
44,200,1340000,
44,200,1350000,
44,200,1360000,
44,200,1370000,
44,200,1380000,
44,200,1390000,
44,200,1400000,0.09969999641180038
44,200,1410000,
44,200,1420000,
44,200,1430000,
44,200,1440000,
44,200,1450000,
44,200,1460000,
44,200,1470000,
44,200,1480000,
44,200,1490000,
44,200,1500000,0.11640000343322754
44,200,1510000,
44,200,1520000,
44,200,1530000,
44,200,1540000,
44,200,1550000,
44,200,1560000,
44,200,1570000,
44,200,1580000,
44,200,1590000,
44,200,1600000,0.13189999759197235
44,200,1610000,
44,200,1620000,
44,200,1630000,
44,200,1640000,
44,200,1650000,
44,200,1660000,
44,200,1670000,
44,200,1680000,
44,200,1690000,
44,200,1700000,0.1446000039577484
44,200,1710000,
44,200,1720000,
44,200,1730000,
44,200,1740000,
44,200,1750000,
44,200,1760000,
44,200,1770000,
44,200,1780000,
44,200,1790000,
44,200,1800000,0.14309999346733093
44,200,1810000,
44,200,1820000,
44,200,1830000,
44,200,1840000,
44,200,1850000,
44,200,1860000,
44,200,1870000,
44,200,1880000,
44,200,1890000,
44,200,1900000,0.1648000031709671
44,200,1910000,
44,200,1920000,
44,200,1930000,
44,200,1940000,
44,200,1950000,
44,200,1960000,
44,200,1970000,
44,200,1980000,
44,200,1990000,
44,200,2000000,0.20110000669956207
44,200,2010000,
44,200,2020000,
44,200,2030000,
44,200,2040000,
44,200,2050000,
44,200,2060000,
44,200,2070000,
44,200,2080000,
44,200,2090000,
44,200,2100000,0.18379999697208405
44,200,2110000,
44,200,2120000,
44,200,2130000,
44,200,2140000,
44,200,2150000,
44,200,2160000,
44,200,2170000,
44,200,2180000,
44,200,2190000,
44,200,2200000,0.2328999936580658
44,200,2210000,
44,200,2220000,
44,200,2230000,
44,200,2240000,
44,200,2250000,
44,200,2260000,
44,200,2270000,
44,200,2280000,
44,200,2290000,
44,200,2300000,0.24779999256134033
44,200,2310000,
44,200,2320000,
44,200,2330000,
44,200,2340000,
44,200,2350000,
44,200,2360000,
44,200,2370000,
44,200,2380000,
44,200,2390000,
44,200,2400000,0.2215999960899353
44,200,2410000,
44,200,2420000,
44,200,2430000,
44,200,2440000,
44,200,2450000,
44,200,2460000,
44,200,2470000,
44,200,2480000,
44,200,2490000,
44,200,2500000,0.27570000290870667
44,200,2510000,
44,200,2520000,
44,200,2530000,
44,200,2540000,
44,200,2550000,
44,200,2560000,
44,200,2570000,
44,200,2580000,
44,200,2590000,
44,200,2600000,0.2621999979019165
44,200,2610000,
44,200,2620000,
44,200,2630000,
44,200,2640000,
44,200,2650000,
44,200,2660000,
44,200,2670000,
44,200,2680000,
44,200,2690000,
44,200,2700000,0.2745000123977661
44,200,2710000,
44,200,2720000,
44,200,2730000,
44,200,2740000,
44,200,2750000,
44,200,2760000,
44,200,2770000,
44,200,2780000,
44,200,2790000,
44,200,2800000,0.2955999970436096
44,200,2810000,
44,200,2820000,
44,200,2830000,
44,200,2840000,
44,200,2850000,
44,200,2860000,
44,200,2870000,
44,200,2880000,
44,200,2890000,
44,200,2900000,0.30660000443458557
44,200,2910000,
44,200,2920000,
44,200,2930000,
44,200,2940000,
44,200,2950000,
44,200,2960000,
44,200,2970000,
44,200,2980000,
44,200,2990000,
44,200,3000000,0.30709999799728394
44,200,3010000,
44,200,3020000,
44,200,3030000,
44,200,3040000,
44,200,3050000,
44,200,3060000,
44,200,3070000,
44,200,3080000,
44,200,3090000,
44,200,3100000,0.33399999141693115
44,200,3110000,
44,200,3120000,
44,200,3130000,
44,200,3140000,
44,200,3150000,
44,200,3160000,
44,200,3170000,
44,200,3180000,
44,200,3190000,
44,200,3200000,0.3264000117778778
44,200,3210000,
44,200,3220000,
44,200,3230000,
44,200,3240000,
44,200,3250000,
44,200,3260000,
44,200,3270000,
44,200,3280000,
44,200,3290000,
44,200,3300000,0.3718999922275543
44,200,3310000,
44,200,3320000,
44,200,3330000,
44,200,3340000,
44,200,3350000,
44,200,3360000,
44,200,3370000,
44,200,3380000,
44,200,3390000,
44,200,3400000,0.38100001215934753
44,200,3410000,
44,200,3420000,
44,200,3430000,
44,200,3440000,
44,200,3450000,
44,200,3460000,
44,200,3470000,
44,200,3480000,
44,200,3490000,
44,200,3500000,0.38370001316070557
44,200,3510000,
44,200,3520000,
44,200,3530000,
44,200,3540000,
44,200,3550000,
44,200,3560000,
44,200,3570000,
44,200,3580000,
44,200,3590000,
44,200,3600000,0.38029998540878296
44,200,3610000,
44,200,3620000,
44,200,3630000,
44,200,3640000,
44,200,3650000,
44,200,3660000,
44,200,3670000,
44,200,3680000,
44,200,3690000,
44,200,3700000,0.4041999876499176
44,200,3710000,
44,200,3720000,
44,200,3730000,
44,200,3740000,
44,200,3750000,
44,200,3760000,
44,200,3770000,
44,200,3780000,
44,200,3790000,
44,200,3800000,0.36230000853538513
44,200,3810000,
44,200,3820000,
44,200,3830000,
44,200,3840000,
44,200,3850000,
44,200,3860000,
44,200,3870000,
44,200,3880000,
44,200,3890000,
44,200,3900000,0.4041999876499176
44,200,3910000,
44,200,3920000,
44,200,3930000,
44,200,3940000,
44,200,3950000,
44,200,3960000,
44,200,3970000,
44,200,3980000,
44,200,3990000,
44,200,4000000,0.42989999055862427
44,200,4010000,
44,200,4020000,
44,200,4030000,
44,200,4040000,
44,200,4050000,
44,200,4060000,
44,200,4070000,
44,200,4080000,
44,200,4090000,
44,200,4100000,0.3736000061035156
44,200,4110000,
44,200,4120000,
44,200,4130000,
44,200,4140000,
44,200,4150000,
44,200,4160000,
44,200,4170000,
44,200,4180000,
44,200,4190000,
44,200,4200000,0.41990000009536743
44,200,4210000,
44,200,4220000,
44,200,4230000,
44,200,4240000,
44,200,4250000,
44,200,4260000,
44,200,4270000,
44,200,4280000,
44,200,4290000,
44,200,4300000,0.4519999921321869
44,200,4310000,
44,200,4320000,
44,200,4330000,
44,200,4340000,
44,200,4350000,
44,200,4360000,
44,200,4370000,
44,200,4380000,
44,200,4390000,
44,200,4400000,0.4415999948978424
44,200,4410000,
44,200,4420000,
44,200,4430000,
44,200,4440000,
44,200,4450000,
44,200,4460000,
44,200,4470000,
44,200,4480000,
44,200,4490000,
44,200,4500000,0.40959998965263367
44,200,4510000,
44,200,4520000,
44,200,4530000,
44,200,4540000,
44,200,4550000,
44,200,4560000,
44,200,4570000,
44,200,4580000,
44,200,4590000,
44,200,4600000,0.4381999969482422
44,200,4610000,
44,200,4620000,
44,200,4630000,
44,200,4640000,
44,200,4650000,
44,200,4660000,
44,200,4670000,
44,200,4680000,
44,200,4690000,
44,200,4700000,0.45680001378059387
44,200,4710000,
44,200,4720000,
44,200,4730000,
44,200,4740000,
44,200,4750000,
44,200,4760000,
44,200,4770000,
44,200,4780000,
44,200,4790000,
44,200,4800000,0.45080000162124634
44,200,4810000,
44,200,4820000,
44,200,4830000,
44,200,4840000,
44,200,4850000,
44,200,4860000,
44,200,4870000,
44,200,4880000,
44,200,4890000,
44,200,4900000,0.42820000648498535
44,200,4910000,
44,200,4920000,
44,200,4930000,
44,200,4940000,
44,200,4950000,
44,200,4960000,
44,200,4970000,
44,200,4980000,
44,200,4990000,
44,200,5000000,0.45730000734329224
45,10,1,0.0
45,10,10000,
45,10,20000,
45,10,30000,
45,10,40000,
45,10,50000,
45,10,60000,
45,10,70000,
45,10,80000,
45,10,90000,
45,10,100000,0.0
45,10,110000,
45,10,120000,
45,10,130000,
45,10,140000,
45,10,150000,
45,10,160000,
45,10,170000,
45,10,180000,
45,10,190000,
45,10,200000,0.0
45,10,210000,
45,10,220000,
45,10,230000,
45,10,240000,
45,10,250000,
45,10,260000,
45,10,270000,
45,10,280000,
45,10,290000,
45,10,300000,0.0
45,10,310000,
45,10,320000,
45,10,330000,
45,10,340000,
45,10,350000,
45,10,360000,
45,10,370000,
45,10,380000,
45,10,390000,
45,10,400000,9.999999747378752e-05
45,10,410000,
45,10,420000,
45,10,430000,
45,10,440000,
45,10,450000,
45,10,460000,
45,10,470000,
45,10,480000,
45,10,490000,
45,10,500000,0.0006000000284984708
45,10,510000,
45,10,520000,
45,10,530000,
45,10,540000,
45,10,550000,
45,10,560000,
45,10,570000,
45,10,580000,
45,10,590000,
45,10,600000,0.00139999995008111
45,10,610000,
45,10,620000,
45,10,630000,
45,10,640000,
45,10,650000,
45,10,660000,
45,10,670000,
45,10,680000,
45,10,690000,
45,10,700000,0.0031999999191612005
45,10,710000,
45,10,720000,
45,10,730000,
45,10,740000,
45,10,750000,
45,10,760000,
45,10,770000,
45,10,780000,
45,10,790000,
45,10,800000,0.0024999999441206455
45,10,810000,
45,10,820000,
45,10,830000,
45,10,840000,
45,10,850000,
45,10,860000,
45,10,870000,
45,10,880000,
45,10,890000,
45,10,900000,0.0026000000070780516
45,10,910000,
45,10,920000,
45,10,930000,
45,10,940000,
45,10,950000,
45,10,960000,
45,10,970000,
45,10,980000,
45,10,990000,
45,10,1000000,0.004000000189989805
45,10,1010000,
45,10,1020000,
45,10,1030000,
45,10,1040000,
45,10,1050000,
45,10,1060000,
45,10,1070000,
45,10,1080000,
45,10,1090000,
45,10,1100000,0.003000000026077032
45,10,1110000,
45,10,1120000,
45,10,1130000,
45,10,1140000,
45,10,1150000,
45,10,1160000,
45,10,1170000,
45,10,1180000,
45,10,1190000,
45,10,1200000,0.0035000001080334187
45,10,1210000,
45,10,1220000,
45,10,1230000,
45,10,1240000,
45,10,1250000,
45,10,1260000,
45,10,1270000,
45,10,1280000,
45,10,1290000,
45,10,1300000,0.0044999998062849045
45,10,1310000,
45,10,1320000,
45,10,1330000,
45,10,1340000,
45,10,1350000,
45,10,1360000,
45,10,1370000,
45,10,1380000,
45,10,1390000,
45,10,1400000,0.0044999998062849045
45,10,1410000,
45,10,1420000,
45,10,1430000,
45,10,1440000,
45,10,1450000,
45,10,1460000,
45,10,1470000,
45,10,1480000,
45,10,1490000,
45,10,1500000,0.005400000140070915
45,10,1510000,
45,10,1520000,
45,10,1530000,
45,10,1540000,
45,10,1550000,
45,10,1560000,
45,10,1570000,
45,10,1580000,
45,10,1590000,
45,10,1600000,0.004999999888241291
45,10,1610000,
45,10,1620000,
45,10,1630000,
45,10,1640000,
45,10,1650000,
45,10,1660000,
45,10,1670000,
45,10,1680000,
45,10,1690000,
45,10,1700000,0.004999999888241291
45,10,1710000,
45,10,1720000,
45,10,1730000,
45,10,1740000,
45,10,1750000,
45,10,1760000,
45,10,1770000,
45,10,1780000,
45,10,1790000,
45,10,1800000,0.005799999926239252
45,10,1810000,
45,10,1820000,
45,10,1830000,
45,10,1840000,
45,10,1850000,
45,10,1860000,
45,10,1870000,
45,10,1880000,
45,10,1890000,
45,10,1900000,0.004800000227987766
45,10,1910000,
45,10,1920000,
45,10,1930000,
45,10,1940000,
45,10,1950000,
45,10,1960000,
45,10,1970000,
45,10,1980000,
45,10,1990000,
45,10,2000000,0.005799999926239252
45,10,2010000,
45,10,2020000,
45,10,2030000,
45,10,2040000,
45,10,2050000,
45,10,2060000,
45,10,2070000,
45,10,2080000,
45,10,2090000,
45,10,2100000,0.006099999882280827
45,10,2110000,
45,10,2120000,
45,10,2130000,
45,10,2140000,
45,10,2150000,
45,10,2160000,
45,10,2170000,
45,10,2180000,
45,10,2190000,
45,10,2200000,0.00559999980032444
45,10,2210000,
45,10,2220000,
45,10,2230000,
45,10,2240000,
45,10,2250000,
45,10,2260000,
45,10,2270000,
45,10,2280000,
45,10,2290000,
45,10,2300000,0.004100000020116568
45,10,2310000,
45,10,2320000,
45,10,2330000,
45,10,2340000,
45,10,2350000,
45,10,2360000,
45,10,2370000,
45,10,2380000,
45,10,2390000,
45,10,2400000,0.004800000227987766
45,10,2410000,
45,10,2420000,
45,10,2430000,
45,10,2440000,
45,10,2450000,
45,10,2460000,
45,10,2470000,
45,10,2480000,
45,10,2490000,
45,10,2500000,0.005499999970197678
45,10,2510000,
45,10,2520000,
45,10,2530000,
45,10,2540000,
45,10,2550000,
45,10,2560000,
45,10,2570000,
45,10,2580000,
45,10,2590000,
45,10,2600000,0.005900000222027302
45,10,2610000,
45,10,2620000,
45,10,2630000,
45,10,2640000,
45,10,2650000,
45,10,2660000,
45,10,2670000,
45,10,2680000,
45,10,2690000,
45,10,2700000,0.00430000014603138
45,10,2710000,
45,10,2720000,
45,10,2730000,
45,10,2740000,
45,10,2750000,
45,10,2760000,
45,10,2770000,
45,10,2780000,
45,10,2790000,
45,10,2800000,0.005200000014156103
45,10,2810000,
45,10,2820000,
45,10,2830000,
45,10,2840000,
45,10,2850000,
45,10,2860000,
45,10,2870000,
45,10,2880000,
45,10,2890000,
45,10,2900000,0.0052999998442828655
45,10,2910000,
45,10,2920000,
45,10,2930000,
45,10,2940000,
45,10,2950000,
45,10,2960000,
45,10,2970000,
45,10,2980000,
45,10,2990000,
45,10,3000000,0.006099999882280827
45,10,3010000,
45,10,3020000,
45,10,3030000,
45,10,3040000,
45,10,3050000,
45,10,3060000,
45,10,3070000,
45,10,3080000,
45,10,3090000,
45,10,3100000,0.004800000227987766
45,10,3110000,
45,10,3120000,
45,10,3130000,
45,10,3140000,
45,10,3150000,
45,10,3160000,
45,10,3170000,
45,10,3180000,
45,10,3190000,
45,10,3200000,0.006399999838322401
45,10,3210000,
45,10,3220000,
45,10,3230000,
45,10,3240000,
45,10,3250000,
45,10,3260000,
45,10,3270000,
45,10,3280000,
45,10,3290000,
45,10,3300000,0.007300000172108412
45,10,3310000,
45,10,3320000,
45,10,3330000,
45,10,3340000,
45,10,3350000,
45,10,3360000,
45,10,3370000,
45,10,3380000,
45,10,3390000,
45,10,3400000,0.005499999970197678
45,10,3410000,
45,10,3420000,
45,10,3430000,
45,10,3440000,
45,10,3450000,
45,10,3460000,
45,10,3470000,
45,10,3480000,
45,10,3490000,
45,10,3500000,0.004000000189989805
45,10,3510000,
45,10,3520000,
45,10,3530000,
45,10,3540000,
45,10,3550000,
45,10,3560000,
45,10,3570000,
45,10,3580000,
45,10,3590000,
45,10,3600000,0.006000000052154064
45,10,3610000,
45,10,3620000,
45,10,3630000,
45,10,3640000,
45,10,3650000,
45,10,3660000,
45,10,3670000,
45,10,3680000,
45,10,3690000,
45,10,3700000,0.006300000008195639
45,10,3710000,
45,10,3720000,
45,10,3730000,
45,10,3740000,
45,10,3750000,
45,10,3760000,
45,10,3770000,
45,10,3780000,
45,10,3790000,
45,10,3800000,0.006899999920278788
45,10,3810000,
45,10,3820000,
45,10,3830000,
45,10,3840000,
45,10,3850000,
45,10,3860000,
45,10,3870000,
45,10,3880000,
45,10,3890000,
45,10,3900000,0.005900000222027302
45,10,3910000,
45,10,3920000,
45,10,3930000,
45,10,3940000,
45,10,3950000,
45,10,3960000,
45,10,3970000,
45,10,3980000,
45,10,3990000,
45,10,4000000,0.005400000140070915
45,10,4010000,
45,10,4020000,
45,10,4030000,
45,10,4040000,
45,10,4050000,
45,10,4060000,
45,10,4070000,
45,10,4080000,
45,10,4090000,
45,10,4100000,0.006099999882280827
45,10,4110000,
45,10,4120000,
45,10,4130000,
45,10,4140000,
45,10,4150000,
45,10,4160000,
45,10,4170000,
45,10,4180000,
45,10,4190000,
45,10,4200000,0.005200000014156103
45,10,4210000,
45,10,4220000,
45,10,4230000,
45,10,4240000,
45,10,4250000,
45,10,4260000,
45,10,4270000,
45,10,4280000,
45,10,4290000,
45,10,4300000,0.006099999882280827
45,10,4310000,
45,10,4320000,
45,10,4330000,
45,10,4340000,
45,10,4350000,
45,10,4360000,
45,10,4370000,
45,10,4380000,
45,10,4390000,
45,10,4400000,0.005900000222027302
45,10,4410000,
45,10,4420000,
45,10,4430000,
45,10,4440000,
45,10,4450000,
45,10,4460000,
45,10,4470000,
45,10,4480000,
45,10,4490000,
45,10,4500000,0.0052999998442828655
45,10,4510000,
45,10,4520000,
45,10,4530000,
45,10,4540000,
45,10,4550000,
45,10,4560000,
45,10,4570000,
45,10,4580000,
45,10,4590000,
45,10,4600000,0.005799999926239252
45,10,4610000,
45,10,4620000,
45,10,4630000,
45,10,4640000,
45,10,4650000,
45,10,4660000,
45,10,4670000,
45,10,4680000,
45,10,4690000,
45,10,4700000,0.006099999882280827
45,10,4710000,
45,10,4720000,
45,10,4730000,
45,10,4740000,
45,10,4750000,
45,10,4760000,
45,10,4770000,
45,10,4780000,
45,10,4790000,
45,10,4800000,0.005799999926239252
45,10,4810000,
45,10,4820000,
45,10,4830000,
45,10,4840000,
45,10,4850000,
45,10,4860000,
45,10,4870000,
45,10,4880000,
45,10,4890000,
45,10,4900000,0.004900000058114529
45,10,4910000,
45,10,4920000,
45,10,4930000,
45,10,4940000,
45,10,4950000,
45,10,4960000,
45,10,4970000,
45,10,4980000,
45,10,4990000,
45,10,5000000,0.006000000052154064
45,20,1,0.0
45,20,10000,
45,20,20000,
45,20,30000,
45,20,40000,
45,20,50000,
45,20,60000,
45,20,70000,
45,20,80000,
45,20,90000,
45,20,100000,0.0
45,20,110000,
45,20,120000,
45,20,130000,
45,20,140000,
45,20,150000,
45,20,160000,
45,20,170000,
45,20,180000,
45,20,190000,
45,20,200000,0.0006000000284984708
45,20,210000,
45,20,220000,
45,20,230000,
45,20,240000,
45,20,250000,
45,20,260000,
45,20,270000,
45,20,280000,
45,20,290000,
45,20,300000,0.00419999985024333
45,20,310000,
45,20,320000,
45,20,330000,
45,20,340000,
45,20,350000,
45,20,360000,
45,20,370000,
45,20,380000,
45,20,390000,
45,20,400000,0.010400000028312206
45,20,410000,
45,20,420000,
45,20,430000,
45,20,440000,
45,20,450000,
45,20,460000,
45,20,470000,
45,20,480000,
45,20,490000,
45,20,500000,0.01769999973475933
45,20,510000,
45,20,520000,
45,20,530000,
45,20,540000,
45,20,550000,
45,20,560000,
45,20,570000,
45,20,580000,
45,20,590000,
45,20,600000,0.024399999529123306
45,20,610000,
45,20,620000,
45,20,630000,
45,20,640000,
45,20,650000,
45,20,660000,
45,20,670000,
45,20,680000,
45,20,690000,
45,20,700000,0.027799999341368675
45,20,710000,
45,20,720000,
45,20,730000,
45,20,740000,
45,20,750000,
45,20,760000,
45,20,770000,
45,20,780000,
45,20,790000,
45,20,800000,0.02879999950528145
45,20,810000,
45,20,820000,
45,20,830000,
45,20,840000,
45,20,850000,
45,20,860000,
45,20,870000,
45,20,880000,
45,20,890000,
45,20,900000,0.035599999129772186
45,20,910000,
45,20,920000,
45,20,930000,
45,20,940000,
45,20,950000,
45,20,960000,
45,20,970000,
45,20,980000,
45,20,990000,
45,20,1000000,0.041099999099969864
45,20,1010000,
45,20,1020000,
45,20,1030000,
45,20,1040000,
45,20,1050000,
45,20,1060000,
45,20,1070000,
45,20,1080000,
45,20,1090000,
45,20,1100000,0.04500000178813934
45,20,1110000,
45,20,1120000,
45,20,1130000,
45,20,1140000,
45,20,1150000,
45,20,1160000,
45,20,1170000,
45,20,1180000,
45,20,1190000,
45,20,1200000,0.04340000078082085
45,20,1210000,
45,20,1220000,
45,20,1230000,
45,20,1240000,
45,20,1250000,
45,20,1260000,
45,20,1270000,
45,20,1280000,
45,20,1290000,
45,20,1300000,0.042399998754262924
45,20,1310000,
45,20,1320000,
45,20,1330000,
45,20,1340000,
45,20,1350000,
45,20,1360000,
45,20,1370000,
45,20,1380000,
45,20,1390000,
45,20,1400000,0.05860000103712082
45,20,1410000,
45,20,1420000,
45,20,1430000,
45,20,1440000,
45,20,1450000,
45,20,1460000,
45,20,1470000,
45,20,1480000,
45,20,1490000,
45,20,1500000,0.057100001722574234
45,20,1510000,
45,20,1520000,
45,20,1530000,
45,20,1540000,
45,20,1550000,
45,20,1560000,
45,20,1570000,
45,20,1580000,
45,20,1590000,
45,20,1600000,0.057500001043081284
45,20,1610000,
45,20,1620000,
45,20,1630000,
45,20,1640000,
45,20,1650000,
45,20,1660000,
45,20,1670000,
45,20,1680000,
45,20,1690000,
45,20,1700000,0.05350000038743019
45,20,1710000,
45,20,1720000,
45,20,1730000,
45,20,1740000,
45,20,1750000,
45,20,1760000,
45,20,1770000,
45,20,1780000,
45,20,1790000,
45,20,1800000,0.055399999022483826
45,20,1810000,
45,20,1820000,
45,20,1830000,
45,20,1840000,
45,20,1850000,
45,20,1860000,
45,20,1870000,
45,20,1880000,
45,20,1890000,
45,20,1900000,0.06019999831914902
45,20,1910000,
45,20,1920000,
45,20,1930000,
45,20,1940000,
45,20,1950000,
45,20,1960000,
45,20,1970000,
45,20,1980000,
45,20,1990000,
45,20,2000000,0.06949999928474426
45,20,2010000,
45,20,2020000,
45,20,2030000,
45,20,2040000,
45,20,2050000,
45,20,2060000,
45,20,2070000,
45,20,2080000,
45,20,2090000,
45,20,2100000,0.06889999657869339
45,20,2110000,
45,20,2120000,
45,20,2130000,
45,20,2140000,
45,20,2150000,
45,20,2160000,
45,20,2170000,
45,20,2180000,
45,20,2190000,
45,20,2200000,0.06019999831914902
45,20,2210000,
45,20,2220000,
45,20,2230000,
45,20,2240000,
45,20,2250000,
45,20,2260000,
45,20,2270000,
45,20,2280000,
45,20,2290000,
45,20,2300000,0.07159999758005142
45,20,2310000,
45,20,2320000,
45,20,2330000,
45,20,2340000,
45,20,2350000,
45,20,2360000,
45,20,2370000,
45,20,2380000,
45,20,2390000,
45,20,2400000,0.07829999923706055
45,20,2410000,
45,20,2420000,
45,20,2430000,
45,20,2440000,
45,20,2450000,
45,20,2460000,
45,20,2470000,
45,20,2480000,
45,20,2490000,
45,20,2500000,0.07259999960660934
45,20,2510000,
45,20,2520000,
45,20,2530000,
45,20,2540000,
45,20,2550000,
45,20,2560000,
45,20,2570000,
45,20,2580000,
45,20,2590000,
45,20,2600000,0.07329999655485153
45,20,2610000,
45,20,2620000,
45,20,2630000,
45,20,2640000,
45,20,2650000,
45,20,2660000,
45,20,2670000,
45,20,2680000,
45,20,2690000,
45,20,2700000,0.07360000163316727
45,20,2710000,
45,20,2720000,
45,20,2730000,
45,20,2740000,
45,20,2750000,
45,20,2760000,
45,20,2770000,
45,20,2780000,
45,20,2790000,
45,20,2800000,0.0737999975681305
45,20,2810000,
45,20,2820000,
45,20,2830000,
45,20,2840000,
45,20,2850000,
45,20,2860000,
45,20,2870000,
45,20,2880000,
45,20,2890000,
45,20,2900000,0.08219999819993973
45,20,2910000,
45,20,2920000,
45,20,2930000,
45,20,2940000,
45,20,2950000,
45,20,2960000,
45,20,2970000,
45,20,2980000,
45,20,2990000,
45,20,3000000,0.07280000299215317
45,20,3010000,
45,20,3020000,
45,20,3030000,
45,20,3040000,
45,20,3050000,
45,20,3060000,
45,20,3070000,
45,20,3080000,
45,20,3090000,
45,20,3100000,0.08780000358819962
45,20,3110000,
45,20,3120000,
45,20,3130000,
45,20,3140000,
45,20,3150000,
45,20,3160000,
45,20,3170000,
45,20,3180000,
45,20,3190000,
45,20,3200000,0.08320000022649765
45,20,3210000,
45,20,3220000,
45,20,3230000,
45,20,3240000,
45,20,3250000,
45,20,3260000,
45,20,3270000,
45,20,3280000,
45,20,3290000,
45,20,3300000,0.07760000228881836
45,20,3310000,
45,20,3320000,
45,20,3330000,
45,20,3340000,
45,20,3350000,
45,20,3360000,
45,20,3370000,
45,20,3380000,
45,20,3390000,
45,20,3400000,0.07810000330209732
45,20,3410000,
45,20,3420000,
45,20,3430000,
45,20,3440000,
45,20,3450000,
45,20,3460000,
45,20,3470000,
45,20,3480000,
45,20,3490000,
45,20,3500000,0.08510000258684158
45,20,3510000,
45,20,3520000,
45,20,3530000,
45,20,3540000,
45,20,3550000,
45,20,3560000,
45,20,3570000,
45,20,3580000,
45,20,3590000,
45,20,3600000,0.08500000089406967
45,20,3610000,
45,20,3620000,
45,20,3630000,
45,20,3640000,
45,20,3650000,
45,20,3660000,
45,20,3670000,
45,20,3680000,
45,20,3690000,
45,20,3700000,0.08429999649524689
45,20,3710000,
45,20,3720000,
45,20,3730000,
45,20,3740000,
45,20,3750000,
45,20,3760000,
45,20,3770000,
45,20,3780000,
45,20,3790000,
45,20,3800000,0.08839999884366989
45,20,3810000,
45,20,3820000,
45,20,3830000,
45,20,3840000,
45,20,3850000,
45,20,3860000,
45,20,3870000,
45,20,3880000,
45,20,3890000,
45,20,3900000,0.08990000188350677
45,20,3910000,
45,20,3920000,
45,20,3930000,
45,20,3940000,
45,20,3950000,
45,20,3960000,
45,20,3970000,
45,20,3980000,
45,20,3990000,
45,20,4000000,0.08380000293254852
45,20,4010000,
45,20,4020000,
45,20,4030000,
45,20,4040000,
45,20,4050000,
45,20,4060000,
45,20,4070000,
45,20,4080000,
45,20,4090000,
45,20,4100000,0.08579999953508377
45,20,4110000,
45,20,4120000,
45,20,4130000,
45,20,4140000,
45,20,4150000,
45,20,4160000,
45,20,4170000,
45,20,4180000,
45,20,4190000,
45,20,4200000,0.08569999784231186
45,20,4210000,
45,20,4220000,
45,20,4230000,
45,20,4240000,
45,20,4250000,
45,20,4260000,
45,20,4270000,
45,20,4280000,
45,20,4290000,
45,20,4300000,0.08070000261068344
45,20,4310000,
45,20,4320000,
45,20,4330000,
45,20,4340000,
45,20,4350000,
45,20,4360000,
45,20,4370000,
45,20,4380000,
45,20,4390000,
45,20,4400000,0.09470000118017197
45,20,4410000,
45,20,4420000,
45,20,4430000,
45,20,4440000,
45,20,4450000,
45,20,4460000,
45,20,4470000,
45,20,4480000,
45,20,4490000,
45,20,4500000,0.09040000289678574
45,20,4510000,
45,20,4520000,
45,20,4530000,
45,20,4540000,
45,20,4550000,
45,20,4560000,
45,20,4570000,
45,20,4580000,
45,20,4590000,
45,20,4600000,0.09059999883174896
45,20,4610000,
45,20,4620000,
45,20,4630000,
45,20,4640000,
45,20,4650000,
45,20,4660000,
45,20,4670000,
45,20,4680000,
45,20,4690000,
45,20,4700000,0.09510000050067902
45,20,4710000,
45,20,4720000,
45,20,4730000,
45,20,4740000,
45,20,4750000,
45,20,4760000,
45,20,4770000,
45,20,4780000,
45,20,4790000,
45,20,4800000,0.08969999849796295
45,20,4810000,
45,20,4820000,
45,20,4830000,
45,20,4840000,
45,20,4850000,
45,20,4860000,
45,20,4870000,
45,20,4880000,
45,20,4890000,
45,20,4900000,0.08919999748468399
45,20,4910000,
45,20,4920000,
45,20,4930000,
45,20,4940000,
45,20,4950000,
45,20,4960000,
45,20,4970000,
45,20,4980000,
45,20,4990000,
45,20,5000000,0.09260000288486481
45,30,1,0.0
45,30,10000,
45,30,20000,
45,30,30000,
45,30,40000,
45,30,50000,
45,30,60000,
45,30,70000,
45,30,80000,
45,30,90000,
45,30,100000,0.0
45,30,110000,
45,30,120000,
45,30,130000,
45,30,140000,
45,30,150000,
45,30,160000,
45,30,170000,
45,30,180000,
45,30,190000,
45,30,200000,0.006399999838322401
45,30,210000,
45,30,220000,
45,30,230000,
45,30,240000,
45,30,250000,
45,30,260000,
45,30,270000,
45,30,280000,
45,30,290000,
45,30,300000,0.02449999935925007
45,30,310000,
45,30,320000,
45,30,330000,
45,30,340000,
45,30,350000,
45,30,360000,
45,30,370000,
45,30,380000,
45,30,390000,
45,30,400000,0.044599998742341995
45,30,410000,
45,30,420000,
45,30,430000,
45,30,440000,
45,30,450000,
45,30,460000,
45,30,470000,
45,30,480000,
45,30,490000,
45,30,500000,0.06629999727010727
45,30,510000,
45,30,520000,
45,30,530000,
45,30,540000,
45,30,550000,
45,30,560000,
45,30,570000,
45,30,580000,
45,30,590000,
45,30,600000,0.08330000191926956
45,30,610000,
45,30,620000,
45,30,630000,
45,30,640000,
45,30,650000,
45,30,660000,
45,30,670000,
45,30,680000,
45,30,690000,
45,30,700000,0.10320000350475311
45,30,710000,
45,30,720000,
45,30,730000,
45,30,740000,
45,30,750000,
45,30,760000,
45,30,770000,
45,30,780000,
45,30,790000,
45,30,800000,0.11599999666213989
45,30,810000,
45,30,820000,
45,30,830000,
45,30,840000,
45,30,850000,
45,30,860000,
45,30,870000,
45,30,880000,
45,30,890000,
45,30,900000,0.12919999659061432
45,30,910000,
45,30,920000,
45,30,930000,
45,30,940000,
45,30,950000,
45,30,960000,
45,30,970000,
45,30,980000,
45,30,990000,
45,30,1000000,0.1485999971628189
45,30,1010000,
45,30,1020000,
45,30,1030000,
45,30,1040000,
45,30,1050000,
45,30,1060000,
45,30,1070000,
45,30,1080000,
45,30,1090000,
45,30,1100000,0.16779999434947968
45,30,1110000,
45,30,1120000,
45,30,1130000,
45,30,1140000,
45,30,1150000,
45,30,1160000,
45,30,1170000,
45,30,1180000,
45,30,1190000,
45,30,1200000,0.15770000219345093
45,30,1210000,
45,30,1220000,
45,30,1230000,
45,30,1240000,
45,30,1250000,
45,30,1260000,
45,30,1270000,
45,30,1280000,
45,30,1290000,
45,30,1300000,0.18410000205039978
45,30,1310000,
45,30,1320000,
45,30,1330000,
45,30,1340000,
45,30,1350000,
45,30,1360000,
45,30,1370000,
45,30,1380000,
45,30,1390000,
45,30,1400000,0.19439999759197235
45,30,1410000,
45,30,1420000,
45,30,1430000,
45,30,1440000,
45,30,1450000,
45,30,1460000,
45,30,1470000,
45,30,1480000,
45,30,1490000,
45,30,1500000,0.19619999825954437
45,30,1510000,
45,30,1520000,
45,30,1530000,
45,30,1540000,
45,30,1550000,
45,30,1560000,
45,30,1570000,
45,30,1580000,
45,30,1590000,
45,30,1600000,0.2054000049829483
45,30,1610000,
45,30,1620000,
45,30,1630000,
45,30,1640000,
45,30,1650000,
45,30,1660000,
45,30,1670000,
45,30,1680000,
45,30,1690000,
45,30,1700000,0.2150000035762787
45,30,1710000,
45,30,1720000,
45,30,1730000,
45,30,1740000,
45,30,1750000,
45,30,1760000,
45,30,1770000,
45,30,1780000,
45,30,1790000,
45,30,1800000,0.22310000658035278
45,30,1810000,
45,30,1820000,
45,30,1830000,
45,30,1840000,
45,30,1850000,
45,30,1860000,
45,30,1870000,
45,30,1880000,
45,30,1890000,
45,30,1900000,0.23729999363422394
45,30,1910000,
45,30,1920000,
45,30,1930000,
45,30,1940000,
45,30,1950000,
45,30,1960000,
45,30,1970000,
45,30,1980000,
45,30,1990000,
45,30,2000000,0.2409999966621399
45,30,2010000,
45,30,2020000,
45,30,2030000,
45,30,2040000,
45,30,2050000,
45,30,2060000,
45,30,2070000,
45,30,2080000,
45,30,2090000,
45,30,2100000,0.25690001249313354
45,30,2110000,
45,30,2120000,
45,30,2130000,
45,30,2140000,
45,30,2150000,
45,30,2160000,
45,30,2170000,
45,30,2180000,
45,30,2190000,
45,30,2200000,0.2498999983072281
45,30,2210000,
45,30,2220000,
45,30,2230000,
45,30,2240000,
45,30,2250000,
45,30,2260000,
45,30,2270000,
45,30,2280000,
45,30,2290000,
45,30,2300000,0.2558000087738037
45,30,2310000,
45,30,2320000,
45,30,2330000,
45,30,2340000,
45,30,2350000,
45,30,2360000,
45,30,2370000,
45,30,2380000,
45,30,2390000,
45,30,2400000,0.2718000113964081
45,30,2410000,
45,30,2420000,
45,30,2430000,
45,30,2440000,
45,30,2450000,
45,30,2460000,
45,30,2470000,
45,30,2480000,
45,30,2490000,
45,30,2500000,0.27709999680519104
45,30,2510000,
45,30,2520000,
45,30,2530000,
45,30,2540000,
45,30,2550000,
45,30,2560000,
45,30,2570000,
45,30,2580000,
45,30,2590000,
45,30,2600000,0.2806999981403351
45,30,2610000,
45,30,2620000,
45,30,2630000,
45,30,2640000,
45,30,2650000,
45,30,2660000,
45,30,2670000,
45,30,2680000,
45,30,2690000,
45,30,2700000,0.2872999906539917
45,30,2710000,
45,30,2720000,
45,30,2730000,
45,30,2740000,
45,30,2750000,
45,30,2760000,
45,30,2770000,
45,30,2780000,
45,30,2790000,
45,30,2800000,0.2957000136375427
45,30,2810000,
45,30,2820000,
45,30,2830000,
45,30,2840000,
45,30,2850000,
45,30,2860000,
45,30,2870000,
45,30,2880000,
45,30,2890000,
45,30,2900000,0.30320000648498535
45,30,2910000,
45,30,2920000,
45,30,2930000,
45,30,2940000,
45,30,2950000,
45,30,2960000,
45,30,2970000,
45,30,2980000,
45,30,2990000,
45,30,3000000,0.29980000853538513
45,30,3010000,
45,30,3020000,
45,30,3030000,
45,30,3040000,
45,30,3050000,
45,30,3060000,
45,30,3070000,
45,30,3080000,
45,30,3090000,
45,30,3100000,0.3043000102043152
45,30,3110000,
45,30,3120000,
45,30,3130000,
45,30,3140000,
45,30,3150000,
45,30,3160000,
45,30,3170000,
45,30,3180000,
45,30,3190000,
45,30,3200000,0.305400013923645
45,30,3210000,
45,30,3220000,
45,30,3230000,
45,30,3240000,
45,30,3250000,
45,30,3260000,
45,30,3270000,
45,30,3280000,
45,30,3290000,
45,30,3300000,0.3059999942779541
45,30,3310000,
45,30,3320000,
45,30,3330000,
45,30,3340000,
45,30,3350000,
45,30,3360000,
45,30,3370000,
45,30,3380000,
45,30,3390000,
45,30,3400000,0.30970001220703125
45,30,3410000,
45,30,3420000,
45,30,3430000,
45,30,3440000,
45,30,3450000,
45,30,3460000,
45,30,3470000,
45,30,3480000,
45,30,3490000,
45,30,3500000,0.3174000084400177
45,30,3510000,
45,30,3520000,
45,30,3530000,
45,30,3540000,
45,30,3550000,
45,30,3560000,
45,30,3570000,
45,30,3580000,
45,30,3590000,
45,30,3600000,0.32010000944137573
45,30,3610000,
45,30,3620000,
45,30,3630000,
45,30,3640000,
45,30,3650000,
45,30,3660000,
45,30,3670000,
45,30,3680000,
45,30,3690000,
45,30,3700000,0.3221000134944916
45,30,3710000,
45,30,3720000,
45,30,3730000,
45,30,3740000,
45,30,3750000,
45,30,3760000,
45,30,3770000,
45,30,3780000,
45,30,3790000,
45,30,3800000,0.33649998903274536
45,30,3810000,
45,30,3820000,
45,30,3830000,
45,30,3840000,
45,30,3850000,
45,30,3860000,
45,30,3870000,
45,30,3880000,
45,30,3890000,
45,30,3900000,0.3301999866962433
45,30,3910000,
45,30,3920000,
45,30,3930000,
45,30,3940000,
45,30,3950000,
45,30,3960000,
45,30,3970000,
45,30,3980000,
45,30,3990000,
45,30,4000000,0.33880001306533813
45,30,4010000,
45,30,4020000,
45,30,4030000,
45,30,4040000,
45,30,4050000,
45,30,4060000,
45,30,4070000,
45,30,4080000,
45,30,4090000,
45,30,4100000,0.3188999891281128
45,30,4110000,
45,30,4120000,
45,30,4130000,
45,30,4140000,
45,30,4150000,
45,30,4160000,
45,30,4170000,
45,30,4180000,
45,30,4190000,
45,30,4200000,0.32199999690055847
45,30,4210000,
45,30,4220000,
45,30,4230000,
45,30,4240000,
45,30,4250000,
45,30,4260000,
45,30,4270000,
45,30,4280000,
45,30,4290000,
45,30,4300000,0.3310999870300293
45,30,4310000,
45,30,4320000,
45,30,4330000,
45,30,4340000,
45,30,4350000,
45,30,4360000,
45,30,4370000,
45,30,4380000,
45,30,4390000,
45,30,4400000,0.33489999175071716
45,30,4410000,
45,30,4420000,
45,30,4430000,
45,30,4440000,
45,30,4450000,
45,30,4460000,
45,30,4470000,
45,30,4480000,
45,30,4490000,
45,30,4500000,0.33869999647140503
45,30,4510000,
45,30,4520000,
45,30,4530000,
45,30,4540000,
45,30,4550000,
45,30,4560000,
45,30,4570000,
45,30,4580000,
45,30,4590000,
45,30,4600000,0.3456999957561493
45,30,4610000,
45,30,4620000,
45,30,4630000,
45,30,4640000,
45,30,4650000,
45,30,4660000,
45,30,4670000,
45,30,4680000,
45,30,4690000,
45,30,4700000,0.34860000014305115
45,30,4710000,
45,30,4720000,
45,30,4730000,
45,30,4740000,
45,30,4750000,
45,30,4760000,
45,30,4770000,
45,30,4780000,
45,30,4790000,
45,30,4800000,0.33500000834465027
45,30,4810000,
45,30,4820000,
45,30,4830000,
45,30,4840000,
45,30,4850000,
45,30,4860000,
45,30,4870000,
45,30,4880000,
45,30,4890000,
45,30,4900000,0.3425000011920929
45,30,4910000,
45,30,4920000,
45,30,4930000,
45,30,4940000,
45,30,4950000,
45,30,4960000,
45,30,4970000,
45,30,4980000,
45,30,4990000,
45,30,5000000,0.34040001034736633
45,40,1,0.0
45,40,10000,
45,40,20000,
45,40,30000,
45,40,40000,
45,40,50000,
45,40,60000,
45,40,70000,
45,40,80000,
45,40,90000,
45,40,100000,0.00039999998989515007
45,40,110000,
45,40,120000,
45,40,130000,
45,40,140000,
45,40,150000,
45,40,160000,
45,40,170000,
45,40,180000,
45,40,190000,
45,40,200000,0.018200000748038292
45,40,210000,
45,40,220000,
45,40,230000,
45,40,240000,
45,40,250000,
45,40,260000,
45,40,270000,
45,40,280000,
45,40,290000,
45,40,300000,0.0478999987244606
45,40,310000,
45,40,320000,
45,40,330000,
45,40,340000,
45,40,350000,
45,40,360000,
45,40,370000,
45,40,380000,
45,40,390000,
45,40,400000,0.08749999850988388
45,40,410000,
45,40,420000,
45,40,430000,
45,40,440000,
45,40,450000,
45,40,460000,
45,40,470000,
45,40,480000,
45,40,490000,
45,40,500000,0.13459999859333038
45,40,510000,
45,40,520000,
45,40,530000,
45,40,540000,
45,40,550000,
45,40,560000,
45,40,570000,
45,40,580000,
45,40,590000,
45,40,600000,0.1485999971628189
45,40,610000,
45,40,620000,
45,40,630000,
45,40,640000,
45,40,650000,
45,40,660000,
45,40,670000,
45,40,680000,
45,40,690000,
45,40,700000,0.18709999322891235
45,40,710000,
45,40,720000,
45,40,730000,
45,40,740000,
45,40,750000,
45,40,760000,
45,40,770000,
45,40,780000,
45,40,790000,
45,40,800000,0.20469999313354492
45,40,810000,
45,40,820000,
45,40,830000,
45,40,840000,
45,40,850000,
45,40,860000,
45,40,870000,
45,40,880000,
45,40,890000,
45,40,900000,0.24279999732971191
45,40,910000,
45,40,920000,
45,40,930000,
45,40,940000,
45,40,950000,
45,40,960000,
45,40,970000,
45,40,980000,
45,40,990000,
45,40,1000000,0.25519999861717224
45,40,1010000,
45,40,1020000,
45,40,1030000,
45,40,1040000,
45,40,1050000,
45,40,1060000,
45,40,1070000,
45,40,1080000,
45,40,1090000,
45,40,1100000,0.2935999929904938
45,40,1110000,
45,40,1120000,
45,40,1130000,
45,40,1140000,
45,40,1150000,
45,40,1160000,
45,40,1170000,
45,40,1180000,
45,40,1190000,
45,40,1200000,0.3068000078201294
45,40,1210000,
45,40,1220000,
45,40,1230000,
45,40,1240000,
45,40,1250000,
45,40,1260000,
45,40,1270000,
45,40,1280000,
45,40,1290000,
45,40,1300000,0.31790000200271606
45,40,1310000,
45,40,1320000,
45,40,1330000,
45,40,1340000,
45,40,1350000,
45,40,1360000,
45,40,1370000,
45,40,1380000,
45,40,1390000,
45,40,1400000,0.34459999203681946
45,40,1410000,
45,40,1420000,
45,40,1430000,
45,40,1440000,
45,40,1450000,
45,40,1460000,
45,40,1470000,
45,40,1480000,
45,40,1490000,
45,40,1500000,0.36239999532699585
45,40,1510000,
45,40,1520000,
45,40,1530000,
45,40,1540000,
45,40,1550000,
45,40,1560000,
45,40,1570000,
45,40,1580000,
45,40,1590000,
45,40,1600000,0.398499995470047
45,40,1610000,
45,40,1620000,
45,40,1630000,
45,40,1640000,
45,40,1650000,
45,40,1660000,
45,40,1670000,
45,40,1680000,
45,40,1690000,
45,40,1700000,0.41519999504089355
45,40,1710000,
45,40,1720000,
45,40,1730000,
45,40,1740000,
45,40,1750000,
45,40,1760000,
45,40,1770000,
45,40,1780000,
45,40,1790000,
45,40,1800000,0.42419999837875366
45,40,1810000,
45,40,1820000,
45,40,1830000,
45,40,1840000,
45,40,1850000,
45,40,1860000,
45,40,1870000,
45,40,1880000,
45,40,1890000,
45,40,1900000,0.44130000472068787
45,40,1910000,
45,40,1920000,
45,40,1930000,
45,40,1940000,
45,40,1950000,
45,40,1960000,
45,40,1970000,
45,40,1980000,
45,40,1990000,
45,40,2000000,0.4456000030040741
45,40,2010000,
45,40,2020000,
45,40,2030000,
45,40,2040000,
45,40,2050000,
45,40,2060000,
45,40,2070000,
45,40,2080000,
45,40,2090000,
45,40,2100000,0.46869999170303345
45,40,2110000,
45,40,2120000,
45,40,2130000,
45,40,2140000,
45,40,2150000,
45,40,2160000,
45,40,2170000,
45,40,2180000,
45,40,2190000,
45,40,2200000,0.46959999203681946
45,40,2210000,
45,40,2220000,
45,40,2230000,
45,40,2240000,
45,40,2250000,
45,40,2260000,
45,40,2270000,
45,40,2280000,
45,40,2290000,
45,40,2300000,0.47929999232292175
45,40,2310000,
45,40,2320000,
45,40,2330000,
45,40,2340000,
45,40,2350000,
45,40,2360000,
45,40,2370000,
45,40,2380000,
45,40,2390000,
45,40,2400000,0.492900013923645
45,40,2410000,
45,40,2420000,
45,40,2430000,
45,40,2440000,
45,40,2450000,
45,40,2460000,
45,40,2470000,
45,40,2480000,
45,40,2490000,
45,40,2500000,0.4961000084877014
45,40,2510000,
45,40,2520000,
45,40,2530000,
45,40,2540000,
45,40,2550000,
45,40,2560000,
45,40,2570000,
45,40,2580000,
45,40,2590000,
45,40,2600000,0.5180000066757202
45,40,2610000,
45,40,2620000,
45,40,2630000,
45,40,2640000,
45,40,2650000,
45,40,2660000,
45,40,2670000,
45,40,2680000,
45,40,2690000,
45,40,2700000,0.5185999870300293
45,40,2710000,
45,40,2720000,
45,40,2730000,
45,40,2740000,
45,40,2750000,
45,40,2760000,
45,40,2770000,
45,40,2780000,
45,40,2790000,
45,40,2800000,0.5202999711036682
45,40,2810000,
45,40,2820000,
45,40,2830000,
45,40,2840000,
45,40,2850000,
45,40,2860000,
45,40,2870000,
45,40,2880000,
45,40,2890000,
45,40,2900000,0.5443999767303467
45,40,2910000,
45,40,2920000,
45,40,2930000,
45,40,2940000,
45,40,2950000,
45,40,2960000,
45,40,2970000,
45,40,2980000,
45,40,2990000,
45,40,3000000,0.5443000197410583
45,40,3010000,
45,40,3020000,
45,40,3030000,
45,40,3040000,
45,40,3050000,
45,40,3060000,
45,40,3070000,
45,40,3080000,
45,40,3090000,
45,40,3100000,0.5570999979972839
45,40,3110000,
45,40,3120000,
45,40,3130000,
45,40,3140000,
45,40,3150000,
45,40,3160000,
45,40,3170000,
45,40,3180000,
45,40,3190000,
45,40,3200000,0.553600013256073
45,40,3210000,
45,40,3220000,
45,40,3230000,
45,40,3240000,
45,40,3250000,
45,40,3260000,
45,40,3270000,
45,40,3280000,
45,40,3290000,
45,40,3300000,0.5633000135421753
45,40,3310000,
45,40,3320000,
45,40,3330000,
45,40,3340000,
45,40,3350000,
45,40,3360000,
45,40,3370000,
45,40,3380000,
45,40,3390000,
45,40,3400000,0.567300021648407
45,40,3410000,
45,40,3420000,
45,40,3430000,
45,40,3440000,
45,40,3450000,
45,40,3460000,
45,40,3470000,
45,40,3480000,
45,40,3490000,
45,40,3500000,0.5726000070571899
45,40,3510000,
45,40,3520000,
45,40,3530000,
45,40,3540000,
45,40,3550000,
45,40,3560000,
45,40,3570000,
45,40,3580000,
45,40,3590000,
45,40,3600000,0.5867000222206116
45,40,3610000,
45,40,3620000,
45,40,3630000,
45,40,3640000,
45,40,3650000,
45,40,3660000,
45,40,3670000,
45,40,3680000,
45,40,3690000,
45,40,3700000,0.5734999775886536
45,40,3710000,
45,40,3720000,
45,40,3730000,
45,40,3740000,
45,40,3750000,
45,40,3760000,
45,40,3770000,
45,40,3780000,
45,40,3790000,
45,40,3800000,0.5697000026702881
45,40,3810000,
45,40,3820000,
45,40,3830000,
45,40,3840000,
45,40,3850000,
45,40,3860000,
45,40,3870000,
45,40,3880000,
45,40,3890000,
45,40,3900000,0.5924999713897705
45,40,3910000,
45,40,3920000,
45,40,3930000,
45,40,3940000,
45,40,3950000,
45,40,3960000,
45,40,3970000,
45,40,3980000,
45,40,3990000,
45,40,4000000,0.5841000080108643
45,40,4010000,
45,40,4020000,
45,40,4030000,
45,40,4040000,
45,40,4050000,
45,40,4060000,
45,40,4070000,
45,40,4080000,
45,40,4090000,
45,40,4100000,0.5837000012397766
45,40,4110000,
45,40,4120000,
45,40,4130000,
45,40,4140000,
45,40,4150000,
45,40,4160000,
45,40,4170000,
45,40,4180000,
45,40,4190000,
45,40,4200000,0.5972999930381775
45,40,4210000,
45,40,4220000,
45,40,4230000,
45,40,4240000,
45,40,4250000,
45,40,4260000,
45,40,4270000,
45,40,4280000,
45,40,4290000,
45,40,4300000,0.5874999761581421
45,40,4310000,
45,40,4320000,
45,40,4330000,
45,40,4340000,
45,40,4350000,
45,40,4360000,
45,40,4370000,
45,40,4380000,
45,40,4390000,
45,40,4400000,0.6079000234603882
45,40,4410000,
45,40,4420000,
45,40,4430000,
45,40,4440000,
45,40,4450000,
45,40,4460000,
45,40,4470000,
45,40,4480000,
45,40,4490000,
45,40,4500000,0.5965999960899353
45,40,4510000,
45,40,4520000,
45,40,4530000,
45,40,4540000,
45,40,4550000,
45,40,4560000,
45,40,4570000,
45,40,4580000,
45,40,4590000,
45,40,4600000,0.602400004863739
45,40,4610000,
45,40,4620000,
45,40,4630000,
45,40,4640000,
45,40,4650000,
45,40,4660000,
45,40,4670000,
45,40,4680000,
45,40,4690000,
45,40,4700000,0.6032000184059143
45,40,4710000,
45,40,4720000,
45,40,4730000,
45,40,4740000,
45,40,4750000,
45,40,4760000,
45,40,4770000,
45,40,4780000,
45,40,4790000,
45,40,4800000,0.607699990272522
45,40,4810000,
45,40,4820000,
45,40,4830000,
45,40,4840000,
45,40,4850000,
45,40,4860000,
45,40,4870000,
45,40,4880000,
45,40,4890000,
45,40,4900000,0.6101999878883362
45,40,4910000,
45,40,4920000,
45,40,4930000,
45,40,4940000,
45,40,4950000,
45,40,4960000,
45,40,4970000,
45,40,4980000,
45,40,4990000,
45,40,5000000,0.6054999828338623
45,50,1,0.0
45,50,10000,
45,50,20000,
45,50,30000,
45,50,40000,
45,50,50000,
45,50,60000,
45,50,70000,
45,50,80000,
45,50,90000,
45,50,100000,0.0010000000474974513
45,50,110000,
45,50,120000,
45,50,130000,
45,50,140000,
45,50,150000,
45,50,160000,
45,50,170000,
45,50,180000,
45,50,190000,
45,50,200000,0.020899999886751175
45,50,210000,
45,50,220000,
45,50,230000,
45,50,240000,
45,50,250000,
45,50,260000,
45,50,270000,
45,50,280000,
45,50,290000,
45,50,300000,0.06589999794960022
45,50,310000,
45,50,320000,
45,50,330000,
45,50,340000,
45,50,350000,
45,50,360000,
45,50,370000,
45,50,380000,
45,50,390000,
45,50,400000,0.10930000245571136
45,50,410000,
45,50,420000,
45,50,430000,
45,50,440000,
45,50,450000,
45,50,460000,
45,50,470000,
45,50,480000,
45,50,490000,
45,50,500000,0.15000000596046448
45,50,510000,
45,50,520000,
45,50,530000,
45,50,540000,
45,50,550000,
45,50,560000,
45,50,570000,
45,50,580000,
45,50,590000,
45,50,600000,0.2011999934911728
45,50,610000,
45,50,620000,
45,50,630000,
45,50,640000,
45,50,650000,
45,50,660000,
45,50,670000,
45,50,680000,
45,50,690000,
45,50,700000,0.22920000553131104
45,50,710000,
45,50,720000,
45,50,730000,
45,50,740000,
45,50,750000,
45,50,760000,
45,50,770000,
45,50,780000,
45,50,790000,
45,50,800000,0.2687999904155731
45,50,810000,
45,50,820000,
45,50,830000,
45,50,840000,
45,50,850000,
45,50,860000,
45,50,870000,
45,50,880000,
45,50,890000,
45,50,900000,0.30480000376701355
45,50,910000,
45,50,920000,
45,50,930000,
45,50,940000,
45,50,950000,
45,50,960000,
45,50,970000,
45,50,980000,
45,50,990000,
45,50,1000000,0.3529999852180481
45,50,1010000,
45,50,1020000,
45,50,1030000,
45,50,1040000,
45,50,1050000,
45,50,1060000,
45,50,1070000,
45,50,1080000,
45,50,1090000,
45,50,1100000,0.374099999666214
45,50,1110000,
45,50,1120000,
45,50,1130000,
45,50,1140000,
45,50,1150000,
45,50,1160000,
45,50,1170000,
45,50,1180000,
45,50,1190000,
45,50,1200000,0.40529999136924744
45,50,1210000,
45,50,1220000,
45,50,1230000,
45,50,1240000,
45,50,1250000,
45,50,1260000,
45,50,1270000,
45,50,1280000,
45,50,1290000,
45,50,1300000,0.43459999561309814
45,50,1310000,
45,50,1320000,
45,50,1330000,
45,50,1340000,
45,50,1350000,
45,50,1360000,
45,50,1370000,
45,50,1380000,
45,50,1390000,
45,50,1400000,0.45669999718666077
45,50,1410000,
45,50,1420000,
45,50,1430000,
45,50,1440000,
45,50,1450000,
45,50,1460000,
45,50,1470000,
45,50,1480000,
45,50,1490000,
45,50,1500000,0.4779999852180481
45,50,1510000,
45,50,1520000,
45,50,1530000,
45,50,1540000,
45,50,1550000,
45,50,1560000,
45,50,1570000,
45,50,1580000,
45,50,1590000,
45,50,1600000,0.5127999782562256
45,50,1610000,
45,50,1620000,
45,50,1630000,
45,50,1640000,
45,50,1650000,
45,50,1660000,
45,50,1670000,
45,50,1680000,
45,50,1690000,
45,50,1700000,0.5595999956130981
45,50,1710000,
45,50,1720000,
45,50,1730000,
45,50,1740000,
45,50,1750000,
45,50,1760000,
45,50,1770000,
45,50,1780000,
45,50,1790000,
45,50,1800000,0.5663999915122986
45,50,1810000,
45,50,1820000,
45,50,1830000,
45,50,1840000,
45,50,1850000,
45,50,1860000,
45,50,1870000,
45,50,1880000,
45,50,1890000,
45,50,1900000,0.5907999873161316
45,50,1910000,
45,50,1920000,
45,50,1930000,
45,50,1940000,
45,50,1950000,
45,50,1960000,
45,50,1970000,
45,50,1980000,
45,50,1990000,
45,50,2000000,0.6140999794006348
45,50,2010000,
45,50,2020000,
45,50,2030000,
45,50,2040000,
45,50,2050000,
45,50,2060000,
45,50,2070000,
45,50,2080000,
45,50,2090000,
45,50,2100000,0.6137999892234802
45,50,2110000,
45,50,2120000,
45,50,2130000,
45,50,2140000,
45,50,2150000,
45,50,2160000,
45,50,2170000,
45,50,2180000,
45,50,2190000,
45,50,2200000,0.6355000138282776
45,50,2210000,
45,50,2220000,
45,50,2230000,
45,50,2240000,
45,50,2250000,
45,50,2260000,
45,50,2270000,
45,50,2280000,
45,50,2290000,
45,50,2300000,0.6444000005722046
45,50,2310000,
45,50,2320000,
45,50,2330000,
45,50,2340000,
45,50,2350000,
45,50,2360000,
45,50,2370000,
45,50,2380000,
45,50,2390000,
45,50,2400000,0.6650000214576721
45,50,2410000,
45,50,2420000,
45,50,2430000,
45,50,2440000,
45,50,2450000,
45,50,2460000,
45,50,2470000,
45,50,2480000,
45,50,2490000,
45,50,2500000,0.6696000099182129
45,50,2510000,
45,50,2520000,
45,50,2530000,
45,50,2540000,
45,50,2550000,
45,50,2560000,
45,50,2570000,
45,50,2580000,
45,50,2590000,
45,50,2600000,0.6887999773025513
45,50,2610000,
45,50,2620000,
45,50,2630000,
45,50,2640000,
45,50,2650000,
45,50,2660000,
45,50,2670000,
45,50,2680000,
45,50,2690000,
45,50,2700000,0.6794999837875366
45,50,2710000,
45,50,2720000,
45,50,2730000,
45,50,2740000,
45,50,2750000,
45,50,2760000,
45,50,2770000,
45,50,2780000,
45,50,2790000,
45,50,2800000,0.6887000203132629
45,50,2810000,
45,50,2820000,
45,50,2830000,
45,50,2840000,
45,50,2850000,
45,50,2860000,
45,50,2870000,
45,50,2880000,
45,50,2890000,
45,50,2900000,0.7013999819755554
45,50,2910000,
45,50,2920000,
45,50,2930000,
45,50,2940000,
45,50,2950000,
45,50,2960000,
45,50,2970000,
45,50,2980000,
45,50,2990000,
45,50,3000000,0.6998999714851379
45,50,3010000,
45,50,3020000,
45,50,3030000,
45,50,3040000,
45,50,3050000,
45,50,3060000,
45,50,3070000,
45,50,3080000,
45,50,3090000,
45,50,3100000,0.7123000025749207
45,50,3110000,
45,50,3120000,
45,50,3130000,
45,50,3140000,
45,50,3150000,
45,50,3160000,
45,50,3170000,
45,50,3180000,
45,50,3190000,
45,50,3200000,0.7149999737739563
45,50,3210000,
45,50,3220000,
45,50,3230000,
45,50,3240000,
45,50,3250000,
45,50,3260000,
45,50,3270000,
45,50,3280000,
45,50,3290000,
45,50,3300000,0.7242000102996826
45,50,3310000,
45,50,3320000,
45,50,3330000,
45,50,3340000,
45,50,3350000,
45,50,3360000,
45,50,3370000,
45,50,3380000,
45,50,3390000,
45,50,3400000,0.7196999788284302
45,50,3410000,
45,50,3420000,
45,50,3430000,
45,50,3440000,
45,50,3450000,
45,50,3460000,
45,50,3470000,
45,50,3480000,
45,50,3490000,
45,50,3500000,0.7365000247955322
45,50,3510000,
45,50,3520000,
45,50,3530000,
45,50,3540000,
45,50,3550000,
45,50,3560000,
45,50,3570000,
45,50,3580000,
45,50,3590000,
45,50,3600000,0.7343999743461609
45,50,3610000,
45,50,3620000,
45,50,3630000,
45,50,3640000,
45,50,3650000,
45,50,3660000,
45,50,3670000,
45,50,3680000,
45,50,3690000,
45,50,3700000,0.7457000017166138
45,50,3710000,
45,50,3720000,
45,50,3730000,
45,50,3740000,
45,50,3750000,
45,50,3760000,
45,50,3770000,
45,50,3780000,
45,50,3790000,
45,50,3800000,0.7437999844551086
45,50,3810000,
45,50,3820000,
45,50,3830000,
45,50,3840000,
45,50,3850000,
45,50,3860000,
45,50,3870000,
45,50,3880000,
45,50,3890000,
45,50,3900000,0.753000020980835
45,50,3910000,
45,50,3920000,
45,50,3930000,
45,50,3940000,
45,50,3950000,
45,50,3960000,
45,50,3970000,
45,50,3980000,
45,50,3990000,
45,50,4000000,0.7497000098228455
45,50,4010000,
45,50,4020000,
45,50,4030000,
45,50,4040000,
45,50,4050000,
45,50,4060000,
45,50,4070000,
45,50,4080000,
45,50,4090000,
45,50,4100000,0.754800021648407
45,50,4110000,
45,50,4120000,
45,50,4130000,
45,50,4140000,
45,50,4150000,
45,50,4160000,
45,50,4170000,
45,50,4180000,
45,50,4190000,
45,50,4200000,0.7587000131607056
45,50,4210000,
45,50,4220000,
45,50,4230000,
45,50,4240000,
45,50,4250000,
45,50,4260000,
45,50,4270000,
45,50,4280000,
45,50,4290000,
45,50,4300000,0.7519999742507935
45,50,4310000,
45,50,4320000,
45,50,4330000,
45,50,4340000,
45,50,4350000,
45,50,4360000,
45,50,4370000,
45,50,4380000,
45,50,4390000,
45,50,4400000,0.7495999932289124
45,50,4410000,
45,50,4420000,
45,50,4430000,
45,50,4440000,
45,50,4450000,
45,50,4460000,
45,50,4470000,
45,50,4480000,
45,50,4490000,
45,50,4500000,0.7544000148773193
45,50,4510000,
45,50,4520000,
45,50,4530000,
45,50,4540000,
45,50,4550000,
45,50,4560000,
45,50,4570000,
45,50,4580000,
45,50,4590000,
45,50,4600000,0.7501999735832214
45,50,4610000,
45,50,4620000,
45,50,4630000,
45,50,4640000,
45,50,4650000,
45,50,4660000,
45,50,4670000,
45,50,4680000,
45,50,4690000,
45,50,4700000,0.769599974155426
45,50,4710000,
45,50,4720000,
45,50,4730000,
45,50,4740000,
45,50,4750000,
45,50,4760000,
45,50,4770000,
45,50,4780000,
45,50,4790000,
45,50,4800000,0.7573000192642212
45,50,4810000,
45,50,4820000,
45,50,4830000,
45,50,4840000,
45,50,4850000,
45,50,4860000,
45,50,4870000,
45,50,4880000,
45,50,4890000,
45,50,4900000,0.7623000144958496
45,50,4910000,
45,50,4920000,
45,50,4930000,
45,50,4940000,
45,50,4950000,
45,50,4960000,
45,50,4970000,
45,50,4980000,
45,50,4990000,
45,50,5000000,0.7601000070571899
45,60,1,0.0
45,60,10000,
45,60,20000,
45,60,30000,
45,60,40000,
45,60,50000,
45,60,60000,
45,60,70000,
45,60,80000,
45,60,90000,
45,60,100000,0.0017999999690800905
45,60,110000,
45,60,120000,
45,60,130000,
45,60,140000,
45,60,150000,
45,60,160000,
45,60,170000,
45,60,180000,
45,60,190000,
45,60,200000,0.019999999552965164
45,60,210000,
45,60,220000,
45,60,230000,
45,60,240000,
45,60,250000,
45,60,260000,
45,60,270000,
45,60,280000,
45,60,290000,
45,60,300000,0.0674000009894371
45,60,310000,
45,60,320000,
45,60,330000,
45,60,340000,
45,60,350000,
45,60,360000,
45,60,370000,
45,60,380000,
45,60,390000,
45,60,400000,0.11410000175237656
45,60,410000,
45,60,420000,
45,60,430000,
45,60,440000,
45,60,450000,
45,60,460000,
45,60,470000,
45,60,480000,
45,60,490000,
45,60,500000,0.1437000036239624
45,60,510000,
45,60,520000,
45,60,530000,
45,60,540000,
45,60,550000,
45,60,560000,
45,60,570000,
45,60,580000,
45,60,590000,
45,60,600000,0.1973000019788742
45,60,610000,
45,60,620000,
45,60,630000,
45,60,640000,
45,60,650000,
45,60,660000,
45,60,670000,
45,60,680000,
45,60,690000,
45,60,700000,0.23070000112056732
45,60,710000,
45,60,720000,
45,60,730000,
45,60,740000,
45,60,750000,
45,60,760000,
45,60,770000,
45,60,780000,
45,60,790000,
45,60,800000,0.2770000100135803
45,60,810000,
45,60,820000,
45,60,830000,
45,60,840000,
45,60,850000,
45,60,860000,
45,60,870000,
45,60,880000,
45,60,890000,
45,60,900000,0.3142000138759613
45,60,910000,
45,60,920000,
45,60,930000,
45,60,940000,
45,60,950000,
45,60,960000,
45,60,970000,
45,60,980000,
45,60,990000,
45,60,1000000,0.3610999882221222
45,60,1010000,
45,60,1020000,
45,60,1030000,
45,60,1040000,
45,60,1050000,
45,60,1060000,
45,60,1070000,
45,60,1080000,
45,60,1090000,
45,60,1100000,0.3944999873638153
45,60,1110000,
45,60,1120000,
45,60,1130000,
45,60,1140000,
45,60,1150000,
45,60,1160000,
45,60,1170000,
45,60,1180000,
45,60,1190000,
45,60,1200000,0.4449999928474426
45,60,1210000,
45,60,1220000,
45,60,1230000,
45,60,1240000,
45,60,1250000,
45,60,1260000,
45,60,1270000,
45,60,1280000,
45,60,1290000,
45,60,1300000,0.48910000920295715
45,60,1310000,
45,60,1320000,
45,60,1330000,
45,60,1340000,
45,60,1350000,
45,60,1360000,
45,60,1370000,
45,60,1380000,
45,60,1390000,
45,60,1400000,0.5199999809265137
45,60,1410000,
45,60,1420000,
45,60,1430000,
45,60,1440000,
45,60,1450000,
45,60,1460000,
45,60,1470000,
45,60,1480000,
45,60,1490000,
45,60,1500000,0.5641999840736389
45,60,1510000,
45,60,1520000,
45,60,1530000,
45,60,1540000,
45,60,1550000,
45,60,1560000,
45,60,1570000,
45,60,1580000,
45,60,1590000,
45,60,1600000,0.5807999968528748
45,60,1610000,
45,60,1620000,
45,60,1630000,
45,60,1640000,
45,60,1650000,
45,60,1660000,
45,60,1670000,
45,60,1680000,
45,60,1690000,
45,60,1700000,0.6230000257492065
45,60,1710000,
45,60,1720000,
45,60,1730000,
45,60,1740000,
45,60,1750000,
45,60,1760000,
45,60,1770000,
45,60,1780000,
45,60,1790000,
45,60,1800000,0.6409000158309937
45,60,1810000,
45,60,1820000,
45,60,1830000,
45,60,1840000,
45,60,1850000,
45,60,1860000,
45,60,1870000,
45,60,1880000,
45,60,1890000,
45,60,1900000,0.6470000147819519
45,60,1910000,
45,60,1920000,
45,60,1930000,
45,60,1940000,
45,60,1950000,
45,60,1960000,
45,60,1970000,
45,60,1980000,
45,60,1990000,
45,60,2000000,0.6721000075340271
45,60,2010000,
45,60,2020000,
45,60,2030000,
45,60,2040000,
45,60,2050000,
45,60,2060000,
45,60,2070000,
45,60,2080000,
45,60,2090000,
45,60,2100000,0.6909000277519226
45,60,2110000,
45,60,2120000,
45,60,2130000,
45,60,2140000,
45,60,2150000,
45,60,2160000,
45,60,2170000,
45,60,2180000,
45,60,2190000,
45,60,2200000,0.6953999996185303
45,60,2210000,
45,60,2220000,
45,60,2230000,
45,60,2240000,
45,60,2250000,
45,60,2260000,
45,60,2270000,
45,60,2280000,
45,60,2290000,
45,60,2300000,0.7095999717712402
45,60,2310000,
45,60,2320000,
45,60,2330000,
45,60,2340000,
45,60,2350000,
45,60,2360000,
45,60,2370000,
45,60,2380000,
45,60,2390000,
45,60,2400000,0.7310000061988831
45,60,2410000,
45,60,2420000,
45,60,2430000,
45,60,2440000,
45,60,2450000,
45,60,2460000,
45,60,2470000,
45,60,2480000,
45,60,2490000,
45,60,2500000,0.7275999784469604
45,60,2510000,
45,60,2520000,
45,60,2530000,
45,60,2540000,
45,60,2550000,
45,60,2560000,
45,60,2570000,
45,60,2580000,
45,60,2590000,
45,60,2600000,0.7458999752998352
45,60,2610000,
45,60,2620000,
45,60,2630000,
45,60,2640000,
45,60,2650000,
45,60,2660000,
45,60,2670000,
45,60,2680000,
45,60,2690000,
45,60,2700000,0.7504000067710876
45,60,2710000,
45,60,2720000,
45,60,2730000,
45,60,2740000,
45,60,2750000,
45,60,2760000,
45,60,2770000,
45,60,2780000,
45,60,2790000,
45,60,2800000,0.7617999911308289
45,60,2810000,
45,60,2820000,
45,60,2830000,
45,60,2840000,
45,60,2850000,
45,60,2860000,
45,60,2870000,
45,60,2880000,
45,60,2890000,
45,60,2900000,0.7746999859809875
45,60,2910000,
45,60,2920000,
45,60,2930000,
45,60,2940000,
45,60,2950000,
45,60,2960000,
45,60,2970000,
45,60,2980000,
45,60,2990000,
45,60,3000000,0.7714999914169312
45,60,3010000,
45,60,3020000,
45,60,3030000,
45,60,3040000,
45,60,3050000,
45,60,3060000,
45,60,3070000,
45,60,3080000,
45,60,3090000,
45,60,3100000,0.786300003528595
45,60,3110000,
45,60,3120000,
45,60,3130000,
45,60,3140000,
45,60,3150000,
45,60,3160000,
45,60,3170000,
45,60,3180000,
45,60,3190000,
45,60,3200000,0.785099983215332
45,60,3210000,
45,60,3220000,
45,60,3230000,
45,60,3240000,
45,60,3250000,
45,60,3260000,
45,60,3270000,
45,60,3280000,
45,60,3290000,
45,60,3300000,0.7892000079154968
45,60,3310000,
45,60,3320000,
45,60,3330000,
45,60,3340000,
45,60,3350000,
45,60,3360000,
45,60,3370000,
45,60,3380000,
45,60,3390000,
45,60,3400000,0.8034999966621399
45,60,3410000,
45,60,3420000,
45,60,3430000,
45,60,3440000,
45,60,3450000,
45,60,3460000,
45,60,3470000,
45,60,3480000,
45,60,3490000,
45,60,3500000,0.8043000102043152
45,60,3510000,
45,60,3520000,
45,60,3530000,
45,60,3540000,
45,60,3550000,
45,60,3560000,
45,60,3570000,
45,60,3580000,
45,60,3590000,
45,60,3600000,0.8007000088691711
45,60,3610000,
45,60,3620000,
45,60,3630000,
45,60,3640000,
45,60,3650000,
45,60,3660000,
45,60,3670000,
45,60,3680000,
45,60,3690000,
45,60,3700000,0.8001999855041504
45,60,3710000,
45,60,3720000,
45,60,3730000,
45,60,3740000,
45,60,3750000,
45,60,3760000,
45,60,3770000,
45,60,3780000,
45,60,3790000,
45,60,3800000,0.8069000244140625
45,60,3810000,
45,60,3820000,
45,60,3830000,
45,60,3840000,
45,60,3850000,
45,60,3860000,
45,60,3870000,
45,60,3880000,
45,60,3890000,
45,60,3900000,0.8026999831199646
45,60,3910000,
45,60,3920000,
45,60,3930000,
45,60,3940000,
45,60,3950000,
45,60,3960000,
45,60,3970000,
45,60,3980000,
45,60,3990000,
45,60,4000000,0.8120999932289124
45,60,4010000,
45,60,4020000,
45,60,4030000,
45,60,4040000,
45,60,4050000,
45,60,4060000,
45,60,4070000,
45,60,4080000,
45,60,4090000,
45,60,4100000,0.8095999956130981
45,60,4110000,
45,60,4120000,
45,60,4130000,
45,60,4140000,
45,60,4150000,
45,60,4160000,
45,60,4170000,
45,60,4180000,
45,60,4190000,
45,60,4200000,0.8198999762535095
45,60,4210000,
45,60,4220000,
45,60,4230000,
45,60,4240000,
45,60,4250000,
45,60,4260000,
45,60,4270000,
45,60,4280000,
45,60,4290000,
45,60,4300000,0.8076000213623047
45,60,4310000,
45,60,4320000,
45,60,4330000,
45,60,4340000,
45,60,4350000,
45,60,4360000,
45,60,4370000,
45,60,4380000,
45,60,4390000,
45,60,4400000,0.8137000203132629
45,60,4410000,
45,60,4420000,
45,60,4430000,
45,60,4440000,
45,60,4450000,
45,60,4460000,
45,60,4470000,
45,60,4480000,
45,60,4490000,
45,60,4500000,0.8163999915122986
45,60,4510000,
45,60,4520000,
45,60,4530000,
45,60,4540000,
45,60,4550000,
45,60,4560000,
45,60,4570000,
45,60,4580000,
45,60,4590000,
45,60,4600000,0.8252999782562256
45,60,4610000,
45,60,4620000,
45,60,4630000,
45,60,4640000,
45,60,4650000,
45,60,4660000,
45,60,4670000,
45,60,4680000,
45,60,4690000,
45,60,4700000,0.8226000070571899
45,60,4710000,
45,60,4720000,
45,60,4730000,
45,60,4740000,
45,60,4750000,
45,60,4760000,
45,60,4770000,
45,60,4780000,
45,60,4790000,
45,60,4800000,0.832099974155426
45,60,4810000,
45,60,4820000,
45,60,4830000,
45,60,4840000,
45,60,4850000,
45,60,4860000,
45,60,4870000,
45,60,4880000,
45,60,4890000,
45,60,4900000,0.8230999708175659
45,60,4910000,
45,60,4920000,
45,60,4930000,
45,60,4940000,
45,60,4950000,
45,60,4960000,
45,60,4970000,
45,60,4980000,
45,60,4990000,
45,60,5000000,0.8220999836921692
45,70,1,0.0
45,70,10000,
45,70,20000,
45,70,30000,
45,70,40000,
45,70,50000,
45,70,60000,
45,70,70000,
45,70,80000,
45,70,90000,
45,70,100000,0.001500000013038516
45,70,110000,
45,70,120000,
45,70,130000,
45,70,140000,
45,70,150000,
45,70,160000,
45,70,170000,
45,70,180000,
45,70,190000,
45,70,200000,0.024299999698996544
45,70,210000,
45,70,220000,
45,70,230000,
45,70,240000,
45,70,250000,
45,70,260000,
45,70,270000,
45,70,280000,
45,70,290000,
45,70,300000,0.06599999964237213
45,70,310000,
45,70,320000,
45,70,330000,
45,70,340000,
45,70,350000,
45,70,360000,
45,70,370000,
45,70,380000,
45,70,390000,
45,70,400000,0.10840000212192535
45,70,410000,
45,70,420000,
45,70,430000,
45,70,440000,
45,70,450000,
45,70,460000,
45,70,470000,
45,70,480000,
45,70,490000,
45,70,500000,0.14139999449253082
45,70,510000,
45,70,520000,
45,70,530000,
45,70,540000,
45,70,550000,
45,70,560000,
45,70,570000,
45,70,580000,
45,70,590000,
45,70,600000,0.17669999599456787
45,70,610000,
45,70,620000,
45,70,630000,
45,70,640000,
45,70,650000,
45,70,660000,
45,70,670000,
45,70,680000,
45,70,690000,
45,70,700000,0.22310000658035278
45,70,710000,
45,70,720000,
45,70,730000,
45,70,740000,
45,70,750000,
45,70,760000,
45,70,770000,
45,70,780000,
45,70,790000,
45,70,800000,0.26579999923706055
45,70,810000,
45,70,820000,
45,70,830000,
45,70,840000,
45,70,850000,
45,70,860000,
45,70,870000,
45,70,880000,
45,70,890000,
45,70,900000,0.290800005197525
45,70,910000,
45,70,920000,
45,70,930000,
45,70,940000,
45,70,950000,
45,70,960000,
45,70,970000,
45,70,980000,
45,70,990000,
45,70,1000000,0.3610000014305115
45,70,1010000,
45,70,1020000,
45,70,1030000,
45,70,1040000,
45,70,1050000,
45,70,1060000,
45,70,1070000,
45,70,1080000,
45,70,1090000,
45,70,1100000,0.3853999972343445
45,70,1110000,
45,70,1120000,
45,70,1130000,
45,70,1140000,
45,70,1150000,
45,70,1160000,
45,70,1170000,
45,70,1180000,
45,70,1190000,
45,70,1200000,0.44179999828338623
45,70,1210000,
45,70,1220000,
45,70,1230000,
45,70,1240000,
45,70,1250000,
45,70,1260000,
45,70,1270000,
45,70,1280000,
45,70,1290000,
45,70,1300000,0.460099995136261
45,70,1310000,
45,70,1320000,
45,70,1330000,
45,70,1340000,
45,70,1350000,
45,70,1360000,
45,70,1370000,
45,70,1380000,
45,70,1390000,
45,70,1400000,0.5259000062942505
45,70,1410000,
45,70,1420000,
45,70,1430000,
45,70,1440000,
45,70,1450000,
45,70,1460000,
45,70,1470000,
45,70,1480000,
45,70,1490000,
45,70,1500000,0.5329999923706055
45,70,1510000,
45,70,1520000,
45,70,1530000,
45,70,1540000,
45,70,1550000,
45,70,1560000,
45,70,1570000,
45,70,1580000,
45,70,1590000,
45,70,1600000,0.5703999996185303
45,70,1610000,
45,70,1620000,
45,70,1630000,
45,70,1640000,
45,70,1650000,
45,70,1660000,
45,70,1670000,
45,70,1680000,
45,70,1690000,
45,70,1700000,0.6061999797821045
45,70,1710000,
45,70,1720000,
45,70,1730000,
45,70,1740000,
45,70,1750000,
45,70,1760000,
45,70,1770000,
45,70,1780000,
45,70,1790000,
45,70,1800000,0.6315000057220459
45,70,1810000,
45,70,1820000,
45,70,1830000,
45,70,1840000,
45,70,1850000,
45,70,1860000,
45,70,1870000,
45,70,1880000,
45,70,1890000,
45,70,1900000,0.6288999915122986
45,70,1910000,
45,70,1920000,
45,70,1930000,
45,70,1940000,
45,70,1950000,
45,70,1960000,
45,70,1970000,
45,70,1980000,
45,70,1990000,
45,70,2000000,0.683899998664856
45,70,2010000,
45,70,2020000,
45,70,2030000,
45,70,2040000,
45,70,2050000,
45,70,2060000,
45,70,2070000,
45,70,2080000,
45,70,2090000,
45,70,2100000,0.6965000033378601
45,70,2110000,
45,70,2120000,
45,70,2130000,
45,70,2140000,
45,70,2150000,
45,70,2160000,
45,70,2170000,
45,70,2180000,
45,70,2190000,
45,70,2200000,0.7114999890327454
45,70,2210000,
45,70,2220000,
45,70,2230000,
45,70,2240000,
45,70,2250000,
45,70,2260000,
45,70,2270000,
45,70,2280000,
45,70,2290000,
45,70,2300000,0.7200000286102295
45,70,2310000,
45,70,2320000,
45,70,2330000,
45,70,2340000,
45,70,2350000,
45,70,2360000,
45,70,2370000,
45,70,2380000,
45,70,2390000,
45,70,2400000,0.7325999736785889
45,70,2410000,
45,70,2420000,
45,70,2430000,
45,70,2440000,
45,70,2450000,
45,70,2460000,
45,70,2470000,
45,70,2480000,
45,70,2490000,
45,70,2500000,0.7336000204086304
45,70,2510000,
45,70,2520000,
45,70,2530000,
45,70,2540000,
45,70,2550000,
45,70,2560000,
45,70,2570000,
45,70,2580000,
45,70,2590000,
45,70,2600000,0.7506999969482422
45,70,2610000,
45,70,2620000,
45,70,2630000,
45,70,2640000,
45,70,2650000,
45,70,2660000,
45,70,2670000,
45,70,2680000,
45,70,2690000,
45,70,2700000,0.7796000242233276
45,70,2710000,
45,70,2720000,
45,70,2730000,
45,70,2740000,
45,70,2750000,
45,70,2760000,
45,70,2770000,
45,70,2780000,
45,70,2790000,
45,70,2800000,0.7824000120162964
45,70,2810000,
45,70,2820000,
45,70,2830000,
45,70,2840000,
45,70,2850000,
45,70,2860000,
45,70,2870000,
45,70,2880000,
45,70,2890000,
45,70,2900000,0.7882000207901001
45,70,2910000,
45,70,2920000,
45,70,2930000,
45,70,2940000,
45,70,2950000,
45,70,2960000,
45,70,2970000,
45,70,2980000,
45,70,2990000,
45,70,3000000,0.7908999919891357
45,70,3010000,
45,70,3020000,
45,70,3030000,
45,70,3040000,
45,70,3050000,
45,70,3060000,
45,70,3070000,
45,70,3080000,
45,70,3090000,
45,70,3100000,0.7811999917030334
45,70,3110000,
45,70,3120000,
45,70,3130000,
45,70,3140000,
45,70,3150000,
45,70,3160000,
45,70,3170000,
45,70,3180000,
45,70,3190000,
45,70,3200000,0.8155999779701233
45,70,3210000,
45,70,3220000,
45,70,3230000,
45,70,3240000,
45,70,3250000,
45,70,3260000,
45,70,3270000,
45,70,3280000,
45,70,3290000,
45,70,3300000,0.7906000018119812
45,70,3310000,
45,70,3320000,
45,70,3330000,
45,70,3340000,
45,70,3350000,
45,70,3360000,
45,70,3370000,
45,70,3380000,
45,70,3390000,
45,70,3400000,0.7924000024795532
45,70,3410000,
45,70,3420000,
45,70,3430000,
45,70,3440000,
45,70,3450000,
45,70,3460000,
45,70,3470000,
45,70,3480000,
45,70,3490000,
45,70,3500000,0.8126999735832214
45,70,3510000,
45,70,3520000,
45,70,3530000,
45,70,3540000,
45,70,3550000,
45,70,3560000,
45,70,3570000,
45,70,3580000,
45,70,3590000,
45,70,3600000,0.819599986076355
45,70,3610000,
45,70,3620000,
45,70,3630000,
45,70,3640000,
45,70,3650000,
45,70,3660000,
45,70,3670000,
45,70,3680000,
45,70,3690000,
45,70,3700000,0.8198000192642212
45,70,3710000,
45,70,3720000,
45,70,3730000,
45,70,3740000,
45,70,3750000,
45,70,3760000,
45,70,3770000,
45,70,3780000,
45,70,3790000,
45,70,3800000,0.8185999989509583
45,70,3810000,
45,70,3820000,
45,70,3830000,
45,70,3840000,
45,70,3850000,
45,70,3860000,
45,70,3870000,
45,70,3880000,
45,70,3890000,
45,70,3900000,0.8222000002861023
45,70,3910000,
45,70,3920000,
45,70,3930000,
45,70,3940000,
45,70,3950000,
45,70,3960000,
45,70,3970000,
45,70,3980000,
45,70,3990000,
45,70,4000000,0.8248999714851379
45,70,4010000,
45,70,4020000,
45,70,4030000,
45,70,4040000,
45,70,4050000,
45,70,4060000,
45,70,4070000,
45,70,4080000,
45,70,4090000,
45,70,4100000,0.8281999826431274
45,70,4110000,
45,70,4120000,
45,70,4130000,
45,70,4140000,
45,70,4150000,
45,70,4160000,
45,70,4170000,
45,70,4180000,
45,70,4190000,
45,70,4200000,0.8246999979019165
45,70,4210000,
45,70,4220000,
45,70,4230000,
45,70,4240000,
45,70,4250000,
45,70,4260000,
45,70,4270000,
45,70,4280000,
45,70,4290000,
45,70,4300000,0.8287000060081482
45,70,4310000,
45,70,4320000,
45,70,4330000,
45,70,4340000,
45,70,4350000,
45,70,4360000,
45,70,4370000,
45,70,4380000,
45,70,4390000,
45,70,4400000,0.8339999914169312
45,70,4410000,
45,70,4420000,
45,70,4430000,
45,70,4440000,
45,70,4450000,
45,70,4460000,
45,70,4470000,
45,70,4480000,
45,70,4490000,
45,70,4500000,0.8273000121116638
45,70,4510000,
45,70,4520000,
45,70,4530000,
45,70,4540000,
45,70,4550000,
45,70,4560000,
45,70,4570000,
45,70,4580000,
45,70,4590000,
45,70,4600000,0.8406999707221985
45,70,4610000,
45,70,4620000,
45,70,4630000,
45,70,4640000,
45,70,4650000,
45,70,4660000,
45,70,4670000,
45,70,4680000,
45,70,4690000,
45,70,4700000,0.8454999923706055
45,70,4710000,
45,70,4720000,
45,70,4730000,
45,70,4740000,
45,70,4750000,
45,70,4760000,
45,70,4770000,
45,70,4780000,
45,70,4790000,
45,70,4800000,0.8482000231742859
45,70,4810000,
45,70,4820000,
45,70,4830000,
45,70,4840000,
45,70,4850000,
45,70,4860000,
45,70,4870000,
45,70,4880000,
45,70,4890000,
45,70,4900000,0.8371000289916992
45,70,4910000,
45,70,4920000,
45,70,4930000,
45,70,4940000,
45,70,4950000,
45,70,4960000,
45,70,4970000,
45,70,4980000,
45,70,4990000,
45,70,5000000,0.8395000100135803
45,80,1,0.0
45,80,10000,
45,80,20000,
45,80,30000,
45,80,40000,
45,80,50000,
45,80,60000,
45,80,70000,
45,80,80000,
45,80,90000,
45,80,100000,0.0017999999690800905
45,80,110000,
45,80,120000,
45,80,130000,
45,80,140000,
45,80,150000,
45,80,160000,
45,80,170000,
45,80,180000,
45,80,190000,
45,80,200000,0.02199999988079071
45,80,210000,
45,80,220000,
45,80,230000,
45,80,240000,
45,80,250000,
45,80,260000,
45,80,270000,
45,80,280000,
45,80,290000,
45,80,300000,0.05420000106096268
45,80,310000,
45,80,320000,
45,80,330000,
45,80,340000,
45,80,350000,
45,80,360000,
45,80,370000,
45,80,380000,
45,80,390000,
45,80,400000,0.08420000225305557
45,80,410000,
45,80,420000,
45,80,430000,
45,80,440000,
45,80,450000,
45,80,460000,
45,80,470000,
45,80,480000,
45,80,490000,
45,80,500000,0.13279999792575836
45,80,510000,
45,80,520000,
45,80,530000,
45,80,540000,
45,80,550000,
45,80,560000,
45,80,570000,
45,80,580000,
45,80,590000,
45,80,600000,0.16419999301433563
45,80,610000,
45,80,620000,
45,80,630000,
45,80,640000,
45,80,650000,
45,80,660000,
45,80,670000,
45,80,680000,
45,80,690000,
45,80,700000,0.20659999549388885
45,80,710000,
45,80,720000,
45,80,730000,
45,80,740000,
45,80,750000,
45,80,760000,
45,80,770000,
45,80,780000,
45,80,790000,
45,80,800000,0.24040000140666962
45,80,810000,
45,80,820000,
45,80,830000,
45,80,840000,
45,80,850000,
45,80,860000,
45,80,870000,
45,80,880000,
45,80,890000,
45,80,900000,0.2799000144004822
45,80,910000,
45,80,920000,
45,80,930000,
45,80,940000,
45,80,950000,
45,80,960000,
45,80,970000,
45,80,980000,
45,80,990000,
45,80,1000000,0.3102000057697296
45,80,1010000,
45,80,1020000,
45,80,1030000,
45,80,1040000,
45,80,1050000,
45,80,1060000,
45,80,1070000,
45,80,1080000,
45,80,1090000,
45,80,1100000,0.36579999327659607
45,80,1110000,
45,80,1120000,
45,80,1130000,
45,80,1140000,
45,80,1150000,
45,80,1160000,
45,80,1170000,
45,80,1180000,
45,80,1190000,
45,80,1200000,0.40549999475479126
45,80,1210000,
45,80,1220000,
45,80,1230000,
45,80,1240000,
45,80,1250000,
45,80,1260000,
45,80,1270000,
45,80,1280000,
45,80,1290000,
45,80,1300000,0.4747999906539917
45,80,1310000,
45,80,1320000,
45,80,1330000,
45,80,1340000,
45,80,1350000,
45,80,1360000,
45,80,1370000,
45,80,1380000,
45,80,1390000,
45,80,1400000,0.5026999711990356
45,80,1410000,
45,80,1420000,
45,80,1430000,
45,80,1440000,
45,80,1450000,
45,80,1460000,
45,80,1470000,
45,80,1480000,
45,80,1490000,
45,80,1500000,0.5396999716758728
45,80,1510000,
45,80,1520000,
45,80,1530000,
45,80,1540000,
45,80,1550000,
45,80,1560000,
45,80,1570000,
45,80,1580000,
45,80,1590000,
45,80,1600000,0.5476999878883362
45,80,1610000,
45,80,1620000,
45,80,1630000,
45,80,1640000,
45,80,1650000,
45,80,1660000,
45,80,1670000,
45,80,1680000,
45,80,1690000,
45,80,1700000,0.5884000062942505
45,80,1710000,
45,80,1720000,
45,80,1730000,
45,80,1740000,
45,80,1750000,
45,80,1760000,
45,80,1770000,
45,80,1780000,
45,80,1790000,
45,80,1800000,0.6101999878883362
45,80,1810000,
45,80,1820000,
45,80,1830000,
45,80,1840000,
45,80,1850000,
45,80,1860000,
45,80,1870000,
45,80,1880000,
45,80,1890000,
45,80,1900000,0.6438999772071838
45,80,1910000,
45,80,1920000,
45,80,1930000,
45,80,1940000,
45,80,1950000,
45,80,1960000,
45,80,1970000,
45,80,1980000,
45,80,1990000,
45,80,2000000,0.6743000149726868
45,80,2010000,
45,80,2020000,
45,80,2030000,
45,80,2040000,
45,80,2050000,
45,80,2060000,
45,80,2070000,
45,80,2080000,
45,80,2090000,
45,80,2100000,0.6841999888420105
45,80,2110000,
45,80,2120000,
45,80,2130000,
45,80,2140000,
45,80,2150000,
45,80,2160000,
45,80,2170000,
45,80,2180000,
45,80,2190000,
45,80,2200000,0.6927000284194946
45,80,2210000,
45,80,2220000,
45,80,2230000,
45,80,2240000,
45,80,2250000,
45,80,2260000,
45,80,2270000,
45,80,2280000,
45,80,2290000,
45,80,2300000,0.7160999774932861
45,80,2310000,
45,80,2320000,
45,80,2330000,
45,80,2340000,
45,80,2350000,
45,80,2360000,
45,80,2370000,
45,80,2380000,
45,80,2390000,
45,80,2400000,0.7261000275611877
45,80,2410000,
45,80,2420000,
45,80,2430000,
45,80,2440000,
45,80,2450000,
45,80,2460000,
45,80,2470000,
45,80,2480000,
45,80,2490000,
45,80,2500000,0.7354999780654907
45,80,2510000,
45,80,2520000,
45,80,2530000,
45,80,2540000,
45,80,2550000,
45,80,2560000,
45,80,2570000,
45,80,2580000,
45,80,2590000,
45,80,2600000,0.7444999814033508
45,80,2610000,
45,80,2620000,
45,80,2630000,
45,80,2640000,
45,80,2650000,
45,80,2660000,
45,80,2670000,
45,80,2680000,
45,80,2690000,
45,80,2700000,0.7426999807357788
45,80,2710000,
45,80,2720000,
45,80,2730000,
45,80,2740000,
45,80,2750000,
45,80,2760000,
45,80,2770000,
45,80,2780000,
45,80,2790000,
45,80,2800000,0.7699999809265137
45,80,2810000,
45,80,2820000,
45,80,2830000,
45,80,2840000,
45,80,2850000,
45,80,2860000,
45,80,2870000,
45,80,2880000,
45,80,2890000,
45,80,2900000,0.7710999846458435
45,80,2910000,
45,80,2920000,
45,80,2930000,
45,80,2940000,
45,80,2950000,
45,80,2960000,
45,80,2970000,
45,80,2980000,
45,80,2990000,
45,80,3000000,0.7775999903678894
45,80,3010000,
45,80,3020000,
45,80,3030000,
45,80,3040000,
45,80,3050000,
45,80,3060000,
45,80,3070000,
45,80,3080000,
45,80,3090000,
45,80,3100000,0.7828999757766724
45,80,3110000,
45,80,3120000,
45,80,3130000,
45,80,3140000,
45,80,3150000,
45,80,3160000,
45,80,3170000,
45,80,3180000,
45,80,3190000,
45,80,3200000,0.7764000296592712
45,80,3210000,
45,80,3220000,
45,80,3230000,
45,80,3240000,
45,80,3250000,
45,80,3260000,
45,80,3270000,
45,80,3280000,
45,80,3290000,
45,80,3300000,0.7980999946594238
45,80,3310000,
45,80,3320000,
45,80,3330000,
45,80,3340000,
45,80,3350000,
45,80,3360000,
45,80,3370000,
45,80,3380000,
45,80,3390000,
45,80,3400000,0.7906000018119812
45,80,3410000,
45,80,3420000,
45,80,3430000,
45,80,3440000,
45,80,3450000,
45,80,3460000,
45,80,3470000,
45,80,3480000,
45,80,3490000,
45,80,3500000,0.8072999715805054
45,80,3510000,
45,80,3520000,
45,80,3530000,
45,80,3540000,
45,80,3550000,
45,80,3560000,
45,80,3570000,
45,80,3580000,
45,80,3590000,
45,80,3600000,0.8032000064849854
45,80,3610000,
45,80,3620000,
45,80,3630000,
45,80,3640000,
45,80,3650000,
45,80,3660000,
45,80,3670000,
45,80,3680000,
45,80,3690000,
45,80,3700000,0.8068000078201294
45,80,3710000,
45,80,3720000,
45,80,3730000,
45,80,3740000,
45,80,3750000,
45,80,3760000,
45,80,3770000,
45,80,3780000,
45,80,3790000,
45,80,3800000,0.8100000023841858
45,80,3810000,
45,80,3820000,
45,80,3830000,
45,80,3840000,
45,80,3850000,
45,80,3860000,
45,80,3870000,
45,80,3880000,
45,80,3890000,
45,80,3900000,0.8054999709129333
45,80,3910000,
45,80,3920000,
45,80,3930000,
45,80,3940000,
45,80,3950000,
45,80,3960000,
45,80,3970000,
45,80,3980000,
45,80,3990000,
45,80,4000000,0.8138999938964844
45,80,4010000,
45,80,4020000,
45,80,4030000,
45,80,4040000,
45,80,4050000,
45,80,4060000,
45,80,4070000,
45,80,4080000,
45,80,4090000,
45,80,4100000,0.830299973487854
45,80,4110000,
45,80,4120000,
45,80,4130000,
45,80,4140000,
45,80,4150000,
45,80,4160000,
45,80,4170000,
45,80,4180000,
45,80,4190000,
45,80,4200000,0.8223999738693237
45,80,4210000,
45,80,4220000,
45,80,4230000,
45,80,4240000,
45,80,4250000,
45,80,4260000,
45,80,4270000,
45,80,4280000,
45,80,4290000,
45,80,4300000,0.8133000135421753
45,80,4310000,
45,80,4320000,
45,80,4330000,
45,80,4340000,
45,80,4350000,
45,80,4360000,
45,80,4370000,
45,80,4380000,
45,80,4390000,
45,80,4400000,0.8209999799728394
45,80,4410000,
45,80,4420000,
45,80,4430000,
45,80,4440000,
45,80,4450000,
45,80,4460000,
45,80,4470000,
45,80,4480000,
45,80,4490000,
45,80,4500000,0.8285999894142151
45,80,4510000,
45,80,4520000,
45,80,4530000,
45,80,4540000,
45,80,4550000,
45,80,4560000,
45,80,4570000,
45,80,4580000,
45,80,4590000,
45,80,4600000,0.8288999795913696
45,80,4610000,
45,80,4620000,
45,80,4630000,
45,80,4640000,
45,80,4650000,
45,80,4660000,
45,80,4670000,
45,80,4680000,
45,80,4690000,
45,80,4700000,0.8281000256538391
45,80,4710000,
45,80,4720000,
45,80,4730000,
45,80,4740000,
45,80,4750000,
45,80,4760000,
45,80,4770000,
45,80,4780000,
45,80,4790000,
45,80,4800000,0.8388000130653381
45,80,4810000,
45,80,4820000,
45,80,4830000,
45,80,4840000,
45,80,4850000,
45,80,4860000,
45,80,4870000,
45,80,4880000,
45,80,4890000,
45,80,4900000,0.8355000019073486
45,80,4910000,
45,80,4920000,
45,80,4930000,
45,80,4940000,
45,80,4950000,
45,80,4960000,
45,80,4970000,
45,80,4980000,
45,80,4990000,
45,80,5000000,0.8349999785423279
45,90,1,0.0
45,90,10000,
45,90,20000,
45,90,30000,
45,90,40000,
45,90,50000,
45,90,60000,
45,90,70000,
45,90,80000,
45,90,90000,
45,90,100000,0.000699999975040555
45,90,110000,
45,90,120000,
45,90,130000,
45,90,140000,
45,90,150000,
45,90,160000,
45,90,170000,
45,90,180000,
45,90,190000,
45,90,200000,0.01489999983459711
45,90,210000,
45,90,220000,
45,90,230000,
45,90,240000,
45,90,250000,
45,90,260000,
45,90,270000,
45,90,280000,
45,90,290000,
45,90,300000,0.04410000145435333
45,90,310000,
45,90,320000,
45,90,330000,
45,90,340000,
45,90,350000,
45,90,360000,
45,90,370000,
45,90,380000,
45,90,390000,
45,90,400000,0.06400000303983688
45,90,410000,
45,90,420000,
45,90,430000,
45,90,440000,
45,90,450000,
45,90,460000,
45,90,470000,
45,90,480000,
45,90,490000,
45,90,500000,0.10320000350475311
45,90,510000,
45,90,520000,
45,90,530000,
45,90,540000,
45,90,550000,
45,90,560000,
45,90,570000,
45,90,580000,
45,90,590000,
45,90,600000,0.12770000100135803
45,90,610000,
45,90,620000,
45,90,630000,
45,90,640000,
45,90,650000,
45,90,660000,
45,90,670000,
45,90,680000,
45,90,690000,
45,90,700000,0.163100004196167
45,90,710000,
45,90,720000,
45,90,730000,
45,90,740000,
45,90,750000,
45,90,760000,
45,90,770000,
45,90,780000,
45,90,790000,
45,90,800000,0.1873999983072281
45,90,810000,
45,90,820000,
45,90,830000,
45,90,840000,
45,90,850000,
45,90,860000,
45,90,870000,
45,90,880000,
45,90,890000,
45,90,900000,0.22699999809265137
45,90,910000,
45,90,920000,
45,90,930000,
45,90,940000,
45,90,950000,
45,90,960000,
45,90,970000,
45,90,980000,
45,90,990000,
45,90,1000000,0.2578999996185303
45,90,1010000,
45,90,1020000,
45,90,1030000,
45,90,1040000,
45,90,1050000,
45,90,1060000,
45,90,1070000,
45,90,1080000,
45,90,1090000,
45,90,1100000,0.3154999911785126
45,90,1110000,
45,90,1120000,
45,90,1130000,
45,90,1140000,
45,90,1150000,
45,90,1160000,
45,90,1170000,
45,90,1180000,
45,90,1190000,
45,90,1200000,0.34290000796318054
45,90,1210000,
45,90,1220000,
45,90,1230000,
45,90,1240000,
45,90,1250000,
45,90,1260000,
45,90,1270000,
45,90,1280000,
45,90,1290000,
45,90,1300000,0.40220001339912415
45,90,1310000,
45,90,1320000,
45,90,1330000,
45,90,1340000,
45,90,1350000,
45,90,1360000,
45,90,1370000,
45,90,1380000,
45,90,1390000,
45,90,1400000,0.41110000014305115
45,90,1410000,
45,90,1420000,
45,90,1430000,
45,90,1440000,
45,90,1450000,
45,90,1460000,
45,90,1470000,
45,90,1480000,
45,90,1490000,
45,90,1500000,0.45890000462532043
45,90,1510000,
45,90,1520000,
45,90,1530000,
45,90,1540000,
45,90,1550000,
45,90,1560000,
45,90,1570000,
45,90,1580000,
45,90,1590000,
45,90,1600000,0.49410000443458557
45,90,1610000,
45,90,1620000,
45,90,1630000,
45,90,1640000,
45,90,1650000,
45,90,1660000,
45,90,1670000,
45,90,1680000,
45,90,1690000,
45,90,1700000,0.53329998254776
45,90,1710000,
45,90,1720000,
45,90,1730000,
45,90,1740000,
45,90,1750000,
45,90,1760000,
45,90,1770000,
45,90,1780000,
45,90,1790000,
45,90,1800000,0.5673999786376953
45,90,1810000,
45,90,1820000,
45,90,1830000,
45,90,1840000,
45,90,1850000,
45,90,1860000,
45,90,1870000,
45,90,1880000,
45,90,1890000,
45,90,1900000,0.585099995136261
45,90,1910000,
45,90,1920000,
45,90,1930000,
45,90,1940000,
45,90,1950000,
45,90,1960000,
45,90,1970000,
45,90,1980000,
45,90,1990000,
45,90,2000000,0.6071000099182129
45,90,2010000,
45,90,2020000,
45,90,2030000,
45,90,2040000,
45,90,2050000,
45,90,2060000,
45,90,2070000,
45,90,2080000,
45,90,2090000,
45,90,2100000,0.6265000104904175
45,90,2110000,
45,90,2120000,
45,90,2130000,
45,90,2140000,
45,90,2150000,
45,90,2160000,
45,90,2170000,
45,90,2180000,
45,90,2190000,
45,90,2200000,0.657800018787384
45,90,2210000,
45,90,2220000,
45,90,2230000,
45,90,2240000,
45,90,2250000,
45,90,2260000,
45,90,2270000,
45,90,2280000,
45,90,2290000,
45,90,2300000,0.6686000227928162
45,90,2310000,
45,90,2320000,
45,90,2330000,
45,90,2340000,
45,90,2350000,
45,90,2360000,
45,90,2370000,
45,90,2380000,
45,90,2390000,
45,90,2400000,0.6777999997138977
45,90,2410000,
45,90,2420000,
45,90,2430000,
45,90,2440000,
45,90,2450000,
45,90,2460000,
45,90,2470000,
45,90,2480000,
45,90,2490000,
45,90,2500000,0.6934000253677368
45,90,2510000,
45,90,2520000,
45,90,2530000,
45,90,2540000,
45,90,2550000,
45,90,2560000,
45,90,2570000,
45,90,2580000,
45,90,2590000,
45,90,2600000,0.71670001745224
45,90,2610000,
45,90,2620000,
45,90,2630000,
45,90,2640000,
45,90,2650000,
45,90,2660000,
45,90,2670000,
45,90,2680000,
45,90,2690000,
45,90,2700000,0.7221999764442444
45,90,2710000,
45,90,2720000,
45,90,2730000,
45,90,2740000,
45,90,2750000,
45,90,2760000,
45,90,2770000,
45,90,2780000,
45,90,2790000,
45,90,2800000,0.7329999804496765
45,90,2810000,
45,90,2820000,
45,90,2830000,
45,90,2840000,
45,90,2850000,
45,90,2860000,
45,90,2870000,
45,90,2880000,
45,90,2890000,
45,90,2900000,0.7497000098228455
45,90,2910000,
45,90,2920000,
45,90,2930000,
45,90,2940000,
45,90,2950000,
45,90,2960000,
45,90,2970000,
45,90,2980000,
45,90,2990000,
45,90,3000000,0.7452999949455261
45,90,3010000,
45,90,3020000,
45,90,3030000,
45,90,3040000,
45,90,3050000,
45,90,3060000,
45,90,3070000,
45,90,3080000,
45,90,3090000,
45,90,3100000,0.753600001335144
45,90,3110000,
45,90,3120000,
45,90,3130000,
45,90,3140000,
45,90,3150000,
45,90,3160000,
45,90,3170000,
45,90,3180000,
45,90,3190000,
45,90,3200000,0.7556999921798706
45,90,3210000,
45,90,3220000,
45,90,3230000,
45,90,3240000,
45,90,3250000,
45,90,3260000,
45,90,3270000,
45,90,3280000,
45,90,3290000,
45,90,3300000,0.758400022983551
45,90,3310000,
45,90,3320000,
45,90,3330000,
45,90,3340000,
45,90,3350000,
45,90,3360000,
45,90,3370000,
45,90,3380000,
45,90,3390000,
45,90,3400000,0.7694000005722046
45,90,3410000,
45,90,3420000,
45,90,3430000,
45,90,3440000,
45,90,3450000,
45,90,3460000,
45,90,3470000,
45,90,3480000,
45,90,3490000,
45,90,3500000,0.7882999777793884
45,90,3510000,
45,90,3520000,
45,90,3530000,
45,90,3540000,
45,90,3550000,
45,90,3560000,
45,90,3570000,
45,90,3580000,
45,90,3590000,
45,90,3600000,0.7763000130653381
45,90,3610000,
45,90,3620000,
45,90,3630000,
45,90,3640000,
45,90,3650000,
45,90,3660000,
45,90,3670000,
45,90,3680000,
45,90,3690000,
45,90,3700000,0.7904000282287598
45,90,3710000,
45,90,3720000,
45,90,3730000,
45,90,3740000,
45,90,3750000,
45,90,3760000,
45,90,3770000,
45,90,3780000,
45,90,3790000,
45,90,3800000,0.795799970626831
45,90,3810000,
45,90,3820000,
45,90,3830000,
45,90,3840000,
45,90,3850000,
45,90,3860000,
45,90,3870000,
45,90,3880000,
45,90,3890000,
45,90,3900000,0.788100004196167
45,90,3910000,
45,90,3920000,
45,90,3930000,
45,90,3940000,
45,90,3950000,
45,90,3960000,
45,90,3970000,
45,90,3980000,
45,90,3990000,
45,90,4000000,0.7983999848365784
45,90,4010000,
45,90,4020000,
45,90,4030000,
45,90,4040000,
45,90,4050000,
45,90,4060000,
45,90,4070000,
45,90,4080000,
45,90,4090000,
45,90,4100000,0.7935000061988831
45,90,4110000,
45,90,4120000,
45,90,4130000,
45,90,4140000,
45,90,4150000,
45,90,4160000,
45,90,4170000,
45,90,4180000,
45,90,4190000,
45,90,4200000,0.7914999723434448
45,90,4210000,
45,90,4220000,
45,90,4230000,
45,90,4240000,
45,90,4250000,
45,90,4260000,
45,90,4270000,
45,90,4280000,
45,90,4290000,
45,90,4300000,0.8051000237464905
45,90,4310000,
45,90,4320000,
45,90,4330000,
45,90,4340000,
45,90,4350000,
45,90,4360000,
45,90,4370000,
45,90,4380000,
45,90,4390000,
45,90,4400000,0.8058000206947327
45,90,4410000,
45,90,4420000,
45,90,4430000,
45,90,4440000,
45,90,4450000,
45,90,4460000,
45,90,4470000,
45,90,4480000,
45,90,4490000,
45,90,4500000,0.8191999793052673
45,90,4510000,
45,90,4520000,
45,90,4530000,
45,90,4540000,
45,90,4550000,
45,90,4560000,
45,90,4570000,
45,90,4580000,
45,90,4590000,
45,90,4600000,0.8166000247001648
45,90,4610000,
45,90,4620000,
45,90,4630000,
45,90,4640000,
45,90,4650000,
45,90,4660000,
45,90,4670000,
45,90,4680000,
45,90,4690000,
45,90,4700000,0.8205999732017517
45,90,4710000,
45,90,4720000,
45,90,4730000,
45,90,4740000,
45,90,4750000,
45,90,4760000,
45,90,4770000,
45,90,4780000,
45,90,4790000,
45,90,4800000,0.8287000060081482
45,90,4810000,
45,90,4820000,
45,90,4830000,
45,90,4840000,
45,90,4850000,
45,90,4860000,
45,90,4870000,
45,90,4880000,
45,90,4890000,
45,90,4900000,0.8177000284194946
45,90,4910000,
45,90,4920000,
45,90,4930000,
45,90,4940000,
45,90,4950000,
45,90,4960000,
45,90,4970000,
45,90,4980000,
45,90,4990000,
45,90,5000000,0.8334000110626221
45,100,1,0.0
45,100,10000,
45,100,20000,
45,100,30000,
45,100,40000,
45,100,50000,
45,100,60000,
45,100,70000,
45,100,80000,
45,100,90000,
45,100,100000,0.0003000000142492354
45,100,110000,
45,100,120000,
45,100,130000,
45,100,140000,
45,100,150000,
45,100,160000,
45,100,170000,
45,100,180000,
45,100,190000,
45,100,200000,0.011800000444054604
45,100,210000,
45,100,220000,
45,100,230000,
45,100,240000,
45,100,250000,
45,100,260000,
45,100,270000,
45,100,280000,
45,100,290000,
45,100,300000,0.029600000008940697
45,100,310000,
45,100,320000,
45,100,330000,
45,100,340000,
45,100,350000,
45,100,360000,
45,100,370000,
45,100,380000,
45,100,390000,
45,100,400000,0.058400001376867294
45,100,410000,
45,100,420000,
45,100,430000,
45,100,440000,
45,100,450000,
45,100,460000,
45,100,470000,
45,100,480000,
45,100,490000,
45,100,500000,0.0722000002861023
45,100,510000,
45,100,520000,
45,100,530000,
45,100,540000,
45,100,550000,
45,100,560000,
45,100,570000,
45,100,580000,
45,100,590000,
45,100,600000,0.10189999639987946
45,100,610000,
45,100,620000,
45,100,630000,
45,100,640000,
45,100,650000,
45,100,660000,
45,100,670000,
45,100,680000,
45,100,690000,
45,100,700000,0.11339999735355377
45,100,710000,
45,100,720000,
45,100,730000,
45,100,740000,
45,100,750000,
45,100,760000,
45,100,770000,
45,100,780000,
45,100,790000,
45,100,800000,0.1477999985218048
45,100,810000,
45,100,820000,
45,100,830000,
45,100,840000,
45,100,850000,
45,100,860000,
45,100,870000,
45,100,880000,
45,100,890000,
45,100,900000,0.1695999950170517
45,100,910000,
45,100,920000,
45,100,930000,
45,100,940000,
45,100,950000,
45,100,960000,
45,100,970000,
45,100,980000,
45,100,990000,
45,100,1000000,0.2070000022649765
45,100,1010000,
45,100,1020000,
45,100,1030000,
45,100,1040000,
45,100,1050000,
45,100,1060000,
45,100,1070000,
45,100,1080000,
45,100,1090000,
45,100,1100000,0.23960000276565552
45,100,1110000,
45,100,1120000,
45,100,1130000,
45,100,1140000,
45,100,1150000,
45,100,1160000,
45,100,1170000,
45,100,1180000,
45,100,1190000,
45,100,1200000,0.287200003862381
45,100,1210000,
45,100,1220000,
45,100,1230000,
45,100,1240000,
45,100,1250000,
45,100,1260000,
45,100,1270000,
45,100,1280000,
45,100,1290000,
45,100,1300000,0.3027999997138977
45,100,1310000,
45,100,1320000,
45,100,1330000,
45,100,1340000,
45,100,1350000,
45,100,1360000,
45,100,1370000,
45,100,1380000,
45,100,1390000,
45,100,1400000,0.3328000009059906
45,100,1410000,
45,100,1420000,
45,100,1430000,
45,100,1440000,
45,100,1450000,
45,100,1460000,
45,100,1470000,
45,100,1480000,
45,100,1490000,
45,100,1500000,0.3853999972343445
45,100,1510000,
45,100,1520000,
45,100,1530000,
45,100,1540000,
45,100,1550000,
45,100,1560000,
45,100,1570000,
45,100,1580000,
45,100,1590000,
45,100,1600000,0.42719998955726624
45,100,1610000,
45,100,1620000,
45,100,1630000,
45,100,1640000,
45,100,1650000,
45,100,1660000,
45,100,1670000,
45,100,1680000,
45,100,1690000,
45,100,1700000,0.4724000096321106
45,100,1710000,
45,100,1720000,
45,100,1730000,
45,100,1740000,
45,100,1750000,
45,100,1760000,
45,100,1770000,
45,100,1780000,
45,100,1790000,
45,100,1800000,0.4821999967098236
45,100,1810000,
45,100,1820000,
45,100,1830000,
45,100,1840000,
45,100,1850000,
45,100,1860000,
45,100,1870000,
45,100,1880000,
45,100,1890000,
45,100,1900000,0.5130000114440918
45,100,1910000,
45,100,1920000,
45,100,1930000,
45,100,1940000,
45,100,1950000,
45,100,1960000,
45,100,1970000,
45,100,1980000,
45,100,1990000,
45,100,2000000,0.5555999875068665
45,100,2010000,
45,100,2020000,
45,100,2030000,
45,100,2040000,
45,100,2050000,
45,100,2060000,
45,100,2070000,
45,100,2080000,
45,100,2090000,
45,100,2100000,0.5565999746322632
45,100,2110000,
45,100,2120000,
45,100,2130000,
45,100,2140000,
45,100,2150000,
45,100,2160000,
45,100,2170000,
45,100,2180000,
45,100,2190000,
45,100,2200000,0.5828999876976013
45,100,2210000,
45,100,2220000,
45,100,2230000,
45,100,2240000,
45,100,2250000,
45,100,2260000,
45,100,2270000,
45,100,2280000,
45,100,2290000,
45,100,2300000,0.5616999864578247
45,100,2310000,
45,100,2320000,
45,100,2330000,
45,100,2340000,
45,100,2350000,
45,100,2360000,
45,100,2370000,
45,100,2380000,
45,100,2390000,
45,100,2400000,0.6015999913215637
45,100,2410000,
45,100,2420000,
45,100,2430000,
45,100,2440000,
45,100,2450000,
45,100,2460000,
45,100,2470000,
45,100,2480000,
45,100,2490000,
45,100,2500000,0.6035000085830688
45,100,2510000,
45,100,2520000,
45,100,2530000,
45,100,2540000,
45,100,2550000,
45,100,2560000,
45,100,2570000,
45,100,2580000,
45,100,2590000,
45,100,2600000,0.6191999912261963
45,100,2610000,
45,100,2620000,
45,100,2630000,
45,100,2640000,
45,100,2650000,
45,100,2660000,
45,100,2670000,
45,100,2680000,
45,100,2690000,
45,100,2700000,0.6284999847412109
45,100,2710000,
45,100,2720000,
45,100,2730000,
45,100,2740000,
45,100,2750000,
45,100,2760000,
45,100,2770000,
45,100,2780000,
45,100,2790000,
45,100,2800000,0.6363999843597412
45,100,2810000,
45,100,2820000,
45,100,2830000,
45,100,2840000,
45,100,2850000,
45,100,2860000,
45,100,2870000,
45,100,2880000,
45,100,2890000,
45,100,2900000,0.6632000207901001
45,100,2910000,
45,100,2920000,
45,100,2930000,
45,100,2940000,
45,100,2950000,
45,100,2960000,
45,100,2970000,
45,100,2980000,
45,100,2990000,
45,100,3000000,0.6628000140190125
45,100,3010000,
45,100,3020000,
45,100,3030000,
45,100,3040000,
45,100,3050000,
45,100,3060000,
45,100,3070000,
45,100,3080000,
45,100,3090000,
45,100,3100000,0.6729000210762024
45,100,3110000,
45,100,3120000,
45,100,3130000,
45,100,3140000,
45,100,3150000,
45,100,3160000,
45,100,3170000,
45,100,3180000,
45,100,3190000,
45,100,3200000,0.6675000190734863
45,100,3210000,
45,100,3220000,
45,100,3230000,
45,100,3240000,
45,100,3250000,
45,100,3260000,
45,100,3270000,
45,100,3280000,
45,100,3290000,
45,100,3300000,0.6862000226974487
45,100,3310000,
45,100,3320000,
45,100,3330000,
45,100,3340000,
45,100,3350000,
45,100,3360000,
45,100,3370000,
45,100,3380000,
45,100,3390000,
45,100,3400000,0.6747000217437744
45,100,3410000,
45,100,3420000,
45,100,3430000,
45,100,3440000,
45,100,3450000,
45,100,3460000,
45,100,3470000,
45,100,3480000,
45,100,3490000,
45,100,3500000,0.6829000115394592
45,100,3510000,
45,100,3520000,
45,100,3530000,
45,100,3540000,
45,100,3550000,
45,100,3560000,
45,100,3570000,
45,100,3580000,
45,100,3590000,
45,100,3600000,0.7005000114440918
45,100,3610000,
45,100,3620000,
45,100,3630000,
45,100,3640000,
45,100,3650000,
45,100,3660000,
45,100,3670000,
45,100,3680000,
45,100,3690000,
45,100,3700000,0.7178999781608582
45,100,3710000,
45,100,3720000,
45,100,3730000,
45,100,3740000,
45,100,3750000,
45,100,3760000,
45,100,3770000,
45,100,3780000,
45,100,3790000,
45,100,3800000,0.7117000222206116
45,100,3810000,
45,100,3820000,
45,100,3830000,
45,100,3840000,
45,100,3850000,
45,100,3860000,
45,100,3870000,
45,100,3880000,
45,100,3890000,
45,100,3900000,0.7146000266075134
45,100,3910000,
45,100,3920000,
45,100,3930000,
45,100,3940000,
45,100,3950000,
45,100,3960000,
45,100,3970000,
45,100,3980000,
45,100,3990000,
45,100,4000000,0.7093999981880188
45,100,4010000,
45,100,4020000,
45,100,4030000,
45,100,4040000,
45,100,4050000,
45,100,4060000,
45,100,4070000,
45,100,4080000,
45,100,4090000,
45,100,4100000,0.7318999767303467
45,100,4110000,
45,100,4120000,
45,100,4130000,
45,100,4140000,
45,100,4150000,
45,100,4160000,
45,100,4170000,
45,100,4180000,
45,100,4190000,
45,100,4200000,0.7516999840736389
45,100,4210000,
45,100,4220000,
45,100,4230000,
45,100,4240000,
45,100,4250000,
45,100,4260000,
45,100,4270000,
45,100,4280000,
45,100,4290000,
45,100,4300000,0.7472000122070312
45,100,4310000,
45,100,4320000,
45,100,4330000,
45,100,4340000,
45,100,4350000,
45,100,4360000,
45,100,4370000,
45,100,4380000,
45,100,4390000,
45,100,4400000,0.7491000294685364
45,100,4410000,
45,100,4420000,
45,100,4430000,
45,100,4440000,
45,100,4450000,
45,100,4460000,
45,100,4470000,
45,100,4480000,
45,100,4490000,
45,100,4500000,0.7601000070571899
45,100,4510000,
45,100,4520000,
45,100,4530000,
45,100,4540000,
45,100,4550000,
45,100,4560000,
45,100,4570000,
45,100,4580000,
45,100,4590000,
45,100,4600000,0.7475000023841858
45,100,4610000,
45,100,4620000,
45,100,4630000,
45,100,4640000,
45,100,4650000,
45,100,4660000,
45,100,4670000,
45,100,4680000,
45,100,4690000,
45,100,4700000,0.7545999884605408
45,100,4710000,
45,100,4720000,
45,100,4730000,
45,100,4740000,
45,100,4750000,
45,100,4760000,
45,100,4770000,
45,100,4780000,
45,100,4790000,
45,100,4800000,0.7506999969482422
45,100,4810000,
45,100,4820000,
45,100,4830000,
45,100,4840000,
45,100,4850000,
45,100,4860000,
45,100,4870000,
45,100,4880000,
45,100,4890000,
45,100,4900000,0.7656000256538391
45,100,4910000,
45,100,4920000,
45,100,4930000,
45,100,4940000,
45,100,4950000,
45,100,4960000,
45,100,4970000,
45,100,4980000,
45,100,4990000,
45,100,5000000,0.7609999775886536
45,120,1,0.0
45,120,10000,
45,120,20000,
45,120,30000,
45,120,40000,
45,120,50000,
45,120,60000,
45,120,70000,
45,120,80000,
45,120,90000,
45,120,100000,0.00019999999494757503
45,120,110000,
45,120,120000,
45,120,130000,
45,120,140000,
45,120,150000,
45,120,160000,
45,120,170000,
45,120,180000,
45,120,190000,
45,120,200000,0.0071000000461936
45,120,210000,
45,120,220000,
45,120,230000,
45,120,240000,
45,120,250000,
45,120,260000,
45,120,270000,
45,120,280000,
45,120,290000,
45,120,300000,0.01899999938905239
45,120,310000,
45,120,320000,
45,120,330000,
45,120,340000,
45,120,350000,
45,120,360000,
45,120,370000,
45,120,380000,
45,120,390000,
45,120,400000,0.02969999983906746
45,120,410000,
45,120,420000,
45,120,430000,
45,120,440000,
45,120,450000,
45,120,460000,
45,120,470000,
45,120,480000,
45,120,490000,
45,120,500000,0.04500000178813934
45,120,510000,
45,120,520000,
45,120,530000,
45,120,540000,
45,120,550000,
45,120,560000,
45,120,570000,
45,120,580000,
45,120,590000,
45,120,600000,0.05570000037550926
45,120,610000,
45,120,620000,
45,120,630000,
45,120,640000,
45,120,650000,
45,120,660000,
45,120,670000,
45,120,680000,
45,120,690000,
45,120,700000,0.07689999788999557
45,120,710000,
45,120,720000,
45,120,730000,
45,120,740000,
45,120,750000,
45,120,760000,
45,120,770000,
45,120,780000,
45,120,790000,
45,120,800000,0.08190000057220459
45,120,810000,
45,120,820000,
45,120,830000,
45,120,840000,
45,120,850000,
45,120,860000,
45,120,870000,
45,120,880000,
45,120,890000,
45,120,900000,0.10130000114440918
45,120,910000,
45,120,920000,
45,120,930000,
45,120,940000,
45,120,950000,
45,120,960000,
45,120,970000,
45,120,980000,
45,120,990000,
45,120,1000000,0.12399999797344208
45,120,1010000,
45,120,1020000,
45,120,1030000,
45,120,1040000,
45,120,1050000,
45,120,1060000,
45,120,1070000,
45,120,1080000,
45,120,1090000,
45,120,1100000,0.16200000047683716
45,120,1110000,
45,120,1120000,
45,120,1130000,
45,120,1140000,
45,120,1150000,
45,120,1160000,
45,120,1170000,
45,120,1180000,
45,120,1190000,
45,120,1200000,0.16779999434947968
45,120,1210000,
45,120,1220000,
45,120,1230000,
45,120,1240000,
45,120,1250000,
45,120,1260000,
45,120,1270000,
45,120,1280000,
45,120,1290000,
45,120,1300000,0.19580000638961792
45,120,1310000,
45,120,1320000,
45,120,1330000,
45,120,1340000,
45,120,1350000,
45,120,1360000,
45,120,1370000,
45,120,1380000,
45,120,1390000,
45,120,1400000,0.23489999771118164
45,120,1410000,
45,120,1420000,
45,120,1430000,
45,120,1440000,
45,120,1450000,
45,120,1460000,
45,120,1470000,
45,120,1480000,
45,120,1490000,
45,120,1500000,0.2694000005722046
45,120,1510000,
45,120,1520000,
45,120,1530000,
45,120,1540000,
45,120,1550000,
45,120,1560000,
45,120,1570000,
45,120,1580000,
45,120,1590000,
45,120,1600000,0.29109999537467957
45,120,1610000,
45,120,1620000,
45,120,1630000,
45,120,1640000,
45,120,1650000,
45,120,1660000,
45,120,1670000,
45,120,1680000,
45,120,1690000,
45,120,1700000,0.33869999647140503
45,120,1710000,
45,120,1720000,
45,120,1730000,
45,120,1740000,
45,120,1750000,
45,120,1760000,
45,120,1770000,
45,120,1780000,
45,120,1790000,
45,120,1800000,0.3601999878883362
45,120,1810000,
45,120,1820000,
45,120,1830000,
45,120,1840000,
45,120,1850000,
45,120,1860000,
45,120,1870000,
45,120,1880000,
45,120,1890000,
45,120,1900000,0.39399999380111694
45,120,1910000,
45,120,1920000,
45,120,1930000,
45,120,1940000,
45,120,1950000,
45,120,1960000,
45,120,1970000,
45,120,1980000,
45,120,1990000,
45,120,2000000,0.40310001373291016
45,120,2010000,
45,120,2020000,
45,120,2030000,
45,120,2040000,
45,120,2050000,
45,120,2060000,
45,120,2070000,
45,120,2080000,
45,120,2090000,
45,120,2100000,0.4345000088214874
45,120,2110000,
45,120,2120000,
45,120,2130000,
45,120,2140000,
45,120,2150000,
45,120,2160000,
45,120,2170000,
45,120,2180000,
45,120,2190000,
45,120,2200000,0.4577000141143799
45,120,2210000,
45,120,2220000,
45,120,2230000,
45,120,2240000,
45,120,2250000,
45,120,2260000,
45,120,2270000,
45,120,2280000,
45,120,2290000,
45,120,2300000,0.4812999963760376
45,120,2310000,
45,120,2320000,
45,120,2330000,
45,120,2340000,
45,120,2350000,
45,120,2360000,
45,120,2370000,
45,120,2380000,
45,120,2390000,
45,120,2400000,0.5077000260353088
45,120,2410000,
45,120,2420000,
45,120,2430000,
45,120,2440000,
45,120,2450000,
45,120,2460000,
45,120,2470000,
45,120,2480000,
45,120,2490000,
45,120,2500000,0.526199996471405
45,120,2510000,
45,120,2520000,
45,120,2530000,
45,120,2540000,
45,120,2550000,
45,120,2560000,
45,120,2570000,
45,120,2580000,
45,120,2590000,
45,120,2600000,0.5332000255584717
45,120,2610000,
45,120,2620000,
45,120,2630000,
45,120,2640000,
45,120,2650000,
45,120,2660000,
45,120,2670000,
45,120,2680000,
45,120,2690000,
45,120,2700000,0.5493999719619751
45,120,2710000,
45,120,2720000,
45,120,2730000,
45,120,2740000,
45,120,2750000,
45,120,2760000,
45,120,2770000,
45,120,2780000,
45,120,2790000,
45,120,2800000,0.5662999749183655
45,120,2810000,
45,120,2820000,
45,120,2830000,
45,120,2840000,
45,120,2850000,
45,120,2860000,
45,120,2870000,
45,120,2880000,
45,120,2890000,
45,120,2900000,0.5819000005722046
45,120,2910000,
45,120,2920000,
45,120,2930000,
45,120,2940000,
45,120,2950000,
45,120,2960000,
45,120,2970000,
45,120,2980000,
45,120,2990000,
45,120,3000000,0.5712000131607056
45,120,3010000,
45,120,3020000,
45,120,3030000,
45,120,3040000,
45,120,3050000,
45,120,3060000,
45,120,3070000,
45,120,3080000,
45,120,3090000,
45,120,3100000,0.6029999852180481
45,120,3110000,
45,120,3120000,
45,120,3130000,
45,120,3140000,
45,120,3150000,
45,120,3160000,
45,120,3170000,
45,120,3180000,
45,120,3190000,
45,120,3200000,0.6097999811172485
45,120,3210000,
45,120,3220000,
45,120,3230000,
45,120,3240000,
45,120,3250000,
45,120,3260000,
45,120,3270000,
45,120,3280000,
45,120,3290000,
45,120,3300000,0.6055999994277954
45,120,3310000,
45,120,3320000,
45,120,3330000,
45,120,3340000,
45,120,3350000,
45,120,3360000,
45,120,3370000,
45,120,3380000,
45,120,3390000,
45,120,3400000,0.6392999887466431
45,120,3410000,
45,120,3420000,
45,120,3430000,
45,120,3440000,
45,120,3450000,
45,120,3460000,
45,120,3470000,
45,120,3480000,
45,120,3490000,
45,120,3500000,0.6395999789237976
45,120,3510000,
45,120,3520000,
45,120,3530000,
45,120,3540000,
45,120,3550000,
45,120,3560000,
45,120,3570000,
45,120,3580000,
45,120,3590000,
45,120,3600000,0.6330000162124634
45,120,3610000,
45,120,3620000,
45,120,3630000,
45,120,3640000,
45,120,3650000,
45,120,3660000,
45,120,3670000,
45,120,3680000,
45,120,3690000,
45,120,3700000,0.656499981880188
45,120,3710000,
45,120,3720000,
45,120,3730000,
45,120,3740000,
45,120,3750000,
45,120,3760000,
45,120,3770000,
45,120,3780000,
45,120,3790000,
45,120,3800000,0.6643000245094299
45,120,3810000,
45,120,3820000,
45,120,3830000,
45,120,3840000,
45,120,3850000,
45,120,3860000,
45,120,3870000,
45,120,3880000,
45,120,3890000,
45,120,3900000,0.6606000065803528
45,120,3910000,
45,120,3920000,
45,120,3930000,
45,120,3940000,
45,120,3950000,
45,120,3960000,
45,120,3970000,
45,120,3980000,
45,120,3990000,
45,120,4000000,0.6942999958992004
45,120,4010000,
45,120,4020000,
45,120,4030000,
45,120,4040000,
45,120,4050000,
45,120,4060000,
45,120,4070000,
45,120,4080000,
45,120,4090000,
45,120,4100000,0.6725999712944031
45,120,4110000,
45,120,4120000,
45,120,4130000,
45,120,4140000,
45,120,4150000,
45,120,4160000,
45,120,4170000,
45,120,4180000,
45,120,4190000,
45,120,4200000,0.7109000086784363
45,120,4210000,
45,120,4220000,
45,120,4230000,
45,120,4240000,
45,120,4250000,
45,120,4260000,
45,120,4270000,
45,120,4280000,
45,120,4290000,
45,120,4300000,0.7031000256538391
45,120,4310000,
45,120,4320000,
45,120,4330000,
45,120,4340000,
45,120,4350000,
45,120,4360000,
45,120,4370000,
45,120,4380000,
45,120,4390000,
45,120,4400000,0.6980000138282776
45,120,4410000,
45,120,4420000,
45,120,4430000,
45,120,4440000,
45,120,4450000,
45,120,4460000,
45,120,4470000,
45,120,4480000,
45,120,4490000,
45,120,4500000,0.7020000219345093
45,120,4510000,
45,120,4520000,
45,120,4530000,
45,120,4540000,
45,120,4550000,
45,120,4560000,
45,120,4570000,
45,120,4580000,
45,120,4590000,
45,120,4600000,0.718999981880188
45,120,4610000,
45,120,4620000,
45,120,4630000,
45,120,4640000,
45,120,4650000,
45,120,4660000,
45,120,4670000,
45,120,4680000,
45,120,4690000,
45,120,4700000,0.7203999757766724
45,120,4710000,
45,120,4720000,
45,120,4730000,
45,120,4740000,
45,120,4750000,
45,120,4760000,
45,120,4770000,
45,120,4780000,
45,120,4790000,
45,120,4800000,0.7361999750137329
45,120,4810000,
45,120,4820000,
45,120,4830000,
45,120,4840000,
45,120,4850000,
45,120,4860000,
45,120,4870000,
45,120,4880000,
45,120,4890000,
45,120,4900000,0.7346000075340271
45,120,4910000,
45,120,4920000,
45,120,4930000,
45,120,4940000,
45,120,4950000,
45,120,4960000,
45,120,4970000,
45,120,4980000,
45,120,4990000,
45,120,5000000,0.7405999898910522
45,140,1,0.0
45,140,10000,
45,140,20000,
45,140,30000,
45,140,40000,
45,140,50000,
45,140,60000,
45,140,70000,
45,140,80000,
45,140,90000,
45,140,100000,0.0
45,140,110000,
45,140,120000,
45,140,130000,
45,140,140000,
45,140,150000,
45,140,160000,
45,140,170000,
45,140,180000,
45,140,190000,
45,140,200000,0.002899999963119626
45,140,210000,
45,140,220000,
45,140,230000,
45,140,240000,
45,140,250000,
45,140,260000,
45,140,270000,
45,140,280000,
45,140,290000,
45,140,300000,0.008799999952316284
45,140,310000,
45,140,320000,
45,140,330000,
45,140,340000,
45,140,350000,
45,140,360000,
45,140,370000,
45,140,380000,
45,140,390000,
45,140,400000,0.0210999995470047
45,140,410000,
45,140,420000,
45,140,430000,
45,140,440000,
45,140,450000,
45,140,460000,
45,140,470000,
45,140,480000,
45,140,490000,
45,140,500000,0.031099999323487282
45,140,510000,
45,140,520000,
45,140,530000,
45,140,540000,
45,140,550000,
45,140,560000,
45,140,570000,
45,140,580000,
45,140,590000,
45,140,600000,0.04360000044107437
45,140,610000,
45,140,620000,
45,140,630000,
45,140,640000,
45,140,650000,
45,140,660000,
45,140,670000,
45,140,680000,
45,140,690000,
45,140,700000,0.066600002348423
45,140,710000,
45,140,720000,
45,140,730000,
45,140,740000,
45,140,750000,
45,140,760000,
45,140,770000,
45,140,780000,
45,140,790000,
45,140,800000,0.08470000326633453
45,140,810000,
45,140,820000,
45,140,830000,
45,140,840000,
45,140,850000,
45,140,860000,
45,140,870000,
45,140,880000,
45,140,890000,
45,140,900000,0.08889999985694885
45,140,910000,
45,140,920000,
45,140,930000,
45,140,940000,
45,140,950000,
45,140,960000,
45,140,970000,
45,140,980000,
45,140,990000,
45,140,1000000,0.1298000067472458
45,140,1010000,
45,140,1020000,
45,140,1030000,
45,140,1040000,
45,140,1050000,
45,140,1060000,
45,140,1070000,
45,140,1080000,
45,140,1090000,
45,140,1100000,0.14920000731945038
45,140,1110000,
45,140,1120000,
45,140,1130000,
45,140,1140000,
45,140,1150000,
45,140,1160000,
45,140,1170000,
45,140,1180000,
45,140,1190000,
45,140,1200000,0.17759999632835388
45,140,1210000,
45,140,1220000,
45,140,1230000,
45,140,1240000,
45,140,1250000,
45,140,1260000,
45,140,1270000,
45,140,1280000,
45,140,1290000,
45,140,1300000,0.2046000063419342
45,140,1310000,
45,140,1320000,
45,140,1330000,
45,140,1340000,
45,140,1350000,
45,140,1360000,
45,140,1370000,
45,140,1380000,
45,140,1390000,
45,140,1400000,0.22550000250339508
45,140,1410000,
45,140,1420000,
45,140,1430000,
45,140,1440000,
45,140,1450000,
45,140,1460000,
45,140,1470000,
45,140,1480000,
45,140,1490000,
45,140,1500000,0.2621999979019165
45,140,1510000,
45,140,1520000,
45,140,1530000,
45,140,1540000,
45,140,1550000,
45,140,1560000,
45,140,1570000,
45,140,1580000,
45,140,1590000,
45,140,1600000,0.2872999906539917
45,140,1610000,
45,140,1620000,
45,140,1630000,
45,140,1640000,
45,140,1650000,
45,140,1660000,
45,140,1670000,
45,140,1680000,
45,140,1690000,
45,140,1700000,0.3239000141620636
45,140,1710000,
45,140,1720000,
45,140,1730000,
45,140,1740000,
45,140,1750000,
45,140,1760000,
45,140,1770000,
45,140,1780000,
45,140,1790000,
45,140,1800000,0.352400004863739
45,140,1810000,
45,140,1820000,
45,140,1830000,
45,140,1840000,
45,140,1850000,
45,140,1860000,
45,140,1870000,
45,140,1880000,
45,140,1890000,
45,140,1900000,0.3853999972343445
45,140,1910000,
45,140,1920000,
45,140,1930000,
45,140,1940000,
45,140,1950000,
45,140,1960000,
45,140,1970000,
45,140,1980000,
45,140,1990000,
45,140,2000000,0.3878999948501587
45,140,2010000,
45,140,2020000,
45,140,2030000,
45,140,2040000,
45,140,2050000,
45,140,2060000,
45,140,2070000,
45,140,2080000,
45,140,2090000,
45,140,2100000,0.44780001044273376
45,140,2110000,
45,140,2120000,
45,140,2130000,
45,140,2140000,
45,140,2150000,
45,140,2160000,
45,140,2170000,
45,140,2180000,
45,140,2190000,
45,140,2200000,0.45509999990463257
45,140,2210000,
45,140,2220000,
45,140,2230000,
45,140,2240000,
45,140,2250000,
45,140,2260000,
45,140,2270000,
45,140,2280000,
45,140,2290000,
45,140,2300000,0.4643000066280365
45,140,2310000,
45,140,2320000,
45,140,2330000,
45,140,2340000,
45,140,2350000,
45,140,2360000,
45,140,2370000,
45,140,2380000,
45,140,2390000,
45,140,2400000,0.4943000078201294
45,140,2410000,
45,140,2420000,
45,140,2430000,
45,140,2440000,
45,140,2450000,
45,140,2460000,
45,140,2470000,
45,140,2480000,
45,140,2490000,
45,140,2500000,0.504800021648407
45,140,2510000,
45,140,2520000,
45,140,2530000,
45,140,2540000,
45,140,2550000,
45,140,2560000,
45,140,2570000,
45,140,2580000,
45,140,2590000,
45,140,2600000,0.5335000157356262
45,140,2610000,
45,140,2620000,
45,140,2630000,
45,140,2640000,
45,140,2650000,
45,140,2660000,
45,140,2670000,
45,140,2680000,
45,140,2690000,
45,140,2700000,0.5256999731063843
45,140,2710000,
45,140,2720000,
45,140,2730000,
45,140,2740000,
45,140,2750000,
45,140,2760000,
45,140,2770000,
45,140,2780000,
45,140,2790000,
45,140,2800000,0.5496000051498413
45,140,2810000,
45,140,2820000,
45,140,2830000,
45,140,2840000,
45,140,2850000,
45,140,2860000,
45,140,2870000,
45,140,2880000,
45,140,2890000,
45,140,2900000,0.5748999714851379
45,140,2910000,
45,140,2920000,
45,140,2930000,
45,140,2940000,
45,140,2950000,
45,140,2960000,
45,140,2970000,
45,140,2980000,
45,140,2990000,
45,140,3000000,0.5658000111579895
45,140,3010000,
45,140,3020000,
45,140,3030000,
45,140,3040000,
45,140,3050000,
45,140,3060000,
45,140,3070000,
45,140,3080000,
45,140,3090000,
45,140,3100000,0.6274999976158142
45,140,3110000,
45,140,3120000,
45,140,3130000,
45,140,3140000,
45,140,3150000,
45,140,3160000,
45,140,3170000,
45,140,3180000,
45,140,3190000,
45,140,3200000,0.6128000020980835
45,140,3210000,
45,140,3220000,
45,140,3230000,
45,140,3240000,
45,140,3250000,
45,140,3260000,
45,140,3270000,
45,140,3280000,
45,140,3290000,
45,140,3300000,0.6187000274658203
45,140,3310000,
45,140,3320000,
45,140,3330000,
45,140,3340000,
45,140,3350000,
45,140,3360000,
45,140,3370000,
45,140,3380000,
45,140,3390000,
45,140,3400000,0.6304000020027161
45,140,3410000,
45,140,3420000,
45,140,3430000,
45,140,3440000,
45,140,3450000,
45,140,3460000,
45,140,3470000,
45,140,3480000,
45,140,3490000,
45,140,3500000,0.6424999833106995
45,140,3510000,
45,140,3520000,
45,140,3530000,
45,140,3540000,
45,140,3550000,
45,140,3560000,
45,140,3570000,
45,140,3580000,
45,140,3590000,
45,140,3600000,0.65420001745224
45,140,3610000,
45,140,3620000,
45,140,3630000,
45,140,3640000,
45,140,3650000,
45,140,3660000,
45,140,3670000,
45,140,3680000,
45,140,3690000,
45,140,3700000,0.6656000018119812
45,140,3710000,
45,140,3720000,
45,140,3730000,
45,140,3740000,
45,140,3750000,
45,140,3760000,
45,140,3770000,
45,140,3780000,
45,140,3790000,
45,140,3800000,0.6712999939918518
45,140,3810000,
45,140,3820000,
45,140,3830000,
45,140,3840000,
45,140,3850000,
45,140,3860000,
45,140,3870000,
45,140,3880000,
45,140,3890000,
45,140,3900000,0.6811000108718872
45,140,3910000,
45,140,3920000,
45,140,3930000,
45,140,3940000,
45,140,3950000,
45,140,3960000,
45,140,3970000,
45,140,3980000,
45,140,3990000,
45,140,4000000,0.6933000087738037
45,140,4010000,
45,140,4020000,
45,140,4030000,
45,140,4040000,
45,140,4050000,
45,140,4060000,
45,140,4070000,
45,140,4080000,
45,140,4090000,
45,140,4100000,0.7129999995231628
45,140,4110000,
45,140,4120000,
45,140,4130000,
45,140,4140000,
45,140,4150000,
45,140,4160000,
45,140,4170000,
45,140,4180000,
45,140,4190000,
45,140,4200000,0.6930999755859375
45,140,4210000,
45,140,4220000,
45,140,4230000,
45,140,4240000,
45,140,4250000,
45,140,4260000,
45,140,4270000,
45,140,4280000,
45,140,4290000,
45,140,4300000,0.678600013256073
45,140,4310000,
45,140,4320000,
45,140,4330000,
45,140,4340000,
45,140,4350000,
45,140,4360000,
45,140,4370000,
45,140,4380000,
45,140,4390000,
45,140,4400000,0.73580002784729
45,140,4410000,
45,140,4420000,
45,140,4430000,
45,140,4440000,
45,140,4450000,
45,140,4460000,
45,140,4470000,
45,140,4480000,
45,140,4490000,
45,140,4500000,0.7135999798774719
45,140,4510000,
45,140,4520000,
45,140,4530000,
45,140,4540000,
45,140,4550000,
45,140,4560000,
45,140,4570000,
45,140,4580000,
45,140,4590000,
45,140,4600000,0.7196999788284302
45,140,4610000,
45,140,4620000,
45,140,4630000,
45,140,4640000,
45,140,4650000,
45,140,4660000,
45,140,4670000,
45,140,4680000,
45,140,4690000,
45,140,4700000,0.7421000003814697
45,140,4710000,
45,140,4720000,
45,140,4730000,
45,140,4740000,
45,140,4750000,
45,140,4760000,
45,140,4770000,
45,140,4780000,
45,140,4790000,
45,140,4800000,0.733299970626831
45,140,4810000,
45,140,4820000,
45,140,4830000,
45,140,4840000,
45,140,4850000,
45,140,4860000,
45,140,4870000,
45,140,4880000,
45,140,4890000,
45,140,4900000,0.7595000267028809
45,140,4910000,
45,140,4920000,
45,140,4930000,
45,140,4940000,
45,140,4950000,
45,140,4960000,
45,140,4970000,
45,140,4980000,
45,140,4990000,
45,140,5000000,0.738099992275238
45,160,1,0.0
45,160,10000,
45,160,20000,
45,160,30000,
45,160,40000,
45,160,50000,
45,160,60000,
45,160,70000,
45,160,80000,
45,160,90000,
45,160,100000,0.0
45,160,110000,
45,160,120000,
45,160,130000,
45,160,140000,
45,160,150000,
45,160,160000,
45,160,170000,
45,160,180000,
45,160,190000,
45,160,200000,0.000699999975040555
45,160,210000,
45,160,220000,
45,160,230000,
45,160,240000,
45,160,250000,
45,160,260000,
45,160,270000,
45,160,280000,
45,160,290000,
45,160,300000,0.00139999995008111
45,160,310000,
45,160,320000,
45,160,330000,
45,160,340000,
45,160,350000,
45,160,360000,
45,160,370000,
45,160,380000,
45,160,390000,
45,160,400000,0.0035000001080334187
45,160,410000,
45,160,420000,
45,160,430000,
45,160,440000,
45,160,450000,
45,160,460000,
45,160,470000,
45,160,480000,
45,160,490000,
45,160,500000,0.006099999882280827
45,160,510000,
45,160,520000,
45,160,530000,
45,160,540000,
45,160,550000,
45,160,560000,
45,160,570000,
45,160,580000,
45,160,590000,
45,160,600000,0.011500000022351742
45,160,610000,
45,160,620000,
45,160,630000,
45,160,640000,
45,160,650000,
45,160,660000,
45,160,670000,
45,160,680000,
45,160,690000,
45,160,700000,0.02449999935925007
45,160,710000,
45,160,720000,
45,160,730000,
45,160,740000,
45,160,750000,
45,160,760000,
45,160,770000,
45,160,780000,
45,160,790000,
45,160,800000,0.024800000712275505
45,160,810000,
45,160,820000,
45,160,830000,
45,160,840000,
45,160,850000,
45,160,860000,
45,160,870000,
45,160,880000,
45,160,890000,
45,160,900000,0.04280000180006027
45,160,910000,
45,160,920000,
45,160,930000,
45,160,940000,
45,160,950000,
45,160,960000,
45,160,970000,
45,160,980000,
45,160,990000,
45,160,1000000,0.05920000001788139
45,160,1010000,
45,160,1020000,
45,160,1030000,
45,160,1040000,
45,160,1050000,
45,160,1060000,
45,160,1070000,
45,160,1080000,
45,160,1090000,
45,160,1100000,0.0763000026345253
45,160,1110000,
45,160,1120000,
45,160,1130000,
45,160,1140000,
45,160,1150000,
45,160,1160000,
45,160,1170000,
45,160,1180000,
45,160,1190000,
45,160,1200000,0.10329999774694443
45,160,1210000,
45,160,1220000,
45,160,1230000,
45,160,1240000,
45,160,1250000,
45,160,1260000,
45,160,1270000,
45,160,1280000,
45,160,1290000,
45,160,1300000,0.12070000171661377
45,160,1310000,
45,160,1320000,
45,160,1330000,
45,160,1340000,
45,160,1350000,
45,160,1360000,
45,160,1370000,
45,160,1380000,
45,160,1390000,
45,160,1400000,0.1234000027179718
45,160,1410000,
45,160,1420000,
45,160,1430000,
45,160,1440000,
45,160,1450000,
45,160,1460000,
45,160,1470000,
45,160,1480000,
45,160,1490000,
45,160,1500000,0.16930000483989716
45,160,1510000,
45,160,1520000,
45,160,1530000,
45,160,1540000,
45,160,1550000,
45,160,1560000,
45,160,1570000,
45,160,1580000,
45,160,1590000,
45,160,1600000,0.1941000074148178
45,160,1610000,
45,160,1620000,
45,160,1630000,
45,160,1640000,
45,160,1650000,
45,160,1660000,
45,160,1670000,
45,160,1680000,
45,160,1690000,
45,160,1700000,0.22290000319480896
45,160,1710000,
45,160,1720000,
45,160,1730000,
45,160,1740000,
45,160,1750000,
45,160,1760000,
45,160,1770000,
45,160,1780000,
45,160,1790000,
45,160,1800000,0.20329999923706055
45,160,1810000,
45,160,1820000,
45,160,1830000,
45,160,1840000,
45,160,1850000,
45,160,1860000,
45,160,1870000,
45,160,1880000,
45,160,1890000,
45,160,1900000,0.26930001378059387
45,160,1910000,
45,160,1920000,
45,160,1930000,
45,160,1940000,
45,160,1950000,
45,160,1960000,
45,160,1970000,
45,160,1980000,
45,160,1990000,
45,160,2000000,0.2671999931335449
45,160,2010000,
45,160,2020000,
45,160,2030000,
45,160,2040000,
45,160,2050000,
45,160,2060000,
45,160,2070000,
45,160,2080000,
45,160,2090000,
45,160,2100000,0.2912999987602234
45,160,2110000,
45,160,2120000,
45,160,2130000,
45,160,2140000,
45,160,2150000,
45,160,2160000,
45,160,2170000,
45,160,2180000,
45,160,2190000,
45,160,2200000,0.34599998593330383
45,160,2210000,
45,160,2220000,
45,160,2230000,
45,160,2240000,
45,160,2250000,
45,160,2260000,
45,160,2270000,
45,160,2280000,
45,160,2290000,
45,160,2300000,0.36880001425743103
45,160,2310000,
45,160,2320000,
45,160,2330000,
45,160,2340000,
45,160,2350000,
45,160,2360000,
45,160,2370000,
45,160,2380000,
45,160,2390000,
45,160,2400000,0.3353999853134155
45,160,2410000,
45,160,2420000,
45,160,2430000,
45,160,2440000,
45,160,2450000,
45,160,2460000,
45,160,2470000,
45,160,2480000,
45,160,2490000,
45,160,2500000,0.3741999864578247
45,160,2510000,
45,160,2520000,
45,160,2530000,
45,160,2540000,
45,160,2550000,
45,160,2560000,
45,160,2570000,
45,160,2580000,
45,160,2590000,
45,160,2600000,0.3675000071525574
45,160,2610000,
45,160,2620000,
45,160,2630000,
45,160,2640000,
45,160,2650000,
45,160,2660000,
45,160,2670000,
45,160,2680000,
45,160,2690000,
45,160,2700000,0.42100000381469727
45,160,2710000,
45,160,2720000,
45,160,2730000,
45,160,2740000,
45,160,2750000,
45,160,2760000,
45,160,2770000,
45,160,2780000,
45,160,2790000,
45,160,2800000,0.39989998936653137
45,160,2810000,
45,160,2820000,
45,160,2830000,
45,160,2840000,
45,160,2850000,
45,160,2860000,
45,160,2870000,
45,160,2880000,
45,160,2890000,
45,160,2900000,0.4052000045776367
45,160,2910000,
45,160,2920000,
45,160,2930000,
45,160,2940000,
45,160,2950000,
45,160,2960000,
45,160,2970000,
45,160,2980000,
45,160,2990000,
45,160,3000000,0.40709999203681946
45,160,3010000,
45,160,3020000,
45,160,3030000,
45,160,3040000,
45,160,3050000,
45,160,3060000,
45,160,3070000,
45,160,3080000,
45,160,3090000,
45,160,3100000,0.413100004196167
45,160,3110000,
45,160,3120000,
45,160,3130000,
45,160,3140000,
45,160,3150000,
45,160,3160000,
45,160,3170000,
45,160,3180000,
45,160,3190000,
45,160,3200000,0.44190001487731934
45,160,3210000,
45,160,3220000,
45,160,3230000,
45,160,3240000,
45,160,3250000,
45,160,3260000,
45,160,3270000,
45,160,3280000,
45,160,3290000,
45,160,3300000,0.47350001335144043
45,160,3310000,
45,160,3320000,
45,160,3330000,
45,160,3340000,
45,160,3350000,
45,160,3360000,
45,160,3370000,
45,160,3380000,
45,160,3390000,
45,160,3400000,0.4632999897003174
45,160,3410000,
45,160,3420000,
45,160,3430000,
45,160,3440000,
45,160,3450000,
45,160,3460000,
45,160,3470000,
45,160,3480000,
45,160,3490000,
45,160,3500000,0.4968000054359436
45,160,3510000,
45,160,3520000,
45,160,3530000,
45,160,3540000,
45,160,3550000,
45,160,3560000,
45,160,3570000,
45,160,3580000,
45,160,3590000,
45,160,3600000,0.5412999987602234
45,160,3610000,
45,160,3620000,
45,160,3630000,
45,160,3640000,
45,160,3650000,
45,160,3660000,
45,160,3670000,
45,160,3680000,
45,160,3690000,
45,160,3700000,0.4828999936580658
45,160,3710000,
45,160,3720000,
45,160,3730000,
45,160,3740000,
45,160,3750000,
45,160,3760000,
45,160,3770000,
45,160,3780000,
45,160,3790000,
45,160,3800000,0.48510000109672546
45,160,3810000,
45,160,3820000,
45,160,3830000,
45,160,3840000,
45,160,3850000,
45,160,3860000,
45,160,3870000,
45,160,3880000,
45,160,3890000,
45,160,3900000,0.5534999966621399
45,160,3910000,
45,160,3920000,
45,160,3930000,
45,160,3940000,
45,160,3950000,
45,160,3960000,
45,160,3970000,
45,160,3980000,
45,160,3990000,
45,160,4000000,0.5274999737739563
45,160,4010000,
45,160,4020000,
45,160,4030000,
45,160,4040000,
45,160,4050000,
45,160,4060000,
45,160,4070000,
45,160,4080000,
45,160,4090000,
45,160,4100000,0.5376999974250793
45,160,4110000,
45,160,4120000,
45,160,4130000,
45,160,4140000,
45,160,4150000,
45,160,4160000,
45,160,4170000,
45,160,4180000,
45,160,4190000,
45,160,4200000,0.5440999865531921
45,160,4210000,
45,160,4220000,
45,160,4230000,
45,160,4240000,
45,160,4250000,
45,160,4260000,
45,160,4270000,
45,160,4280000,
45,160,4290000,
45,160,4300000,0.5169000029563904
45,160,4310000,
45,160,4320000,
45,160,4330000,
45,160,4340000,
45,160,4350000,
45,160,4360000,
45,160,4370000,
45,160,4380000,
45,160,4390000,
45,160,4400000,0.5626000165939331
45,160,4410000,
45,160,4420000,
45,160,4430000,
45,160,4440000,
45,160,4450000,
45,160,4460000,
45,160,4470000,
45,160,4480000,
45,160,4490000,
45,160,4500000,0.5544000267982483
45,160,4510000,
45,160,4520000,
45,160,4530000,
45,160,4540000,
45,160,4550000,
45,160,4560000,
45,160,4570000,
45,160,4580000,
45,160,4590000,
45,160,4600000,0.6093999743461609
45,160,4610000,
45,160,4620000,
45,160,4630000,
45,160,4640000,
45,160,4650000,
45,160,4660000,
45,160,4670000,
45,160,4680000,
45,160,4690000,
45,160,4700000,0.536300003528595
45,160,4710000,
45,160,4720000,
45,160,4730000,
45,160,4740000,
45,160,4750000,
45,160,4760000,
45,160,4770000,
45,160,4780000,
45,160,4790000,
45,160,4800000,0.5073999762535095
45,160,4810000,
45,160,4820000,
45,160,4830000,
45,160,4840000,
45,160,4850000,
45,160,4860000,
45,160,4870000,
45,160,4880000,
45,160,4890000,
45,160,4900000,0.5138999819755554
45,160,4910000,
45,160,4920000,
45,160,4930000,
45,160,4940000,
45,160,4950000,
45,160,4960000,
45,160,4970000,
45,160,4980000,
45,160,4990000,
45,160,5000000,0.5336999893188477
45,180,1,0.0
45,180,10000,
45,180,20000,
45,180,30000,
45,180,40000,
45,180,50000,
45,180,60000,
45,180,70000,
45,180,80000,
45,180,90000,
45,180,100000,0.0
45,180,110000,
45,180,120000,
45,180,130000,
45,180,140000,
45,180,150000,
45,180,160000,
45,180,170000,
45,180,180000,
45,180,190000,
45,180,200000,9.999999747378752e-05
45,180,210000,
45,180,220000,
45,180,230000,
45,180,240000,
45,180,250000,
45,180,260000,
45,180,270000,
45,180,280000,
45,180,290000,
45,180,300000,0.000699999975040555
45,180,310000,
45,180,320000,
45,180,330000,
45,180,340000,
45,180,350000,
45,180,360000,
45,180,370000,
45,180,380000,
45,180,390000,
45,180,400000,0.0017999999690800905
45,180,410000,
45,180,420000,
45,180,430000,
45,180,440000,
45,180,450000,
45,180,460000,
45,180,470000,
45,180,480000,
45,180,490000,
45,180,500000,0.0031999999191612005
45,180,510000,
45,180,520000,
45,180,530000,
45,180,540000,
45,180,550000,
45,180,560000,
45,180,570000,
45,180,580000,
45,180,590000,
45,180,600000,0.007699999958276749
45,180,610000,
45,180,620000,
45,180,630000,
45,180,640000,
45,180,650000,
45,180,660000,
45,180,670000,
45,180,680000,
45,180,690000,
45,180,700000,0.012299999594688416
45,180,710000,
45,180,720000,
45,180,730000,
45,180,740000,
45,180,750000,
45,180,760000,
45,180,770000,
45,180,780000,
45,180,790000,
45,180,800000,0.020600000396370888
45,180,810000,
45,180,820000,
45,180,830000,
45,180,840000,
45,180,850000,
45,180,860000,
45,180,870000,
45,180,880000,
45,180,890000,
45,180,900000,0.024700000882148743
45,180,910000,
45,180,920000,
45,180,930000,
45,180,940000,
45,180,950000,
45,180,960000,
45,180,970000,
45,180,980000,
45,180,990000,
45,180,1000000,0.04520000144839287
45,180,1010000,
45,180,1020000,
45,180,1030000,
45,180,1040000,
45,180,1050000,
45,180,1060000,
45,180,1070000,
45,180,1080000,
45,180,1090000,
45,180,1100000,0.05790000036358833
45,180,1110000,
45,180,1120000,
45,180,1130000,
45,180,1140000,
45,180,1150000,
45,180,1160000,
45,180,1170000,
45,180,1180000,
45,180,1190000,
45,180,1200000,0.06960000097751617
45,180,1210000,
45,180,1220000,
45,180,1230000,
45,180,1240000,
45,180,1250000,
45,180,1260000,
45,180,1270000,
45,180,1280000,
45,180,1290000,
45,180,1300000,0.09099999815225601
45,180,1310000,
45,180,1320000,
45,180,1330000,
45,180,1340000,
45,180,1350000,
45,180,1360000,
45,180,1370000,
45,180,1380000,
45,180,1390000,
45,180,1400000,0.10999999940395355
45,180,1410000,
45,180,1420000,
45,180,1430000,
45,180,1440000,
45,180,1450000,
45,180,1460000,
45,180,1470000,
45,180,1480000,
45,180,1490000,
45,180,1500000,0.12070000171661377
45,180,1510000,
45,180,1520000,
45,180,1530000,
45,180,1540000,
45,180,1550000,
45,180,1560000,
45,180,1570000,
45,180,1580000,
45,180,1590000,
45,180,1600000,0.14149999618530273
45,180,1610000,
45,180,1620000,
45,180,1630000,
45,180,1640000,
45,180,1650000,
45,180,1660000,
45,180,1670000,
45,180,1680000,
45,180,1690000,
45,180,1700000,0.16220000386238098
45,180,1710000,
45,180,1720000,
45,180,1730000,
45,180,1740000,
45,180,1750000,
45,180,1760000,
45,180,1770000,
45,180,1780000,
45,180,1790000,
45,180,1800000,0.18400000035762787
45,180,1810000,
45,180,1820000,
45,180,1830000,
45,180,1840000,
45,180,1850000,
45,180,1860000,
45,180,1870000,
45,180,1880000,
45,180,1890000,
45,180,1900000,0.20569999516010284
45,180,1910000,
45,180,1920000,
45,180,1930000,
45,180,1940000,
45,180,1950000,
45,180,1960000,
45,180,1970000,
45,180,1980000,
45,180,1990000,
45,180,2000000,0.22259999811649323
45,180,2010000,
45,180,2020000,
45,180,2030000,
45,180,2040000,
45,180,2050000,
45,180,2060000,
45,180,2070000,
45,180,2080000,
45,180,2090000,
45,180,2100000,0.23010000586509705
45,180,2110000,
45,180,2120000,
45,180,2130000,
45,180,2140000,
45,180,2150000,
45,180,2160000,
45,180,2170000,
45,180,2180000,
45,180,2190000,
45,180,2200000,0.2459000051021576
45,180,2210000,
45,180,2220000,
45,180,2230000,
45,180,2240000,
45,180,2250000,
45,180,2260000,
45,180,2270000,
45,180,2280000,
45,180,2290000,
45,180,2300000,0.26179999113082886
45,180,2310000,
45,180,2320000,
45,180,2330000,
45,180,2340000,
45,180,2350000,
45,180,2360000,
45,180,2370000,
45,180,2380000,
45,180,2390000,
45,180,2400000,0.27889999747276306
45,180,2410000,
45,180,2420000,
45,180,2430000,
45,180,2440000,
45,180,2450000,
45,180,2460000,
45,180,2470000,
45,180,2480000,
45,180,2490000,
45,180,2500000,0.31150001287460327
45,180,2510000,
45,180,2520000,
45,180,2530000,
45,180,2540000,
45,180,2550000,
45,180,2560000,
45,180,2570000,
45,180,2580000,
45,180,2590000,
45,180,2600000,0.2768000066280365
45,180,2610000,
45,180,2620000,
45,180,2630000,
45,180,2640000,
45,180,2650000,
45,180,2660000,
45,180,2670000,
45,180,2680000,
45,180,2690000,
45,180,2700000,0.30399999022483826
45,180,2710000,
45,180,2720000,
45,180,2730000,
45,180,2740000,
45,180,2750000,
45,180,2760000,
45,180,2770000,
45,180,2780000,
45,180,2790000,
45,180,2800000,0.33559998869895935
45,180,2810000,
45,180,2820000,
45,180,2830000,
45,180,2840000,
45,180,2850000,
45,180,2860000,
45,180,2870000,
45,180,2880000,
45,180,2890000,
45,180,2900000,0.33399999141693115
45,180,2910000,
45,180,2920000,
45,180,2930000,
45,180,2940000,
45,180,2950000,
45,180,2960000,
45,180,2970000,
45,180,2980000,
45,180,2990000,
45,180,3000000,0.3634999990463257
45,180,3010000,
45,180,3020000,
45,180,3030000,
45,180,3040000,
45,180,3050000,
45,180,3060000,
45,180,3070000,
45,180,3080000,
45,180,3090000,
45,180,3100000,0.36890000104904175
45,180,3110000,
45,180,3120000,
45,180,3130000,
45,180,3140000,
45,180,3150000,
45,180,3160000,
45,180,3170000,
45,180,3180000,
45,180,3190000,
45,180,3200000,0.3650999963283539
45,180,3210000,
45,180,3220000,
45,180,3230000,
45,180,3240000,
45,180,3250000,
45,180,3260000,
45,180,3270000,
45,180,3280000,
45,180,3290000,
45,180,3300000,0.37619999051094055
45,180,3310000,
45,180,3320000,
45,180,3330000,
45,180,3340000,
45,180,3350000,
45,180,3360000,
45,180,3370000,
45,180,3380000,
45,180,3390000,
45,180,3400000,0.43950000405311584
45,180,3410000,
45,180,3420000,
45,180,3430000,
45,180,3440000,
45,180,3450000,
45,180,3460000,
45,180,3470000,
45,180,3480000,
45,180,3490000,
45,180,3500000,0.3707999885082245
45,180,3510000,
45,180,3520000,
45,180,3530000,
45,180,3540000,
45,180,3550000,
45,180,3560000,
45,180,3570000,
45,180,3580000,
45,180,3590000,
45,180,3600000,0.41130000352859497
45,180,3610000,
45,180,3620000,
45,180,3630000,
45,180,3640000,
45,180,3650000,
45,180,3660000,
45,180,3670000,
45,180,3680000,
45,180,3690000,
45,180,3700000,0.4205000102519989
45,180,3710000,
45,180,3720000,
45,180,3730000,
45,180,3740000,
45,180,3750000,
45,180,3760000,
45,180,3770000,
45,180,3780000,
45,180,3790000,
45,180,3800000,0.41179999709129333
45,180,3810000,
45,180,3820000,
45,180,3830000,
45,180,3840000,
45,180,3850000,
45,180,3860000,
45,180,3870000,
45,180,3880000,
45,180,3890000,
45,180,3900000,0.49709999561309814
45,180,3910000,
45,180,3920000,
45,180,3930000,
45,180,3940000,
45,180,3950000,
45,180,3960000,
45,180,3970000,
45,180,3980000,
45,180,3990000,
45,180,4000000,0.396699994802475
45,180,4010000,
45,180,4020000,
45,180,4030000,
45,180,4040000,
45,180,4050000,
45,180,4060000,
45,180,4070000,
45,180,4080000,
45,180,4090000,
45,180,4100000,0.46540001034736633
45,180,4110000,
45,180,4120000,
45,180,4130000,
45,180,4140000,
45,180,4150000,
45,180,4160000,
45,180,4170000,
45,180,4180000,
45,180,4190000,
45,180,4200000,0.4713999927043915
45,180,4210000,
45,180,4220000,
45,180,4230000,
45,180,4240000,
45,180,4250000,
45,180,4260000,
45,180,4270000,
45,180,4280000,
45,180,4290000,
45,180,4300000,0.43369999527931213
45,180,4310000,
45,180,4320000,
45,180,4330000,
45,180,4340000,
45,180,4350000,
45,180,4360000,
45,180,4370000,
45,180,4380000,
45,180,4390000,
45,180,4400000,0.47189998626708984
45,180,4410000,
45,180,4420000,
45,180,4430000,
45,180,4440000,
45,180,4450000,
45,180,4460000,
45,180,4470000,
45,180,4480000,
45,180,4490000,
45,180,4500000,0.45899999141693115
45,180,4510000,
45,180,4520000,
45,180,4530000,
45,180,4540000,
45,180,4550000,
45,180,4560000,
45,180,4570000,
45,180,4580000,
45,180,4590000,
45,180,4600000,0.5192999839782715
45,180,4610000,
45,180,4620000,
45,180,4630000,
45,180,4640000,
45,180,4650000,
45,180,4660000,
45,180,4670000,
45,180,4680000,
45,180,4690000,
45,180,4700000,0.510200023651123
45,180,4710000,
45,180,4720000,
45,180,4730000,
45,180,4740000,
45,180,4750000,
45,180,4760000,
45,180,4770000,
45,180,4780000,
45,180,4790000,
45,180,4800000,0.5142999887466431
45,180,4810000,
45,180,4820000,
45,180,4830000,
45,180,4840000,
45,180,4850000,
45,180,4860000,
45,180,4870000,
45,180,4880000,
45,180,4890000,
45,180,4900000,0.5126000046730042
45,180,4910000,
45,180,4920000,
45,180,4930000,
45,180,4940000,
45,180,4950000,
45,180,4960000,
45,180,4970000,
45,180,4980000,
45,180,4990000,
45,180,5000000,0.47360000014305115
45,200,1,0.0
45,200,10000,
45,200,20000,
45,200,30000,
45,200,40000,
45,200,50000,
45,200,60000,
45,200,70000,
45,200,80000,
45,200,90000,
45,200,100000,0.0
45,200,110000,
45,200,120000,
45,200,130000,
45,200,140000,
45,200,150000,
45,200,160000,
45,200,170000,
45,200,180000,
45,200,190000,
45,200,200000,0.0
45,200,210000,
45,200,220000,
45,200,230000,
45,200,240000,
45,200,250000,
45,200,260000,
45,200,270000,
45,200,280000,
45,200,290000,
45,200,300000,0.000699999975040555
45,200,310000,
45,200,320000,
45,200,330000,
45,200,340000,
45,200,350000,
45,200,360000,
45,200,370000,
45,200,380000,
45,200,390000,
45,200,400000,0.0015999999595806003
45,200,410000,
45,200,420000,
45,200,430000,
45,200,440000,
45,200,450000,
45,200,460000,
45,200,470000,
45,200,480000,
45,200,490000,
45,200,500000,0.0038999998942017555
45,200,510000,
45,200,520000,
45,200,530000,
45,200,540000,
45,200,550000,
45,200,560000,
45,200,570000,
45,200,580000,
45,200,590000,
45,200,600000,0.007199999876320362
45,200,610000,
45,200,620000,
45,200,630000,
45,200,640000,
45,200,650000,
45,200,660000,
45,200,670000,
45,200,680000,
45,200,690000,
45,200,700000,0.012000000104308128
45,200,710000,
45,200,720000,
45,200,730000,
45,200,740000,
45,200,750000,
45,200,760000,
45,200,770000,
45,200,780000,
45,200,790000,
45,200,800000,0.019700000062584877
45,200,810000,
45,200,820000,
45,200,830000,
45,200,840000,
45,200,850000,
45,200,860000,
45,200,870000,
45,200,880000,
45,200,890000,
45,200,900000,0.030799999833106995
45,200,910000,
45,200,920000,
45,200,930000,
45,200,940000,
45,200,950000,
45,200,960000,
45,200,970000,
45,200,980000,
45,200,990000,
45,200,1000000,0.0364999994635582
45,200,1010000,
45,200,1020000,
45,200,1030000,
45,200,1040000,
45,200,1050000,
45,200,1060000,
45,200,1070000,
45,200,1080000,
45,200,1090000,
45,200,1100000,0.04879999905824661
45,200,1110000,
45,200,1120000,
45,200,1130000,
45,200,1140000,
45,200,1150000,
45,200,1160000,
45,200,1170000,
45,200,1180000,
45,200,1190000,
45,200,1200000,0.05480000004172325
45,200,1210000,
45,200,1220000,
45,200,1230000,
45,200,1240000,
45,200,1250000,
45,200,1260000,
45,200,1270000,
45,200,1280000,
45,200,1290000,
45,200,1300000,0.06920000165700912
45,200,1310000,
45,200,1320000,
45,200,1330000,
45,200,1340000,
45,200,1350000,
45,200,1360000,
45,200,1370000,
45,200,1380000,
45,200,1390000,
45,200,1400000,0.0763000026345253
45,200,1410000,
45,200,1420000,
45,200,1430000,
45,200,1440000,
45,200,1450000,
45,200,1460000,
45,200,1470000,
45,200,1480000,
45,200,1490000,
45,200,1500000,0.09910000115633011
45,200,1510000,
45,200,1520000,
45,200,1530000,
45,200,1540000,
45,200,1550000,
45,200,1560000,
45,200,1570000,
45,200,1580000,
45,200,1590000,
45,200,1600000,0.1071000024676323
45,200,1610000,
45,200,1620000,
45,200,1630000,
45,200,1640000,
45,200,1650000,
45,200,1660000,
45,200,1670000,
45,200,1680000,
45,200,1690000,
45,200,1700000,0.11069999635219574
45,200,1710000,
45,200,1720000,
45,200,1730000,
45,200,1740000,
45,200,1750000,
45,200,1760000,
45,200,1770000,
45,200,1780000,
45,200,1790000,
45,200,1800000,0.14300000667572021
45,200,1810000,
45,200,1820000,
45,200,1830000,
45,200,1840000,
45,200,1850000,
45,200,1860000,
45,200,1870000,
45,200,1880000,
45,200,1890000,
45,200,1900000,0.12970000505447388
45,200,1910000,
45,200,1920000,
45,200,1930000,
45,200,1940000,
45,200,1950000,
45,200,1960000,
45,200,1970000,
45,200,1980000,
45,200,1990000,
45,200,2000000,0.1615000069141388
45,200,2010000,
45,200,2020000,
45,200,2030000,
45,200,2040000,
45,200,2050000,
45,200,2060000,
45,200,2070000,
45,200,2080000,
45,200,2090000,
45,200,2100000,0.16820000112056732
45,200,2110000,
45,200,2120000,
45,200,2130000,
45,200,2140000,
45,200,2150000,
45,200,2160000,
45,200,2170000,
45,200,2180000,
45,200,2190000,
45,200,2200000,0.18700000643730164
45,200,2210000,
45,200,2220000,
45,200,2230000,
45,200,2240000,
45,200,2250000,
45,200,2260000,
45,200,2270000,
45,200,2280000,
45,200,2290000,
45,200,2300000,0.21580000221729279
45,200,2310000,
45,200,2320000,
45,200,2330000,
45,200,2340000,
45,200,2350000,
45,200,2360000,
45,200,2370000,
45,200,2380000,
45,200,2390000,
45,200,2400000,0.21480000019073486
45,200,2410000,
45,200,2420000,
45,200,2430000,
45,200,2440000,
45,200,2450000,
45,200,2460000,
45,200,2470000,
45,200,2480000,
45,200,2490000,
45,200,2500000,0.24580000340938568
45,200,2510000,
45,200,2520000,
45,200,2530000,
45,200,2540000,
45,200,2550000,
45,200,2560000,
45,200,2570000,
45,200,2580000,
45,200,2590000,
45,200,2600000,0.26339998841285706
45,200,2610000,
45,200,2620000,
45,200,2630000,
45,200,2640000,
45,200,2650000,
45,200,2660000,
45,200,2670000,
45,200,2680000,
45,200,2690000,
45,200,2700000,0.2612000107765198
45,200,2710000,
45,200,2720000,
45,200,2730000,
45,200,2740000,
45,200,2750000,
45,200,2760000,
45,200,2770000,
45,200,2780000,
45,200,2790000,
45,200,2800000,0.24709999561309814
45,200,2810000,
45,200,2820000,
45,200,2830000,
45,200,2840000,
45,200,2850000,
45,200,2860000,
45,200,2870000,
45,200,2880000,
45,200,2890000,
45,200,2900000,0.2750000059604645
45,200,2910000,
45,200,2920000,
45,200,2930000,
45,200,2940000,
45,200,2950000,
45,200,2960000,
45,200,2970000,
45,200,2980000,
45,200,2990000,
45,200,3000000,0.29440000653266907
45,200,3010000,
45,200,3020000,
45,200,3030000,
45,200,3040000,
45,200,3050000,
45,200,3060000,
45,200,3070000,
45,200,3080000,
45,200,3090000,
45,200,3100000,0.2996000051498413
45,200,3110000,
45,200,3120000,
45,200,3130000,
45,200,3140000,
45,200,3150000,
45,200,3160000,
45,200,3170000,
45,200,3180000,
45,200,3190000,
45,200,3200000,0.31940001249313354
45,200,3210000,
45,200,3220000,
45,200,3230000,
45,200,3240000,
45,200,3250000,
45,200,3260000,
45,200,3270000,
45,200,3280000,
45,200,3290000,
45,200,3300000,0.28139999508857727
45,200,3310000,
45,200,3320000,
45,200,3330000,
45,200,3340000,
45,200,3350000,
45,200,3360000,
45,200,3370000,
45,200,3380000,
45,200,3390000,
45,200,3400000,0.31439998745918274
45,200,3410000,
45,200,3420000,
45,200,3430000,
45,200,3440000,
45,200,3450000,
45,200,3460000,
45,200,3470000,
45,200,3480000,
45,200,3490000,
45,200,3500000,0.31349998712539673
45,200,3510000,
45,200,3520000,
45,200,3530000,
45,200,3540000,
45,200,3550000,
45,200,3560000,
45,200,3570000,
45,200,3580000,
45,200,3590000,
45,200,3600000,0.305400013923645
45,200,3610000,
45,200,3620000,
45,200,3630000,
45,200,3640000,
45,200,3650000,
45,200,3660000,
45,200,3670000,
45,200,3680000,
45,200,3690000,
45,200,3700000,0.3529999852180481
45,200,3710000,
45,200,3720000,
45,200,3730000,
45,200,3740000,
45,200,3750000,
45,200,3760000,
45,200,3770000,
45,200,3780000,
45,200,3790000,
45,200,3800000,0.3589000105857849
45,200,3810000,
45,200,3820000,
45,200,3830000,
45,200,3840000,
45,200,3850000,
45,200,3860000,
45,200,3870000,
45,200,3880000,
45,200,3890000,
45,200,3900000,0.3944000005722046
45,200,3910000,
45,200,3920000,
45,200,3930000,
45,200,3940000,
45,200,3950000,
45,200,3960000,
45,200,3970000,
45,200,3980000,
45,200,3990000,
45,200,4000000,0.3797000050544739
45,200,4010000,
45,200,4020000,
45,200,4030000,
45,200,4040000,
45,200,4050000,
45,200,4060000,
45,200,4070000,
45,200,4080000,
45,200,4090000,
45,200,4100000,0.3634999990463257
45,200,4110000,
45,200,4120000,
45,200,4130000,
45,200,4140000,
45,200,4150000,
45,200,4160000,
45,200,4170000,
45,200,4180000,
45,200,4190000,
45,200,4200000,0.3504999876022339
45,200,4210000,
45,200,4220000,
45,200,4230000,
45,200,4240000,
45,200,4250000,
45,200,4260000,
45,200,4270000,
45,200,4280000,
45,200,4290000,
45,200,4300000,0.37389999628067017
45,200,4310000,
45,200,4320000,
45,200,4330000,
45,200,4340000,
45,200,4350000,
45,200,4360000,
45,200,4370000,
45,200,4380000,
45,200,4390000,
45,200,4400000,0.4083999991416931
45,200,4410000,
45,200,4420000,
45,200,4430000,
45,200,4440000,
45,200,4450000,
45,200,4460000,
45,200,4470000,
45,200,4480000,
45,200,4490000,
45,200,4500000,0.423799991607666
45,200,4510000,
45,200,4520000,
45,200,4530000,
45,200,4540000,
45,200,4550000,
45,200,4560000,
45,200,4570000,
45,200,4580000,
45,200,4590000,
45,200,4600000,0.38109999895095825
45,200,4610000,
45,200,4620000,
45,200,4630000,
45,200,4640000,
45,200,4650000,
45,200,4660000,
45,200,4670000,
45,200,4680000,
45,200,4690000,
45,200,4700000,0.4496999979019165
45,200,4710000,
45,200,4720000,
45,200,4730000,
45,200,4740000,
45,200,4750000,
45,200,4760000,
45,200,4770000,
45,200,4780000,
45,200,4790000,
45,200,4800000,0.4180999994277954
45,200,4810000,
45,200,4820000,
45,200,4830000,
45,200,4840000,
45,200,4850000,
45,200,4860000,
45,200,4870000,
45,200,4880000,
45,200,4890000,
45,200,4900000,0.4341999888420105
45,200,4910000,
45,200,4920000,
45,200,4930000,
45,200,4940000,
45,200,4950000,
45,200,4960000,
45,200,4970000,
45,200,4980000,
45,200,4990000,
45,200,5000000,0.4715000092983246
46,10,1,0.0
46,10,10000,
46,10,20000,
46,10,30000,
46,10,40000,
46,10,50000,
46,10,60000,
46,10,70000,
46,10,80000,
46,10,90000,
46,10,100000,0.0
46,10,110000,
46,10,120000,
46,10,130000,
46,10,140000,
46,10,150000,
46,10,160000,
46,10,170000,
46,10,180000,
46,10,190000,
46,10,200000,0.0
46,10,210000,
46,10,220000,
46,10,230000,
46,10,240000,
46,10,250000,
46,10,260000,
46,10,270000,
46,10,280000,
46,10,290000,
46,10,300000,0.0
46,10,310000,
46,10,320000,
46,10,330000,
46,10,340000,
46,10,350000,
46,10,360000,
46,10,370000,
46,10,380000,
46,10,390000,
46,10,400000,0.0
46,10,410000,
46,10,420000,
46,10,430000,
46,10,440000,
46,10,450000,
46,10,460000,
46,10,470000,
46,10,480000,
46,10,490000,
46,10,500000,0.0007999999797903001
46,10,510000,
46,10,520000,
46,10,530000,
46,10,540000,
46,10,550000,
46,10,560000,
46,10,570000,
46,10,580000,
46,10,590000,
46,10,600000,0.0027000000700354576
46,10,610000,
46,10,620000,
46,10,630000,
46,10,640000,
46,10,650000,
46,10,660000,
46,10,670000,
46,10,680000,
46,10,690000,
46,10,700000,0.002300000051036477
46,10,710000,
46,10,720000,
46,10,730000,
46,10,740000,
46,10,750000,
46,10,760000,
46,10,770000,
46,10,780000,
46,10,790000,
46,10,800000,0.003800000064074993
46,10,810000,
46,10,820000,
46,10,830000,
46,10,840000,
46,10,850000,
46,10,860000,
46,10,870000,
46,10,880000,
46,10,890000,
46,10,900000,0.002400000113993883
46,10,910000,
46,10,920000,
46,10,930000,
46,10,940000,
46,10,950000,
46,10,960000,
46,10,970000,
46,10,980000,
46,10,990000,
46,10,1000000,0.004800000227987766
46,10,1010000,
46,10,1020000,
46,10,1030000,
46,10,1040000,
46,10,1050000,
46,10,1060000,
46,10,1070000,
46,10,1080000,
46,10,1090000,
46,10,1100000,0.003599999938160181
46,10,1110000,
46,10,1120000,
46,10,1130000,
46,10,1140000,
46,10,1150000,
46,10,1160000,
46,10,1170000,
46,10,1180000,
46,10,1190000,
46,10,1200000,0.004699999932199717
46,10,1210000,
46,10,1220000,
46,10,1230000,
46,10,1240000,
46,10,1250000,
46,10,1260000,
46,10,1270000,
46,10,1280000,
46,10,1290000,
46,10,1300000,0.004600000102072954
46,10,1310000,
46,10,1320000,
46,10,1330000,
46,10,1340000,
46,10,1350000,
46,10,1360000,
46,10,1370000,
46,10,1380000,
46,10,1390000,
46,10,1400000,0.00430000014603138
46,10,1410000,
46,10,1420000,
46,10,1430000,
46,10,1440000,
46,10,1450000,
46,10,1460000,
46,10,1470000,
46,10,1480000,
46,10,1490000,
46,10,1500000,0.005400000140070915
46,10,1510000,
46,10,1520000,
46,10,1530000,
46,10,1540000,
46,10,1550000,
46,10,1560000,
46,10,1570000,
46,10,1580000,
46,10,1590000,
46,10,1600000,0.004900000058114529
46,10,1610000,
46,10,1620000,
46,10,1630000,
46,10,1640000,
46,10,1650000,
46,10,1660000,
46,10,1670000,
46,10,1680000,
46,10,1690000,
46,10,1700000,0.005200000014156103
46,10,1710000,
46,10,1720000,
46,10,1730000,
46,10,1740000,
46,10,1750000,
46,10,1760000,
46,10,1770000,
46,10,1780000,
46,10,1790000,
46,10,1800000,0.005400000140070915
46,10,1810000,
46,10,1820000,
46,10,1830000,
46,10,1840000,
46,10,1850000,
46,10,1860000,
46,10,1870000,
46,10,1880000,
46,10,1890000,
46,10,1900000,0.004999999888241291
46,10,1910000,
46,10,1920000,
46,10,1930000,
46,10,1940000,
46,10,1950000,
46,10,1960000,
46,10,1970000,
46,10,1980000,
46,10,1990000,
46,10,2000000,0.006200000178068876
46,10,2010000,
46,10,2020000,
46,10,2030000,
46,10,2040000,
46,10,2050000,
46,10,2060000,
46,10,2070000,
46,10,2080000,
46,10,2090000,
46,10,2100000,0.004600000102072954
46,10,2110000,
46,10,2120000,
46,10,2130000,
46,10,2140000,
46,10,2150000,
46,10,2160000,
46,10,2170000,
46,10,2180000,
46,10,2190000,
46,10,2200000,0.004999999888241291
46,10,2210000,
46,10,2220000,
46,10,2230000,
46,10,2240000,
46,10,2250000,
46,10,2260000,
46,10,2270000,
46,10,2280000,
46,10,2290000,
46,10,2300000,0.005400000140070915
46,10,2310000,
46,10,2320000,
46,10,2330000,
46,10,2340000,
46,10,2350000,
46,10,2360000,
46,10,2370000,
46,10,2380000,
46,10,2390000,
46,10,2400000,0.004999999888241291
46,10,2410000,
46,10,2420000,
46,10,2430000,
46,10,2440000,
46,10,2450000,
46,10,2460000,
46,10,2470000,
46,10,2480000,
46,10,2490000,
46,10,2500000,0.005200000014156103
46,10,2510000,
46,10,2520000,
46,10,2530000,
46,10,2540000,
46,10,2550000,
46,10,2560000,
46,10,2570000,
46,10,2580000,
46,10,2590000,
46,10,2600000,0.004399999976158142
46,10,2610000,
46,10,2620000,
46,10,2630000,
46,10,2640000,
46,10,2650000,
46,10,2660000,
46,10,2670000,
46,10,2680000,
46,10,2690000,
46,10,2700000,0.005200000014156103
46,10,2710000,
46,10,2720000,
46,10,2730000,
46,10,2740000,
46,10,2750000,
46,10,2760000,
46,10,2770000,
46,10,2780000,
46,10,2790000,
46,10,2800000,0.007499999832361937
46,10,2810000,
46,10,2820000,
46,10,2830000,
46,10,2840000,
46,10,2850000,
46,10,2860000,
46,10,2870000,
46,10,2880000,
46,10,2890000,
46,10,2900000,0.0052999998442828655
46,10,2910000,
46,10,2920000,
46,10,2930000,
46,10,2940000,
46,10,2950000,
46,10,2960000,
46,10,2970000,
46,10,2980000,
46,10,2990000,
46,10,3000000,0.0066999997943639755
46,10,3010000,
46,10,3020000,
46,10,3030000,
46,10,3040000,
46,10,3050000,
46,10,3060000,
46,10,3070000,
46,10,3080000,
46,10,3090000,
46,10,3100000,0.005499999970197678
46,10,3110000,
46,10,3120000,
46,10,3130000,
46,10,3140000,
46,10,3150000,
46,10,3160000,
46,10,3170000,
46,10,3180000,
46,10,3190000,
46,10,3200000,0.005400000140070915
46,10,3210000,
46,10,3220000,
46,10,3230000,
46,10,3240000,
46,10,3250000,
46,10,3260000,
46,10,3270000,
46,10,3280000,
46,10,3290000,
46,10,3300000,0.0066999997943639755
46,10,3310000,
46,10,3320000,
46,10,3330000,
46,10,3340000,
46,10,3350000,
46,10,3360000,
46,10,3370000,
46,10,3380000,
46,10,3390000,
46,10,3400000,0.005200000014156103
46,10,3410000,
46,10,3420000,
46,10,3430000,
46,10,3440000,
46,10,3450000,
46,10,3460000,
46,10,3470000,
46,10,3480000,
46,10,3490000,
46,10,3500000,0.004100000020116568
46,10,3510000,
46,10,3520000,
46,10,3530000,
46,10,3540000,
46,10,3550000,
46,10,3560000,
46,10,3570000,
46,10,3580000,
46,10,3590000,
46,10,3600000,0.004699999932199717
46,10,3610000,
46,10,3620000,
46,10,3630000,
46,10,3640000,
46,10,3650000,
46,10,3660000,
46,10,3670000,
46,10,3680000,
46,10,3690000,
46,10,3700000,0.005900000222027302
46,10,3710000,
46,10,3720000,
46,10,3730000,
46,10,3740000,
46,10,3750000,
46,10,3760000,
46,10,3770000,
46,10,3780000,
46,10,3790000,
46,10,3800000,0.00570000009611249
46,10,3810000,
46,10,3820000,
46,10,3830000,
46,10,3840000,
46,10,3850000,
46,10,3860000,
46,10,3870000,
46,10,3880000,
46,10,3890000,
46,10,3900000,0.00570000009611249
46,10,3910000,
46,10,3920000,
46,10,3930000,
46,10,3940000,
46,10,3950000,
46,10,3960000,
46,10,3970000,
46,10,3980000,
46,10,3990000,
46,10,4000000,0.005400000140070915
46,10,4010000,
46,10,4020000,
46,10,4030000,
46,10,4040000,
46,10,4050000,
46,10,4060000,
46,10,4070000,
46,10,4080000,
46,10,4090000,
46,10,4100000,0.0066999997943639755
46,10,4110000,
46,10,4120000,
46,10,4130000,
46,10,4140000,
46,10,4150000,
46,10,4160000,
46,10,4170000,
46,10,4180000,
46,10,4190000,
46,10,4200000,0.005799999926239252
46,10,4210000,
46,10,4220000,
46,10,4230000,
46,10,4240000,
46,10,4250000,
46,10,4260000,
46,10,4270000,
46,10,4280000,
46,10,4290000,
46,10,4300000,0.005900000222027302
46,10,4310000,
46,10,4320000,
46,10,4330000,
46,10,4340000,
46,10,4350000,
46,10,4360000,
46,10,4370000,
46,10,4380000,
46,10,4390000,
46,10,4400000,0.006800000090152025
46,10,4410000,
46,10,4420000,
46,10,4430000,
46,10,4440000,
46,10,4450000,
46,10,4460000,
46,10,4470000,
46,10,4480000,
46,10,4490000,
46,10,4500000,0.005499999970197678
46,10,4510000,
46,10,4520000,
46,10,4530000,
46,10,4540000,
46,10,4550000,
46,10,4560000,
46,10,4570000,
46,10,4580000,
46,10,4590000,
46,10,4600000,0.004699999932199717
46,10,4610000,
46,10,4620000,
46,10,4630000,
46,10,4640000,
46,10,4650000,
46,10,4660000,
46,10,4670000,
46,10,4680000,
46,10,4690000,
46,10,4700000,0.00570000009611249
46,10,4710000,
46,10,4720000,
46,10,4730000,
46,10,4740000,
46,10,4750000,
46,10,4760000,
46,10,4770000,
46,10,4780000,
46,10,4790000,
46,10,4800000,0.006200000178068876
46,10,4810000,
46,10,4820000,
46,10,4830000,
46,10,4840000,
46,10,4850000,
46,10,4860000,
46,10,4870000,
46,10,4880000,
46,10,4890000,
46,10,4900000,0.006099999882280827
46,10,4910000,
46,10,4920000,
46,10,4930000,
46,10,4940000,
46,10,4950000,
46,10,4960000,
46,10,4970000,
46,10,4980000,
46,10,4990000,
46,10,5000000,0.006300000008195639
46,20,1,0.0
46,20,10000,
46,20,20000,
46,20,30000,
46,20,40000,
46,20,50000,
46,20,60000,
46,20,70000,
46,20,80000,
46,20,90000,
46,20,100000,0.0
46,20,110000,
46,20,120000,
46,20,130000,
46,20,140000,
46,20,150000,
46,20,160000,
46,20,170000,
46,20,180000,
46,20,190000,
46,20,200000,0.0006000000284984708
46,20,210000,
46,20,220000,
46,20,230000,
46,20,240000,
46,20,250000,
46,20,260000,
46,20,270000,
46,20,280000,
46,20,290000,
46,20,300000,0.004000000189989805
46,20,310000,
46,20,320000,
46,20,330000,
46,20,340000,
46,20,350000,
46,20,360000,
46,20,370000,
46,20,380000,
46,20,390000,
46,20,400000,0.008500000461935997
46,20,410000,
46,20,420000,
46,20,430000,
46,20,440000,
46,20,450000,
46,20,460000,
46,20,470000,
46,20,480000,
46,20,490000,
46,20,500000,0.015200000256299973
46,20,510000,
46,20,520000,
46,20,530000,
46,20,540000,
46,20,550000,
46,20,560000,
46,20,570000,
46,20,580000,
46,20,590000,
46,20,600000,0.01899999938905239
46,20,610000,
46,20,620000,
46,20,630000,
46,20,640000,
46,20,650000,
46,20,660000,
46,20,670000,
46,20,680000,
46,20,690000,
46,20,700000,0.025699999183416367
46,20,710000,
46,20,720000,
46,20,730000,
46,20,740000,
46,20,750000,
46,20,760000,
46,20,770000,
46,20,780000,
46,20,790000,
46,20,800000,0.03009999915957451
46,20,810000,
46,20,820000,
46,20,830000,
46,20,840000,
46,20,850000,
46,20,860000,
46,20,870000,
46,20,880000,
46,20,890000,
46,20,900000,0.03680000081658363
46,20,910000,
46,20,920000,
46,20,930000,
46,20,940000,
46,20,950000,
46,20,960000,
46,20,970000,
46,20,980000,
46,20,990000,
46,20,1000000,0.04010000079870224
46,20,1010000,
46,20,1020000,
46,20,1030000,
46,20,1040000,
46,20,1050000,
46,20,1060000,
46,20,1070000,
46,20,1080000,
46,20,1090000,
46,20,1100000,0.03909999877214432
46,20,1110000,
46,20,1120000,
46,20,1130000,
46,20,1140000,
46,20,1150000,
46,20,1160000,
46,20,1170000,
46,20,1180000,
46,20,1190000,
46,20,1200000,0.04899999871850014
46,20,1210000,
46,20,1220000,
46,20,1230000,
46,20,1240000,
46,20,1250000,
46,20,1260000,
46,20,1270000,
46,20,1280000,
46,20,1290000,
46,20,1300000,0.052400000393390656
46,20,1310000,
46,20,1320000,
46,20,1330000,
46,20,1340000,
46,20,1350000,
46,20,1360000,
46,20,1370000,
46,20,1380000,
46,20,1390000,
46,20,1400000,0.04989999905228615
46,20,1410000,
46,20,1420000,
46,20,1430000,
46,20,1440000,
46,20,1450000,
46,20,1460000,
46,20,1470000,
46,20,1480000,
46,20,1490000,
46,20,1500000,0.05849999934434891
46,20,1510000,
46,20,1520000,
46,20,1530000,
46,20,1540000,
46,20,1550000,
46,20,1560000,
46,20,1570000,
46,20,1580000,
46,20,1590000,
46,20,1600000,0.05990000069141388
46,20,1610000,
46,20,1620000,
46,20,1630000,
46,20,1640000,
46,20,1650000,
46,20,1660000,
46,20,1670000,
46,20,1680000,
46,20,1690000,
46,20,1700000,0.058400001376867294
46,20,1710000,
46,20,1720000,
46,20,1730000,
46,20,1740000,
46,20,1750000,
46,20,1760000,
46,20,1770000,
46,20,1780000,
46,20,1790000,
46,20,1800000,0.0617000013589859
46,20,1810000,
46,20,1820000,
46,20,1830000,
46,20,1840000,
46,20,1850000,
46,20,1860000,
46,20,1870000,
46,20,1880000,
46,20,1890000,
46,20,1900000,0.06260000169277191
46,20,1910000,
46,20,1920000,
46,20,1930000,
46,20,1940000,
46,20,1950000,
46,20,1960000,
46,20,1970000,
46,20,1980000,
46,20,1990000,
46,20,2000000,0.06970000267028809
46,20,2010000,
46,20,2020000,
46,20,2030000,
46,20,2040000,
46,20,2050000,
46,20,2060000,
46,20,2070000,
46,20,2080000,
46,20,2090000,
46,20,2100000,0.060600001364946365
46,20,2110000,
46,20,2120000,
46,20,2130000,
46,20,2140000,
46,20,2150000,
46,20,2160000,
46,20,2170000,
46,20,2180000,
46,20,2190000,
46,20,2200000,0.06350000202655792
46,20,2210000,
46,20,2220000,
46,20,2230000,
46,20,2240000,
46,20,2250000,
46,20,2260000,
46,20,2270000,
46,20,2280000,
46,20,2290000,
46,20,2300000,0.07580000162124634
46,20,2310000,
46,20,2320000,
46,20,2330000,
46,20,2340000,
46,20,2350000,
46,20,2360000,
46,20,2370000,
46,20,2380000,
46,20,2390000,
46,20,2400000,0.07289999723434448
46,20,2410000,
46,20,2420000,
46,20,2430000,
46,20,2440000,
46,20,2450000,
46,20,2460000,
46,20,2470000,
46,20,2480000,
46,20,2490000,
46,20,2500000,0.0729999989271164
46,20,2510000,
46,20,2520000,
46,20,2530000,
46,20,2540000,
46,20,2550000,
46,20,2560000,
46,20,2570000,
46,20,2580000,
46,20,2590000,
46,20,2600000,0.07959999889135361
46,20,2610000,
46,20,2620000,
46,20,2630000,
46,20,2640000,
46,20,2650000,
46,20,2660000,
46,20,2670000,
46,20,2680000,
46,20,2690000,
46,20,2700000,0.07800000160932541
46,20,2710000,
46,20,2720000,
46,20,2730000,
46,20,2740000,
46,20,2750000,
46,20,2760000,
46,20,2770000,
46,20,2780000,
46,20,2790000,
46,20,2800000,0.07540000230073929
46,20,2810000,
46,20,2820000,
46,20,2830000,
46,20,2840000,
46,20,2850000,
46,20,2860000,
46,20,2870000,
46,20,2880000,
46,20,2890000,
46,20,2900000,0.08110000193119049
46,20,2910000,
46,20,2920000,
46,20,2930000,
46,20,2940000,
46,20,2950000,
46,20,2960000,
46,20,2970000,
46,20,2980000,
46,20,2990000,
46,20,3000000,0.08330000191926956
46,20,3010000,
46,20,3020000,
46,20,3030000,
46,20,3040000,
46,20,3050000,
46,20,3060000,
46,20,3070000,
46,20,3080000,
46,20,3090000,
46,20,3100000,0.08229999989271164
46,20,3110000,
46,20,3120000,
46,20,3130000,
46,20,3140000,
46,20,3150000,
46,20,3160000,
46,20,3170000,
46,20,3180000,
46,20,3190000,
46,20,3200000,0.08269999921321869
46,20,3210000,
46,20,3220000,
46,20,3230000,
46,20,3240000,
46,20,3250000,
46,20,3260000,
46,20,3270000,
46,20,3280000,
46,20,3290000,
46,20,3300000,0.08560000360012054
46,20,3310000,
46,20,3320000,
46,20,3330000,
46,20,3340000,
46,20,3350000,
46,20,3360000,
46,20,3370000,
46,20,3380000,
46,20,3390000,
46,20,3400000,0.08240000158548355
46,20,3410000,
46,20,3420000,
46,20,3430000,
46,20,3440000,
46,20,3450000,
46,20,3460000,
46,20,3470000,
46,20,3480000,
46,20,3490000,
46,20,3500000,0.0860000029206276
46,20,3510000,
46,20,3520000,
46,20,3530000,
46,20,3540000,
46,20,3550000,
46,20,3560000,
46,20,3570000,
46,20,3580000,
46,20,3590000,
46,20,3600000,0.08229999989271164
46,20,3610000,
46,20,3620000,
46,20,3630000,
46,20,3640000,
46,20,3650000,
46,20,3660000,
46,20,3670000,
46,20,3680000,
46,20,3690000,
46,20,3700000,0.0794999971985817
46,20,3710000,
46,20,3720000,
46,20,3730000,
46,20,3740000,
46,20,3750000,
46,20,3760000,
46,20,3770000,
46,20,3780000,
46,20,3790000,
46,20,3800000,0.09359999746084213
46,20,3810000,
46,20,3820000,
46,20,3830000,
46,20,3840000,
46,20,3850000,
46,20,3860000,
46,20,3870000,
46,20,3880000,
46,20,3890000,
46,20,3900000,0.0892999991774559
46,20,3910000,
46,20,3920000,
46,20,3930000,
46,20,3940000,
46,20,3950000,
46,20,3960000,
46,20,3970000,
46,20,3980000,
46,20,3990000,
46,20,4000000,0.09239999949932098
46,20,4010000,
46,20,4020000,
46,20,4030000,
46,20,4040000,
46,20,4050000,
46,20,4060000,
46,20,4070000,
46,20,4080000,
46,20,4090000,
46,20,4100000,0.09080000221729279
46,20,4110000,
46,20,4120000,
46,20,4130000,
46,20,4140000,
46,20,4150000,
46,20,4160000,
46,20,4170000,
46,20,4180000,
46,20,4190000,
46,20,4200000,0.08330000191926956
46,20,4210000,
46,20,4220000,
46,20,4230000,
46,20,4240000,
46,20,4250000,
46,20,4260000,
46,20,4270000,
46,20,4280000,
46,20,4290000,
46,20,4300000,0.08749999850988388
46,20,4310000,
46,20,4320000,
46,20,4330000,
46,20,4340000,
46,20,4350000,
46,20,4360000,
46,20,4370000,
46,20,4380000,
46,20,4390000,
46,20,4400000,0.09589999914169312
46,20,4410000,
46,20,4420000,
46,20,4430000,
46,20,4440000,
46,20,4450000,
46,20,4460000,
46,20,4470000,
46,20,4480000,
46,20,4490000,
46,20,4500000,0.09229999780654907
46,20,4510000,
46,20,4520000,
46,20,4530000,
46,20,4540000,
46,20,4550000,
46,20,4560000,
46,20,4570000,
46,20,4580000,
46,20,4590000,
46,20,4600000,0.09269999712705612
46,20,4610000,
46,20,4620000,
46,20,4630000,
46,20,4640000,
46,20,4650000,
46,20,4660000,
46,20,4670000,
46,20,4680000,
46,20,4690000,
46,20,4700000,0.09070000052452087
46,20,4710000,
46,20,4720000,
46,20,4730000,
46,20,4740000,
46,20,4750000,
46,20,4760000,
46,20,4770000,
46,20,4780000,
46,20,4790000,
46,20,4800000,0.08739999681711197
46,20,4810000,
46,20,4820000,
46,20,4830000,
46,20,4840000,
46,20,4850000,
46,20,4860000,
46,20,4870000,
46,20,4880000,
46,20,4890000,
46,20,4900000,0.09799999743700027
46,20,4910000,
46,20,4920000,
46,20,4930000,
46,20,4940000,
46,20,4950000,
46,20,4960000,
46,20,4970000,
46,20,4980000,
46,20,4990000,
46,20,5000000,0.09040000289678574
46,30,1,0.0
46,30,10000,
46,30,20000,
46,30,30000,
46,30,40000,
46,30,50000,
46,30,60000,
46,30,70000,
46,30,80000,
46,30,90000,
46,30,100000,0.0
46,30,110000,
46,30,120000,
46,30,130000,
46,30,140000,
46,30,150000,
46,30,160000,
46,30,170000,
46,30,180000,
46,30,190000,
46,30,200000,0.006200000178068876
46,30,210000,
46,30,220000,
46,30,230000,
46,30,240000,
46,30,250000,
46,30,260000,
46,30,270000,
46,30,280000,
46,30,290000,
46,30,300000,0.022700000554323196
46,30,310000,
46,30,320000,
46,30,330000,
46,30,340000,
46,30,350000,
46,30,360000,
46,30,370000,
46,30,380000,
46,30,390000,
46,30,400000,0.04340000078082085
46,30,410000,
46,30,420000,
46,30,430000,
46,30,440000,
46,30,450000,
46,30,460000,
46,30,470000,
46,30,480000,
46,30,490000,
46,30,500000,0.06030000001192093
46,30,510000,
46,30,520000,
46,30,530000,
46,30,540000,
46,30,550000,
46,30,560000,
46,30,570000,
46,30,580000,
46,30,590000,
46,30,600000,0.08720000088214874
46,30,610000,
46,30,620000,
46,30,630000,
46,30,640000,
46,30,650000,
46,30,660000,
46,30,670000,
46,30,680000,
46,30,690000,
46,30,700000,0.10260000079870224
46,30,710000,
46,30,720000,
46,30,730000,
46,30,740000,
46,30,750000,
46,30,760000,
46,30,770000,
46,30,780000,
46,30,790000,
46,30,800000,0.11550000309944153
46,30,810000,
46,30,820000,
46,30,830000,
46,30,840000,
46,30,850000,
46,30,860000,
46,30,870000,
46,30,880000,
46,30,890000,
46,30,900000,0.13330000638961792
46,30,910000,
46,30,920000,
46,30,930000,
46,30,940000,
46,30,950000,
46,30,960000,
46,30,970000,
46,30,980000,
46,30,990000,
46,30,1000000,0.14470000565052032
46,30,1010000,
46,30,1020000,
46,30,1030000,
46,30,1040000,
46,30,1050000,
46,30,1060000,
46,30,1070000,
46,30,1080000,
46,30,1090000,
46,30,1100000,0.1534000039100647
46,30,1110000,
46,30,1120000,
46,30,1130000,
46,30,1140000,
46,30,1150000,
46,30,1160000,
46,30,1170000,
46,30,1180000,
46,30,1190000,
46,30,1200000,0.17190000414848328
46,30,1210000,
46,30,1220000,
46,30,1230000,
46,30,1240000,
46,30,1250000,
46,30,1260000,
46,30,1270000,
46,30,1280000,
46,30,1290000,
46,30,1300000,0.17399999499320984
46,30,1310000,
46,30,1320000,
46,30,1330000,
46,30,1340000,
46,30,1350000,
46,30,1360000,
46,30,1370000,
46,30,1380000,
46,30,1390000,
46,30,1400000,0.1973000019788742
46,30,1410000,
46,30,1420000,
46,30,1430000,
46,30,1440000,
46,30,1450000,
46,30,1460000,
46,30,1470000,
46,30,1480000,
46,30,1490000,
46,30,1500000,0.20319999754428864
46,30,1510000,
46,30,1520000,
46,30,1530000,
46,30,1540000,
46,30,1550000,
46,30,1560000,
46,30,1570000,
46,30,1580000,
46,30,1590000,
46,30,1600000,0.20980000495910645
46,30,1610000,
46,30,1620000,
46,30,1630000,
46,30,1640000,
46,30,1650000,
46,30,1660000,
46,30,1670000,
46,30,1680000,
46,30,1690000,
46,30,1700000,0.22200000286102295
46,30,1710000,
46,30,1720000,
46,30,1730000,
46,30,1740000,
46,30,1750000,
46,30,1760000,
46,30,1770000,
46,30,1780000,
46,30,1790000,
46,30,1800000,0.23479999601840973
46,30,1810000,
46,30,1820000,
46,30,1830000,
46,30,1840000,
46,30,1850000,
46,30,1860000,
46,30,1870000,
46,30,1880000,
46,30,1890000,
46,30,1900000,0.24130000174045563
46,30,1910000,
46,30,1920000,
46,30,1930000,
46,30,1940000,
46,30,1950000,
46,30,1960000,
46,30,1970000,
46,30,1980000,
46,30,1990000,
46,30,2000000,0.23399999737739563
46,30,2010000,
46,30,2020000,
46,30,2030000,
46,30,2040000,
46,30,2050000,
46,30,2060000,
46,30,2070000,
46,30,2080000,
46,30,2090000,
46,30,2100000,0.25380000472068787
46,30,2110000,
46,30,2120000,
46,30,2130000,
46,30,2140000,
46,30,2150000,
46,30,2160000,
46,30,2170000,
46,30,2180000,
46,30,2190000,
46,30,2200000,0.2596000134944916
46,30,2210000,
46,30,2220000,
46,30,2230000,
46,30,2240000,
46,30,2250000,
46,30,2260000,
46,30,2270000,
46,30,2280000,
46,30,2290000,
46,30,2300000,0.25619998574256897
46,30,2310000,
46,30,2320000,
46,30,2330000,
46,30,2340000,
46,30,2350000,
46,30,2360000,
46,30,2370000,
46,30,2380000,
46,30,2390000,
46,30,2400000,0.27889999747276306
46,30,2410000,
46,30,2420000,
46,30,2430000,
46,30,2440000,
46,30,2450000,
46,30,2460000,
46,30,2470000,
46,30,2480000,
46,30,2490000,
46,30,2500000,0.2741999924182892
46,30,2510000,
46,30,2520000,
46,30,2530000,
46,30,2540000,
46,30,2550000,
46,30,2560000,
46,30,2570000,
46,30,2580000,
46,30,2590000,
46,30,2600000,0.2759999930858612
46,30,2610000,
46,30,2620000,
46,30,2630000,
46,30,2640000,
46,30,2650000,
46,30,2660000,
46,30,2670000,
46,30,2680000,
46,30,2690000,
46,30,2700000,0.2849000096321106
46,30,2710000,
46,30,2720000,
46,30,2730000,
46,30,2740000,
46,30,2750000,
46,30,2760000,
46,30,2770000,
46,30,2780000,
46,30,2790000,
46,30,2800000,0.30410000681877136
46,30,2810000,
46,30,2820000,
46,30,2830000,
46,30,2840000,
46,30,2850000,
46,30,2860000,
46,30,2870000,
46,30,2880000,
46,30,2890000,
46,30,2900000,0.30630001425743103
46,30,2910000,
46,30,2920000,
46,30,2930000,
46,30,2940000,
46,30,2950000,
46,30,2960000,
46,30,2970000,
46,30,2980000,
46,30,2990000,
46,30,3000000,0.2976999878883362
46,30,3010000,
46,30,3020000,
46,30,3030000,
46,30,3040000,
46,30,3050000,
46,30,3060000,
46,30,3070000,
46,30,3080000,
46,30,3090000,
46,30,3100000,0.29739999771118164
46,30,3110000,
46,30,3120000,
46,30,3130000,
46,30,3140000,
46,30,3150000,
46,30,3160000,
46,30,3170000,
46,30,3180000,
46,30,3190000,
46,30,3200000,0.29679998755455017
46,30,3210000,
46,30,3220000,
46,30,3230000,
46,30,3240000,
46,30,3250000,
46,30,3260000,
46,30,3270000,
46,30,3280000,
46,30,3290000,
46,30,3300000,0.3082999885082245
46,30,3310000,
46,30,3320000,
46,30,3330000,
46,30,3340000,
46,30,3350000,
46,30,3360000,
46,30,3370000,
46,30,3380000,
46,30,3390000,
46,30,3400000,0.31310001015663147
46,30,3410000,
46,30,3420000,
46,30,3430000,
46,30,3440000,
46,30,3450000,
46,30,3460000,
46,30,3470000,
46,30,3480000,
46,30,3490000,
46,30,3500000,0.31439998745918274
46,30,3510000,
46,30,3520000,
46,30,3530000,
46,30,3540000,
46,30,3550000,
46,30,3560000,
46,30,3570000,
46,30,3580000,
46,30,3590000,
46,30,3600000,0.31150001287460327
46,30,3610000,
46,30,3620000,
46,30,3630000,
46,30,3640000,
46,30,3650000,
46,30,3660000,
46,30,3670000,
46,30,3680000,
46,30,3690000,
46,30,3700000,0.3271999955177307
46,30,3710000,
46,30,3720000,
46,30,3730000,
46,30,3740000,
46,30,3750000,
46,30,3760000,
46,30,3770000,
46,30,3780000,
46,30,3790000,
46,30,3800000,0.3206000030040741
46,30,3810000,
46,30,3820000,
46,30,3830000,
46,30,3840000,
46,30,3850000,
46,30,3860000,
46,30,3870000,
46,30,3880000,
46,30,3890000,
46,30,3900000,0.3314000070095062
46,30,3910000,
46,30,3920000,
46,30,3930000,
46,30,3940000,
46,30,3950000,
46,30,3960000,
46,30,3970000,
46,30,3980000,
46,30,3990000,
46,30,4000000,0.33059999346733093
46,30,4010000,
46,30,4020000,
46,30,4030000,
46,30,4040000,
46,30,4050000,
46,30,4060000,
46,30,4070000,
46,30,4080000,
46,30,4090000,
46,30,4100000,0.34049999713897705
46,30,4110000,
46,30,4120000,
46,30,4130000,
46,30,4140000,
46,30,4150000,
46,30,4160000,
46,30,4170000,
46,30,4180000,
46,30,4190000,
46,30,4200000,0.3264000117778778
46,30,4210000,
46,30,4220000,
46,30,4230000,
46,30,4240000,
46,30,4250000,
46,30,4260000,
46,30,4270000,
46,30,4280000,
46,30,4290000,
46,30,4300000,0.3294999897480011
46,30,4310000,
46,30,4320000,
46,30,4330000,
46,30,4340000,
46,30,4350000,
46,30,4360000,
46,30,4370000,
46,30,4380000,
46,30,4390000,
46,30,4400000,0.33390000462532043
46,30,4410000,
46,30,4420000,
46,30,4430000,
46,30,4440000,
46,30,4450000,
46,30,4460000,
46,30,4470000,
46,30,4480000,
46,30,4490000,
46,30,4500000,0.3301999866962433
46,30,4510000,
46,30,4520000,
46,30,4530000,
46,30,4540000,
46,30,4550000,
46,30,4560000,
46,30,4570000,
46,30,4580000,
46,30,4590000,
46,30,4600000,0.35030001401901245
46,30,4610000,
46,30,4620000,
46,30,4630000,
46,30,4640000,
46,30,4650000,
46,30,4660000,
46,30,4670000,
46,30,4680000,
46,30,4690000,
46,30,4700000,0.33410000801086426
46,30,4710000,
46,30,4720000,
46,30,4730000,
46,30,4740000,
46,30,4750000,
46,30,4760000,
46,30,4770000,
46,30,4780000,
46,30,4790000,
46,30,4800000,0.32260000705718994
46,30,4810000,
46,30,4820000,
46,30,4830000,
46,30,4840000,
46,30,4850000,
46,30,4860000,
46,30,4870000,
46,30,4880000,
46,30,4890000,
46,30,4900000,0.3465000092983246
46,30,4910000,
46,30,4920000,
46,30,4930000,
46,30,4940000,
46,30,4950000,
46,30,4960000,
46,30,4970000,
46,30,4980000,
46,30,4990000,
46,30,5000000,0.3537999987602234
46,40,1,0.0
46,40,10000,
46,40,20000,
46,40,30000,
46,40,40000,
46,40,50000,
46,40,60000,
46,40,70000,
46,40,80000,
46,40,90000,
46,40,100000,0.0006000000284984708
46,40,110000,
46,40,120000,
46,40,130000,
46,40,140000,
46,40,150000,
46,40,160000,
46,40,170000,
46,40,180000,
46,40,190000,
46,40,200000,0.014600000344216824
46,40,210000,
46,40,220000,
46,40,230000,
46,40,240000,
46,40,250000,
46,40,260000,
46,40,270000,
46,40,280000,
46,40,290000,
46,40,300000,0.052000001072883606
46,40,310000,
46,40,320000,
46,40,330000,
46,40,340000,
46,40,350000,
46,40,360000,
46,40,370000,
46,40,380000,
46,40,390000,
46,40,400000,0.093299999833107
46,40,410000,
46,40,420000,
46,40,430000,
46,40,440000,
46,40,450000,
46,40,460000,
46,40,470000,
46,40,480000,
46,40,490000,
46,40,500000,0.12229999899864197
46,40,510000,
46,40,520000,
46,40,530000,
46,40,540000,
46,40,550000,
46,40,560000,
46,40,570000,
46,40,580000,
46,40,590000,
46,40,600000,0.15389999747276306
46,40,610000,
46,40,620000,
46,40,630000,
46,40,640000,
46,40,650000,
46,40,660000,
46,40,670000,
46,40,680000,
46,40,690000,
46,40,700000,0.18320000171661377
46,40,710000,
46,40,720000,
46,40,730000,
46,40,740000,
46,40,750000,
46,40,760000,
46,40,770000,
46,40,780000,
46,40,790000,
46,40,800000,0.2248000055551529
46,40,810000,
46,40,820000,
46,40,830000,
46,40,840000,
46,40,850000,
46,40,860000,
46,40,870000,
46,40,880000,
46,40,890000,
46,40,900000,0.2418999969959259
46,40,910000,
46,40,920000,
46,40,930000,
46,40,940000,
46,40,950000,
46,40,960000,
46,40,970000,
46,40,980000,
46,40,990000,
46,40,1000000,0.2632000148296356
46,40,1010000,
46,40,1020000,
46,40,1030000,
46,40,1040000,
46,40,1050000,
46,40,1060000,
46,40,1070000,
46,40,1080000,
46,40,1090000,
46,40,1100000,0.2888999879360199
46,40,1110000,
46,40,1120000,
46,40,1130000,
46,40,1140000,
46,40,1150000,
46,40,1160000,
46,40,1170000,
46,40,1180000,
46,40,1190000,
46,40,1200000,0.32760000228881836
46,40,1210000,
46,40,1220000,
46,40,1230000,
46,40,1240000,
46,40,1250000,
46,40,1260000,
46,40,1270000,
46,40,1280000,
46,40,1290000,
46,40,1300000,0.34470000863075256
46,40,1310000,
46,40,1320000,
46,40,1330000,
46,40,1340000,
46,40,1350000,
46,40,1360000,
46,40,1370000,
46,40,1380000,
46,40,1390000,
46,40,1400000,0.35019999742507935
46,40,1410000,
46,40,1420000,
46,40,1430000,
46,40,1440000,
46,40,1450000,
46,40,1460000,
46,40,1470000,
46,40,1480000,
46,40,1490000,
46,40,1500000,0.3734000027179718
46,40,1510000,
46,40,1520000,
46,40,1530000,
46,40,1540000,
46,40,1550000,
46,40,1560000,
46,40,1570000,
46,40,1580000,
46,40,1590000,
46,40,1600000,0.3824999928474426
46,40,1610000,
46,40,1620000,
46,40,1630000,
46,40,1640000,
46,40,1650000,
46,40,1660000,
46,40,1670000,
46,40,1680000,
46,40,1690000,
46,40,1700000,0.4146000146865845
46,40,1710000,
46,40,1720000,
46,40,1730000,
46,40,1740000,
46,40,1750000,
46,40,1760000,
46,40,1770000,
46,40,1780000,
46,40,1790000,
46,40,1800000,0.42419999837875366
46,40,1810000,
46,40,1820000,
46,40,1830000,
46,40,1840000,
46,40,1850000,
46,40,1860000,
46,40,1870000,
46,40,1880000,
46,40,1890000,
46,40,1900000,0.4325000047683716
46,40,1910000,
46,40,1920000,
46,40,1930000,
46,40,1940000,
46,40,1950000,
46,40,1960000,
46,40,1970000,
46,40,1980000,
46,40,1990000,
46,40,2000000,0.45570001006126404
46,40,2010000,
46,40,2020000,
46,40,2030000,
46,40,2040000,
46,40,2050000,
46,40,2060000,
46,40,2070000,
46,40,2080000,
46,40,2090000,
46,40,2100000,0.460999995470047
46,40,2110000,
46,40,2120000,
46,40,2130000,
46,40,2140000,
46,40,2150000,
46,40,2160000,
46,40,2170000,
46,40,2180000,
46,40,2190000,
46,40,2200000,0.4796999990940094
46,40,2210000,
46,40,2220000,
46,40,2230000,
46,40,2240000,
46,40,2250000,
46,40,2260000,
46,40,2270000,
46,40,2280000,
46,40,2290000,
46,40,2300000,0.49880000948905945
46,40,2310000,
46,40,2320000,
46,40,2330000,
46,40,2340000,
46,40,2350000,
46,40,2360000,
46,40,2370000,
46,40,2380000,
46,40,2390000,
46,40,2400000,0.49729999899864197
46,40,2410000,
46,40,2420000,
46,40,2430000,
46,40,2440000,
46,40,2450000,
46,40,2460000,
46,40,2470000,
46,40,2480000,
46,40,2490000,
46,40,2500000,0.5120000243186951
46,40,2510000,
46,40,2520000,
46,40,2530000,
46,40,2540000,
46,40,2550000,
46,40,2560000,
46,40,2570000,
46,40,2580000,
46,40,2590000,
46,40,2600000,0.5144000053405762
46,40,2610000,
46,40,2620000,
46,40,2630000,
46,40,2640000,
46,40,2650000,
46,40,2660000,
46,40,2670000,
46,40,2680000,
46,40,2690000,
46,40,2700000,0.5198000073432922
46,40,2710000,
46,40,2720000,
46,40,2730000,
46,40,2740000,
46,40,2750000,
46,40,2760000,
46,40,2770000,
46,40,2780000,
46,40,2790000,
46,40,2800000,0.5335000157356262
46,40,2810000,
46,40,2820000,
46,40,2830000,
46,40,2840000,
46,40,2850000,
46,40,2860000,
46,40,2870000,
46,40,2880000,
46,40,2890000,
46,40,2900000,0.5304999947547913
46,40,2910000,
46,40,2920000,
46,40,2930000,
46,40,2940000,
46,40,2950000,
46,40,2960000,
46,40,2970000,
46,40,2980000,
46,40,2990000,
46,40,3000000,0.5418000221252441
46,40,3010000,
46,40,3020000,
46,40,3030000,
46,40,3040000,
46,40,3050000,
46,40,3060000,
46,40,3070000,
46,40,3080000,
46,40,3090000,
46,40,3100000,0.5496000051498413
46,40,3110000,
46,40,3120000,
46,40,3130000,
46,40,3140000,
46,40,3150000,
46,40,3160000,
46,40,3170000,
46,40,3180000,
46,40,3190000,
46,40,3200000,0.5494999885559082
46,40,3210000,
46,40,3220000,
46,40,3230000,
46,40,3240000,
46,40,3250000,
46,40,3260000,
46,40,3270000,
46,40,3280000,
46,40,3290000,
46,40,3300000,0.5688999891281128
46,40,3310000,
46,40,3320000,
46,40,3330000,
46,40,3340000,
46,40,3350000,
46,40,3360000,
46,40,3370000,
46,40,3380000,
46,40,3390000,
46,40,3400000,0.5684999823570251
46,40,3410000,
46,40,3420000,
46,40,3430000,
46,40,3440000,
46,40,3450000,
46,40,3460000,
46,40,3470000,
46,40,3480000,
46,40,3490000,
46,40,3500000,0.5631999969482422
46,40,3510000,
46,40,3520000,
46,40,3530000,
46,40,3540000,
46,40,3550000,
46,40,3560000,
46,40,3570000,
46,40,3580000,
46,40,3590000,
46,40,3600000,0.5742999911308289
46,40,3610000,
46,40,3620000,
46,40,3630000,
46,40,3640000,
46,40,3650000,
46,40,3660000,
46,40,3670000,
46,40,3680000,
46,40,3690000,
46,40,3700000,0.5778999924659729
46,40,3710000,
46,40,3720000,
46,40,3730000,
46,40,3740000,
46,40,3750000,
46,40,3760000,
46,40,3770000,
46,40,3780000,
46,40,3790000,
46,40,3800000,0.585099995136261
46,40,3810000,
46,40,3820000,
46,40,3830000,
46,40,3840000,
46,40,3850000,
46,40,3860000,
46,40,3870000,
46,40,3880000,
46,40,3890000,
46,40,3900000,0.5842999815940857
46,40,3910000,
46,40,3920000,
46,40,3930000,
46,40,3940000,
46,40,3950000,
46,40,3960000,
46,40,3970000,
46,40,3980000,
46,40,3990000,
46,40,4000000,0.5802000164985657
46,40,4010000,
46,40,4020000,
46,40,4030000,
46,40,4040000,
46,40,4050000,
46,40,4060000,
46,40,4070000,
46,40,4080000,
46,40,4090000,
46,40,4100000,0.5807999968528748
46,40,4110000,
46,40,4120000,
46,40,4130000,
46,40,4140000,
46,40,4150000,
46,40,4160000,
46,40,4170000,
46,40,4180000,
46,40,4190000,
46,40,4200000,0.5952000021934509
46,40,4210000,
46,40,4220000,
46,40,4230000,
46,40,4240000,
46,40,4250000,
46,40,4260000,
46,40,4270000,
46,40,4280000,
46,40,4290000,
46,40,4300000,0.6032000184059143
46,40,4310000,
46,40,4320000,
46,40,4330000,
46,40,4340000,
46,40,4350000,
46,40,4360000,
46,40,4370000,
46,40,4380000,
46,40,4390000,
46,40,4400000,0.5942000150680542
46,40,4410000,
46,40,4420000,
46,40,4430000,
46,40,4440000,
46,40,4450000,
46,40,4460000,
46,40,4470000,
46,40,4480000,
46,40,4490000,
46,40,4500000,0.605400025844574
46,40,4510000,
46,40,4520000,
46,40,4530000,
46,40,4540000,
46,40,4550000,
46,40,4560000,
46,40,4570000,
46,40,4580000,
46,40,4590000,
46,40,4600000,0.5978000164031982
46,40,4610000,
46,40,4620000,
46,40,4630000,
46,40,4640000,
46,40,4650000,
46,40,4660000,
46,40,4670000,
46,40,4680000,
46,40,4690000,
46,40,4700000,0.6061999797821045
46,40,4710000,
46,40,4720000,
46,40,4730000,
46,40,4740000,
46,40,4750000,
46,40,4760000,
46,40,4770000,
46,40,4780000,
46,40,4790000,
46,40,4800000,0.6003999710083008
46,40,4810000,
46,40,4820000,
46,40,4830000,
46,40,4840000,
46,40,4850000,
46,40,4860000,
46,40,4870000,
46,40,4880000,
46,40,4890000,
46,40,4900000,0.6136000156402588
46,40,4910000,
46,40,4920000,
46,40,4930000,
46,40,4940000,
46,40,4950000,
46,40,4960000,
46,40,4970000,
46,40,4980000,
46,40,4990000,
46,40,5000000,0.607200026512146
46,50,1,0.0
46,50,10000,
46,50,20000,
46,50,30000,
46,50,40000,
46,50,50000,
46,50,60000,
46,50,70000,
46,50,80000,
46,50,90000,
46,50,100000,0.0010000000474974513
46,50,110000,
46,50,120000,
46,50,130000,
46,50,140000,
46,50,150000,
46,50,160000,
46,50,170000,
46,50,180000,
46,50,190000,
46,50,200000,0.027300000190734863
46,50,210000,
46,50,220000,
46,50,230000,
46,50,240000,
46,50,250000,
46,50,260000,
46,50,270000,
46,50,280000,
46,50,290000,
46,50,300000,0.059700001031160355
46,50,310000,
46,50,320000,
46,50,330000,
46,50,340000,
46,50,350000,
46,50,360000,
46,50,370000,
46,50,380000,
46,50,390000,
46,50,400000,0.10849999636411667
46,50,410000,
46,50,420000,
46,50,430000,
46,50,440000,
46,50,450000,
46,50,460000,
46,50,470000,
46,50,480000,
46,50,490000,
46,50,500000,0.1459999978542328
46,50,510000,
46,50,520000,
46,50,530000,
46,50,540000,
46,50,550000,
46,50,560000,
46,50,570000,
46,50,580000,
46,50,590000,
46,50,600000,0.19470000267028809
46,50,610000,
46,50,620000,
46,50,630000,
46,50,640000,
46,50,650000,
46,50,660000,
46,50,670000,
46,50,680000,
46,50,690000,
46,50,700000,0.24089999496936798
46,50,710000,
46,50,720000,
46,50,730000,
46,50,740000,
46,50,750000,
46,50,760000,
46,50,770000,
46,50,780000,
46,50,790000,
46,50,800000,0.273499995470047
46,50,810000,
46,50,820000,
46,50,830000,
46,50,840000,
46,50,850000,
46,50,860000,
46,50,870000,
46,50,880000,
46,50,890000,
46,50,900000,0.30219998955726624
46,50,910000,
46,50,920000,
46,50,930000,
46,50,940000,
46,50,950000,
46,50,960000,
46,50,970000,
46,50,980000,
46,50,990000,
46,50,1000000,0.35199999809265137
46,50,1010000,
46,50,1020000,
46,50,1030000,
46,50,1040000,
46,50,1050000,
46,50,1060000,
46,50,1070000,
46,50,1080000,
46,50,1090000,
46,50,1100000,0.3871000111103058
46,50,1110000,
46,50,1120000,
46,50,1130000,
46,50,1140000,
46,50,1150000,
46,50,1160000,
46,50,1170000,
46,50,1180000,
46,50,1190000,
46,50,1200000,0.41990000009536743
46,50,1210000,
46,50,1220000,
46,50,1230000,
46,50,1240000,
46,50,1250000,
46,50,1260000,
46,50,1270000,
46,50,1280000,
46,50,1290000,
46,50,1300000,0.45669999718666077
46,50,1310000,
46,50,1320000,
46,50,1330000,
46,50,1340000,
46,50,1350000,
46,50,1360000,
46,50,1370000,
46,50,1380000,
46,50,1390000,
46,50,1400000,0.4607999920845032
46,50,1410000,
46,50,1420000,
46,50,1430000,
46,50,1440000,
46,50,1450000,
46,50,1460000,
46,50,1470000,
46,50,1480000,
46,50,1490000,
46,50,1500000,0.516700029373169
46,50,1510000,
46,50,1520000,
46,50,1530000,
46,50,1540000,
46,50,1550000,
46,50,1560000,
46,50,1570000,
46,50,1580000,
46,50,1590000,
46,50,1600000,0.5236999988555908
46,50,1610000,
46,50,1620000,
46,50,1630000,
46,50,1640000,
46,50,1650000,
46,50,1660000,
46,50,1670000,
46,50,1680000,
46,50,1690000,
46,50,1700000,0.5489000082015991
46,50,1710000,
46,50,1720000,
46,50,1730000,
46,50,1740000,
46,50,1750000,
46,50,1760000,
46,50,1770000,
46,50,1780000,
46,50,1790000,
46,50,1800000,0.5684000253677368
46,50,1810000,
46,50,1820000,
46,50,1830000,
46,50,1840000,
46,50,1850000,
46,50,1860000,
46,50,1870000,
46,50,1880000,
46,50,1890000,
46,50,1900000,0.5947999954223633
46,50,1910000,
46,50,1920000,
46,50,1930000,
46,50,1940000,
46,50,1950000,
46,50,1960000,
46,50,1970000,
46,50,1980000,
46,50,1990000,
46,50,2000000,0.600600004196167
46,50,2010000,
46,50,2020000,
46,50,2030000,
46,50,2040000,
46,50,2050000,
46,50,2060000,
46,50,2070000,
46,50,2080000,
46,50,2090000,
46,50,2100000,0.6315000057220459
46,50,2110000,
46,50,2120000,
46,50,2130000,
46,50,2140000,
46,50,2150000,
46,50,2160000,
46,50,2170000,
46,50,2180000,
46,50,2190000,
46,50,2200000,0.6291000247001648
46,50,2210000,
46,50,2220000,
46,50,2230000,
46,50,2240000,
46,50,2250000,
46,50,2260000,
46,50,2270000,
46,50,2280000,
46,50,2290000,
46,50,2300000,0.638700008392334
46,50,2310000,
46,50,2320000,
46,50,2330000,
46,50,2340000,
46,50,2350000,
46,50,2360000,
46,50,2370000,
46,50,2380000,
46,50,2390000,
46,50,2400000,0.6590999960899353
46,50,2410000,
46,50,2420000,
46,50,2430000,
46,50,2440000,
46,50,2450000,
46,50,2460000,
46,50,2470000,
46,50,2480000,
46,50,2490000,
46,50,2500000,0.6704999804496765
46,50,2510000,
46,50,2520000,
46,50,2530000,
46,50,2540000,
46,50,2550000,
46,50,2560000,
46,50,2570000,
46,50,2580000,
46,50,2590000,
46,50,2600000,0.6879000067710876
46,50,2610000,
46,50,2620000,
46,50,2630000,
46,50,2640000,
46,50,2650000,
46,50,2660000,
46,50,2670000,
46,50,2680000,
46,50,2690000,
46,50,2700000,0.6915000081062317
46,50,2710000,
46,50,2720000,
46,50,2730000,
46,50,2740000,
46,50,2750000,
46,50,2760000,
46,50,2770000,
46,50,2780000,
46,50,2790000,
46,50,2800000,0.7039999961853027
46,50,2810000,
46,50,2820000,
46,50,2830000,
46,50,2840000,
46,50,2850000,
46,50,2860000,
46,50,2870000,
46,50,2880000,
46,50,2890000,
46,50,2900000,0.7080000042915344
46,50,2910000,
46,50,2920000,
46,50,2930000,
46,50,2940000,
46,50,2950000,
46,50,2960000,
46,50,2970000,
46,50,2980000,
46,50,2990000,
46,50,3000000,0.714900016784668
46,50,3010000,
46,50,3020000,
46,50,3030000,
46,50,3040000,
46,50,3050000,
46,50,3060000,
46,50,3070000,
46,50,3080000,
46,50,3090000,
46,50,3100000,0.7240999937057495
46,50,3110000,
46,50,3120000,
46,50,3130000,
46,50,3140000,
46,50,3150000,
46,50,3160000,
46,50,3170000,
46,50,3180000,
46,50,3190000,
46,50,3200000,0.7178999781608582
46,50,3210000,
46,50,3220000,
46,50,3230000,
46,50,3240000,
46,50,3250000,
46,50,3260000,
46,50,3270000,
46,50,3280000,
46,50,3290000,
46,50,3300000,0.7204999923706055
46,50,3310000,
46,50,3320000,
46,50,3330000,
46,50,3340000,
46,50,3350000,
46,50,3360000,
46,50,3370000,
46,50,3380000,
46,50,3390000,
46,50,3400000,0.728600025177002
46,50,3410000,
46,50,3420000,
46,50,3430000,
46,50,3440000,
46,50,3450000,
46,50,3460000,
46,50,3470000,
46,50,3480000,
46,50,3490000,
46,50,3500000,0.728600025177002
46,50,3510000,
46,50,3520000,
46,50,3530000,
46,50,3540000,
46,50,3550000,
46,50,3560000,
46,50,3570000,
46,50,3580000,
46,50,3590000,
46,50,3600000,0.7387999892234802
46,50,3610000,
46,50,3620000,
46,50,3630000,
46,50,3640000,
46,50,3650000,
46,50,3660000,
46,50,3670000,
46,50,3680000,
46,50,3690000,
46,50,3700000,0.7432000041007996
46,50,3710000,
46,50,3720000,
46,50,3730000,
46,50,3740000,
46,50,3750000,
46,50,3760000,
46,50,3770000,
46,50,3780000,
46,50,3790000,
46,50,3800000,0.7434999942779541
46,50,3810000,
46,50,3820000,
46,50,3830000,
46,50,3840000,
46,50,3850000,
46,50,3860000,
46,50,3870000,
46,50,3880000,
46,50,3890000,
46,50,3900000,0.7491000294685364
46,50,3910000,
46,50,3920000,
46,50,3930000,
46,50,3940000,
46,50,3950000,
46,50,3960000,
46,50,3970000,
46,50,3980000,
46,50,3990000,
46,50,4000000,0.7479000091552734
46,50,4010000,
46,50,4020000,
46,50,4030000,
46,50,4040000,
46,50,4050000,
46,50,4060000,
46,50,4070000,
46,50,4080000,
46,50,4090000,
46,50,4100000,0.7534000277519226
46,50,4110000,
46,50,4120000,
46,50,4130000,
46,50,4140000,
46,50,4150000,
46,50,4160000,
46,50,4170000,
46,50,4180000,
46,50,4190000,
46,50,4200000,0.7549999952316284
46,50,4210000,
46,50,4220000,
46,50,4230000,
46,50,4240000,
46,50,4250000,
46,50,4260000,
46,50,4270000,
46,50,4280000,
46,50,4290000,
46,50,4300000,0.7626000046730042
46,50,4310000,
46,50,4320000,
46,50,4330000,
46,50,4340000,
46,50,4350000,
46,50,4360000,
46,50,4370000,
46,50,4380000,
46,50,4390000,
46,50,4400000,0.7620999813079834
46,50,4410000,
46,50,4420000,
46,50,4430000,
46,50,4440000,
46,50,4450000,
46,50,4460000,
46,50,4470000,
46,50,4480000,
46,50,4490000,
46,50,4500000,0.7603999972343445
46,50,4510000,
46,50,4520000,
46,50,4530000,
46,50,4540000,
46,50,4550000,
46,50,4560000,
46,50,4570000,
46,50,4580000,
46,50,4590000,
46,50,4600000,0.7720999717712402
46,50,4610000,
46,50,4620000,
46,50,4630000,
46,50,4640000,
46,50,4650000,
46,50,4660000,
46,50,4670000,
46,50,4680000,
46,50,4690000,
46,50,4700000,0.765500009059906
46,50,4710000,
46,50,4720000,
46,50,4730000,
46,50,4740000,
46,50,4750000,
46,50,4760000,
46,50,4770000,
46,50,4780000,
46,50,4790000,
46,50,4800000,0.7718999981880188
46,50,4810000,
46,50,4820000,
46,50,4830000,
46,50,4840000,
46,50,4850000,
46,50,4860000,
46,50,4870000,
46,50,4880000,
46,50,4890000,
46,50,4900000,0.7555000185966492
46,50,4910000,
46,50,4920000,
46,50,4930000,
46,50,4940000,
46,50,4950000,
46,50,4960000,
46,50,4970000,
46,50,4980000,
46,50,4990000,
46,50,5000000,0.7702999711036682
46,60,1,0.0
46,60,10000,
46,60,20000,
46,60,30000,
46,60,40000,
46,60,50000,
46,60,60000,
46,60,70000,
46,60,80000,
46,60,90000,
46,60,100000,0.0017999999690800905
46,60,110000,
46,60,120000,
46,60,130000,
46,60,140000,
46,60,150000,
46,60,160000,
46,60,170000,
46,60,180000,
46,60,190000,
46,60,200000,0.02290000021457672
46,60,210000,
46,60,220000,
46,60,230000,
46,60,240000,
46,60,250000,
46,60,260000,
46,60,270000,
46,60,280000,
46,60,290000,
46,60,300000,0.0640999972820282
46,60,310000,
46,60,320000,
46,60,330000,
46,60,340000,
46,60,350000,
46,60,360000,
46,60,370000,
46,60,380000,
46,60,390000,
46,60,400000,0.10809999704360962
46,60,410000,
46,60,420000,
46,60,430000,
46,60,440000,
46,60,450000,
46,60,460000,
46,60,470000,
46,60,480000,
46,60,490000,
46,60,500000,0.14869999885559082
46,60,510000,
46,60,520000,
46,60,530000,
46,60,540000,
46,60,550000,
46,60,560000,
46,60,570000,
46,60,580000,
46,60,590000,
46,60,600000,0.19920000433921814
46,60,610000,
46,60,620000,
46,60,630000,
46,60,640000,
46,60,650000,
46,60,660000,
46,60,670000,
46,60,680000,
46,60,690000,
46,60,700000,0.24609999358654022
46,60,710000,
46,60,720000,
46,60,730000,
46,60,740000,
46,60,750000,
46,60,760000,
46,60,770000,
46,60,780000,
46,60,790000,
46,60,800000,0.28029999136924744
46,60,810000,
46,60,820000,
46,60,830000,
46,60,840000,
46,60,850000,
46,60,860000,
46,60,870000,
46,60,880000,
46,60,890000,
46,60,900000,0.3257000148296356
46,60,910000,
46,60,920000,
46,60,930000,
46,60,940000,
46,60,950000,
46,60,960000,
46,60,970000,
46,60,980000,
46,60,990000,
46,60,1000000,0.37869998812675476
46,60,1010000,
46,60,1020000,
46,60,1030000,
46,60,1040000,
46,60,1050000,
46,60,1060000,
46,60,1070000,
46,60,1080000,
46,60,1090000,
46,60,1100000,0.39730000495910645
46,60,1110000,
46,60,1120000,
46,60,1130000,
46,60,1140000,
46,60,1150000,
46,60,1160000,
46,60,1170000,
46,60,1180000,
46,60,1190000,
46,60,1200000,0.4595000147819519
46,60,1210000,
46,60,1220000,
46,60,1230000,
46,60,1240000,
46,60,1250000,
46,60,1260000,
46,60,1270000,
46,60,1280000,
46,60,1290000,
46,60,1300000,0.48089998960494995
46,60,1310000,
46,60,1320000,
46,60,1330000,
46,60,1340000,
46,60,1350000,
46,60,1360000,
46,60,1370000,
46,60,1380000,
46,60,1390000,
46,60,1400000,0.5116000175476074
46,60,1410000,
46,60,1420000,
46,60,1430000,
46,60,1440000,
46,60,1450000,
46,60,1460000,
46,60,1470000,
46,60,1480000,
46,60,1490000,
46,60,1500000,0.5525000095367432
46,60,1510000,
46,60,1520000,
46,60,1530000,
46,60,1540000,
46,60,1550000,
46,60,1560000,
46,60,1570000,
46,60,1580000,
46,60,1590000,
46,60,1600000,0.5763000249862671
46,60,1610000,
46,60,1620000,
46,60,1630000,
46,60,1640000,
46,60,1650000,
46,60,1660000,
46,60,1670000,
46,60,1680000,
46,60,1690000,
46,60,1700000,0.6226999759674072
46,60,1710000,
46,60,1720000,
46,60,1730000,
46,60,1740000,
46,60,1750000,
46,60,1760000,
46,60,1770000,
46,60,1780000,
46,60,1790000,
46,60,1800000,0.6392999887466431
46,60,1810000,
46,60,1820000,
46,60,1830000,
46,60,1840000,
46,60,1850000,
46,60,1860000,
46,60,1870000,
46,60,1880000,
46,60,1890000,
46,60,1900000,0.666100025177002
46,60,1910000,
46,60,1920000,
46,60,1930000,
46,60,1940000,
46,60,1950000,
46,60,1960000,
46,60,1970000,
46,60,1980000,
46,60,1990000,
46,60,2000000,0.6754000186920166
46,60,2010000,
46,60,2020000,
46,60,2030000,
46,60,2040000,
46,60,2050000,
46,60,2060000,
46,60,2070000,
46,60,2080000,
46,60,2090000,
46,60,2100000,0.6933000087738037
46,60,2110000,
46,60,2120000,
46,60,2130000,
46,60,2140000,
46,60,2150000,
46,60,2160000,
46,60,2170000,
46,60,2180000,
46,60,2190000,
46,60,2200000,0.715499997138977
46,60,2210000,
46,60,2220000,
46,60,2230000,
46,60,2240000,
46,60,2250000,
46,60,2260000,
46,60,2270000,
46,60,2280000,
46,60,2290000,
46,60,2300000,0.7315999865531921
46,60,2310000,
46,60,2320000,
46,60,2330000,
46,60,2340000,
46,60,2350000,
46,60,2360000,
46,60,2370000,
46,60,2380000,
46,60,2390000,
46,60,2400000,0.7441999912261963
46,60,2410000,
46,60,2420000,
46,60,2430000,
46,60,2440000,
46,60,2450000,
46,60,2460000,
46,60,2470000,
46,60,2480000,
46,60,2490000,
46,60,2500000,0.7419000267982483
46,60,2510000,
46,60,2520000,
46,60,2530000,
46,60,2540000,
46,60,2550000,
46,60,2560000,
46,60,2570000,
46,60,2580000,
46,60,2590000,
46,60,2600000,0.7524999976158142
46,60,2610000,
46,60,2620000,
46,60,2630000,
46,60,2640000,
46,60,2650000,
46,60,2660000,
46,60,2670000,
46,60,2680000,
46,60,2690000,
46,60,2700000,0.7684000134468079
46,60,2710000,
46,60,2720000,
46,60,2730000,
46,60,2740000,
46,60,2750000,
46,60,2760000,
46,60,2770000,
46,60,2780000,
46,60,2790000,
46,60,2800000,0.7764999866485596
46,60,2810000,
46,60,2820000,
46,60,2830000,
46,60,2840000,
46,60,2850000,
46,60,2860000,
46,60,2870000,
46,60,2880000,
46,60,2890000,
46,60,2900000,0.7832000255584717
46,60,2910000,
46,60,2920000,
46,60,2930000,
46,60,2940000,
46,60,2950000,
46,60,2960000,
46,60,2970000,
46,60,2980000,
46,60,2990000,
46,60,3000000,0.7785999774932861
46,60,3010000,
46,60,3020000,
46,60,3030000,
46,60,3040000,
46,60,3050000,
46,60,3060000,
46,60,3070000,
46,60,3080000,
46,60,3090000,
46,60,3100000,0.7875999808311462
46,60,3110000,
46,60,3120000,
46,60,3130000,
46,60,3140000,
46,60,3150000,
46,60,3160000,
46,60,3170000,
46,60,3180000,
46,60,3190000,
46,60,3200000,0.786899983882904
46,60,3210000,
46,60,3220000,
46,60,3230000,
46,60,3240000,
46,60,3250000,
46,60,3260000,
46,60,3270000,
46,60,3280000,
46,60,3290000,
46,60,3300000,0.8019999861717224
46,60,3310000,
46,60,3320000,
46,60,3330000,
46,60,3340000,
46,60,3350000,
46,60,3360000,
46,60,3370000,
46,60,3380000,
46,60,3390000,
46,60,3400000,0.8080999851226807
46,60,3410000,
46,60,3420000,
46,60,3430000,
46,60,3440000,
46,60,3450000,
46,60,3460000,
46,60,3470000,
46,60,3480000,
46,60,3490000,
46,60,3500000,0.7972999811172485
46,60,3510000,
46,60,3520000,
46,60,3530000,
46,60,3540000,
46,60,3550000,
46,60,3560000,
46,60,3570000,
46,60,3580000,
46,60,3590000,
46,60,3600000,0.8145999908447266
46,60,3610000,
46,60,3620000,
46,60,3630000,
46,60,3640000,
46,60,3650000,
46,60,3660000,
46,60,3670000,
46,60,3680000,
46,60,3690000,
46,60,3700000,0.8069000244140625
46,60,3710000,
46,60,3720000,
46,60,3730000,
46,60,3740000,
46,60,3750000,
46,60,3760000,
46,60,3770000,
46,60,3780000,
46,60,3790000,
46,60,3800000,0.8185999989509583
46,60,3810000,
46,60,3820000,
46,60,3830000,
46,60,3840000,
46,60,3850000,
46,60,3860000,
46,60,3870000,
46,60,3880000,
46,60,3890000,
46,60,3900000,0.8151999711990356
46,60,3910000,
46,60,3920000,
46,60,3930000,
46,60,3940000,
46,60,3950000,
46,60,3960000,
46,60,3970000,
46,60,3980000,
46,60,3990000,
46,60,4000000,0.8138999938964844
46,60,4010000,
46,60,4020000,
46,60,4030000,
46,60,4040000,
46,60,4050000,
46,60,4060000,
46,60,4070000,
46,60,4080000,
46,60,4090000,
46,60,4100000,0.8065000176429749
46,60,4110000,
46,60,4120000,
46,60,4130000,
46,60,4140000,
46,60,4150000,
46,60,4160000,
46,60,4170000,
46,60,4180000,
46,60,4190000,
46,60,4200000,0.8179000020027161
46,60,4210000,
46,60,4220000,
46,60,4230000,
46,60,4240000,
46,60,4250000,
46,60,4260000,
46,60,4270000,
46,60,4280000,
46,60,4290000,
46,60,4300000,0.8288999795913696
46,60,4310000,
46,60,4320000,
46,60,4330000,
46,60,4340000,
46,60,4350000,
46,60,4360000,
46,60,4370000,
46,60,4380000,
46,60,4390000,
46,60,4400000,0.8191999793052673
46,60,4410000,
46,60,4420000,
46,60,4430000,
46,60,4440000,
46,60,4450000,
46,60,4460000,
46,60,4470000,
46,60,4480000,
46,60,4490000,
46,60,4500000,0.819599986076355
46,60,4510000,
46,60,4520000,
46,60,4530000,
46,60,4540000,
46,60,4550000,
46,60,4560000,
46,60,4570000,
46,60,4580000,
46,60,4590000,
46,60,4600000,0.8187000155448914
46,60,4610000,
46,60,4620000,
46,60,4630000,
46,60,4640000,
46,60,4650000,
46,60,4660000,
46,60,4670000,
46,60,4680000,
46,60,4690000,
46,60,4700000,0.8260999917984009
46,60,4710000,
46,60,4720000,
46,60,4730000,
46,60,4740000,
46,60,4750000,
46,60,4760000,
46,60,4770000,
46,60,4780000,
46,60,4790000,
46,60,4800000,0.8240000009536743
46,60,4810000,
46,60,4820000,
46,60,4830000,
46,60,4840000,
46,60,4850000,
46,60,4860000,
46,60,4870000,
46,60,4880000,
46,60,4890000,
46,60,4900000,0.8245000243186951
46,60,4910000,
46,60,4920000,
46,60,4930000,
46,60,4940000,
46,60,4950000,
46,60,4960000,
46,60,4970000,
46,60,4980000,
46,60,4990000,
46,60,5000000,0.8256000280380249
46,70,1,0.0
46,70,10000,
46,70,20000,
46,70,30000,
46,70,40000,
46,70,50000,
46,70,60000,
46,70,70000,
46,70,80000,
46,70,90000,
46,70,100000,0.00139999995008111
46,70,110000,
46,70,120000,
46,70,130000,
46,70,140000,
46,70,150000,
46,70,160000,
46,70,170000,
46,70,180000,
46,70,190000,
46,70,200000,0.027000000700354576
46,70,210000,
46,70,220000,
46,70,230000,
46,70,240000,
46,70,250000,
46,70,260000,
46,70,270000,
46,70,280000,
46,70,290000,
46,70,300000,0.06419999897480011
46,70,310000,
46,70,320000,
46,70,330000,
46,70,340000,
46,70,350000,
46,70,360000,
46,70,370000,
46,70,380000,
46,70,390000,
46,70,400000,0.10400000214576721
46,70,410000,
46,70,420000,
46,70,430000,
46,70,440000,
46,70,450000,
46,70,460000,
46,70,470000,
46,70,480000,
46,70,490000,
46,70,500000,0.13819999992847443
46,70,510000,
46,70,520000,
46,70,530000,
46,70,540000,
46,70,550000,
46,70,560000,
46,70,570000,
46,70,580000,
46,70,590000,
46,70,600000,0.18469999730587006
46,70,610000,
46,70,620000,
46,70,630000,
46,70,640000,
46,70,650000,
46,70,660000,
46,70,670000,
46,70,680000,
46,70,690000,
46,70,700000,0.2386000007390976
46,70,710000,
46,70,720000,
46,70,730000,
46,70,740000,
46,70,750000,
46,70,760000,
46,70,770000,
46,70,780000,
46,70,790000,
46,70,800000,0.26570001244544983
46,70,810000,
46,70,820000,
46,70,830000,
46,70,840000,
46,70,850000,
46,70,860000,
46,70,870000,
46,70,880000,
46,70,890000,
46,70,900000,0.2989000082015991
46,70,910000,
46,70,920000,
46,70,930000,
46,70,940000,
46,70,950000,
46,70,960000,
46,70,970000,
46,70,980000,
46,70,990000,
46,70,1000000,0.35839998722076416
46,70,1010000,
46,70,1020000,
46,70,1030000,
46,70,1040000,
46,70,1050000,
46,70,1060000,
46,70,1070000,
46,70,1080000,
46,70,1090000,
46,70,1100000,0.40059998631477356
46,70,1110000,
46,70,1120000,
46,70,1130000,
46,70,1140000,
46,70,1150000,
46,70,1160000,
46,70,1170000,
46,70,1180000,
46,70,1190000,
46,70,1200000,0.4284999966621399
46,70,1210000,
46,70,1220000,
46,70,1230000,
46,70,1240000,
46,70,1250000,
46,70,1260000,
46,70,1270000,
46,70,1280000,
46,70,1290000,
46,70,1300000,0.46399998664855957
46,70,1310000,
46,70,1320000,
46,70,1330000,
46,70,1340000,
46,70,1350000,
46,70,1360000,
46,70,1370000,
46,70,1380000,
46,70,1390000,
46,70,1400000,0.5097000002861023
46,70,1410000,
46,70,1420000,
46,70,1430000,
46,70,1440000,
46,70,1450000,
46,70,1460000,
46,70,1470000,
46,70,1480000,
46,70,1490000,
46,70,1500000,0.5515000224113464
46,70,1510000,
46,70,1520000,
46,70,1530000,
46,70,1540000,
46,70,1550000,
46,70,1560000,
46,70,1570000,
46,70,1580000,
46,70,1590000,
46,70,1600000,0.5699999928474426
46,70,1610000,
46,70,1620000,
46,70,1630000,
46,70,1640000,
46,70,1650000,
46,70,1660000,
46,70,1670000,
46,70,1680000,
46,70,1690000,
46,70,1700000,0.6169999837875366
46,70,1710000,
46,70,1720000,
46,70,1730000,
46,70,1740000,
46,70,1750000,
46,70,1760000,
46,70,1770000,
46,70,1780000,
46,70,1790000,
46,70,1800000,0.6381999850273132
46,70,1810000,
46,70,1820000,
46,70,1830000,
46,70,1840000,
46,70,1850000,
46,70,1860000,
46,70,1870000,
46,70,1880000,
46,70,1890000,
46,70,1900000,0.6610999703407288
46,70,1910000,
46,70,1920000,
46,70,1930000,
46,70,1940000,
46,70,1950000,
46,70,1960000,
46,70,1970000,
46,70,1980000,
46,70,1990000,
46,70,2000000,0.6822999715805054
46,70,2010000,
46,70,2020000,
46,70,2030000,
46,70,2040000,
46,70,2050000,
46,70,2060000,
46,70,2070000,
46,70,2080000,
46,70,2090000,
46,70,2100000,0.6972000002861023
46,70,2110000,
46,70,2120000,
46,70,2130000,
46,70,2140000,
46,70,2150000,
46,70,2160000,
46,70,2170000,
46,70,2180000,
46,70,2190000,
46,70,2200000,0.7127000093460083
46,70,2210000,
46,70,2220000,
46,70,2230000,
46,70,2240000,
46,70,2250000,
46,70,2260000,
46,70,2270000,
46,70,2280000,
46,70,2290000,
46,70,2300000,0.7297999858856201
46,70,2310000,
46,70,2320000,
46,70,2330000,
46,70,2340000,
46,70,2350000,
46,70,2360000,
46,70,2370000,
46,70,2380000,
46,70,2390000,
46,70,2400000,0.7407000064849854
46,70,2410000,
46,70,2420000,
46,70,2430000,
46,70,2440000,
46,70,2450000,
46,70,2460000,
46,70,2470000,
46,70,2480000,
46,70,2490000,
46,70,2500000,0.7526000142097473
46,70,2510000,
46,70,2520000,
46,70,2530000,
46,70,2540000,
46,70,2550000,
46,70,2560000,
46,70,2570000,
46,70,2580000,
46,70,2590000,
46,70,2600000,0.7774999737739563
46,70,2610000,
46,70,2620000,
46,70,2630000,
46,70,2640000,
46,70,2650000,
46,70,2660000,
46,70,2670000,
46,70,2680000,
46,70,2690000,
46,70,2700000,0.7695000171661377
46,70,2710000,
46,70,2720000,
46,70,2730000,
46,70,2740000,
46,70,2750000,
46,70,2760000,
46,70,2770000,
46,70,2780000,
46,70,2790000,
46,70,2800000,0.7871000170707703
46,70,2810000,
46,70,2820000,
46,70,2830000,
46,70,2840000,
46,70,2850000,
46,70,2860000,
46,70,2870000,
46,70,2880000,
46,70,2890000,
46,70,2900000,0.7878000140190125
46,70,2910000,
46,70,2920000,
46,70,2930000,
46,70,2940000,
46,70,2950000,
46,70,2960000,
46,70,2970000,
46,70,2980000,
46,70,2990000,
46,70,3000000,0.8034999966621399
46,70,3010000,
46,70,3020000,
46,70,3030000,
46,70,3040000,
46,70,3050000,
46,70,3060000,
46,70,3070000,
46,70,3080000,
46,70,3090000,
46,70,3100000,0.8012999892234802
46,70,3110000,
46,70,3120000,
46,70,3130000,
46,70,3140000,
46,70,3150000,
46,70,3160000,
46,70,3170000,
46,70,3180000,
46,70,3190000,
46,70,3200000,0.8144999742507935
46,70,3210000,
46,70,3220000,
46,70,3230000,
46,70,3240000,
46,70,3250000,
46,70,3260000,
46,70,3270000,
46,70,3280000,
46,70,3290000,
46,70,3300000,0.8259000182151794
46,70,3310000,
46,70,3320000,
46,70,3330000,
46,70,3340000,
46,70,3350000,
46,70,3360000,
46,70,3370000,
46,70,3380000,
46,70,3390000,
46,70,3400000,0.8141999840736389
46,70,3410000,
46,70,3420000,
46,70,3430000,
46,70,3440000,
46,70,3450000,
46,70,3460000,
46,70,3470000,
46,70,3480000,
46,70,3490000,
46,70,3500000,0.8299999833106995
46,70,3510000,
46,70,3520000,
46,70,3530000,
46,70,3540000,
46,70,3550000,
46,70,3560000,
46,70,3570000,
46,70,3580000,
46,70,3590000,
46,70,3600000,0.8203999996185303
46,70,3610000,
46,70,3620000,
46,70,3630000,
46,70,3640000,
46,70,3650000,
46,70,3660000,
46,70,3670000,
46,70,3680000,
46,70,3690000,
46,70,3700000,0.8307999968528748
46,70,3710000,
46,70,3720000,
46,70,3730000,
46,70,3740000,
46,70,3750000,
46,70,3760000,
46,70,3770000,
46,70,3780000,
46,70,3790000,
46,70,3800000,0.8339999914169312
46,70,3810000,
46,70,3820000,
46,70,3830000,
46,70,3840000,
46,70,3850000,
46,70,3860000,
46,70,3870000,
46,70,3880000,
46,70,3890000,
46,70,3900000,0.8271999955177307
46,70,3910000,
46,70,3920000,
46,70,3930000,
46,70,3940000,
46,70,3950000,
46,70,3960000,
46,70,3970000,
46,70,3980000,
46,70,3990000,
46,70,4000000,0.8277999758720398
46,70,4010000,
46,70,4020000,
46,70,4030000,
46,70,4040000,
46,70,4050000,
46,70,4060000,
46,70,4070000,
46,70,4080000,
46,70,4090000,
46,70,4100000,0.8370000123977661
46,70,4110000,
46,70,4120000,
46,70,4130000,
46,70,4140000,
46,70,4150000,
46,70,4160000,
46,70,4170000,
46,70,4180000,
46,70,4190000,
46,70,4200000,0.838699996471405
46,70,4210000,
46,70,4220000,
46,70,4230000,
46,70,4240000,
46,70,4250000,
46,70,4260000,
46,70,4270000,
46,70,4280000,
46,70,4290000,
46,70,4300000,0.8422999978065491
46,70,4310000,
46,70,4320000,
46,70,4330000,
46,70,4340000,
46,70,4350000,
46,70,4360000,
46,70,4370000,
46,70,4380000,
46,70,4390000,
46,70,4400000,0.8382999897003174
46,70,4410000,
46,70,4420000,
46,70,4430000,
46,70,4440000,
46,70,4450000,
46,70,4460000,
46,70,4470000,
46,70,4480000,
46,70,4490000,
46,70,4500000,0.8396000266075134
46,70,4510000,
46,70,4520000,
46,70,4530000,
46,70,4540000,
46,70,4550000,
46,70,4560000,
46,70,4570000,
46,70,4580000,
46,70,4590000,
46,70,4600000,0.8436999917030334
46,70,4610000,
46,70,4620000,
46,70,4630000,
46,70,4640000,
46,70,4650000,
46,70,4660000,
46,70,4670000,
46,70,4680000,
46,70,4690000,
46,70,4700000,0.8440999984741211
46,70,4710000,
46,70,4720000,
46,70,4730000,
46,70,4740000,
46,70,4750000,
46,70,4760000,
46,70,4770000,
46,70,4780000,
46,70,4790000,
46,70,4800000,0.8442999720573425
46,70,4810000,
46,70,4820000,
46,70,4830000,
46,70,4840000,
46,70,4850000,
46,70,4860000,
46,70,4870000,
46,70,4880000,
46,70,4890000,
46,70,4900000,0.8521999716758728
46,70,4910000,
46,70,4920000,
46,70,4930000,
46,70,4940000,
46,70,4950000,
46,70,4960000,
46,70,4970000,
46,70,4980000,
46,70,4990000,
46,70,5000000,0.8489000201225281
46,80,1,0.0
46,80,10000,
46,80,20000,
46,80,30000,
46,80,40000,
46,80,50000,
46,80,60000,
46,80,70000,
46,80,80000,
46,80,90000,
46,80,100000,0.0007999999797903001
46,80,110000,
46,80,120000,
46,80,130000,
46,80,140000,
46,80,150000,
46,80,160000,
46,80,170000,
46,80,180000,
46,80,190000,
46,80,200000,0.02160000056028366
46,80,210000,
46,80,220000,
46,80,230000,
46,80,240000,
46,80,250000,
46,80,260000,
46,80,270000,
46,80,280000,
46,80,290000,
46,80,300000,0.045899998396635056
46,80,310000,
46,80,320000,
46,80,330000,
46,80,340000,
46,80,350000,
46,80,360000,
46,80,370000,
46,80,380000,
46,80,390000,
46,80,400000,0.09529999643564224
46,80,410000,
46,80,420000,
46,80,430000,
46,80,440000,
46,80,450000,
46,80,460000,
46,80,470000,
46,80,480000,
46,80,490000,
46,80,500000,0.1200999990105629
46,80,510000,
46,80,520000,
46,80,530000,
46,80,540000,
46,80,550000,
46,80,560000,
46,80,570000,
46,80,580000,
46,80,590000,
46,80,600000,0.14890000224113464
46,80,610000,
46,80,620000,
46,80,630000,
46,80,640000,
46,80,650000,
46,80,660000,
46,80,670000,
46,80,680000,
46,80,690000,
46,80,700000,0.20720000565052032
46,80,710000,
46,80,720000,
46,80,730000,
46,80,740000,
46,80,750000,
46,80,760000,
46,80,770000,
46,80,780000,
46,80,790000,
46,80,800000,0.22949999570846558
46,80,810000,
46,80,820000,
46,80,830000,
46,80,840000,
46,80,850000,
46,80,860000,
46,80,870000,
46,80,880000,
46,80,890000,
46,80,900000,0.289900004863739
46,80,910000,
46,80,920000,
46,80,930000,
46,80,940000,
46,80,950000,
46,80,960000,
46,80,970000,
46,80,980000,
46,80,990000,
46,80,1000000,0.31060001254081726
46,80,1010000,
46,80,1020000,
46,80,1030000,
46,80,1040000,
46,80,1050000,
46,80,1060000,
46,80,1070000,
46,80,1080000,
46,80,1090000,
46,80,1100000,0.36079999804496765
46,80,1110000,
46,80,1120000,
46,80,1130000,
46,80,1140000,
46,80,1150000,
46,80,1160000,
46,80,1170000,
46,80,1180000,
46,80,1190000,
46,80,1200000,0.41260001063346863
46,80,1210000,
46,80,1220000,
46,80,1230000,
46,80,1240000,
46,80,1250000,
46,80,1260000,
46,80,1270000,
46,80,1280000,
46,80,1290000,
46,80,1300000,0.4415000081062317
46,80,1310000,
46,80,1320000,
46,80,1330000,
46,80,1340000,
46,80,1350000,
46,80,1360000,
46,80,1370000,
46,80,1380000,
46,80,1390000,
46,80,1400000,0.501800000667572
46,80,1410000,
46,80,1420000,
46,80,1430000,
46,80,1440000,
46,80,1450000,
46,80,1460000,
46,80,1470000,
46,80,1480000,
46,80,1490000,
46,80,1500000,0.5299999713897705
46,80,1510000,
46,80,1520000,
46,80,1530000,
46,80,1540000,
46,80,1550000,
46,80,1560000,
46,80,1570000,
46,80,1580000,
46,80,1590000,
46,80,1600000,0.5623000264167786
46,80,1610000,
46,80,1620000,
46,80,1630000,
46,80,1640000,
46,80,1650000,
46,80,1660000,
46,80,1670000,
46,80,1680000,
46,80,1690000,
46,80,1700000,0.5856999754905701
46,80,1710000,
46,80,1720000,
46,80,1730000,
46,80,1740000,
46,80,1750000,
46,80,1760000,
46,80,1770000,
46,80,1780000,
46,80,1790000,
46,80,1800000,0.6155999898910522
46,80,1810000,
46,80,1820000,
46,80,1830000,
46,80,1840000,
46,80,1850000,
46,80,1860000,
46,80,1870000,
46,80,1880000,
46,80,1890000,
46,80,1900000,0.6495000123977661
46,80,1910000,
46,80,1920000,
46,80,1930000,
46,80,1940000,
46,80,1950000,
46,80,1960000,
46,80,1970000,
46,80,1980000,
46,80,1990000,
46,80,2000000,0.6736000180244446
46,80,2010000,
46,80,2020000,
46,80,2030000,
46,80,2040000,
46,80,2050000,
46,80,2060000,
46,80,2070000,
46,80,2080000,
46,80,2090000,
46,80,2100000,0.6808000206947327
46,80,2110000,
46,80,2120000,
46,80,2130000,
46,80,2140000,
46,80,2150000,
46,80,2160000,
46,80,2170000,
46,80,2180000,
46,80,2190000,
46,80,2200000,0.7037000060081482
46,80,2210000,
46,80,2220000,
46,80,2230000,
46,80,2240000,
46,80,2250000,
46,80,2260000,
46,80,2270000,
46,80,2280000,
46,80,2290000,
46,80,2300000,0.7124000191688538
46,80,2310000,
46,80,2320000,
46,80,2330000,
46,80,2340000,
46,80,2350000,
46,80,2360000,
46,80,2370000,
46,80,2380000,
46,80,2390000,
46,80,2400000,0.7210000157356262
46,80,2410000,
46,80,2420000,
46,80,2430000,
46,80,2440000,
46,80,2450000,
46,80,2460000,
46,80,2470000,
46,80,2480000,
46,80,2490000,
46,80,2500000,0.7437000274658203
46,80,2510000,
46,80,2520000,
46,80,2530000,
46,80,2540000,
46,80,2550000,
46,80,2560000,
46,80,2570000,
46,80,2580000,
46,80,2590000,
46,80,2600000,0.7588000297546387
46,80,2610000,
46,80,2620000,
46,80,2630000,
46,80,2640000,
46,80,2650000,
46,80,2660000,
46,80,2670000,
46,80,2680000,
46,80,2690000,
46,80,2700000,0.7616999745368958
46,80,2710000,
46,80,2720000,
46,80,2730000,
46,80,2740000,
46,80,2750000,
46,80,2760000,
46,80,2770000,
46,80,2780000,
46,80,2790000,
46,80,2800000,0.7621999979019165
46,80,2810000,
46,80,2820000,
46,80,2830000,
46,80,2840000,
46,80,2850000,
46,80,2860000,
46,80,2870000,
46,80,2880000,
46,80,2890000,
46,80,2900000,0.761900007724762
46,80,2910000,
46,80,2920000,
46,80,2930000,
46,80,2940000,
46,80,2950000,
46,80,2960000,
46,80,2970000,
46,80,2980000,
46,80,2990000,
46,80,3000000,0.7645000219345093
46,80,3010000,
46,80,3020000,
46,80,3030000,
46,80,3040000,
46,80,3050000,
46,80,3060000,
46,80,3070000,
46,80,3080000,
46,80,3090000,
46,80,3100000,0.7867000102996826
46,80,3110000,
46,80,3120000,
46,80,3130000,
46,80,3140000,
46,80,3150000,
46,80,3160000,
46,80,3170000,
46,80,3180000,
46,80,3190000,
46,80,3200000,0.7833999991416931
46,80,3210000,
46,80,3220000,
46,80,3230000,
46,80,3240000,
46,80,3250000,
46,80,3260000,
46,80,3270000,
46,80,3280000,
46,80,3290000,
46,80,3300000,0.7942000031471252
46,80,3310000,
46,80,3320000,
46,80,3330000,
46,80,3340000,
46,80,3350000,
46,80,3360000,
46,80,3370000,
46,80,3380000,
46,80,3390000,
46,80,3400000,0.7991999983787537
46,80,3410000,
46,80,3420000,
46,80,3430000,
46,80,3440000,
46,80,3450000,
46,80,3460000,
46,80,3470000,
46,80,3480000,
46,80,3490000,
46,80,3500000,0.8044000267982483
46,80,3510000,
46,80,3520000,
46,80,3530000,
46,80,3540000,
46,80,3550000,
46,80,3560000,
46,80,3570000,
46,80,3580000,
46,80,3590000,
46,80,3600000,0.8144999742507935
46,80,3610000,
46,80,3620000,
46,80,3630000,
46,80,3640000,
46,80,3650000,
46,80,3660000,
46,80,3670000,
46,80,3680000,
46,80,3690000,
46,80,3700000,0.8195000290870667
46,80,3710000,
46,80,3720000,
46,80,3730000,
46,80,3740000,
46,80,3750000,
46,80,3760000,
46,80,3770000,
46,80,3780000,
46,80,3790000,
46,80,3800000,0.819599986076355
46,80,3810000,
46,80,3820000,
46,80,3830000,
46,80,3840000,
46,80,3850000,
46,80,3860000,
46,80,3870000,
46,80,3880000,
46,80,3890000,
46,80,3900000,0.8148000240325928
46,80,3910000,
46,80,3920000,
46,80,3930000,
46,80,3940000,
46,80,3950000,
46,80,3960000,
46,80,3970000,
46,80,3980000,
46,80,3990000,
46,80,4000000,0.8252999782562256
46,80,4010000,
46,80,4020000,
46,80,4030000,
46,80,4040000,
46,80,4050000,
46,80,4060000,
46,80,4070000,
46,80,4080000,
46,80,4090000,
46,80,4100000,0.8223000168800354
46,80,4110000,
46,80,4120000,
46,80,4130000,
46,80,4140000,
46,80,4150000,
46,80,4160000,
46,80,4170000,
46,80,4180000,
46,80,4190000,
46,80,4200000,0.8242999911308289
46,80,4210000,
46,80,4220000,
46,80,4230000,
46,80,4240000,
46,80,4250000,
46,80,4260000,
46,80,4270000,
46,80,4280000,
46,80,4290000,
46,80,4300000,0.8360999822616577
46,80,4310000,
46,80,4320000,
46,80,4330000,
46,80,4340000,
46,80,4350000,
46,80,4360000,
46,80,4370000,
46,80,4380000,
46,80,4390000,
46,80,4400000,0.8276000022888184
46,80,4410000,
46,80,4420000,
46,80,4430000,
46,80,4440000,
46,80,4450000,
46,80,4460000,
46,80,4470000,
46,80,4480000,
46,80,4490000,
46,80,4500000,0.8331000208854675
46,80,4510000,
46,80,4520000,
46,80,4530000,
46,80,4540000,
46,80,4550000,
46,80,4560000,
46,80,4570000,
46,80,4580000,
46,80,4590000,
46,80,4600000,0.8335999846458435
46,80,4610000,
46,80,4620000,
46,80,4630000,
46,80,4640000,
46,80,4650000,
46,80,4660000,
46,80,4670000,
46,80,4680000,
46,80,4690000,
46,80,4700000,0.8432999849319458
46,80,4710000,
46,80,4720000,
46,80,4730000,
46,80,4740000,
46,80,4750000,
46,80,4760000,
46,80,4770000,
46,80,4780000,
46,80,4790000,
46,80,4800000,0.8366000056266785
46,80,4810000,
46,80,4820000,
46,80,4830000,
46,80,4840000,
46,80,4850000,
46,80,4860000,
46,80,4870000,
46,80,4880000,
46,80,4890000,
46,80,4900000,0.8388000130653381
46,80,4910000,
46,80,4920000,
46,80,4930000,
46,80,4940000,
46,80,4950000,
46,80,4960000,
46,80,4970000,
46,80,4980000,
46,80,4990000,
46,80,5000000,0.8536999821662903
46,90,1,0.0
46,90,10000,
46,90,20000,
46,90,30000,
46,90,40000,
46,90,50000,
46,90,60000,
46,90,70000,
46,90,80000,
46,90,90000,
46,90,100000,0.000699999975040555
46,90,110000,
46,90,120000,
46,90,130000,
46,90,140000,
46,90,150000,
46,90,160000,
46,90,170000,
46,90,180000,
46,90,190000,
46,90,200000,0.014800000004470348
46,90,210000,
46,90,220000,
46,90,230000,
46,90,240000,
46,90,250000,
46,90,260000,
46,90,270000,
46,90,280000,
46,90,290000,
46,90,300000,0.041200000792741776
46,90,310000,
46,90,320000,
46,90,330000,
46,90,340000,
46,90,350000,
46,90,360000,
46,90,370000,
46,90,380000,
46,90,390000,
46,90,400000,0.06689999997615814
46,90,410000,
46,90,420000,
46,90,430000,
46,90,440000,
46,90,450000,
46,90,460000,
46,90,470000,
46,90,480000,
46,90,490000,
46,90,500000,0.09809999912977219
46,90,510000,
46,90,520000,
46,90,530000,
46,90,540000,
46,90,550000,
46,90,560000,
46,90,570000,
46,90,580000,
46,90,590000,
46,90,600000,0.12729999423027039
46,90,610000,
46,90,620000,
46,90,630000,
46,90,640000,
46,90,650000,
46,90,660000,
46,90,670000,
46,90,680000,
46,90,690000,
46,90,700000,0.16249999403953552
46,90,710000,
46,90,720000,
46,90,730000,
46,90,740000,
46,90,750000,
46,90,760000,
46,90,770000,
46,90,780000,
46,90,790000,
46,90,800000,0.1899999976158142
46,90,810000,
46,90,820000,
46,90,830000,
46,90,840000,
46,90,850000,
46,90,860000,
46,90,870000,
46,90,880000,
46,90,890000,
46,90,900000,0.22579999268054962
46,90,910000,
46,90,920000,
46,90,930000,
46,90,940000,
46,90,950000,
46,90,960000,
46,90,970000,
46,90,980000,
46,90,990000,
46,90,1000000,0.25
46,90,1010000,
46,90,1020000,
46,90,1030000,
46,90,1040000,
46,90,1050000,
46,90,1060000,
46,90,1070000,
46,90,1080000,
46,90,1090000,
46,90,1100000,0.2989000082015991
46,90,1110000,
46,90,1120000,
46,90,1130000,
46,90,1140000,
46,90,1150000,
46,90,1160000,
46,90,1170000,
46,90,1180000,
46,90,1190000,
46,90,1200000,0.3384999930858612
46,90,1210000,
46,90,1220000,
46,90,1230000,
46,90,1240000,
46,90,1250000,
46,90,1260000,
46,90,1270000,
46,90,1280000,
46,90,1290000,
46,90,1300000,0.3682999908924103
46,90,1310000,
46,90,1320000,
46,90,1330000,
46,90,1340000,
46,90,1350000,
46,90,1360000,
46,90,1370000,
46,90,1380000,
46,90,1390000,
46,90,1400000,0.3950999975204468
46,90,1410000,
46,90,1420000,
46,90,1430000,
46,90,1440000,
46,90,1450000,
46,90,1460000,
46,90,1470000,
46,90,1480000,
46,90,1490000,
46,90,1500000,0.4546999931335449
46,90,1510000,
46,90,1520000,
46,90,1530000,
46,90,1540000,
46,90,1550000,
46,90,1560000,
46,90,1570000,
46,90,1580000,
46,90,1590000,
46,90,1600000,0.48179998993873596
46,90,1610000,
46,90,1620000,
46,90,1630000,
46,90,1640000,
46,90,1650000,
46,90,1660000,
46,90,1670000,
46,90,1680000,
46,90,1690000,
46,90,1700000,0.5220000147819519
46,90,1710000,
46,90,1720000,
46,90,1730000,
46,90,1740000,
46,90,1750000,
46,90,1760000,
46,90,1770000,
46,90,1780000,
46,90,1790000,
46,90,1800000,0.5501999855041504
46,90,1810000,
46,90,1820000,
46,90,1830000,
46,90,1840000,
46,90,1850000,
46,90,1860000,
46,90,1870000,
46,90,1880000,
46,90,1890000,
46,90,1900000,0.5626999735832214
46,90,1910000,
46,90,1920000,
46,90,1930000,
46,90,1940000,
46,90,1950000,
46,90,1960000,
46,90,1970000,
46,90,1980000,
46,90,1990000,
46,90,2000000,0.6001999974250793
46,90,2010000,
46,90,2020000,
46,90,2030000,
46,90,2040000,
46,90,2050000,
46,90,2060000,
46,90,2070000,
46,90,2080000,
46,90,2090000,
46,90,2100000,0.6179999709129333
46,90,2110000,
46,90,2120000,
46,90,2130000,
46,90,2140000,
46,90,2150000,
46,90,2160000,
46,90,2170000,
46,90,2180000,
46,90,2190000,
46,90,2200000,0.6485000252723694
46,90,2210000,
46,90,2220000,
46,90,2230000,
46,90,2240000,
46,90,2250000,
46,90,2260000,
46,90,2270000,
46,90,2280000,
46,90,2290000,
46,90,2300000,0.6455000042915344
46,90,2310000,
46,90,2320000,
46,90,2330000,
46,90,2340000,
46,90,2350000,
46,90,2360000,
46,90,2370000,
46,90,2380000,
46,90,2390000,
46,90,2400000,0.6739000082015991
46,90,2410000,
46,90,2420000,
46,90,2430000,
46,90,2440000,
46,90,2450000,
46,90,2460000,
46,90,2470000,
46,90,2480000,
46,90,2490000,
46,90,2500000,0.7014999985694885
46,90,2510000,
46,90,2520000,
46,90,2530000,
46,90,2540000,
46,90,2550000,
46,90,2560000,
46,90,2570000,
46,90,2580000,
46,90,2590000,
46,90,2600000,0.7200000286102295
46,90,2610000,
46,90,2620000,
46,90,2630000,
46,90,2640000,
46,90,2650000,
46,90,2660000,
46,90,2670000,
46,90,2680000,
46,90,2690000,
46,90,2700000,0.7184000015258789
46,90,2710000,
46,90,2720000,
46,90,2730000,
46,90,2740000,
46,90,2750000,
46,90,2760000,
46,90,2770000,
46,90,2780000,
46,90,2790000,
46,90,2800000,0.7348999977111816
46,90,2810000,
46,90,2820000,
46,90,2830000,
46,90,2840000,
46,90,2850000,
46,90,2860000,
46,90,2870000,
46,90,2880000,
46,90,2890000,
46,90,2900000,0.7383999824523926
46,90,2910000,
46,90,2920000,
46,90,2930000,
46,90,2940000,
46,90,2950000,
46,90,2960000,
46,90,2970000,
46,90,2980000,
46,90,2990000,
46,90,3000000,0.7526000142097473
46,90,3010000,
46,90,3020000,
46,90,3030000,
46,90,3040000,
46,90,3050000,
46,90,3060000,
46,90,3070000,
46,90,3080000,
46,90,3090000,
46,90,3100000,0.7441999912261963
46,90,3110000,
46,90,3120000,
46,90,3130000,
46,90,3140000,
46,90,3150000,
46,90,3160000,
46,90,3170000,
46,90,3180000,
46,90,3190000,
46,90,3200000,0.770799994468689
46,90,3210000,
46,90,3220000,
46,90,3230000,
46,90,3240000,
46,90,3250000,
46,90,3260000,
46,90,3270000,
46,90,3280000,
46,90,3290000,
46,90,3300000,0.7656000256538391
46,90,3310000,
46,90,3320000,
46,90,3330000,
46,90,3340000,
46,90,3350000,
46,90,3360000,
46,90,3370000,
46,90,3380000,
46,90,3390000,
46,90,3400000,0.7713000178337097
46,90,3410000,
46,90,3420000,
46,90,3430000,
46,90,3440000,
46,90,3450000,
46,90,3460000,
46,90,3470000,
46,90,3480000,
46,90,3490000,
46,90,3500000,0.781000018119812
46,90,3510000,
46,90,3520000,
46,90,3530000,
46,90,3540000,
46,90,3550000,
46,90,3560000,
46,90,3570000,
46,90,3580000,
46,90,3590000,
46,90,3600000,0.7850000262260437
46,90,3610000,
46,90,3620000,
46,90,3630000,
46,90,3640000,
46,90,3650000,
46,90,3660000,
46,90,3670000,
46,90,3680000,
46,90,3690000,
46,90,3700000,0.7724999785423279
46,90,3710000,
46,90,3720000,
46,90,3730000,
46,90,3740000,
46,90,3750000,
46,90,3760000,
46,90,3770000,
46,90,3780000,
46,90,3790000,
46,90,3800000,0.7957000136375427
46,90,3810000,
46,90,3820000,
46,90,3830000,
46,90,3840000,
46,90,3850000,
46,90,3860000,
46,90,3870000,
46,90,3880000,
46,90,3890000,
46,90,3900000,0.7932999730110168
46,90,3910000,
46,90,3920000,
46,90,3930000,
46,90,3940000,
46,90,3950000,
46,90,3960000,
46,90,3970000,
46,90,3980000,
46,90,3990000,
46,90,4000000,0.8008999824523926
46,90,4010000,
46,90,4020000,
46,90,4030000,
46,90,4040000,
46,90,4050000,
46,90,4060000,
46,90,4070000,
46,90,4080000,
46,90,4090000,
46,90,4100000,0.8165000081062317
46,90,4110000,
46,90,4120000,
46,90,4130000,
46,90,4140000,
46,90,4150000,
46,90,4160000,
46,90,4170000,
46,90,4180000,
46,90,4190000,
46,90,4200000,0.8095999956130981
46,90,4210000,
46,90,4220000,
46,90,4230000,
46,90,4240000,
46,90,4250000,
46,90,4260000,
46,90,4270000,
46,90,4280000,
46,90,4290000,
46,90,4300000,0.8177000284194946
46,90,4310000,
46,90,4320000,
46,90,4330000,
46,90,4340000,
46,90,4350000,
46,90,4360000,
46,90,4370000,
46,90,4380000,
46,90,4390000,
46,90,4400000,0.8201000094413757
46,90,4410000,
46,90,4420000,
46,90,4430000,
46,90,4440000,
46,90,4450000,
46,90,4460000,
46,90,4470000,
46,90,4480000,
46,90,4490000,
46,90,4500000,0.8295999765396118
46,90,4510000,
46,90,4520000,
46,90,4530000,
46,90,4540000,
46,90,4550000,
46,90,4560000,
46,90,4570000,
46,90,4580000,
46,90,4590000,
46,90,4600000,0.8205999732017517
46,90,4610000,
46,90,4620000,
46,90,4630000,
46,90,4640000,
46,90,4650000,
46,90,4660000,
46,90,4670000,
46,90,4680000,
46,90,4690000,
46,90,4700000,0.8166999816894531
46,90,4710000,
46,90,4720000,
46,90,4730000,
46,90,4740000,
46,90,4750000,
46,90,4760000,
46,90,4770000,
46,90,4780000,
46,90,4790000,
46,90,4800000,0.8235999941825867
46,90,4810000,
46,90,4820000,
46,90,4830000,
46,90,4840000,
46,90,4850000,
46,90,4860000,
46,90,4870000,
46,90,4880000,
46,90,4890000,
46,90,4900000,0.8256999850273132
46,90,4910000,
46,90,4920000,
46,90,4930000,
46,90,4940000,
46,90,4950000,
46,90,4960000,
46,90,4970000,
46,90,4980000,
46,90,4990000,
46,90,5000000,0.8317000269889832
46,100,1,0.0
46,100,10000,
46,100,20000,
46,100,30000,
46,100,40000,
46,100,50000,
46,100,60000,
46,100,70000,
46,100,80000,
46,100,90000,
46,100,100000,0.0006000000284984708
46,100,110000,
46,100,120000,
46,100,130000,
46,100,140000,
46,100,150000,
46,100,160000,
46,100,170000,
46,100,180000,
46,100,190000,
46,100,200000,0.013100000098347664
46,100,210000,
46,100,220000,
46,100,230000,
46,100,240000,
46,100,250000,
46,100,260000,
46,100,270000,
46,100,280000,
46,100,290000,
46,100,300000,0.03460000082850456
46,100,310000,
46,100,320000,
46,100,330000,
46,100,340000,
46,100,350000,
46,100,360000,
46,100,370000,
46,100,380000,
46,100,390000,
46,100,400000,0.05209999904036522
46,100,410000,
46,100,420000,
46,100,430000,
46,100,440000,
46,100,450000,
46,100,460000,
46,100,470000,
46,100,480000,
46,100,490000,
46,100,500000,0.07930000126361847
46,100,510000,
46,100,520000,
46,100,530000,
46,100,540000,
46,100,550000,
46,100,560000,
46,100,570000,
46,100,580000,
46,100,590000,
46,100,600000,0.10700000077486038
46,100,610000,
46,100,620000,
46,100,630000,
46,100,640000,
46,100,650000,
46,100,660000,
46,100,670000,
46,100,680000,
46,100,690000,
46,100,700000,0.12700000405311584
46,100,710000,
46,100,720000,
46,100,730000,
46,100,740000,
46,100,750000,
46,100,760000,
46,100,770000,
46,100,780000,
46,100,790000,
46,100,800000,0.15839999914169312
46,100,810000,
46,100,820000,
46,100,830000,
46,100,840000,
46,100,850000,
46,100,860000,
46,100,870000,
46,100,880000,
46,100,890000,
46,100,900000,0.17489999532699585
46,100,910000,
46,100,920000,
46,100,930000,
46,100,940000,
46,100,950000,
46,100,960000,
46,100,970000,
46,100,980000,
46,100,990000,
46,100,1000000,0.20499999821186066
46,100,1010000,
46,100,1020000,
46,100,1030000,
46,100,1040000,
46,100,1050000,
46,100,1060000,
46,100,1070000,
46,100,1080000,
46,100,1090000,
46,100,1100000,0.2378000020980835
46,100,1110000,
46,100,1120000,
46,100,1130000,
46,100,1140000,
46,100,1150000,
46,100,1160000,
46,100,1170000,
46,100,1180000,
46,100,1190000,
46,100,1200000,0.3010999858379364
46,100,1210000,
46,100,1220000,
46,100,1230000,
46,100,1240000,
46,100,1250000,
46,100,1260000,
46,100,1270000,
46,100,1280000,
46,100,1290000,
46,100,1300000,0.3082999885082245
46,100,1310000,
46,100,1320000,
46,100,1330000,
46,100,1340000,
46,100,1350000,
46,100,1360000,
46,100,1370000,
46,100,1380000,
46,100,1390000,
46,100,1400000,0.34139999747276306
46,100,1410000,
46,100,1420000,
46,100,1430000,
46,100,1440000,
46,100,1450000,
46,100,1460000,
46,100,1470000,
46,100,1480000,
46,100,1490000,
46,100,1500000,0.4058000147342682
46,100,1510000,
46,100,1520000,
46,100,1530000,
46,100,1540000,
46,100,1550000,
46,100,1560000,
46,100,1570000,
46,100,1580000,
46,100,1590000,
46,100,1600000,0.44290000200271606
46,100,1610000,
46,100,1620000,
46,100,1630000,
46,100,1640000,
46,100,1650000,
46,100,1660000,
46,100,1670000,
46,100,1680000,
46,100,1690000,
46,100,1700000,0.4717999994754791
46,100,1710000,
46,100,1720000,
46,100,1730000,
46,100,1740000,
46,100,1750000,
46,100,1760000,
46,100,1770000,
46,100,1780000,
46,100,1790000,
46,100,1800000,0.5189999938011169
46,100,1810000,
46,100,1820000,
46,100,1830000,
46,100,1840000,
46,100,1850000,
46,100,1860000,
46,100,1870000,
46,100,1880000,
46,100,1890000,
46,100,1900000,0.5306000113487244
46,100,1910000,
46,100,1920000,
46,100,1930000,
46,100,1940000,
46,100,1950000,
46,100,1960000,
46,100,1970000,
46,100,1980000,
46,100,1990000,
46,100,2000000,0.5586000084877014
46,100,2010000,
46,100,2020000,
46,100,2030000,
46,100,2040000,
46,100,2050000,
46,100,2060000,
46,100,2070000,
46,100,2080000,
46,100,2090000,
46,100,2100000,0.58160001039505
46,100,2110000,
46,100,2120000,
46,100,2130000,
46,100,2140000,
46,100,2150000,
46,100,2160000,
46,100,2170000,
46,100,2180000,
46,100,2190000,
46,100,2200000,0.5961999893188477
46,100,2210000,
46,100,2220000,
46,100,2230000,
46,100,2240000,
46,100,2250000,
46,100,2260000,
46,100,2270000,
46,100,2280000,
46,100,2290000,
46,100,2300000,0.5999000072479248
46,100,2310000,
46,100,2320000,
46,100,2330000,
46,100,2340000,
46,100,2350000,
46,100,2360000,
46,100,2370000,
46,100,2380000,
46,100,2390000,
46,100,2400000,0.6166999936103821
46,100,2410000,
46,100,2420000,
46,100,2430000,
46,100,2440000,
46,100,2450000,
46,100,2460000,
46,100,2470000,
46,100,2480000,
46,100,2490000,
46,100,2500000,0.6478999853134155
46,100,2510000,
46,100,2520000,
46,100,2530000,
46,100,2540000,
46,100,2550000,
46,100,2560000,
46,100,2570000,
46,100,2580000,
46,100,2590000,
46,100,2600000,0.6467000246047974
46,100,2610000,
46,100,2620000,
46,100,2630000,
46,100,2640000,
46,100,2650000,
46,100,2660000,
46,100,2670000,
46,100,2680000,
46,100,2690000,
46,100,2700000,0.6639000177383423
46,100,2710000,
46,100,2720000,
46,100,2730000,
46,100,2740000,
46,100,2750000,
46,100,2760000,
46,100,2770000,
46,100,2780000,
46,100,2790000,
46,100,2800000,0.6538000106811523
46,100,2810000,
46,100,2820000,
46,100,2830000,
46,100,2840000,
46,100,2850000,
46,100,2860000,
46,100,2870000,
46,100,2880000,
46,100,2890000,
46,100,2900000,0.6635000109672546
46,100,2910000,
46,100,2920000,
46,100,2930000,
46,100,2940000,
46,100,2950000,
46,100,2960000,
46,100,2970000,
46,100,2980000,
46,100,2990000,
46,100,3000000,0.680899977684021
46,100,3010000,
46,100,3020000,
46,100,3030000,
46,100,3040000,
46,100,3050000,
46,100,3060000,
46,100,3070000,
46,100,3080000,
46,100,3090000,
46,100,3100000,0.6880999803543091
46,100,3110000,
46,100,3120000,
46,100,3130000,
46,100,3140000,
46,100,3150000,
46,100,3160000,
46,100,3170000,
46,100,3180000,
46,100,3190000,
46,100,3200000,0.7156999707221985
46,100,3210000,
46,100,3220000,
46,100,3230000,
46,100,3240000,
46,100,3250000,
46,100,3260000,
46,100,3270000,
46,100,3280000,
46,100,3290000,
46,100,3300000,0.7027999758720398
46,100,3310000,
46,100,3320000,
46,100,3330000,
46,100,3340000,
46,100,3350000,
46,100,3360000,
46,100,3370000,
46,100,3380000,
46,100,3390000,
46,100,3400000,0.7084000110626221
46,100,3410000,
46,100,3420000,
46,100,3430000,
46,100,3440000,
46,100,3450000,
46,100,3460000,
46,100,3470000,
46,100,3480000,
46,100,3490000,
46,100,3500000,0.7289999723434448
46,100,3510000,
46,100,3520000,
46,100,3530000,
46,100,3540000,
46,100,3550000,
46,100,3560000,
46,100,3570000,
46,100,3580000,
46,100,3590000,
46,100,3600000,0.7310000061988831
46,100,3610000,
46,100,3620000,
46,100,3630000,
46,100,3640000,
46,100,3650000,
46,100,3660000,
46,100,3670000,
46,100,3680000,
46,100,3690000,
46,100,3700000,0.7458000183105469
46,100,3710000,
46,100,3720000,
46,100,3730000,
46,100,3740000,
46,100,3750000,
46,100,3760000,
46,100,3770000,
46,100,3780000,
46,100,3790000,
46,100,3800000,0.7426000237464905
46,100,3810000,
46,100,3820000,
46,100,3830000,
46,100,3840000,
46,100,3850000,
46,100,3860000,
46,100,3870000,
46,100,3880000,
46,100,3890000,
46,100,3900000,0.7458000183105469
46,100,3910000,
46,100,3920000,
46,100,3930000,
46,100,3940000,
46,100,3950000,
46,100,3960000,
46,100,3970000,
46,100,3980000,
46,100,3990000,
46,100,4000000,0.7501000165939331
46,100,4010000,
46,100,4020000,
46,100,4030000,
46,100,4040000,
46,100,4050000,
46,100,4060000,
46,100,4070000,
46,100,4080000,
46,100,4090000,
46,100,4100000,0.7630000114440918
46,100,4110000,
46,100,4120000,
46,100,4130000,
46,100,4140000,
46,100,4150000,
46,100,4160000,
46,100,4170000,
46,100,4180000,
46,100,4190000,
46,100,4200000,0.7689999938011169
46,100,4210000,
46,100,4220000,
46,100,4230000,
46,100,4240000,
46,100,4250000,
46,100,4260000,
46,100,4270000,
46,100,4280000,
46,100,4290000,
46,100,4300000,0.7767000198364258
46,100,4310000,
46,100,4320000,
46,100,4330000,
46,100,4340000,
46,100,4350000,
46,100,4360000,
46,100,4370000,
46,100,4380000,
46,100,4390000,
46,100,4400000,0.7656000256538391
46,100,4410000,
46,100,4420000,
46,100,4430000,
46,100,4440000,
46,100,4450000,
46,100,4460000,
46,100,4470000,
46,100,4480000,
46,100,4490000,
46,100,4500000,0.7810999751091003
46,100,4510000,
46,100,4520000,
46,100,4530000,
46,100,4540000,
46,100,4550000,
46,100,4560000,
46,100,4570000,
46,100,4580000,
46,100,4590000,
46,100,4600000,0.7756999731063843
46,100,4610000,
46,100,4620000,
46,100,4630000,
46,100,4640000,
46,100,4650000,
46,100,4660000,
46,100,4670000,
46,100,4680000,
46,100,4690000,
46,100,4700000,0.7939000129699707
46,100,4710000,
46,100,4720000,
46,100,4730000,
46,100,4740000,
46,100,4750000,
46,100,4760000,
46,100,4770000,
46,100,4780000,
46,100,4790000,
46,100,4800000,0.7833999991416931
46,100,4810000,
46,100,4820000,
46,100,4830000,
46,100,4840000,
46,100,4850000,
46,100,4860000,
46,100,4870000,
46,100,4880000,
46,100,4890000,
46,100,4900000,0.7874000072479248
46,100,4910000,
46,100,4920000,
46,100,4930000,
46,100,4940000,
46,100,4950000,
46,100,4960000,
46,100,4970000,
46,100,4980000,
46,100,4990000,
46,100,5000000,0.7939000129699707
46,120,1,0.0
46,120,10000,
46,120,20000,
46,120,30000,
46,120,40000,
46,120,50000,
46,120,60000,
46,120,70000,
46,120,80000,
46,120,90000,
46,120,100000,0.00019999999494757503
46,120,110000,
46,120,120000,
46,120,130000,
46,120,140000,
46,120,150000,
46,120,160000,
46,120,170000,
46,120,180000,
46,120,190000,
46,120,200000,0.005100000184029341
46,120,210000,
46,120,220000,
46,120,230000,
46,120,240000,
46,120,250000,
46,120,260000,
46,120,270000,
46,120,280000,
46,120,290000,
46,120,300000,0.014999999664723873
46,120,310000,
46,120,320000,
46,120,330000,
46,120,340000,
46,120,350000,
46,120,360000,
46,120,370000,
46,120,380000,
46,120,390000,
46,120,400000,0.028200000524520874
46,120,410000,
46,120,420000,
46,120,430000,
46,120,440000,
46,120,450000,
46,120,460000,
46,120,470000,
46,120,480000,
46,120,490000,
46,120,500000,0.04520000144839287
46,120,510000,
46,120,520000,
46,120,530000,
46,120,540000,
46,120,550000,
46,120,560000,
46,120,570000,
46,120,580000,
46,120,590000,
46,120,600000,0.05609999969601631
46,120,610000,
46,120,620000,
46,120,630000,
46,120,640000,
46,120,650000,
46,120,660000,
46,120,670000,
46,120,680000,
46,120,690000,
46,120,700000,0.07530000060796738
46,120,710000,
46,120,720000,
46,120,730000,
46,120,740000,
46,120,750000,
46,120,760000,
46,120,770000,
46,120,780000,
46,120,790000,
46,120,800000,0.08900000154972076
46,120,810000,
46,120,820000,
46,120,830000,
46,120,840000,
46,120,850000,
46,120,860000,
46,120,870000,
46,120,880000,
46,120,890000,
46,120,900000,0.11010000109672546
46,120,910000,
46,120,920000,
46,120,930000,
46,120,940000,
46,120,950000,
46,120,960000,
46,120,970000,
46,120,980000,
46,120,990000,
46,120,1000000,0.120899997651577
46,120,1010000,
46,120,1020000,
46,120,1030000,
46,120,1040000,
46,120,1050000,
46,120,1060000,
46,120,1070000,
46,120,1080000,
46,120,1090000,
46,120,1100000,0.1501999944448471
46,120,1110000,
46,120,1120000,
46,120,1130000,
46,120,1140000,
46,120,1150000,
46,120,1160000,
46,120,1170000,
46,120,1180000,
46,120,1190000,
46,120,1200000,0.163100004196167
46,120,1210000,
46,120,1220000,
46,120,1230000,
46,120,1240000,
46,120,1250000,
46,120,1260000,
46,120,1270000,
46,120,1280000,
46,120,1290000,
46,120,1300000,0.18979999423027039
46,120,1310000,
46,120,1320000,
46,120,1330000,
46,120,1340000,
46,120,1350000,
46,120,1360000,
46,120,1370000,
46,120,1380000,
46,120,1390000,
46,120,1400000,0.2054000049829483
46,120,1410000,
46,120,1420000,
46,120,1430000,
46,120,1440000,
46,120,1450000,
46,120,1460000,
46,120,1470000,
46,120,1480000,
46,120,1490000,
46,120,1500000,0.20999999344348907
46,120,1510000,
46,120,1520000,
46,120,1530000,
46,120,1540000,
46,120,1550000,
46,120,1560000,
46,120,1570000,
46,120,1580000,
46,120,1590000,
46,120,1600000,0.25839999318122864
46,120,1610000,
46,120,1620000,
46,120,1630000,
46,120,1640000,
46,120,1650000,
46,120,1660000,
46,120,1670000,
46,120,1680000,
46,120,1690000,
46,120,1700000,0.3176000118255615
46,120,1710000,
46,120,1720000,
46,120,1730000,
46,120,1740000,
46,120,1750000,
46,120,1760000,
46,120,1770000,
46,120,1780000,
46,120,1790000,
46,120,1800000,0.3515999913215637
46,120,1810000,
46,120,1820000,
46,120,1830000,
46,120,1840000,
46,120,1850000,
46,120,1860000,
46,120,1870000,
46,120,1880000,
46,120,1890000,
46,120,1900000,0.36980000138282776
46,120,1910000,
46,120,1920000,
46,120,1930000,
46,120,1940000,
46,120,1950000,
46,120,1960000,
46,120,1970000,
46,120,1980000,
46,120,1990000,
46,120,2000000,0.3801000118255615
46,120,2010000,
46,120,2020000,
46,120,2030000,
46,120,2040000,
46,120,2050000,
46,120,2060000,
46,120,2070000,
46,120,2080000,
46,120,2090000,
46,120,2100000,0.42170000076293945
46,120,2110000,
46,120,2120000,
46,120,2130000,
46,120,2140000,
46,120,2150000,
46,120,2160000,
46,120,2170000,
46,120,2180000,
46,120,2190000,
46,120,2200000,0.44600000977516174
46,120,2210000,
46,120,2220000,
46,120,2230000,
46,120,2240000,
46,120,2250000,
46,120,2260000,
46,120,2270000,
46,120,2280000,
46,120,2290000,
46,120,2300000,0.44859999418258667
46,120,2310000,
46,120,2320000,
46,120,2330000,
46,120,2340000,
46,120,2350000,
46,120,2360000,
46,120,2370000,
46,120,2380000,
46,120,2390000,
46,120,2400000,0.47380000352859497
46,120,2410000,
46,120,2420000,
46,120,2430000,
46,120,2440000,
46,120,2450000,
46,120,2460000,
46,120,2470000,
46,120,2480000,
46,120,2490000,
46,120,2500000,0.49410000443458557
46,120,2510000,
46,120,2520000,
46,120,2530000,
46,120,2540000,
46,120,2550000,
46,120,2560000,
46,120,2570000,
46,120,2580000,
46,120,2590000,
46,120,2600000,0.5066999793052673
46,120,2610000,
46,120,2620000,
46,120,2630000,
46,120,2640000,
46,120,2650000,
46,120,2660000,
46,120,2670000,
46,120,2680000,
46,120,2690000,
46,120,2700000,0.5117999911308289
46,120,2710000,
46,120,2720000,
46,120,2730000,
46,120,2740000,
46,120,2750000,
46,120,2760000,
46,120,2770000,
46,120,2780000,
46,120,2790000,
46,120,2800000,0.5235000252723694
46,120,2810000,
46,120,2820000,
46,120,2830000,
46,120,2840000,
46,120,2850000,
46,120,2860000,
46,120,2870000,
46,120,2880000,
46,120,2890000,
46,120,2900000,0.5428000092506409
46,120,2910000,
46,120,2920000,
46,120,2930000,
46,120,2940000,
46,120,2950000,
46,120,2960000,
46,120,2970000,
46,120,2980000,
46,120,2990000,
46,120,3000000,0.5813000202178955
46,120,3010000,
46,120,3020000,
46,120,3030000,
46,120,3040000,
46,120,3050000,
46,120,3060000,
46,120,3070000,
46,120,3080000,
46,120,3090000,
46,120,3100000,0.5604000091552734
46,120,3110000,
46,120,3120000,
46,120,3130000,
46,120,3140000,
46,120,3150000,
46,120,3160000,
46,120,3170000,
46,120,3180000,
46,120,3190000,
46,120,3200000,0.6054999828338623
46,120,3210000,
46,120,3220000,
46,120,3230000,
46,120,3240000,
46,120,3250000,
46,120,3260000,
46,120,3270000,
46,120,3280000,
46,120,3290000,
46,120,3300000,0.5972999930381775
46,120,3310000,
46,120,3320000,
46,120,3330000,
46,120,3340000,
46,120,3350000,
46,120,3360000,
46,120,3370000,
46,120,3380000,
46,120,3390000,
46,120,3400000,0.5964000225067139
46,120,3410000,
46,120,3420000,
46,120,3430000,
46,120,3440000,
46,120,3450000,
46,120,3460000,
46,120,3470000,
46,120,3480000,
46,120,3490000,
46,120,3500000,0.6158999800682068
46,120,3510000,
46,120,3520000,
46,120,3530000,
46,120,3540000,
46,120,3550000,
46,120,3560000,
46,120,3570000,
46,120,3580000,
46,120,3590000,
46,120,3600000,0.6437000036239624
46,120,3610000,
46,120,3620000,
46,120,3630000,
46,120,3640000,
46,120,3650000,
46,120,3660000,
46,120,3670000,
46,120,3680000,
46,120,3690000,
46,120,3700000,0.6197999715805054
46,120,3710000,
46,120,3720000,
46,120,3730000,
46,120,3740000,
46,120,3750000,
46,120,3760000,
46,120,3770000,
46,120,3780000,
46,120,3790000,
46,120,3800000,0.6622999906539917
46,120,3810000,
46,120,3820000,
46,120,3830000,
46,120,3840000,
46,120,3850000,
46,120,3860000,
46,120,3870000,
46,120,3880000,
46,120,3890000,
46,120,3900000,0.6629999876022339
46,120,3910000,
46,120,3920000,
46,120,3930000,
46,120,3940000,
46,120,3950000,
46,120,3960000,
46,120,3970000,
46,120,3980000,
46,120,3990000,
46,120,4000000,0.6449999809265137
46,120,4010000,
46,120,4020000,
46,120,4030000,
46,120,4040000,
46,120,4050000,
46,120,4060000,
46,120,4070000,
46,120,4080000,
46,120,4090000,
46,120,4100000,0.6651999950408936
46,120,4110000,
46,120,4120000,
46,120,4130000,
46,120,4140000,
46,120,4150000,
46,120,4160000,
46,120,4170000,
46,120,4180000,
46,120,4190000,
46,120,4200000,0.6521000266075134
46,120,4210000,
46,120,4220000,
46,120,4230000,
46,120,4240000,
46,120,4250000,
46,120,4260000,
46,120,4270000,
46,120,4280000,
46,120,4290000,
46,120,4300000,0.6740999817848206
46,120,4310000,
46,120,4320000,
46,120,4330000,
46,120,4340000,
46,120,4350000,
46,120,4360000,
46,120,4370000,
46,120,4380000,
46,120,4390000,
46,120,4400000,0.6783000230789185
46,120,4410000,
46,120,4420000,
46,120,4430000,
46,120,4440000,
46,120,4450000,
46,120,4460000,
46,120,4470000,
46,120,4480000,
46,120,4490000,
46,120,4500000,0.7186999917030334
46,120,4510000,
46,120,4520000,
46,120,4530000,
46,120,4540000,
46,120,4550000,
46,120,4560000,
46,120,4570000,
46,120,4580000,
46,120,4590000,
46,120,4600000,0.7013999819755554
46,120,4610000,
46,120,4620000,
46,120,4630000,
46,120,4640000,
46,120,4650000,
46,120,4660000,
46,120,4670000,
46,120,4680000,
46,120,4690000,
46,120,4700000,0.7024000287055969
46,120,4710000,
46,120,4720000,
46,120,4730000,
46,120,4740000,
46,120,4750000,
46,120,4760000,
46,120,4770000,
46,120,4780000,
46,120,4790000,
46,120,4800000,0.7221999764442444
46,120,4810000,
46,120,4820000,
46,120,4830000,
46,120,4840000,
46,120,4850000,
46,120,4860000,
46,120,4870000,
46,120,4880000,
46,120,4890000,
46,120,4900000,0.7157999873161316
46,120,4910000,
46,120,4920000,
46,120,4930000,
46,120,4940000,
46,120,4950000,
46,120,4960000,
46,120,4970000,
46,120,4980000,
46,120,4990000,
46,120,5000000,0.713100016117096
46,140,1,0.0
46,140,10000,
46,140,20000,
46,140,30000,
46,140,40000,
46,140,50000,
46,140,60000,
46,140,70000,
46,140,80000,
46,140,90000,
46,140,100000,9.999999747378752e-05
46,140,110000,
46,140,120000,
46,140,130000,
46,140,140000,
46,140,150000,
46,140,160000,
46,140,170000,
46,140,180000,
46,140,190000,
46,140,200000,0.002300000051036477
46,140,210000,
46,140,220000,
46,140,230000,
46,140,240000,
46,140,250000,
46,140,260000,
46,140,270000,
46,140,280000,
46,140,290000,
46,140,300000,0.00860000029206276
46,140,310000,
46,140,320000,
46,140,330000,
46,140,340000,
46,140,350000,
46,140,360000,
46,140,370000,
46,140,380000,
46,140,390000,
46,140,400000,0.016899999231100082
46,140,410000,
46,140,420000,
46,140,430000,
46,140,440000,
46,140,450000,
46,140,460000,
46,140,470000,
46,140,480000,
46,140,490000,
46,140,500000,0.03440000116825104
46,140,510000,
46,140,520000,
46,140,530000,
46,140,540000,
46,140,550000,
46,140,560000,
46,140,570000,
46,140,580000,
46,140,590000,
46,140,600000,0.044199999421834946
46,140,610000,
46,140,620000,
46,140,630000,
46,140,640000,
46,140,650000,
46,140,660000,
46,140,670000,
46,140,680000,
46,140,690000,
46,140,700000,0.06440000236034393
46,140,710000,
46,140,720000,
46,140,730000,
46,140,740000,
46,140,750000,
46,140,760000,
46,140,770000,
46,140,780000,
46,140,790000,
46,140,800000,0.08079999685287476
46,140,810000,
46,140,820000,
46,140,830000,
46,140,840000,
46,140,850000,
46,140,860000,
46,140,870000,
46,140,880000,
46,140,890000,
46,140,900000,0.1006999984383583
46,140,910000,
46,140,920000,
46,140,930000,
46,140,940000,
46,140,950000,
46,140,960000,
46,140,970000,
46,140,980000,
46,140,990000,
46,140,1000000,0.13210000097751617
46,140,1010000,
46,140,1020000,
46,140,1030000,
46,140,1040000,
46,140,1050000,
46,140,1060000,
46,140,1070000,
46,140,1080000,
46,140,1090000,
46,140,1100000,0.14159999787807465
46,140,1110000,
46,140,1120000,
46,140,1130000,
46,140,1140000,
46,140,1150000,
46,140,1160000,
46,140,1170000,
46,140,1180000,
46,140,1190000,
46,140,1200000,0.16220000386238098
46,140,1210000,
46,140,1220000,
46,140,1230000,
46,140,1240000,
46,140,1250000,
46,140,1260000,
46,140,1270000,
46,140,1280000,
46,140,1290000,
46,140,1300000,0.19269999861717224
46,140,1310000,
46,140,1320000,
46,140,1330000,
46,140,1340000,
46,140,1350000,
46,140,1360000,
46,140,1370000,
46,140,1380000,
46,140,1390000,
46,140,1400000,0.24300000071525574
46,140,1410000,
46,140,1420000,
46,140,1430000,
46,140,1440000,
46,140,1450000,
46,140,1460000,
46,140,1470000,
46,140,1480000,
46,140,1490000,
46,140,1500000,0.2791999876499176
46,140,1510000,
46,140,1520000,
46,140,1530000,
46,140,1540000,
46,140,1550000,
46,140,1560000,
46,140,1570000,
46,140,1580000,
46,140,1590000,
46,140,1600000,0.29330000281333923
46,140,1610000,
46,140,1620000,
46,140,1630000,
46,140,1640000,
46,140,1650000,
46,140,1660000,
46,140,1670000,
46,140,1680000,
46,140,1690000,
46,140,1700000,0.3458999991416931
46,140,1710000,
46,140,1720000,
46,140,1730000,
46,140,1740000,
46,140,1750000,
46,140,1760000,
46,140,1770000,
46,140,1780000,
46,140,1790000,
46,140,1800000,0.3675000071525574
46,140,1810000,
46,140,1820000,
46,140,1830000,
46,140,1840000,
46,140,1850000,
46,140,1860000,
46,140,1870000,
46,140,1880000,
46,140,1890000,
46,140,1900000,0.39590001106262207
46,140,1910000,
46,140,1920000,
46,140,1930000,
46,140,1940000,
46,140,1950000,
46,140,1960000,
46,140,1970000,
46,140,1980000,
46,140,1990000,
46,140,2000000,0.40290001034736633
46,140,2010000,
46,140,2020000,
46,140,2030000,
46,140,2040000,
46,140,2050000,
46,140,2060000,
46,140,2070000,
46,140,2080000,
46,140,2090000,
46,140,2100000,0.44279998540878296
46,140,2110000,
46,140,2120000,
46,140,2130000,
46,140,2140000,
46,140,2150000,
46,140,2160000,
46,140,2170000,
46,140,2180000,
46,140,2190000,
46,140,2200000,0.43779999017715454
46,140,2210000,
46,140,2220000,
46,140,2230000,
46,140,2240000,
46,140,2250000,
46,140,2260000,
46,140,2270000,
46,140,2280000,
46,140,2290000,
46,140,2300000,0.4722999930381775
46,140,2310000,
46,140,2320000,
46,140,2330000,
46,140,2340000,
46,140,2350000,
46,140,2360000,
46,140,2370000,
46,140,2380000,
46,140,2390000,
46,140,2400000,0.4903999865055084
46,140,2410000,
46,140,2420000,
46,140,2430000,
46,140,2440000,
46,140,2450000,
46,140,2460000,
46,140,2470000,
46,140,2480000,
46,140,2490000,
46,140,2500000,0.49480000138282776
46,140,2510000,
46,140,2520000,
46,140,2530000,
46,140,2540000,
46,140,2550000,
46,140,2560000,
46,140,2570000,
46,140,2580000,
46,140,2590000,
46,140,2600000,0.5149999856948853
46,140,2610000,
46,140,2620000,
46,140,2630000,
46,140,2640000,
46,140,2650000,
46,140,2660000,
46,140,2670000,
46,140,2680000,
46,140,2690000,
46,140,2700000,0.5175999999046326
46,140,2710000,
46,140,2720000,
46,140,2730000,
46,140,2740000,
46,140,2750000,
46,140,2760000,
46,140,2770000,
46,140,2780000,
46,140,2790000,
46,140,2800000,0.5634999871253967
46,140,2810000,
46,140,2820000,
46,140,2830000,
46,140,2840000,
46,140,2850000,
46,140,2860000,
46,140,2870000,
46,140,2880000,
46,140,2890000,
46,140,2900000,0.5727999806404114
46,140,2910000,
46,140,2920000,
46,140,2930000,
46,140,2940000,
46,140,2950000,
46,140,2960000,
46,140,2970000,
46,140,2980000,
46,140,2990000,
46,140,3000000,0.5950999855995178
46,140,3010000,
46,140,3020000,
46,140,3030000,
46,140,3040000,
46,140,3050000,
46,140,3060000,
46,140,3070000,
46,140,3080000,
46,140,3090000,
46,140,3100000,0.580299973487854
46,140,3110000,
46,140,3120000,
46,140,3130000,
46,140,3140000,
46,140,3150000,
46,140,3160000,
46,140,3170000,
46,140,3180000,
46,140,3190000,
46,140,3200000,0.6007000207901001
46,140,3210000,
46,140,3220000,
46,140,3230000,
46,140,3240000,
46,140,3250000,
46,140,3260000,
46,140,3270000,
46,140,3280000,
46,140,3290000,
46,140,3300000,0.6226999759674072
46,140,3310000,
46,140,3320000,
46,140,3330000,
46,140,3340000,
46,140,3350000,
46,140,3360000,
46,140,3370000,
46,140,3380000,
46,140,3390000,
46,140,3400000,0.6068000197410583
46,140,3410000,
46,140,3420000,
46,140,3430000,
46,140,3440000,
46,140,3450000,
46,140,3460000,
46,140,3470000,
46,140,3480000,
46,140,3490000,
46,140,3500000,0.613099992275238
46,140,3510000,
46,140,3520000,
46,140,3530000,
46,140,3540000,
46,140,3550000,
46,140,3560000,
46,140,3570000,
46,140,3580000,
46,140,3590000,
46,140,3600000,0.6560999751091003
46,140,3610000,
46,140,3620000,
46,140,3630000,
46,140,3640000,
46,140,3650000,
46,140,3660000,
46,140,3670000,
46,140,3680000,
46,140,3690000,
46,140,3700000,0.6462000012397766
46,140,3710000,
46,140,3720000,
46,140,3730000,
46,140,3740000,
46,140,3750000,
46,140,3760000,
46,140,3770000,
46,140,3780000,
46,140,3790000,
46,140,3800000,0.6654000282287598
46,140,3810000,
46,140,3820000,
46,140,3830000,
46,140,3840000,
46,140,3850000,
46,140,3860000,
46,140,3870000,
46,140,3880000,
46,140,3890000,
46,140,3900000,0.6765000224113464
46,140,3910000,
46,140,3920000,
46,140,3930000,
46,140,3940000,
46,140,3950000,
46,140,3960000,
46,140,3970000,
46,140,3980000,
46,140,3990000,
46,140,4000000,0.6916000247001648
46,140,4010000,
46,140,4020000,
46,140,4030000,
46,140,4040000,
46,140,4050000,
46,140,4060000,
46,140,4070000,
46,140,4080000,
46,140,4090000,
46,140,4100000,0.675000011920929
46,140,4110000,
46,140,4120000,
46,140,4130000,
46,140,4140000,
46,140,4150000,
46,140,4160000,
46,140,4170000,
46,140,4180000,
46,140,4190000,
46,140,4200000,0.697700023651123
46,140,4210000,
46,140,4220000,
46,140,4230000,
46,140,4240000,
46,140,4250000,
46,140,4260000,
46,140,4270000,
46,140,4280000,
46,140,4290000,
46,140,4300000,0.6855000257492065
46,140,4310000,
46,140,4320000,
46,140,4330000,
46,140,4340000,
46,140,4350000,
46,140,4360000,
46,140,4370000,
46,140,4380000,
46,140,4390000,
46,140,4400000,0.7099999785423279
46,140,4410000,
46,140,4420000,
46,140,4430000,
46,140,4440000,
46,140,4450000,
46,140,4460000,
46,140,4470000,
46,140,4480000,
46,140,4490000,
46,140,4500000,0.717199981212616
46,140,4510000,
46,140,4520000,
46,140,4530000,
46,140,4540000,
46,140,4550000,
46,140,4560000,
46,140,4570000,
46,140,4580000,
46,140,4590000,
46,140,4600000,0.6934000253677368
46,140,4610000,
46,140,4620000,
46,140,4630000,
46,140,4640000,
46,140,4650000,
46,140,4660000,
46,140,4670000,
46,140,4680000,
46,140,4690000,
46,140,4700000,0.6948999762535095
46,140,4710000,
46,140,4720000,
46,140,4730000,
46,140,4740000,
46,140,4750000,
46,140,4760000,
46,140,4770000,
46,140,4780000,
46,140,4790000,
46,140,4800000,0.724399983882904
46,140,4810000,
46,140,4820000,
46,140,4830000,
46,140,4840000,
46,140,4850000,
46,140,4860000,
46,140,4870000,
46,140,4880000,
46,140,4890000,
46,140,4900000,0.7365000247955322
46,140,4910000,
46,140,4920000,
46,140,4930000,
46,140,4940000,
46,140,4950000,
46,140,4960000,
46,140,4970000,
46,140,4980000,
46,140,4990000,
46,140,5000000,0.7368999719619751
46,160,1,0.0
46,160,10000,
46,160,20000,
46,160,30000,
46,160,40000,
46,160,50000,
46,160,60000,
46,160,70000,
46,160,80000,
46,160,90000,
46,160,100000,0.0
46,160,110000,
46,160,120000,
46,160,130000,
46,160,140000,
46,160,150000,
46,160,160000,
46,160,170000,
46,160,180000,
46,160,190000,
46,160,200000,0.000699999975040555
46,160,210000,
46,160,220000,
46,160,230000,
46,160,240000,
46,160,250000,
46,160,260000,
46,160,270000,
46,160,280000,
46,160,290000,
46,160,300000,0.0038999998942017555
46,160,310000,
46,160,320000,
46,160,330000,
46,160,340000,
46,160,350000,
46,160,360000,
46,160,370000,
46,160,380000,
46,160,390000,
46,160,400000,0.007499999832361937
46,160,410000,
46,160,420000,
46,160,430000,
46,160,440000,
46,160,450000,
46,160,460000,
46,160,470000,
46,160,480000,
46,160,490000,
46,160,500000,0.01549999974668026
46,160,510000,
46,160,520000,
46,160,530000,
46,160,540000,
46,160,550000,
46,160,560000,
46,160,570000,
46,160,580000,
46,160,590000,
46,160,600000,0.025499999523162842
46,160,610000,
46,160,620000,
46,160,630000,
46,160,640000,
46,160,650000,
46,160,660000,
46,160,670000,
46,160,680000,
46,160,690000,
46,160,700000,0.04360000044107437
46,160,710000,
46,160,720000,
46,160,730000,
46,160,740000,
46,160,750000,
46,160,760000,
46,160,770000,
46,160,780000,
46,160,790000,
46,160,800000,0.053300000727176666
46,160,810000,
46,160,820000,
46,160,830000,
46,160,840000,
46,160,850000,
46,160,860000,
46,160,870000,
46,160,880000,
46,160,890000,
46,160,900000,0.0803999975323677
46,160,910000,
46,160,920000,
46,160,930000,
46,160,940000,
46,160,950000,
46,160,960000,
46,160,970000,
46,160,980000,
46,160,990000,
46,160,1000000,0.08940000087022781
46,160,1010000,
46,160,1020000,
46,160,1030000,
46,160,1040000,
46,160,1050000,
46,160,1060000,
46,160,1070000,
46,160,1080000,
46,160,1090000,
46,160,1100000,0.11630000174045563
46,160,1110000,
46,160,1120000,
46,160,1130000,
46,160,1140000,
46,160,1150000,
46,160,1160000,
46,160,1170000,
46,160,1180000,
46,160,1190000,
46,160,1200000,0.14069999754428864
46,160,1210000,
46,160,1220000,
46,160,1230000,
46,160,1240000,
46,160,1250000,
46,160,1260000,
46,160,1270000,
46,160,1280000,
46,160,1290000,
46,160,1300000,0.1981000006198883
46,160,1310000,
46,160,1320000,
46,160,1330000,
46,160,1340000,
46,160,1350000,
46,160,1360000,
46,160,1370000,
46,160,1380000,
46,160,1390000,
46,160,1400000,0.1932000070810318
46,160,1410000,
46,160,1420000,
46,160,1430000,
46,160,1440000,
46,160,1450000,
46,160,1460000,
46,160,1470000,
46,160,1480000,
46,160,1490000,
46,160,1500000,0.23440000414848328
46,160,1510000,
46,160,1520000,
46,160,1530000,
46,160,1540000,
46,160,1550000,
46,160,1560000,
46,160,1570000,
46,160,1580000,
46,160,1590000,
46,160,1600000,0.23929999768733978
46,160,1610000,
46,160,1620000,
46,160,1630000,
46,160,1640000,
46,160,1650000,
46,160,1660000,
46,160,1670000,
46,160,1680000,
46,160,1690000,
46,160,1700000,0.2802000045776367
46,160,1710000,
46,160,1720000,
46,160,1730000,
46,160,1740000,
46,160,1750000,
46,160,1760000,
46,160,1770000,
46,160,1780000,
46,160,1790000,
46,160,1800000,0.28110000491142273
46,160,1810000,
46,160,1820000,
46,160,1830000,
46,160,1840000,
46,160,1850000,
46,160,1860000,
46,160,1870000,
46,160,1880000,
46,160,1890000,
46,160,1900000,0.33709999918937683
46,160,1910000,
46,160,1920000,
46,160,1930000,
46,160,1940000,
46,160,1950000,
46,160,1960000,
46,160,1970000,
46,160,1980000,
46,160,1990000,
46,160,2000000,0.3546999990940094
46,160,2010000,
46,160,2020000,
46,160,2030000,
46,160,2040000,
46,160,2050000,
46,160,2060000,
46,160,2070000,
46,160,2080000,
46,160,2090000,
46,160,2100000,0.3589000105857849
46,160,2110000,
46,160,2120000,
46,160,2130000,
46,160,2140000,
46,160,2150000,
46,160,2160000,
46,160,2170000,
46,160,2180000,
46,160,2190000,
46,160,2200000,0.37790000438690186
46,160,2210000,
46,160,2220000,
46,160,2230000,
46,160,2240000,
46,160,2250000,
46,160,2260000,
46,160,2270000,
46,160,2280000,
46,160,2290000,
46,160,2300000,0.39070001244544983
46,160,2310000,
46,160,2320000,
46,160,2330000,
46,160,2340000,
46,160,2350000,
46,160,2360000,
46,160,2370000,
46,160,2380000,
46,160,2390000,
46,160,2400000,0.42579999566078186
46,160,2410000,
46,160,2420000,
46,160,2430000,
46,160,2440000,
46,160,2450000,
46,160,2460000,
46,160,2470000,
46,160,2480000,
46,160,2490000,
46,160,2500000,0.43619999289512634
46,160,2510000,
46,160,2520000,
46,160,2530000,
46,160,2540000,
46,160,2550000,
46,160,2560000,
46,160,2570000,
46,160,2580000,
46,160,2590000,
46,160,2600000,0.4661000072956085
46,160,2610000,
46,160,2620000,
46,160,2630000,
46,160,2640000,
46,160,2650000,
46,160,2660000,
46,160,2670000,
46,160,2680000,
46,160,2690000,
46,160,2700000,0.4440999925136566
46,160,2710000,
46,160,2720000,
46,160,2730000,
46,160,2740000,
46,160,2750000,
46,160,2760000,
46,160,2770000,
46,160,2780000,
46,160,2790000,
46,160,2800000,0.4659000039100647
46,160,2810000,
46,160,2820000,
46,160,2830000,
46,160,2840000,
46,160,2850000,
46,160,2860000,
46,160,2870000,
46,160,2880000,
46,160,2890000,
46,160,2900000,0.47049999237060547
46,160,2910000,
46,160,2920000,
46,160,2930000,
46,160,2940000,
46,160,2950000,
46,160,2960000,
46,160,2970000,
46,160,2980000,
46,160,2990000,
46,160,3000000,0.4961000084877014
46,160,3010000,
46,160,3020000,
46,160,3030000,
46,160,3040000,
46,160,3050000,
46,160,3060000,
46,160,3070000,
46,160,3080000,
46,160,3090000,
46,160,3100000,0.506600022315979
46,160,3110000,
46,160,3120000,
46,160,3130000,
46,160,3140000,
46,160,3150000,
46,160,3160000,
46,160,3170000,
46,160,3180000,
46,160,3190000,
46,160,3200000,0.5519000291824341
46,160,3210000,
46,160,3220000,
46,160,3230000,
46,160,3240000,
46,160,3250000,
46,160,3260000,
46,160,3270000,
46,160,3280000,
46,160,3290000,
46,160,3300000,0.5102999806404114
46,160,3310000,
46,160,3320000,
46,160,3330000,
46,160,3340000,
46,160,3350000,
46,160,3360000,
46,160,3370000,
46,160,3380000,
46,160,3390000,
46,160,3400000,0.567799985408783
46,160,3410000,
46,160,3420000,
46,160,3430000,
46,160,3440000,
46,160,3450000,
46,160,3460000,
46,160,3470000,
46,160,3480000,
46,160,3490000,
46,160,3500000,0.552299976348877
46,160,3510000,
46,160,3520000,
46,160,3530000,
46,160,3540000,
46,160,3550000,
46,160,3560000,
46,160,3570000,
46,160,3580000,
46,160,3590000,
46,160,3600000,0.5716999769210815
46,160,3610000,
46,160,3620000,
46,160,3630000,
46,160,3640000,
46,160,3650000,
46,160,3660000,
46,160,3670000,
46,160,3680000,
46,160,3690000,
46,160,3700000,0.5695000290870667
46,160,3710000,
46,160,3720000,
46,160,3730000,
46,160,3740000,
46,160,3750000,
46,160,3760000,
46,160,3770000,
46,160,3780000,
46,160,3790000,
46,160,3800000,0.5920000076293945
46,160,3810000,
46,160,3820000,
46,160,3830000,
46,160,3840000,
46,160,3850000,
46,160,3860000,
46,160,3870000,
46,160,3880000,
46,160,3890000,
46,160,3900000,0.555400013923645
46,160,3910000,
46,160,3920000,
46,160,3930000,
46,160,3940000,
46,160,3950000,
46,160,3960000,
46,160,3970000,
46,160,3980000,
46,160,3990000,
46,160,4000000,0.6215000152587891
46,160,4010000,
46,160,4020000,
46,160,4030000,
46,160,4040000,
46,160,4050000,
46,160,4060000,
46,160,4070000,
46,160,4080000,
46,160,4090000,
46,160,4100000,0.5806999802589417
46,160,4110000,
46,160,4120000,
46,160,4130000,
46,160,4140000,
46,160,4150000,
46,160,4160000,
46,160,4170000,
46,160,4180000,
46,160,4190000,
46,160,4200000,0.5875999927520752
46,160,4210000,
46,160,4220000,
46,160,4230000,
46,160,4240000,
46,160,4250000,
46,160,4260000,
46,160,4270000,
46,160,4280000,
46,160,4290000,
46,160,4300000,0.597100019454956
46,160,4310000,
46,160,4320000,
46,160,4330000,
46,160,4340000,
46,160,4350000,
46,160,4360000,
46,160,4370000,
46,160,4380000,
46,160,4390000,
46,160,4400000,0.6269000172615051
46,160,4410000,
46,160,4420000,
46,160,4430000,
46,160,4440000,
46,160,4450000,
46,160,4460000,
46,160,4470000,
46,160,4480000,
46,160,4490000,
46,160,4500000,0.6352999806404114
46,160,4510000,
46,160,4520000,
46,160,4530000,
46,160,4540000,
46,160,4550000,
46,160,4560000,
46,160,4570000,
46,160,4580000,
46,160,4590000,
46,160,4600000,0.6500999927520752
46,160,4610000,
46,160,4620000,
46,160,4630000,
46,160,4640000,
46,160,4650000,
46,160,4660000,
46,160,4670000,
46,160,4680000,
46,160,4690000,
46,160,4700000,0.6302000284194946
46,160,4710000,
46,160,4720000,
46,160,4730000,
46,160,4740000,
46,160,4750000,
46,160,4760000,
46,160,4770000,
46,160,4780000,
46,160,4790000,
46,160,4800000,0.6509000062942505
46,160,4810000,
46,160,4820000,
46,160,4830000,
46,160,4840000,
46,160,4850000,
46,160,4860000,
46,160,4870000,
46,160,4880000,
46,160,4890000,
46,160,4900000,0.6521999835968018
46,160,4910000,
46,160,4920000,
46,160,4930000,
46,160,4940000,
46,160,4950000,
46,160,4960000,
46,160,4970000,
46,160,4980000,
46,160,4990000,
46,160,5000000,0.6797999739646912
46,180,1,0.0
46,180,10000,
46,180,20000,
46,180,30000,
46,180,40000,
46,180,50000,
46,180,60000,
46,180,70000,
46,180,80000,
46,180,90000,
46,180,100000,0.0
46,180,110000,
46,180,120000,
46,180,130000,
46,180,140000,
46,180,150000,
46,180,160000,
46,180,170000,
46,180,180000,
46,180,190000,
46,180,200000,0.0005000000237487257
46,180,210000,
46,180,220000,
46,180,230000,
46,180,240000,
46,180,250000,
46,180,260000,
46,180,270000,
46,180,280000,
46,180,290000,
46,180,300000,0.0007999999797903001
46,180,310000,
46,180,320000,
46,180,330000,
46,180,340000,
46,180,350000,
46,180,360000,
46,180,370000,
46,180,380000,
46,180,390000,
46,180,400000,0.0020000000949949026
46,180,410000,
46,180,420000,
46,180,430000,
46,180,440000,
46,180,450000,
46,180,460000,
46,180,470000,
46,180,480000,
46,180,490000,
46,180,500000,0.005200000014156103
46,180,510000,
46,180,520000,
46,180,530000,
46,180,540000,
46,180,550000,
46,180,560000,
46,180,570000,
46,180,580000,
46,180,590000,
46,180,600000,0.006899999920278788
46,180,610000,
46,180,620000,
46,180,630000,
46,180,640000,
46,180,650000,
46,180,660000,
46,180,670000,
46,180,680000,
46,180,690000,
46,180,700000,0.01510000042617321
46,180,710000,
46,180,720000,
46,180,730000,
46,180,740000,
46,180,750000,
46,180,760000,
46,180,770000,
46,180,780000,
46,180,790000,
46,180,800000,0.027499999850988388
46,180,810000,
46,180,820000,
46,180,830000,
46,180,840000,
46,180,850000,
46,180,860000,
46,180,870000,
46,180,880000,
46,180,890000,
46,180,900000,0.04039999842643738
46,180,910000,
46,180,920000,
46,180,930000,
46,180,940000,
46,180,950000,
46,180,960000,
46,180,970000,
46,180,980000,
46,180,990000,
46,180,1000000,0.04699999839067459
46,180,1010000,
46,180,1020000,
46,180,1030000,
46,180,1040000,
46,180,1050000,
46,180,1060000,
46,180,1070000,
46,180,1080000,
46,180,1090000,
46,180,1100000,0.07270000129938126
46,180,1110000,
46,180,1120000,
46,180,1130000,
46,180,1140000,
46,180,1150000,
46,180,1160000,
46,180,1170000,
46,180,1180000,
46,180,1190000,
46,180,1200000,0.0892999991774559
46,180,1210000,
46,180,1220000,
46,180,1230000,
46,180,1240000,
46,180,1250000,
46,180,1260000,
46,180,1270000,
46,180,1280000,
46,180,1290000,
46,180,1300000,0.10249999910593033
46,180,1310000,
46,180,1320000,
46,180,1330000,
46,180,1340000,
46,180,1350000,
46,180,1360000,
46,180,1370000,
46,180,1380000,
46,180,1390000,
46,180,1400000,0.1177000030875206
46,180,1410000,
46,180,1420000,
46,180,1430000,
46,180,1440000,
46,180,1450000,
46,180,1460000,
46,180,1470000,
46,180,1480000,
46,180,1490000,
46,180,1500000,0.13760000467300415
46,180,1510000,
46,180,1520000,
46,180,1530000,
46,180,1540000,
46,180,1550000,
46,180,1560000,
46,180,1570000,
46,180,1580000,
46,180,1590000,
46,180,1600000,0.14830000698566437
46,180,1610000,
46,180,1620000,
46,180,1630000,
46,180,1640000,
46,180,1650000,
46,180,1660000,
46,180,1670000,
46,180,1680000,
46,180,1690000,
46,180,1700000,0.18719999492168427
46,180,1710000,
46,180,1720000,
46,180,1730000,
46,180,1740000,
46,180,1750000,
46,180,1760000,
46,180,1770000,
46,180,1780000,
46,180,1790000,
46,180,1800000,0.19339999556541443
46,180,1810000,
46,180,1820000,
46,180,1830000,
46,180,1840000,
46,180,1850000,
46,180,1860000,
46,180,1870000,
46,180,1880000,
46,180,1890000,
46,180,1900000,0.22859999537467957
46,180,1910000,
46,180,1920000,
46,180,1930000,
46,180,1940000,
46,180,1950000,
46,180,1960000,
46,180,1970000,
46,180,1980000,
46,180,1990000,
46,180,2000000,0.2483000010251999
46,180,2010000,
46,180,2020000,
46,180,2030000,
46,180,2040000,
46,180,2050000,
46,180,2060000,
46,180,2070000,
46,180,2080000,
46,180,2090000,
46,180,2100000,0.23810000717639923
46,180,2110000,
46,180,2120000,
46,180,2130000,
46,180,2140000,
46,180,2150000,
46,180,2160000,
46,180,2170000,
46,180,2180000,
46,180,2190000,
46,180,2200000,0.2770000100135803
46,180,2210000,
46,180,2220000,
46,180,2230000,
46,180,2240000,
46,180,2250000,
46,180,2260000,
46,180,2270000,
46,180,2280000,
46,180,2290000,
46,180,2300000,0.2946999967098236
46,180,2310000,
46,180,2320000,
46,180,2330000,
46,180,2340000,
46,180,2350000,
46,180,2360000,
46,180,2370000,
46,180,2380000,
46,180,2390000,
46,180,2400000,0.2955999970436096
46,180,2410000,
46,180,2420000,
46,180,2430000,
46,180,2440000,
46,180,2450000,
46,180,2460000,
46,180,2470000,
46,180,2480000,
46,180,2490000,
46,180,2500000,0.32120001316070557
46,180,2510000,
46,180,2520000,
46,180,2530000,
46,180,2540000,
46,180,2550000,
46,180,2560000,
46,180,2570000,
46,180,2580000,
46,180,2590000,
46,180,2600000,0.2955999970436096
46,180,2610000,
46,180,2620000,
46,180,2630000,
46,180,2640000,
46,180,2650000,
46,180,2660000,
46,180,2670000,
46,180,2680000,
46,180,2690000,
46,180,2700000,0.33250001072883606
46,180,2710000,
46,180,2720000,
46,180,2730000,
46,180,2740000,
46,180,2750000,
46,180,2760000,
46,180,2770000,
46,180,2780000,
46,180,2790000,
46,180,2800000,0.3610000014305115
46,180,2810000,
46,180,2820000,
46,180,2830000,
46,180,2840000,
46,180,2850000,
46,180,2860000,
46,180,2870000,
46,180,2880000,
46,180,2890000,
46,180,2900000,0.3693999946117401
46,180,2910000,
46,180,2920000,
46,180,2930000,
46,180,2940000,
46,180,2950000,
46,180,2960000,
46,180,2970000,
46,180,2980000,
46,180,2990000,
46,180,3000000,0.3935000002384186
46,180,3010000,
46,180,3020000,
46,180,3030000,
46,180,3040000,
46,180,3050000,
46,180,3060000,
46,180,3070000,
46,180,3080000,
46,180,3090000,
46,180,3100000,0.38119998574256897
46,180,3110000,
46,180,3120000,
46,180,3130000,
46,180,3140000,
46,180,3150000,
46,180,3160000,
46,180,3170000,
46,180,3180000,
46,180,3190000,
46,180,3200000,0.3880000114440918
46,180,3210000,
46,180,3220000,
46,180,3230000,
46,180,3240000,
46,180,3250000,
46,180,3260000,
46,180,3270000,
46,180,3280000,
46,180,3290000,
46,180,3300000,0.392300009727478
46,180,3310000,
46,180,3320000,
46,180,3330000,
46,180,3340000,
46,180,3350000,
46,180,3360000,
46,180,3370000,
46,180,3380000,
46,180,3390000,
46,180,3400000,0.4117000102996826
46,180,3410000,
46,180,3420000,
46,180,3430000,
46,180,3440000,
46,180,3450000,
46,180,3460000,
46,180,3470000,
46,180,3480000,
46,180,3490000,
46,180,3500000,0.364300012588501
46,180,3510000,
46,180,3520000,
46,180,3530000,
46,180,3540000,
46,180,3550000,
46,180,3560000,
46,180,3570000,
46,180,3580000,
46,180,3590000,
46,180,3600000,0.4675000011920929
46,180,3610000,
46,180,3620000,
46,180,3630000,
46,180,3640000,
46,180,3650000,
46,180,3660000,
46,180,3670000,
46,180,3680000,
46,180,3690000,
46,180,3700000,0.45980000495910645
46,180,3710000,
46,180,3720000,
46,180,3730000,
46,180,3740000,
46,180,3750000,
46,180,3760000,
46,180,3770000,
46,180,3780000,
46,180,3790000,
46,180,3800000,0.43369999527931213
46,180,3810000,
46,180,3820000,
46,180,3830000,
46,180,3840000,
46,180,3850000,
46,180,3860000,
46,180,3870000,
46,180,3880000,
46,180,3890000,
46,180,3900000,0.48919999599456787
46,180,3910000,
46,180,3920000,
46,180,3930000,
46,180,3940000,
46,180,3950000,
46,180,3960000,
46,180,3970000,
46,180,3980000,
46,180,3990000,
46,180,4000000,0.4578000009059906
46,180,4010000,
46,180,4020000,
46,180,4030000,
46,180,4040000,
46,180,4050000,
46,180,4060000,
46,180,4070000,
46,180,4080000,
46,180,4090000,
46,180,4100000,0.45840001106262207
46,180,4110000,
46,180,4120000,
46,180,4130000,
46,180,4140000,
46,180,4150000,
46,180,4160000,
46,180,4170000,
46,180,4180000,
46,180,4190000,
46,180,4200000,0.4657000005245209
46,180,4210000,
46,180,4220000,
46,180,4230000,
46,180,4240000,
46,180,4250000,
46,180,4260000,
46,180,4270000,
46,180,4280000,
46,180,4290000,
46,180,4300000,0.506600022315979
46,180,4310000,
46,180,4320000,
46,180,4330000,
46,180,4340000,
46,180,4350000,
46,180,4360000,
46,180,4370000,
46,180,4380000,
46,180,4390000,
46,180,4400000,0.5216000080108643
46,180,4410000,
46,180,4420000,
46,180,4430000,
46,180,4440000,
46,180,4450000,
46,180,4460000,
46,180,4470000,
46,180,4480000,
46,180,4490000,
46,180,4500000,0.48820000886917114
46,180,4510000,
46,180,4520000,
46,180,4530000,
46,180,4540000,
46,180,4550000,
46,180,4560000,
46,180,4570000,
46,180,4580000,
46,180,4590000,
46,180,4600000,0.47279998660087585
46,180,4610000,
46,180,4620000,
46,180,4630000,
46,180,4640000,
46,180,4650000,
46,180,4660000,
46,180,4670000,
46,180,4680000,
46,180,4690000,
46,180,4700000,0.5367000102996826
46,180,4710000,
46,180,4720000,
46,180,4730000,
46,180,4740000,
46,180,4750000,
46,180,4760000,
46,180,4770000,
46,180,4780000,
46,180,4790000,
46,180,4800000,0.5047000050544739
46,180,4810000,
46,180,4820000,
46,180,4830000,
46,180,4840000,
46,180,4850000,
46,180,4860000,
46,180,4870000,
46,180,4880000,
46,180,4890000,
46,180,4900000,0.5507000088691711
46,180,4910000,
46,180,4920000,
46,180,4930000,
46,180,4940000,
46,180,4950000,
46,180,4960000,
46,180,4970000,
46,180,4980000,
46,180,4990000,
46,180,5000000,0.54339998960495
46,200,1,0.0
46,200,10000,
46,200,20000,
46,200,30000,
46,200,40000,
46,200,50000,
46,200,60000,
46,200,70000,
46,200,80000,
46,200,90000,
46,200,100000,0.0
46,200,110000,
46,200,120000,
46,200,130000,
46,200,140000,
46,200,150000,
46,200,160000,
46,200,170000,
46,200,180000,
46,200,190000,
46,200,200000,0.0
46,200,210000,
46,200,220000,
46,200,230000,
46,200,240000,
46,200,250000,
46,200,260000,
46,200,270000,
46,200,280000,
46,200,290000,
46,200,300000,0.0006000000284984708
46,200,310000,
46,200,320000,
46,200,330000,
46,200,340000,
46,200,350000,
46,200,360000,
46,200,370000,
46,200,380000,
46,200,390000,
46,200,400000,0.0013000000035390258
46,200,410000,
46,200,420000,
46,200,430000,
46,200,440000,
46,200,450000,
46,200,460000,
46,200,470000,
46,200,480000,
46,200,490000,
46,200,500000,0.0038999998942017555
46,200,510000,
46,200,520000,
46,200,530000,
46,200,540000,
46,200,550000,
46,200,560000,
46,200,570000,
46,200,580000,
46,200,590000,
46,200,600000,0.008200000040233135
46,200,610000,
46,200,620000,
46,200,630000,
46,200,640000,
46,200,650000,
46,200,660000,
46,200,670000,
46,200,680000,
46,200,690000,
46,200,700000,0.01209999993443489
46,200,710000,
46,200,720000,
46,200,730000,
46,200,740000,
46,200,750000,
46,200,760000,
46,200,770000,
46,200,780000,
46,200,790000,
46,200,800000,0.01940000057220459
46,200,810000,
46,200,820000,
46,200,830000,
46,200,840000,
46,200,850000,
46,200,860000,
46,200,870000,
46,200,880000,
46,200,890000,
46,200,900000,0.024700000882148743
46,200,910000,
46,200,920000,
46,200,930000,
46,200,940000,
46,200,950000,
46,200,960000,
46,200,970000,
46,200,980000,
46,200,990000,
46,200,1000000,0.03550000116229057
46,200,1010000,
46,200,1020000,
46,200,1030000,
46,200,1040000,
46,200,1050000,
46,200,1060000,
46,200,1070000,
46,200,1080000,
46,200,1090000,
46,200,1100000,0.05339999869465828
46,200,1110000,
46,200,1120000,
46,200,1130000,
46,200,1140000,
46,200,1150000,
46,200,1160000,
46,200,1170000,
46,200,1180000,
46,200,1190000,
46,200,1200000,0.05909999832510948
46,200,1210000,
46,200,1220000,
46,200,1230000,
46,200,1240000,
46,200,1250000,
46,200,1260000,
46,200,1270000,
46,200,1280000,
46,200,1290000,
46,200,1300000,0.08380000293254852
46,200,1310000,
46,200,1320000,
46,200,1330000,
46,200,1340000,
46,200,1350000,
46,200,1360000,
46,200,1370000,
46,200,1380000,
46,200,1390000,
46,200,1400000,0.0997999981045723
46,200,1410000,
46,200,1420000,
46,200,1430000,
46,200,1440000,
46,200,1450000,
46,200,1460000,
46,200,1470000,
46,200,1480000,
46,200,1490000,
46,200,1500000,0.12269999831914902
46,200,1510000,
46,200,1520000,
46,200,1530000,
46,200,1540000,
46,200,1550000,
46,200,1560000,
46,200,1570000,
46,200,1580000,
46,200,1590000,
46,200,1600000,0.12409999966621399
46,200,1610000,
46,200,1620000,
46,200,1630000,
46,200,1640000,
46,200,1650000,
46,200,1660000,
46,200,1670000,
46,200,1680000,
46,200,1690000,
46,200,1700000,0.1371999979019165
46,200,1710000,
46,200,1720000,
46,200,1730000,
46,200,1740000,
46,200,1750000,
46,200,1760000,
46,200,1770000,
46,200,1780000,
46,200,1790000,
46,200,1800000,0.15469999611377716
46,200,1810000,
46,200,1820000,
46,200,1830000,
46,200,1840000,
46,200,1850000,
46,200,1860000,
46,200,1870000,
46,200,1880000,
46,200,1890000,
46,200,1900000,0.186599999666214
46,200,1910000,
46,200,1920000,
46,200,1930000,
46,200,1940000,
46,200,1950000,
46,200,1960000,
46,200,1970000,
46,200,1980000,
46,200,1990000,
46,200,2000000,0.18410000205039978
46,200,2010000,
46,200,2020000,
46,200,2030000,
46,200,2040000,
46,200,2050000,
46,200,2060000,
46,200,2070000,
46,200,2080000,
46,200,2090000,
46,200,2100000,0.193900004029274
46,200,2110000,
46,200,2120000,
46,200,2130000,
46,200,2140000,
46,200,2150000,
46,200,2160000,
46,200,2170000,
46,200,2180000,
46,200,2190000,
46,200,2200000,0.21870000660419464
46,200,2210000,
46,200,2220000,
46,200,2230000,
46,200,2240000,
46,200,2250000,
46,200,2260000,
46,200,2270000,
46,200,2280000,
46,200,2290000,
46,200,2300000,0.25369998812675476
46,200,2310000,
46,200,2320000,
46,200,2330000,
46,200,2340000,
46,200,2350000,
46,200,2360000,
46,200,2370000,
46,200,2380000,
46,200,2390000,
46,200,2400000,0.2572000026702881
46,200,2410000,
46,200,2420000,
46,200,2430000,
46,200,2440000,
46,200,2450000,
46,200,2460000,
46,200,2470000,
46,200,2480000,
46,200,2490000,
46,200,2500000,0.27559998631477356
46,200,2510000,
46,200,2520000,
46,200,2530000,
46,200,2540000,
46,200,2550000,
46,200,2560000,
46,200,2570000,
46,200,2580000,
46,200,2590000,
46,200,2600000,0.27570000290870667
46,200,2610000,
46,200,2620000,
46,200,2630000,
46,200,2640000,
46,200,2650000,
46,200,2660000,
46,200,2670000,
46,200,2680000,
46,200,2690000,
46,200,2700000,0.275299996137619
46,200,2710000,
46,200,2720000,
46,200,2730000,
46,200,2740000,
46,200,2750000,
46,200,2760000,
46,200,2770000,
46,200,2780000,
46,200,2790000,
46,200,2800000,0.296099990606308
46,200,2810000,
46,200,2820000,
46,200,2830000,
46,200,2840000,
46,200,2850000,
46,200,2860000,
46,200,2870000,
46,200,2880000,
46,200,2890000,
46,200,2900000,0.3147999942302704
46,200,2910000,
46,200,2920000,
46,200,2930000,
46,200,2940000,
46,200,2950000,
46,200,2960000,
46,200,2970000,
46,200,2980000,
46,200,2990000,
46,200,3000000,0.3203999996185303
46,200,3010000,
46,200,3020000,
46,200,3030000,
46,200,3040000,
46,200,3050000,
46,200,3060000,
46,200,3070000,
46,200,3080000,
46,200,3090000,
46,200,3100000,0.35109999775886536
46,200,3110000,
46,200,3120000,
46,200,3130000,
46,200,3140000,
46,200,3150000,
46,200,3160000,
46,200,3170000,
46,200,3180000,
46,200,3190000,
46,200,3200000,0.3133000135421753
46,200,3210000,
46,200,3220000,
46,200,3230000,
46,200,3240000,
46,200,3250000,
46,200,3260000,
46,200,3270000,
46,200,3280000,
46,200,3290000,
46,200,3300000,0.3580999970436096
46,200,3310000,
46,200,3320000,
46,200,3330000,
46,200,3340000,
46,200,3350000,
46,200,3360000,
46,200,3370000,
46,200,3380000,
46,200,3390000,
46,200,3400000,0.37459999322891235
46,200,3410000,
46,200,3420000,
46,200,3430000,
46,200,3440000,
46,200,3450000,
46,200,3460000,
46,200,3470000,
46,200,3480000,
46,200,3490000,
46,200,3500000,0.367000013589859
46,200,3510000,
46,200,3520000,
46,200,3530000,
46,200,3540000,
46,200,3550000,
46,200,3560000,
46,200,3570000,
46,200,3580000,
46,200,3590000,
46,200,3600000,0.36739999055862427
46,200,3610000,
46,200,3620000,
46,200,3630000,
46,200,3640000,
46,200,3650000,
46,200,3660000,
46,200,3670000,
46,200,3680000,
46,200,3690000,
46,200,3700000,0.4106999933719635
46,200,3710000,
46,200,3720000,
46,200,3730000,
46,200,3740000,
46,200,3750000,
46,200,3760000,
46,200,3770000,
46,200,3780000,
46,200,3790000,
46,200,3800000,0.4106000065803528
46,200,3810000,
46,200,3820000,
46,200,3830000,
46,200,3840000,
46,200,3850000,
46,200,3860000,
46,200,3870000,
46,200,3880000,
46,200,3890000,
46,200,3900000,0.4090999960899353
46,200,3910000,
46,200,3920000,
46,200,3930000,
46,200,3940000,
46,200,3950000,
46,200,3960000,
46,200,3970000,
46,200,3980000,
46,200,3990000,
46,200,4000000,0.4296000003814697
46,200,4010000,
46,200,4020000,
46,200,4030000,
46,200,4040000,
46,200,4050000,
46,200,4060000,
46,200,4070000,
46,200,4080000,
46,200,4090000,
46,200,4100000,0.3912999927997589
46,200,4110000,
46,200,4120000,
46,200,4130000,
46,200,4140000,
46,200,4150000,
46,200,4160000,
46,200,4170000,
46,200,4180000,
46,200,4190000,
46,200,4200000,0.43630000948905945
46,200,4210000,
46,200,4220000,
46,200,4230000,
46,200,4240000,
46,200,4250000,
46,200,4260000,
46,200,4270000,
46,200,4280000,
46,200,4290000,
46,200,4300000,0.4047999978065491
46,200,4310000,
46,200,4320000,
46,200,4330000,
46,200,4340000,
46,200,4350000,
46,200,4360000,
46,200,4370000,
46,200,4380000,
46,200,4390000,
46,200,4400000,0.39089998602867126
46,200,4410000,
46,200,4420000,
46,200,4430000,
46,200,4440000,
46,200,4450000,
46,200,4460000,
46,200,4470000,
46,200,4480000,
46,200,4490000,
46,200,4500000,0.4478999972343445
46,200,4510000,
46,200,4520000,
46,200,4530000,
46,200,4540000,
46,200,4550000,
46,200,4560000,
46,200,4570000,
46,200,4580000,
46,200,4590000,
46,200,4600000,0.42969998717308044
46,200,4610000,
46,200,4620000,
46,200,4630000,
46,200,4640000,
46,200,4650000,
46,200,4660000,
46,200,4670000,
46,200,4680000,
46,200,4690000,
46,200,4700000,0.4878000020980835
46,200,4710000,
46,200,4720000,
46,200,4730000,
46,200,4740000,
46,200,4750000,
46,200,4760000,
46,200,4770000,
46,200,4780000,
46,200,4790000,
46,200,4800000,0.4853000044822693
46,200,4810000,
46,200,4820000,
46,200,4830000,
46,200,4840000,
46,200,4850000,
46,200,4860000,
46,200,4870000,
46,200,4880000,
46,200,4890000,
46,200,4900000,0.49239999055862427
46,200,4910000,
46,200,4920000,
46,200,4930000,
46,200,4940000,
46,200,4950000,
46,200,4960000,
46,200,4970000,
46,200,4980000,
46,200,4990000,
46,200,5000000,0.4546000063419342
