d_lat,seed,step,mem_full,mem_sig,mem_null,nn_full,nn_sig,logged,fresh_full,fresh_sig,fresh_null,full_copy_full,full_copy_sig,full_copy_null,sig_copy_full,sig_copy_sig,sig_copy_null
10,42,50000,0.0,0.005200000014156103,0.0031999999191612005,0.8832694292068481,0.826734185218811,0.0,0.0,0.00419999985024333,0.004000000189989805,0.6758000254631042,0.5568000078201294,0.03519999980926514,0.006800000090152025,0.5568000078201294,0.00279999990016222
10,42,100000,0.00019999999494757503,0.007000000216066837,0.003000000026077032,0.8654096722602844,0.8139333724975586,0.00019999999494757503,0.0,0.00419999985024333,0.004000000189989805,0.6758000254631042,0.5568000078201294,0.03519999980926514,0.006800000090152025,0.5568000078201294,0.00279999990016222
10,42,150000,0.002400000113993883,0.010599999688565731,0.00279999990016222,0.8497883081436157,0.8077571988105774,0.002400000113993883,0.0,0.00419999985024333,0.004000000189989805,0.6758000254631042,0.5568000078201294,0.03519999980926514,0.006800000090152025,0.5568000078201294,0.00279999990016222
10,42,200000,0.003800000064074993,0.013000000268220901,0.003599999938160181,0.8356074094772339,0.7919296026229858,0.003800000064074993,0.0,0.00419999985024333,0.004000000189989805,0.6758000254631042,0.5568000078201294,0.03519999980926514,0.006800000090152025,0.5568000078201294,0.00279999990016222
10,42,250000,0.007600000128149986,0.022199999541044235,0.003800000064074993,0.81421959400177,0.779251754283905,0.007600000128149986,0.0,0.00419999985024333,0.004000000189989805,0.6758000254631042,0.5568000078201294,0.03519999980926514,0.006800000090152025,0.5568000078201294,0.00279999990016222
10,42,300000,0.013000000268220901,0.024000000208616257,0.003800000064074993,0.8006742596626282,0.7743485569953918,0.013000000268220901,0.0,0.00419999985024333,0.004000000189989805,0.6758000254631042,0.5568000078201294,0.03519999980926514,0.006800000090152025,0.5568000078201294,0.00279999990016222
10,42,350000,0.014800000004470348,0.027400000020861626,0.004600000102072954,0.7919151186943054,0.766101062297821,0.014800000004470348,0.0,0.00419999985024333,0.004000000189989805,0.6758000254631042,0.5568000078201294,0.03519999980926514,0.006800000090152025,0.5568000078201294,0.00279999990016222
10,42,400000,0.019200000911951065,0.02979999966919422,0.005799999926239252,0.7755782008171082,0.7559035420417786,0.019200000911951065,0.0,0.00419999985024333,0.004000000189989805,0.6758000254631042,0.5568000078201294,0.03519999980926514,0.006800000090152025,0.5568000078201294,0.00279999990016222
10,42,450000,0.026799999177455902,0.041200000792741776,0.004399999976158142,0.7650811672210693,0.7451821565628052,0.026799999177455902,0.0,0.00419999985024333,0.004000000189989805,0.6758000254631042,0.5568000078201294,0.03519999980926514,0.006800000090152025,0.5568000078201294,0.00279999990016222
10,42,500000,0.02979999966919422,0.041600000113248825,0.00559999980032444,0.7614458799362183,0.7415231466293335,0.02979999966919422,0.0,0.00419999985024333,0.004000000189989805,0.6758000254631042,0.5568000078201294,0.03519999980926514,0.006800000090152025,0.5568000078201294,0.00279999990016222
10,42,550000,0.03680000081658363,0.04699999839067459,0.004800000227987766,0.7474298477172852,0.7379292249679565,0.03680000081658363,0.0,0.00419999985024333,0.004000000189989805,0.6758000254631042,0.5568000078201294,0.03519999980926514,0.006800000090152025,0.5568000078201294,0.00279999990016222
10,42,600000,0.03359999880194664,0.049400001764297485,0.004399999976158142,0.7496194839477539,0.7342105507850647,0.03359999880194664,0.0,0.00419999985024333,0.004000000189989805,0.6758000254631042,0.5568000078201294,0.03519999980926514,0.006800000090152025,0.5568000078201294,0.00279999990016222
10,42,650000,0.04540000110864639,0.055799998342990875,0.005400000140070915,0.7351571321487427,0.7232117056846619,0.04540000110864639,0.0,0.00419999985024333,0.004000000189989805,0.6758000254631042,0.5568000078201294,0.03519999980926514,0.006800000090152025,0.5568000078201294,0.00279999990016222
10,42,700000,0.04780000075697899,0.05920000001788139,0.007600000128149986,0.7372110486030579,0.724615752696991,0.04780000075697899,0.0,0.00419999985024333,0.004000000189989805,0.6758000254631042,0.5568000078201294,0.03519999980926514,0.006800000090152025,0.5568000078201294,0.00279999990016222
10,42,750000,0.054999999701976776,0.06260000169277191,0.004800000227987766,0.7224445343017578,0.7151761651039124,0.054999999701976776,0.0,0.00419999985024333,0.004000000189989805,0.6758000254631042,0.5568000078201294,0.03519999980926514,0.006800000090152025,0.5568000078201294,0.00279999990016222
10,42,800000,0.05079999938607216,0.06260000169277191,0.006200000178068876,0.7229751944541931,0.7140476703643799,0.05079999938607216,0.0,0.00419999985024333,0.004000000189989805,0.6758000254631042,0.5568000078201294,0.03519999980926514,0.006800000090152025,0.5568000078201294,0.00279999990016222
10,42,850000,0.05660000070929527,0.06700000166893005,0.005400000140070915,0.7207197546958923,0.7111631035804749,0.05660000070929527,0.0,0.00419999985024333,0.004000000189989805,0.6758000254631042,0.5568000078201294,0.03519999980926514,0.006800000090152025,0.5568000078201294,0.00279999990016222
10,42,900000,0.06199999898672104,0.07660000026226044,0.004800000227987766,0.7117257118225098,0.705305814743042,0.06199999898672104,0.0,0.00419999985024333,0.004000000189989805,0.6758000254631042,0.5568000078201294,0.03519999980926514,0.006800000090152025,0.5568000078201294,0.00279999990016222
10,42,950000,0.0658000037074089,0.07320000231266022,0.00860000029206276,0.7028970718383789,0.6996831893920898,0.0658000037074089,0.0,0.00419999985024333,0.004000000189989805,0.6758000254631042,0.5568000078201294,0.03519999980926514,0.006800000090152025,0.5568000078201294,0.00279999990016222
10,42,1000000,0.06719999760389328,0.07739999890327454,0.006800000090152025,0.7007447481155396,0.6939666271209717,0.06719999760389328,0.0,0.00419999985024333,0.004000000189989805,0.6758000254631042,0.5568000078201294,0.03519999980926514,0.006800000090152025,0.5568000078201294,0.00279999990016222
10,42,1250000,0.08640000224113464,0.09359999746084213,0.009999999776482582,0.6878551244735718,0.683546781539917,0.08640000224113464,0.0,0.00419999985024333,0.004000000189989805,0.6758000254631042,0.5568000078201294,0.03519999980926514,0.006800000090152025,0.5568000078201294,0.00279999990016222
10,42,1500000,0.09059999883174896,0.10100000351667404,0.009999999776482582,0.681618869304657,0.6780940294265747,0.09059999883174896,0.0,0.00419999985024333,0.004000000189989805,0.6758000254631042,0.5568000078201294,0.03519999980926514,0.006800000090152025,0.5568000078201294,0.00279999990016222
10,42,1750000,0.09880000352859497,0.1096000000834465,0.008999999612569809,0.6667094826698303,0.6653090715408325,0.09880000352859497,0.0,0.00419999985024333,0.004000000189989805,0.6758000254631042,0.5568000078201294,0.03519999980926514,0.006800000090152025,0.5568000078201294,0.00279999990016222
10,42,2000000,0.10899999737739563,0.1151999980211258,0.007799999788403511,0.6649088859558105,0.6659978628158569,0.10899999737739563,0.0,0.00419999985024333,0.004000000189989805,0.6758000254631042,0.5568000078201294,0.03519999980926514,0.006800000090152025,0.5568000078201294,0.00279999990016222
10,42,2250000,0.1225999966263771,0.13840000331401825,0.007000000216066837,0.6475089192390442,0.6451873779296875,0.1225999966263771,0.0,0.00419999985024333,0.004000000189989805,0.6758000254631042,0.5568000078201294,0.03519999980926514,0.006800000090152025,0.5568000078201294,0.00279999990016222
10,42,2500000,0.1265999972820282,0.13220000267028809,0.009399999864399433,0.6497137546539307,0.6489348411560059,0.1265999972820282,0.0,0.00419999985024333,0.004000000189989805,0.6758000254631042,0.5568000078201294,0.03519999980926514,0.006800000090152025,0.5568000078201294,0.00279999990016222
10,42,2750000,0.133200004696846,0.13339999318122864,0.007799999788403511,0.6401363015174866,0.6432796120643616,0.133200004696846,0.0,0.00419999985024333,0.004000000189989805,0.6758000254631042,0.5568000078201294,0.03519999980926514,0.006800000090152025,0.5568000078201294,0.00279999990016222
10,42,3000000,0.13439999520778656,0.1324000060558319,0.008799999952316284,0.6371613144874573,0.6386229395866394,0.13439999520778656,0.0,0.00419999985024333,0.004000000189989805,0.6758000254631042,0.5568000078201294,0.03519999980926514,0.006800000090152025,0.5568000078201294,0.00279999990016222
10,42,3250000,0.14419999718666077,0.14740000665187836,0.009999999776482582,0.6358142495155334,0.6372647881507874,0.14419999718666077,0.0,0.00419999985024333,0.004000000189989805,0.6758000254631042,0.5568000078201294,0.03519999980926514,0.006800000090152025,0.5568000078201294,0.00279999990016222
10,42,3500000,0.1371999979019165,0.1451999992132187,0.01119999960064888,0.629967451095581,0.6333490014076233,0.1371999979019165,0.0,0.00419999985024333,0.004000000189989805,0.6758000254631042,0.5568000078201294,0.03519999980926514,0.006800000090152025,0.5568000078201294,0.00279999990016222
10,42,3750000,0.14920000731945038,0.14980000257492065,0.009800000116229057,0.6250185370445251,0.6303855180740356,0.14920000731945038,0.0,0.00419999985024333,0.004000000189989805,0.6758000254631042,0.5568000078201294,0.03519999980926514,0.006800000090152025,0.5568000078201294,0.00279999990016222
10,42,4000000,0.1599999964237213,0.15520000457763672,0.010400000028312206,0.6185544729232788,0.6249882578849792,0.1599999964237213,0.0,0.00419999985024333,0.004000000189989805,0.6758000254631042,0.5568000078201294,0.03519999980926514,0.006800000090152025,0.5568000078201294,0.00279999990016222
10,42,4250000,0.15860000252723694,0.15800000727176666,0.010599999688565731,0.6188377141952515,0.6245067119598389,0.15860000252723694,0.0,0.00419999985024333,0.004000000189989805,0.6758000254631042,0.5568000078201294,0.03519999980926514,0.006800000090152025,0.5568000078201294,0.00279999990016222
10,42,4500000,0.15060000121593475,0.15240000188350677,0.010400000028312206,0.6189468502998352,0.624843955039978,0.15060000121593475,0.0,0.00419999985024333,0.004000000189989805,0.6758000254631042,0.5568000078201294,0.03519999980926514,0.006800000090152025,0.5568000078201294,0.00279999990016222
10,42,4750000,0.1664000004529953,0.16019999980926514,0.012000000104308128,0.612118661403656,0.6195052862167358,0.1664000004529953,0.0,0.00419999985024333,0.004000000189989805,0.6758000254631042,0.5568000078201294,0.03519999980926514,0.006800000090152025,0.5568000078201294,0.00279999990016222
10,42,5000000,0.16660000383853912,0.16740000247955322,0.013799999840557575,0.6131179332733154,0.6189432144165039,0.16660000383853912,0.0,0.00419999985024333,0.004000000189989805,0.6758000254631042,0.5568000078201294,0.03519999980926514,0.006800000090152025,0.5568000078201294,0.00279999990016222
10,43,50000,0.0,0.004600000102072954,0.004800000227987766,0.8817443251609802,0.8238531351089478,0.0,0.0,0.004999999888241291,0.004399999976158142,0.7117999792098999,0.5902000069618225,0.039400000125169754,0.008200000040233135,0.5902000069618225,0.003800000064074993
10,43,100000,0.00019999999494757503,0.008799999952316284,0.00419999985024333,0.8648366928100586,0.811894953250885,0.00019999999494757503,0.0,0.004999999888241291,0.004399999976158142,0.7117999792098999,0.5902000069618225,0.039400000125169754,0.008200000040233135,0.5902000069618225,0.003800000064074993
10,43,150000,0.00139999995008111,0.009200000204145908,0.003800000064074993,0.8453750014305115,0.8011247515678406,0.00139999995008111,0.0,0.004999999888241291,0.004399999976158142,0.7117999792098999,0.5902000069618225,0.039400000125169754,0.008200000040233135,0.5902000069618225,0.003800000064074993
10,43,200000,0.0031999999191612005,0.012199999764561653,0.006000000052154064,0.8295974731445312,0.7890613079071045,0.0031999999191612005,0.0,0.004999999888241291,0.004399999976158142,0.7117999792098999,0.5902000069618225,0.039400000125169754,0.008200000040233135,0.5902000069618225,0.003800000064074993
10,43,250000,0.00559999980032444,0.018400000408291817,0.004000000189989805,0.8123908042907715,0.7795010209083557,0.00559999980032444,0.0,0.004999999888241291,0.004399999976158142,0.7117999792098999,0.5902000069618225,0.039400000125169754,0.008200000040233135,0.5902000069618225,0.003800000064074993
10,43,300000,0.00839999970048666,0.023000000044703484,0.0034000000450760126,0.7983383536338806,0.7719376683235168,0.00839999970048666,0.0,0.004999999888241291,0.004399999976158142,0.7117999792098999,0.5902000069618225,0.039400000125169754,0.008200000040233135,0.5902000069618225,0.003800000064074993
10,43,350000,0.015799999237060547,0.029200000688433647,0.005799999926239252,0.7805853486061096,0.7602150440216064,0.015799999237060547,0.0,0.004999999888241291,0.004399999976158142,0.7117999792098999,0.5902000069618225,0.039400000125169754,0.008200000040233135,0.5902000069618225,0.003800000064074993
10,43,400000,0.021800000220537186,0.03739999979734421,0.00800000037997961,0.7691074013710022,0.7459871172904968,0.021800000220537186,0.0,0.004999999888241291,0.004399999976158142,0.7117999792098999,0.5902000069618225,0.039400000125169754,0.008200000040233135,0.5902000069618225,0.003800000064074993
10,43,450000,0.02539999969303608,0.04259999841451645,0.004999999888241291,0.762580931186676,0.740230143070221,0.02539999969303608,0.0,0.004999999888241291,0.004399999976158142,0.7117999792098999,0.5902000069618225,0.039400000125169754,0.008200000040233135,0.5902000069618225,0.003800000064074993
10,43,500000,0.029400000348687172,0.04699999839067459,0.005400000140070915,0.7515379190444946,0.7349787354469299,0.029400000348687172,0.0,0.004999999888241291,0.004399999976158142,0.7117999792098999,0.5902000069618225,0.039400000125169754,0.008200000040233135,0.5902000069618225,0.003800000064074993
10,43,550000,0.04019999876618385,0.05119999870657921,0.005799999926239252,0.7406333088874817,0.7271743416786194,0.04019999876618385,0.0,0.004999999888241291,0.004399999976158142,0.7117999792098999,0.5902000069618225,0.039400000125169754,0.008200000040233135,0.5902000069618225,0.003800000064074993
10,43,600000,0.041600000113248825,0.05400000140070915,0.007000000216066837,0.7391520142555237,0.7264360785484314,0.041600000113248825,0.0,0.004999999888241291,0.004399999976158142,0.7117999792098999,0.5902000069618225,0.039400000125169754,0.008200000040233135,0.5902000069618225,0.003800000064074993
10,43,650000,0.04800000041723251,0.06159999966621399,0.006200000178068876,0.7291210293769836,0.7149937748908997,0.04800000041723251,0.0,0.004999999888241291,0.004399999976158142,0.7117999792098999,0.5902000069618225,0.039400000125169754,0.008200000040233135,0.5902000069618225,0.003800000064074993
10,43,700000,0.05119999870657921,0.07020000368356705,0.007400000002235174,0.719726026058197,0.7092573046684265,0.05119999870657921,0.0,0.004999999888241291,0.004399999976158142,0.7117999792098999,0.5902000069618225,0.039400000125169754,0.008200000040233135,0.5902000069618225,0.003800000064074993
10,43,750000,0.0551999993622303,0.0674000009894371,0.006200000178068876,0.7139803767204285,0.7058422565460205,0.0551999993622303,0.0,0.004999999888241291,0.004399999976158142,0.7117999792098999,0.5902000069618225,0.039400000125169754,0.008200000040233135,0.5902000069618225,0.003800000064074993
10,43,800000,0.06520000100135803,0.07519999891519547,0.005799999926239252,0.7060271501541138,0.6990299820899963,0.06520000100135803,0.0,0.004999999888241291,0.004399999976158142,0.7117999792098999,0.5902000069618225,0.039400000125169754,0.008200000040233135,0.5902000069618225,0.003800000064074993
10,43,850000,0.06340000033378601,0.07859999686479568,0.00860000029206276,0.7072064280509949,0.6963877081871033,0.06340000033378601,0.0,0.004999999888241291,0.004399999976158142,0.7117999792098999,0.5902000069618225,0.039400000125169754,0.008200000040233135,0.5902000069618225,0.003800000064074993
10,43,900000,0.058800000697374344,0.07859999686479568,0.006399999838322401,0.7012303471565247,0.6956653594970703,0.058800000697374344,0.0,0.004999999888241291,0.004399999976158142,0.7117999792098999,0.5902000069618225,0.039400000125169754,0.008200000040233135,0.5902000069618225,0.003800000064074993
10,43,950000,0.07259999960660934,0.08720000088214874,0.005799999926239252,0.6954520344734192,0.6883313655853271,0.07259999960660934,0.0,0.004999999888241291,0.004399999976158142,0.7117999792098999,0.5902000069618225,0.039400000125169754,0.008200000040233135,0.5902000069618225,0.003800000064074993
10,43,1000000,0.07900000363588333,0.09560000151395798,0.00860000029206276,0.6878823041915894,0.6835169196128845,0.07900000363588333,0.0,0.004999999888241291,0.004399999976158142,0.7117999792098999,0.5902000069618225,0.039400000125169754,0.008200000040233135,0.5902000069618225,0.003800000064074993
10,43,1250000,0.08780000358819962,0.0966000035405159,0.009800000116229057,0.6840394139289856,0.6800508499145508,0.08780000358819962,0.0,0.004999999888241291,0.004399999976158142,0.7117999792098999,0.5902000069618225,0.039400000125169754,0.008200000040233135,0.5902000069618225,0.003800000064074993
10,43,1500000,0.09759999811649323,0.11219999939203262,0.008799999952316284,0.6675108075141907,0.6640611290931702,0.09759999811649323,0.0,0.004999999888241291,0.004399999976158142,0.7117999792098999,0.5902000069618225,0.039400000125169754,0.008200000040233135,0.5902000069618225,0.003800000064074993
10,43,1750000,0.10119999945163727,0.1128000020980835,0.008200000040233135,0.6627040505409241,0.6621006727218628,0.10119999945163727,0.0,0.004999999888241291,0.004399999976158142,0.7117999792098999,0.5902000069618225,0.039400000125169754,0.008200000040233135,0.5902000069618225,0.003800000064074993
10,43,2000000,0.11339999735355377,0.1234000027179718,0.008799999952316284,0.6548203229904175,0.6513248085975647,0.11339999735355377,0.0,0.004999999888241291,0.004399999976158142,0.7117999792098999,0.5902000069618225,0.039400000125169754,0.008200000040233135,0.5902000069618225,0.003800000064074993
10,43,2250000,0.11540000140666962,0.13040000200271606,0.006599999964237213,0.6498001217842102,0.6484873294830322,0.11540000140666962,0.0,0.004999999888241291,0.004399999976158142,0.7117999792098999,0.5902000069618225,0.039400000125169754,0.008200000040233135,0.5902000069618225,0.003800000064074993
10,43,2500000,0.12280000001192093,0.1281999945640564,0.010599999688565731,0.6430016756057739,0.6412208080291748,0.12280000001192093,0.0,0.004999999888241291,0.004399999976158142,0.7117999792098999,0.5902000069618225,0.039400000125169754,0.008200000040233135,0.5902000069618225,0.003800000064074993
10,43,2750000,0.13359999656677246,0.14100000262260437,0.009399999864399433,0.6352623701095581,0.6383111476898193,0.13359999656677246,0.0,0.004999999888241291,0.004399999976158142,0.7117999792098999,0.5902000069618225,0.039400000125169754,0.008200000040233135,0.5902000069618225,0.003800000064074993
10,43,3000000,0.14419999718666077,0.14740000665187836,0.009200000204145908,0.6304696202278137,0.6338886618614197,0.14419999718666077,0.0,0.004999999888241291,0.004399999976158142,0.7117999792098999,0.5902000069618225,0.039400000125169754,0.008200000040233135,0.5902000069618225,0.003800000064074993
10,43,3250000,0.147599995136261,0.15279999375343323,0.010200000368058681,0.6263290047645569,0.6239761710166931,0.147599995136261,0.0,0.004999999888241291,0.004399999976158142,0.7117999792098999,0.5902000069618225,0.039400000125169754,0.008200000040233135,0.5902000069618225,0.003800000064074993
10,43,3500000,0.14900000393390656,0.15060000121593475,0.009800000116229057,0.6227610111236572,0.623290479183197,0.14900000393390656,0.0,0.004999999888241291,0.004399999976158142,0.7117999792098999,0.5902000069618225,0.039400000125169754,0.008200000040233135,0.5902000069618225,0.003800000064074993
10,43,3750000,0.15219999849796295,0.15760000050067902,0.01080000028014183,0.6223713755607605,0.6236298680305481,0.15219999849796295,0.0,0.004999999888241291,0.004399999976158142,0.7117999792098999,0.5902000069618225,0.039400000125169754,0.008200000040233135,0.5902000069618225,0.003800000064074993
10,43,4000000,0.1664000004529953,0.16539999842643738,0.013799999840557575,0.6086257696151733,0.6171494126319885,0.1664000004529953,0.0,0.004999999888241291,0.004399999976158142,0.7117999792098999,0.5902000069618225,0.039400000125169754,0.008200000040233135,0.5902000069618225,0.003800000064074993
10,43,4250000,0.16660000383853912,0.1712000072002411,0.009999999776482582,0.6057549715042114,0.6138564348220825,0.16660000383853912,0.0,0.004999999888241291,0.004399999976158142,0.7117999792098999,0.5902000069618225,0.039400000125169754,0.008200000040233135,0.5902000069618225,0.003800000064074993
10,43,4500000,0.15600000321865082,0.15000000596046448,0.01140000019222498,0.6118907332420349,0.6173213124275208,0.15600000321865082,0.0,0.004999999888241291,0.004399999976158142,0.7117999792098999,0.5902000069618225,0.039400000125169754,0.008200000040233135,0.5902000069618225,0.003800000064074993
10,43,4750000,0.18219999969005585,0.17839999496936798,0.009399999864399433,0.6011611223220825,0.60862797498703,0.18240000307559967,0.0,0.004999999888241291,0.004399999976158142,0.7117999792098999,0.5902000069618225,0.039400000125169754,0.008200000040233135,0.5902000069618225,0.003800000064074993
10,43,5000000,0.16660000383853912,0.17000000178813934,0.012000000104308128,0.6105899214744568,0.6144078969955444,0.16660000383853912,0.0,0.004999999888241291,0.004399999976158142,0.7117999792098999,0.5902000069618225,0.039400000125169754,0.008200000040233135,0.5902000069618225,0.003800000064074993
10,44,50000,0.0,0.005400000140070915,0.003800000064074993,0.8841961622238159,0.8252900242805481,0.0,0.0,0.0034000000450760126,0.004000000189989805,0.6812000274658203,0.5568000078201294,0.044199999421834946,0.00800000037997961,0.5568000078201294,0.006200000178068876
10,44,100000,0.0007999999797903001,0.007199999876320362,0.004800000227987766,0.8658442497253418,0.8128999471664429,0.0007999999797903001,0.0,0.0034000000450760126,0.004000000189989805,0.6812000274658203,0.5568000078201294,0.044199999421834946,0.00800000037997961,0.5568000078201294,0.006200000178068876
10,44,150000,0.002199999988079071,0.012600000016391277,0.004399999976158142,0.8493996262550354,0.8010099530220032,0.002199999988079071,0.0,0.0034000000450760126,0.004000000189989805,0.6812000274658203,0.5568000078201294,0.044199999421834946,0.00800000037997961,0.5568000078201294,0.006200000178068876
10,44,200000,0.003000000026077032,0.012199999764561653,0.00419999985024333,0.8308836221694946,0.7944779396057129,0.003000000026077032,0.0,0.0034000000450760126,0.004000000189989805,0.6812000274658203,0.5568000078201294,0.044199999421834946,0.00800000037997961,0.5568000078201294,0.006200000178068876
10,44,250000,0.008200000040233135,0.018400000408291817,0.005200000014156103,0.8146880865097046,0.7803226113319397,0.008200000040233135,0.0,0.0034000000450760126,0.004000000189989805,0.6812000274658203,0.5568000078201294,0.044199999421834946,0.00800000037997961,0.5568000078201294,0.006200000178068876
10,44,300000,0.012400000356137753,0.0272000003606081,0.004999999888241291,0.7977157831192017,0.7668587565422058,0.012400000356137753,0.0,0.0034000000450760126,0.004000000189989805,0.6812000274658203,0.5568000078201294,0.044199999421834946,0.00800000037997961,0.5568000078201294,0.006200000178068876
10,44,350000,0.014399999752640724,0.026799999177455902,0.003800000064074993,0.7870549559593201,0.7640911340713501,0.014399999752640724,0.0,0.0034000000450760126,0.004000000189989805,0.6812000274658203,0.5568000078201294,0.044199999421834946,0.00800000037997961,0.5568000078201294,0.006200000178068876
10,44,400000,0.020800000056624413,0.03519999980926514,0.00419999985024333,0.7765674591064453,0.7572689652442932,0.020800000056624413,0.0,0.0034000000450760126,0.004000000189989805,0.6812000274658203,0.5568000078201294,0.044199999421834946,0.00800000037997961,0.5568000078201294,0.006200000178068876
10,44,450000,0.026399999856948853,0.03880000114440918,0.005200000014156103,0.7637481689453125,0.745932936668396,0.026399999856948853,0.0,0.0034000000450760126,0.004000000189989805,0.6812000274658203,0.5568000078201294,0.044199999421834946,0.00800000037997961,0.5568000078201294,0.006200000178068876
10,44,500000,0.02800000086426735,0.043800000101327896,0.005799999926239252,0.7541316151618958,0.7355231642723083,0.02800000086426735,0.0,0.0034000000450760126,0.004000000189989805,0.6812000274658203,0.5568000078201294,0.044199999421834946,0.00800000037997961,0.5568000078201294,0.006200000178068876
10,44,550000,0.03500000014901161,0.05079999938607216,0.005799999926239252,0.7484323978424072,0.7356935739517212,0.03500000014901161,0.0,0.0034000000450760126,0.004000000189989805,0.6812000274658203,0.5568000078201294,0.044199999421834946,0.00800000037997961,0.5568000078201294,0.006200000178068876
10,44,600000,0.03500000014901161,0.050599999725818634,0.00559999980032444,0.7422671318054199,0.7284129858016968,0.03500000014901161,0.0,0.0034000000450760126,0.004000000189989805,0.6812000274658203,0.5568000078201294,0.044199999421834946,0.00800000037997961,0.5568000078201294,0.006200000178068876
10,44,650000,0.046799998730421066,0.05700000002980232,0.006399999838322401,0.7306874990463257,0.7195073366165161,0.046799998730421066,0.0,0.0034000000450760126,0.004000000189989805,0.6812000274658203,0.5568000078201294,0.044199999421834946,0.00800000037997961,0.5568000078201294,0.006200000178068876
10,44,700000,0.04259999841451645,0.06120000034570694,0.007400000002235174,0.7263587713241577,0.7163889408111572,0.04259999841451645,0.0,0.0034000000450760126,0.004000000189989805,0.6812000274658203,0.5568000078201294,0.044199999421834946,0.00800000037997961,0.5568000078201294,0.006200000178068876
10,44,750000,0.052000001072883606,0.06459999829530716,0.006000000052154064,0.7234593629837036,0.711630642414093,0.052000001072883606,0.0,0.0034000000450760126,0.004000000189989805,0.6812000274658203,0.5568000078201294,0.044199999421834946,0.00800000037997961,0.5568000078201294,0.006200000178068876
10,44,800000,0.049400001764297485,0.06360000371932983,0.006200000178068876,0.7147701978683472,0.7054094672203064,0.049400001764297485,0.0,0.0034000000450760126,0.004000000189989805,0.6812000274658203,0.5568000078201294,0.044199999421834946,0.00800000037997961,0.5568000078201294,0.006200000178068876
10,44,850000,0.05620000138878822,0.06679999828338623,0.007799999788403511,0.7158339619636536,0.7050577998161316,0.05620000138878822,0.0,0.0034000000450760126,0.004000000189989805,0.6812000274658203,0.5568000078201294,0.044199999421834946,0.00800000037997961,0.5568000078201294,0.006200000178068876
10,44,900000,0.058400001376867294,0.0722000002861023,0.008999999612569809,0.7126501798629761,0.7037174701690674,0.058400001376867294,0.0,0.0034000000450760126,0.004000000189989805,0.6812000274658203,0.5568000078201294,0.044199999421834946,0.00800000037997961,0.5568000078201294,0.006200000178068876
10,44,950000,0.06679999828338623,0.0843999981880188,0.007000000216066837,0.6981797218322754,0.6922042965888977,0.06679999828338623,0.0,0.0034000000450760126,0.004000000189989805,0.6812000274658203,0.5568000078201294,0.044199999421834946,0.00800000037997961,0.5568000078201294,0.006200000178068876
10,44,1000000,0.07440000027418137,0.08079999685287476,0.010999999940395355,0.7014293670654297,0.6979906558990479,0.07440000027418137,0.0,0.0034000000450760126,0.004000000189989805,0.6812000274658203,0.5568000078201294,0.044199999421834946,0.00800000037997961,0.5568000078201294,0.006200000178068876
10,44,1250000,0.08020000159740448,0.08780000358819962,0.008200000040233135,0.6845903992652893,0.6817074418067932,0.08020000159740448,0.0,0.0034000000450760126,0.004000000189989805,0.6812000274658203,0.5568000078201294,0.044199999421834946,0.00800000037997961,0.5568000078201294,0.006200000178068876
10,44,1500000,0.10499999672174454,0.11739999800920486,0.012000000104308128,0.6643498539924622,0.6593644022941589,0.10499999672174454,0.0,0.0034000000450760126,0.004000000189989805,0.6812000274658203,0.5568000078201294,0.044199999421834946,0.00800000037997961,0.5568000078201294,0.006200000178068876
10,44,1750000,0.10620000213384628,0.11299999803304672,0.010599999688565731,0.6582396626472473,0.6580234169960022,0.10620000213384628,0.0,0.0034000000450760126,0.004000000189989805,0.6812000274658203,0.5568000078201294,0.044199999421834946,0.00800000037997961,0.5568000078201294,0.006200000178068876
10,44,2000000,0.1103999987244606,0.11500000208616257,0.01080000028014183,0.6567028164863586,0.6598486304283142,0.1103999987244606,0.0,0.0034000000450760126,0.004000000189989805,0.6812000274658203,0.5568000078201294,0.044199999421834946,0.00800000037997961,0.5568000078201294,0.006200000178068876
10,44,2250000,0.11779999732971191,0.13359999656677246,0.009399999864399433,0.6451368927955627,0.6490768790245056,0.11779999732971191,0.0,0.0034000000450760126,0.004000000189989805,0.6812000274658203,0.5568000078201294,0.044199999421834946,0.00800000037997961,0.5568000078201294,0.006200000178068876
10,44,2500000,0.13120000064373016,0.13840000331401825,0.009399999864399433,0.6376510858535767,0.6372312307357788,0.13120000064373016,0.0,0.0034000000450760126,0.004000000189989805,0.6812000274658203,0.5568000078201294,0.044199999421834946,0.00800000037997961,0.5568000078201294,0.006200000178068876
10,44,2750000,0.1281999945640564,0.13500000536441803,0.0142000000923872,0.6343923211097717,0.6381778120994568,0.1281999945640564,0.0,0.0034000000450760126,0.004000000189989805,0.6812000274658203,0.5568000078201294,0.044199999421834946,0.00800000037997961,0.5568000078201294,0.006200000178068876
10,44,3000000,0.13220000267028809,0.1395999938249588,0.012000000104308128,0.6342523694038391,0.6393885016441345,0.13220000267028809,0.0,0.0034000000450760126,0.004000000189989805,0.6812000274658203,0.5568000078201294,0.044199999421834946,0.00800000037997961,0.5568000078201294,0.006200000178068876
10,44,3250000,0.14640000462532043,0.15839999914169312,0.012400000356137753,0.6233639717102051,0.6252050995826721,0.14640000462532043,0.0,0.0034000000450760126,0.004000000189989805,0.6812000274658203,0.5568000078201294,0.044199999421834946,0.00800000037997961,0.5568000078201294,0.006200000178068876
10,44,3500000,0.15240000188350677,0.15860000252723694,0.012000000104308128,0.6190894246101379,0.6247133612632751,0.15240000188350677,0.0,0.0034000000450760126,0.004000000189989805,0.6812000274658203,0.5568000078201294,0.044199999421834946,0.00800000037997961,0.5568000078201294,0.006200000178068876
10,44,3750000,0.1518000066280365,0.15080000460147858,0.01119999960064888,0.6183726191520691,0.6280978322029114,0.1518000066280365,0.0,0.0034000000450760126,0.004000000189989805,0.6812000274658203,0.5568000078201294,0.044199999421834946,0.00800000037997961,0.5568000078201294,0.006200000178068876
10,44,4000000,0.15139999985694885,0.1648000031709671,0.01360000018030405,0.6177218556404114,0.6206095814704895,0.15139999985694885,0.0,0.0034000000450760126,0.004000000189989805,0.6812000274658203,0.5568000078201294,0.044199999421834946,0.00800000037997961,0.5568000078201294,0.006200000178068876
10,44,4250000,0.15379999577999115,0.1599999964237213,0.010400000028312206,0.6165188550949097,0.6224671602249146,0.15379999577999115,0.0,0.0034000000450760126,0.004000000189989805,0.6812000274658203,0.5568000078201294,0.044199999421834946,0.00800000037997961,0.5568000078201294,0.006200000178068876
10,44,4500000,0.15639999508857727,0.1671999990940094,0.012000000104308128,0.6085705161094666,0.6167709827423096,0.15639999508857727,0.0,0.0034000000450760126,0.004000000189989805,0.6812000274658203,0.5568000078201294,0.044199999421834946,0.00800000037997961,0.5568000078201294,0.006200000178068876
10,44,4750000,0.16500000655651093,0.1632000058889389,0.0142000000923872,0.610885739326477,0.6175106763839722,0.16500000655651093,0.0,0.0034000000450760126,0.004000000189989805,0.6812000274658203,0.5568000078201294,0.044199999421834946,0.00800000037997961,0.5568000078201294,0.006200000178068876
10,44,5000000,0.17900000512599945,0.1777999997138977,0.013799999840557575,0.6009885668754578,0.6097747087478638,0.17900000512599945,0.0,0.0034000000450760126,0.004000000189989805,0.6812000274658203,0.5568000078201294,0.044199999421834946,0.00800000037997961,0.5568000078201294,0.006200000178068876
10,45,50000,0.0,0.006000000052154064,0.003800000064074993,0.8817427754402161,0.8237451910972595,0.0,0.00019999999494757503,0.004600000102072954,0.005200000014156103,0.7095999717712402,0.593999981880188,0.04320000112056732,0.00860000029206276,0.593999981880188,0.003000000026077032
10,45,100000,0.00019999999494757503,0.007000000216066837,0.006399999838322401,0.8649144768714905,0.8140344023704529,0.00019999999494757503,0.00019999999494757503,0.004600000102072954,0.005200000014156103,0.7095999717712402,0.593999981880188,0.04320000112056732,0.00860000029206276,0.593999981880188,0.003000000026077032
10,45,150000,0.002199999988079071,0.01080000028014183,0.006200000178068876,0.8491185307502747,0.8037704229354858,0.002199999988079071,0.00019999999494757503,0.004600000102072954,0.005200000014156103,0.7095999717712402,0.593999981880188,0.04320000112056732,0.00860000029206276,0.593999981880188,0.003000000026077032
10,45,200000,0.003599999938160181,0.014600000344216824,0.004600000102072954,0.8278781175613403,0.788875937461853,0.003599999938160181,0.00019999999494757503,0.004600000102072954,0.005200000014156103,0.7095999717712402,0.593999981880188,0.04320000112056732,0.00860000029206276,0.593999981880188,0.003000000026077032
10,45,250000,0.007400000002235174,0.020400000736117363,0.003599999938160181,0.8131210803985596,0.7796388864517212,0.007400000002235174,0.00019999999494757503,0.004600000102072954,0.005200000014156103,0.7095999717712402,0.593999981880188,0.04320000112056732,0.00860000029206276,0.593999981880188,0.003000000026077032
10,45,300000,0.010999999940395355,0.02419999986886978,0.003800000064074993,0.7980057001113892,0.7687267065048218,0.010999999940395355,0.00019999999494757503,0.004600000102072954,0.005200000014156103,0.7095999717712402,0.593999981880188,0.04320000112056732,0.00860000029206276,0.593999981880188,0.003000000026077032
10,45,350000,0.018200000748038292,0.033399999141693115,0.006800000090152025,0.7821453809738159,0.7526889443397522,0.018200000748038292,0.00019999999494757503,0.004600000102072954,0.005200000014156103,0.7095999717712402,0.593999981880188,0.04320000112056732,0.00860000029206276,0.593999981880188,0.003000000026077032
10,45,400000,0.02280000038444996,0.03539999946951866,0.007600000128149986,0.7748319506645203,0.7531980276107788,0.02280000038444996,0.00019999999494757503,0.004600000102072954,0.005200000014156103,0.7095999717712402,0.593999981880188,0.04320000112056732,0.00860000029206276,0.593999981880188,0.003000000026077032
10,45,450000,0.025200000032782555,0.03840000182390213,0.005200000014156103,0.7662789225578308,0.7435417771339417,0.025200000032782555,0.00019999999494757503,0.004600000102072954,0.005200000014156103,0.7095999717712402,0.593999981880188,0.04320000112056732,0.00860000029206276,0.593999981880188,0.003000000026077032
10,45,500000,0.03620000183582306,0.04800000041723251,0.006200000178068876,0.7509668469429016,0.7326011061668396,0.03620000183582306,0.00019999999494757503,0.004600000102072954,0.005200000014156103,0.7095999717712402,0.593999981880188,0.04320000112056732,0.00860000029206276,0.593999981880188,0.003000000026077032
10,45,550000,0.044599998742341995,0.058400001376867294,0.007000000216066837,0.7427061200141907,0.7279143333435059,0.044599998742341995,0.00019999999494757503,0.004600000102072954,0.005200000014156103,0.7095999717712402,0.593999981880188,0.04320000112056732,0.00860000029206276,0.593999981880188,0.003000000026077032
10,45,600000,0.03880000114440918,0.05139999836683273,0.006599999964237213,0.7439581751823425,0.7271225452423096,0.03880000114440918,0.00019999999494757503,0.004600000102072954,0.005200000014156103,0.7095999717712402,0.593999981880188,0.04320000112056732,0.00860000029206276,0.593999981880188,0.003000000026077032
10,45,650000,0.04919999837875366,0.06019999831914902,0.007000000216066837,0.7318218946456909,0.7206951379776001,0.04919999837875366,0.00019999999494757503,0.004600000102072954,0.005200000014156103,0.7095999717712402,0.593999981880188,0.04320000112056732,0.00860000029206276,0.593999981880188,0.003000000026077032
10,45,700000,0.05420000106096268,0.06260000169277191,0.007600000128149986,0.7191111445426941,0.7130674123764038,0.05420000106096268,0.00019999999494757503,0.004600000102072954,0.005200000014156103,0.7095999717712402,0.593999981880188,0.04320000112056732,0.00860000029206276,0.593999981880188,0.003000000026077032
10,45,750000,0.05640000104904175,0.07079999893903732,0.007000000216066837,0.7251088619232178,0.7096747756004333,0.05640000104904175,0.00019999999494757503,0.004600000102072954,0.005200000014156103,0.7095999717712402,0.593999981880188,0.04320000112056732,0.00860000029206276,0.593999981880188,0.003000000026077032
10,45,800000,0.05700000002980232,0.07079999893903732,0.00800000037997961,0.71630859375,0.7074276804924011,0.05700000002980232,0.00019999999494757503,0.004600000102072954,0.005200000014156103,0.7095999717712402,0.593999981880188,0.04320000112056732,0.00860000029206276,0.593999981880188,0.003000000026077032
10,45,850000,0.06960000097751617,0.08020000159740448,0.007400000002235174,0.7097879648208618,0.7029275298118591,0.06960000097751617,0.00019999999494757503,0.004600000102072954,0.005200000014156103,0.7095999717712402,0.593999981880188,0.04320000112056732,0.00860000029206276,0.593999981880188,0.003000000026077032
10,45,900000,0.0674000009894371,0.07660000026226044,0.00800000037997961,0.7080071568489075,0.7032052278518677,0.0674000009894371,0.00019999999494757503,0.004600000102072954,0.005200000014156103,0.7095999717712402,0.593999981880188,0.04320000112056732,0.00860000029206276,0.593999981880188,0.003000000026077032
10,45,950000,0.07100000232458115,0.07680000364780426,0.00800000037997961,0.7045575380325317,0.7015029191970825,0.07100000232458115,0.00019999999494757503,0.004600000102072954,0.005200000014156103,0.7095999717712402,0.593999981880188,0.04320000112056732,0.00860000029206276,0.593999981880188,0.003000000026077032
10,45,1000000,0.07959999889135361,0.09700000286102295,0.00800000037997961,0.7012406587600708,0.687957227230072,0.07959999889135361,0.00019999999494757503,0.004600000102072954,0.005200000014156103,0.7095999717712402,0.593999981880188,0.04320000112056732,0.00860000029206276,0.593999981880188,0.003000000026077032
10,45,1250000,0.08820000290870667,0.10140000283718109,0.00860000029206276,0.6855170726776123,0.67580246925354,0.08820000290870667,0.00019999999494757503,0.004600000102072954,0.005200000014156103,0.7095999717712402,0.593999981880188,0.04320000112056732,0.00860000029206276,0.593999981880188,0.003000000026077032
10,45,1500000,0.10180000215768814,0.10499999672174454,0.00800000037997961,0.6704916954040527,0.6694958806037903,0.10180000215768814,0.00019999999494757503,0.004600000102072954,0.005200000014156103,0.7095999717712402,0.593999981880188,0.04320000112056732,0.00860000029206276,0.593999981880188,0.003000000026077032
10,45,1750000,0.10740000009536743,0.1080000028014183,0.009200000204145908,0.6674255132675171,0.6681122183799744,0.10740000009536743,0.00019999999494757503,0.004600000102072954,0.005200000014156103,0.7095999717712402,0.593999981880188,0.04320000112056732,0.00860000029206276,0.593999981880188,0.003000000026077032
10,45,2000000,0.11659999936819077,0.12359999865293503,0.009600000455975533,0.6590011119842529,0.6553982496261597,0.11659999936819077,0.00019999999494757503,0.004600000102072954,0.005200000014156103,0.7095999717712402,0.593999981880188,0.04320000112056732,0.00860000029206276,0.593999981880188,0.003000000026077032
10,45,2250000,0.12160000205039978,0.125,0.010999999940395355,0.6497160792350769,0.6543607711791992,0.12160000205039978,0.00019999999494757503,0.004600000102072954,0.005200000014156103,0.7095999717712402,0.593999981880188,0.04320000112056732,0.00860000029206276,0.593999981880188,0.003000000026077032
10,45,2500000,0.13519999384880066,0.13359999656677246,0.009200000204145908,0.6467559337615967,0.6501731872558594,0.13519999384880066,0.00019999999494757503,0.004600000102072954,0.005200000014156103,0.7095999717712402,0.593999981880188,0.04320000112056732,0.00860000029206276,0.593999981880188,0.003000000026077032
10,45,2750000,0.14720000326633453,0.1467999964952469,0.01119999960064888,0.6325870156288147,0.6348265409469604,0.14720000326633453,0.00019999999494757503,0.004600000102072954,0.005200000014156103,0.7095999717712402,0.593999981880188,0.04320000112056732,0.00860000029206276,0.593999981880188,0.003000000026077032
10,45,3000000,0.1340000033378601,0.14380000531673431,0.008799999952316284,0.640067458152771,0.6391702890396118,0.1340000033378601,0.00019999999494757503,0.004600000102072954,0.005200000014156103,0.7095999717712402,0.593999981880188,0.04320000112056732,0.00860000029206276,0.593999981880188,0.003000000026077032
10,45,3250000,0.15160000324249268,0.15860000252723694,0.009999999776482582,0.6302820444107056,0.6283870339393616,0.15160000324249268,0.00019999999494757503,0.004600000102072954,0.005200000014156103,0.7095999717712402,0.593999981880188,0.04320000112056732,0.00860000029206276,0.593999981880188,0.003000000026077032
10,45,3500000,0.15119999647140503,0.15039999783039093,0.012199999764561653,0.626568078994751,0.6317542195320129,0.15119999647140503,0.00019999999494757503,0.004600000102072954,0.005200000014156103,0.7095999717712402,0.593999981880188,0.04320000112056732,0.00860000029206276,0.593999981880188,0.003000000026077032
10,45,3750000,0.16179999709129333,0.17579999566078186,0.013799999840557575,0.614723801612854,0.6134393811225891,0.16179999709129333,0.00019999999494757503,0.004600000102072954,0.005200000014156103,0.7095999717712402,0.593999981880188,0.04320000112056732,0.00860000029206276,0.593999981880188,0.003000000026077032
10,45,4000000,0.16500000655651093,0.16840000450611115,0.013399999588727951,0.6184513568878174,0.6207284331321716,0.16500000655651093,0.00019999999494757503,0.004600000102072954,0.005200000014156103,0.7095999717712402,0.593999981880188,0.04320000112056732,0.00860000029206276,0.593999981880188,0.003000000026077032
10,45,4250000,0.15780000388622284,0.15399999916553497,0.012199999764561653,0.6211037635803223,0.6242587566375732,0.15780000388622284,0.00019999999494757503,0.004600000102072954,0.005200000014156103,0.7095999717712402,0.593999981880188,0.04320000112056732,0.00860000029206276,0.593999981880188,0.003000000026077032
10,45,4500000,0.17739999294281006,0.1736000031232834,0.010999999940395355,0.6104399561882019,0.6155407428741455,0.17739999294281006,0.00019999999494757503,0.004600000102072954,0.005200000014156103,0.7095999717712402,0.593999981880188,0.04320000112056732,0.00860000029206276,0.593999981880188,0.003000000026077032
10,45,4750000,0.18219999969005585,0.18060000240802765,0.01360000018030405,0.6046255230903625,0.6085342168807983,0.18219999969005585,0.00019999999494757503,0.004600000102072954,0.005200000014156103,0.7095999717712402,0.593999981880188,0.04320000112056732,0.00860000029206276,0.593999981880188,0.003000000026077032
10,45,5000000,0.16840000450611115,0.16359999775886536,0.01140000019222498,0.6132177710533142,0.6213180422782898,0.16840000450611115,0.00019999999494757503,0.004600000102072954,0.005200000014156103,0.7095999717712402,0.593999981880188,0.04320000112056732,0.00860000029206276,0.593999981880188,0.003000000026077032
10,46,50000,0.0,0.004800000227987766,0.003000000026077032,0.8831251859664917,0.82590651512146,0.0,0.0,0.003800000064074993,0.0031999999191612005,0.6868000030517578,0.5788000226020813,0.04259999841451645,0.00559999980032444,0.5788000226020813,0.003800000064074993
10,46,100000,0.0006000000284984708,0.006800000090152025,0.003599999938160181,0.8672974705696106,0.8097171187400818,0.0006000000284984708,0.0,0.003800000064074993,0.0031999999191612005,0.6868000030517578,0.5788000226020813,0.04259999841451645,0.00559999980032444,0.5788000226020813,0.003800000064074993
10,46,150000,0.0012000000569969416,0.008799999952316284,0.004399999976158142,0.850156843662262,0.803500235080719,0.0012000000569969416,0.0,0.003800000064074993,0.0031999999191612005,0.6868000030517578,0.5788000226020813,0.04259999841451645,0.00559999980032444,0.5788000226020813,0.003800000064074993
10,46,200000,0.003000000026077032,0.015599999576807022,0.004800000227987766,0.8323395252227783,0.7947904467582703,0.003000000026077032,0.0,0.003800000064074993,0.0031999999191612005,0.6868000030517578,0.5788000226020813,0.04259999841451645,0.00559999980032444,0.5788000226020813,0.003800000064074993
10,46,250000,0.007799999788403511,0.01899999938905239,0.004600000102072954,0.8166701197624207,0.780816376209259,0.007799999788403511,0.0,0.003800000064074993,0.0031999999191612005,0.6868000030517578,0.5788000226020813,0.04259999841451645,0.00559999980032444,0.5788000226020813,0.003800000064074993
10,46,300000,0.012199999764561653,0.022199999541044235,0.006599999964237213,0.8019436001777649,0.7706462144851685,0.012199999764561653,0.0,0.003800000064074993,0.0031999999191612005,0.6868000030517578,0.5788000226020813,0.04259999841451645,0.00559999980032444,0.5788000226020813,0.003800000064074993
10,46,350000,0.01360000018030405,0.027400000020861626,0.004800000227987766,0.7895824909210205,0.7607347369194031,0.01360000018030405,0.0,0.003800000064074993,0.0031999999191612005,0.6868000030517578,0.5788000226020813,0.04259999841451645,0.00559999980032444,0.5788000226020813,0.003800000064074993
10,46,400000,0.01759999990463257,0.032999999821186066,0.006200000178068876,0.7774829268455505,0.7568917870521545,0.01759999990463257,0.0,0.003800000064074993,0.0031999999191612005,0.6868000030517578,0.5788000226020813,0.04259999841451645,0.00559999980032444,0.5788000226020813,0.003800000064074993
10,46,450000,0.02539999969303608,0.03579999879002571,0.005200000014156103,0.7694517970085144,0.7482351064682007,0.02539999969303608,0.0,0.003800000064074993,0.0031999999191612005,0.6868000030517578,0.5788000226020813,0.04259999841451645,0.00559999980032444,0.5788000226020813,0.003800000064074993
10,46,500000,0.030799999833106995,0.04780000075697899,0.004000000189989805,0.7551180124282837,0.7369511127471924,0.030799999833106995,0.0,0.003800000064074993,0.0031999999191612005,0.6868000030517578,0.5788000226020813,0.04259999841451645,0.00559999980032444,0.5788000226020813,0.003800000064074993
10,46,550000,0.027799999341368675,0.04659999907016754,0.005400000140070915,0.7512025237083435,0.736665666103363,0.027799999341368675,0.0,0.003800000064074993,0.0031999999191612005,0.6868000030517578,0.5788000226020813,0.04259999841451645,0.00559999980032444,0.5788000226020813,0.003800000064074993
10,46,600000,0.03819999843835831,0.05040000006556511,0.005799999926239252,0.743535578250885,0.7286617159843445,0.03819999843835831,0.0,0.003800000064074993,0.0031999999191612005,0.6868000030517578,0.5788000226020813,0.04259999841451645,0.00559999980032444,0.5788000226020813,0.003800000064074993
10,46,650000,0.03799999877810478,0.05640000104904175,0.006200000178068876,0.7378472685813904,0.7276337742805481,0.03799999877810478,0.0,0.003800000064074993,0.0031999999191612005,0.6868000030517578,0.5788000226020813,0.04259999841451645,0.00559999980032444,0.5788000226020813,0.003800000064074993
10,46,700000,0.044599998742341995,0.052400000393390656,0.006599999964237213,0.7336898446083069,0.7224310040473938,0.044599998742341995,0.0,0.003800000064074993,0.0031999999191612005,0.6868000030517578,0.5788000226020813,0.04259999841451645,0.00559999980032444,0.5788000226020813,0.003800000064074993
10,46,750000,0.05119999870657921,0.06560000032186508,0.007000000216066837,0.7254773378372192,0.7137801647186279,0.05119999870657921,0.0,0.003800000064074993,0.0031999999191612005,0.6868000030517578,0.5788000226020813,0.04259999841451645,0.00559999980032444,0.5788000226020813,0.003800000064074993
10,46,800000,0.05719999969005585,0.0706000030040741,0.00860000029206276,0.7163321375846863,0.7088979482650757,0.05719999969005585,0.0,0.003800000064074993,0.0031999999191612005,0.6868000030517578,0.5788000226020813,0.04259999841451645,0.00559999980032444,0.5788000226020813,0.003800000064074993
10,46,850000,0.05959999933838844,0.06700000166893005,0.007600000128149986,0.7145559191703796,0.7099165916442871,0.05959999933838844,0.0,0.003800000064074993,0.0031999999191612005,0.6868000030517578,0.5788000226020813,0.04259999841451645,0.00559999980032444,0.5788000226020813,0.003800000064074993
10,46,900000,0.06700000166893005,0.07639999687671661,0.006399999838322401,0.7046835422515869,0.698968768119812,0.06700000166893005,0.0,0.003800000064074993,0.0031999999191612005,0.6868000030517578,0.5788000226020813,0.04259999841451645,0.00559999980032444,0.5788000226020813,0.003800000064074993
10,46,950000,0.06859999895095825,0.07559999823570251,0.006200000178068876,0.7037600874900818,0.6994026303291321,0.06859999895095825,0.0,0.003800000064074993,0.0031999999191612005,0.6868000030517578,0.5788000226020813,0.04259999841451645,0.00559999980032444,0.5788000226020813,0.003800000064074993
10,46,1000000,0.07840000092983246,0.08579999953508377,0.008799999952316284,0.697673499584198,0.6935147643089294,0.07840000092983246,0.0,0.003800000064074993,0.0031999999191612005,0.6868000030517578,0.5788000226020813,0.04259999841451645,0.00559999980032444,0.5788000226020813,0.003800000064074993
10,46,1250000,0.08879999816417694,0.10159999877214432,0.007799999788403511,0.6794221997261047,0.6778222322463989,0.08879999816417694,0.0,0.003800000064074993,0.0031999999191612005,0.6868000030517578,0.5788000226020813,0.04259999841451645,0.00559999980032444,0.5788000226020813,0.003800000064074993
10,46,1500000,0.1005999967455864,0.11060000211000443,0.009399999864399433,0.668968141078949,0.6697337031364441,0.1005999967455864,0.0,0.003800000064074993,0.0031999999191612005,0.6868000030517578,0.5788000226020813,0.04259999841451645,0.00559999980032444,0.5788000226020813,0.003800000064074993
10,46,1750000,0.10719999670982361,0.11299999803304672,0.009800000116229057,0.6594891548156738,0.6626251935958862,0.10719999670982361,0.0,0.003800000064074993,0.0031999999191612005,0.6868000030517578,0.5788000226020813,0.04259999841451645,0.00559999980032444,0.5788000226020813,0.003800000064074993
10,46,2000000,0.12099999934434891,0.13040000200271606,0.010200000368058681,0.645453929901123,0.6476555466651917,0.12099999934434891,0.0,0.003800000064074993,0.0031999999191612005,0.6868000030517578,0.5788000226020813,0.04259999841451645,0.00559999980032444,0.5788000226020813,0.003800000064074993
10,46,2250000,0.12559999525547028,0.131400004029274,0.013399999588727951,0.6466999053955078,0.6507018804550171,0.12559999525547028,0.0,0.003800000064074993,0.0031999999191612005,0.6868000030517578,0.5788000226020813,0.04259999841451645,0.00559999980032444,0.5788000226020813,0.003800000064074993
10,46,2500000,0.13680000603199005,0.14300000667572021,0.00800000037997961,0.6349096894264221,0.6395401954650879,0.13680000603199005,0.0,0.003800000064074993,0.0031999999191612005,0.6868000030517578,0.5788000226020813,0.04259999841451645,0.00559999980032444,0.5788000226020813,0.003800000064074993
10,46,2750000,0.1340000033378601,0.13459999859333038,0.01140000019222498,0.6373101472854614,0.6396851539611816,0.1340000033378601,0.0,0.003800000064074993,0.0031999999191612005,0.6868000030517578,0.5788000226020813,0.04259999841451645,0.00559999980032444,0.5788000226020813,0.003800000064074993
10,46,3000000,0.14839999377727509,0.15299999713897705,0.010200000368058681,0.6259349584579468,0.6326480507850647,0.14839999377727509,0.0,0.003800000064074993,0.0031999999191612005,0.6868000030517578,0.5788000226020813,0.04259999841451645,0.00559999980032444,0.5788000226020813,0.003800000064074993
10,46,3250000,0.14300000667572021,0.14900000393390656,0.012199999764561653,0.6312016844749451,0.6365242004394531,0.14300000667572021,0.0,0.003800000064074993,0.0031999999191612005,0.6868000030517578,0.5788000226020813,0.04259999841451645,0.00559999980032444,0.5788000226020813,0.003800000064074993
10,46,3500000,0.14800000190734863,0.15379999577999115,0.01360000018030405,0.6279734969139099,0.629652738571167,0.14800000190734863,0.0,0.003800000064074993,0.0031999999191612005,0.6868000030517578,0.5788000226020813,0.04259999841451645,0.00559999980032444,0.5788000226020813,0.003800000064074993
10,46,3750000,0.15060000121593475,0.14880000054836273,0.010400000028312206,0.6233466863632202,0.6327531933784485,0.15060000121593475,0.0,0.003800000064074993,0.0031999999191612005,0.6868000030517578,0.5788000226020813,0.04259999841451645,0.00559999980032444,0.5788000226020813,0.003800000064074993
10,46,4000000,0.1534000039100647,0.15620000660419464,0.01140000019222498,0.6200087666511536,0.6250039935112,0.15320000052452087,0.0,0.003800000064074993,0.0031999999191612005,0.6868000030517578,0.5788000226020813,0.04259999841451645,0.00559999980032444,0.5788000226020813,0.003800000064074993
10,46,4250000,0.16060000658035278,0.15719999372959137,0.010999999940395355,0.6149479746818542,0.6212403178215027,0.16060000658035278,0.0,0.003800000064074993,0.0031999999191612005,0.6868000030517578,0.5788000226020813,0.04259999841451645,0.00559999980032444,0.5788000226020813,0.003800000064074993
10,46,4500000,0.1599999964237213,0.1581999957561493,0.012400000356137753,0.6126750111579895,0.6184787154197693,0.1599999964237213,0.0,0.003800000064074993,0.0031999999191612005,0.6868000030517578,0.5788000226020813,0.04259999841451645,0.00559999980032444,0.5788000226020813,0.003800000064074993
10,46,4750000,0.15680000185966492,0.1607999950647354,0.01140000019222498,0.6144673824310303,0.6226257681846619,0.15680000185966492,0.0,0.003800000064074993,0.0031999999191612005,0.6868000030517578,0.5788000226020813,0.04259999841451645,0.00559999980032444,0.5788000226020813,0.003800000064074993
10,46,5000000,0.16279999911785126,0.16060000658035278,0.01080000028014183,0.6144519448280334,0.620186984539032,0.16279999911785126,0.0,0.003800000064074993,0.0031999999191612005,0.6868000030517578,0.5788000226020813,0.04259999841451645,0.00559999980032444,0.5788000226020813,0.003800000064074993
20,42,50000,0.0,0.003800000064074993,0.0,0.9266562461853027,0.831048846244812,0.0,0.0,0.00419999985024333,0.0,0.8295999765396118,0.5640000104904175,0.20839999616146088,0.0,0.5640000104904175,0.0
20,42,100000,0.0,0.003800000064074993,0.0,0.9189905524253845,0.8279590010643005,0.0,0.0,0.00419999985024333,0.0,0.8295999765396118,0.5640000104904175,0.20839999616146088,0.0,0.5640000104904175,0.0
20,42,150000,0.0,0.00559999980032444,0.0,0.9103447198867798,0.8226789236068726,0.0,0.0,0.00419999985024333,0.0,0.8295999765396118,0.5640000104904175,0.20839999616146088,0.0,0.5640000104904175,0.0
20,42,200000,0.00019999999494757503,0.005200000014156103,0.0,0.8992499709129333,0.818581759929657,0.00019999999494757503,0.0,0.00419999985024333,0.0,0.8295999765396118,0.5640000104904175,0.20839999616146088,0.0,0.5640000104904175,0.0
20,42,250000,0.0,0.007400000002235174,0.0,0.8911886811256409,0.8166545629501343,0.0,0.0,0.00419999985024333,0.0,0.8295999765396118,0.5640000104904175,0.20839999616146088,0.0,0.5640000104904175,0.0
20,42,300000,0.0006000000284984708,0.009399999864399433,0.0,0.8819983601570129,0.8109156489372253,0.0006000000284984708,0.0,0.00419999985024333,0.0,0.8295999765396118,0.5640000104904175,0.20839999616146088,0.0,0.5640000104904175,0.0
20,42,350000,0.0007999999797903001,0.010599999688565731,0.0,0.873227059841156,0.8072970509529114,0.0007999999797903001,0.0,0.00419999985024333,0.0,0.8295999765396118,0.5640000104904175,0.20839999616146088,0.0,0.5640000104904175,0.0
20,42,400000,0.00039999998989515007,0.010400000028312206,0.0,0.8671732544898987,0.8030602931976318,0.00039999998989515007,0.0,0.00419999985024333,0.0,0.8295999765396118,0.5640000104904175,0.20839999616146088,0.0,0.5640000104904175,0.0
20,42,450000,0.0010000000474974513,0.012000000104308128,0.00019999999494757503,0.8572118282318115,0.7982283234596252,0.0010000000474974513,0.0,0.00419999985024333,0.0,0.8295999765396118,0.5640000104904175,0.20839999616146088,0.0,0.5640000104904175,0.0
20,42,500000,0.0012000000569969416,0.014600000344216824,0.0,0.8508918881416321,0.791863739490509,0.0012000000569969416,0.0,0.00419999985024333,0.0,0.8295999765396118,0.5640000104904175,0.20839999616146088,0.0,0.5640000104904175,0.0
20,42,550000,0.0015999999595806003,0.015200000256299973,0.0,0.8493974804878235,0.7962390184402466,0.0015999999595806003,0.0,0.00419999985024333,0.0,0.8295999765396118,0.5640000104904175,0.20839999616146088,0.0,0.5640000104904175,0.0
20,42,600000,0.002199999988079071,0.010400000028312206,0.00019999999494757503,0.8445929884910583,0.7931429743766785,0.002199999988079071,0.0,0.00419999985024333,0.0,0.8295999765396118,0.5640000104904175,0.20839999616146088,0.0,0.5640000104904175,0.0
20,42,650000,0.003000000026077032,0.02239999920129776,0.00039999998989515007,0.8341324925422668,0.7829545140266418,0.003000000026077032,0.0,0.00419999985024333,0.0,0.8295999765396118,0.5640000104904175,0.20839999616146088,0.0,0.5640000104904175,0.0
20,42,700000,0.00559999980032444,0.018799999728798866,0.00039999998989515007,0.8337680697441101,0.7855441570281982,0.00559999980032444,0.0,0.00419999985024333,0.0,0.8295999765396118,0.5640000104904175,0.20839999616146088,0.0,0.5640000104904175,0.0
20,42,750000,0.004600000102072954,0.017999999225139618,0.00039999998989515007,0.8285163044929504,0.7822955846786499,0.004600000102072954,0.0,0.00419999985024333,0.0,0.8295999765396118,0.5640000104904175,0.20839999616146088,0.0,0.5640000104904175,0.0
20,42,800000,0.005400000140070915,0.021199999377131462,0.0,0.8296434283256531,0.7852292656898499,0.005400000140070915,0.0,0.00419999985024333,0.0,0.8295999765396118,0.5640000104904175,0.20839999616146088,0.0,0.5640000104904175,0.0
20,42,850000,0.006399999838322401,0.020600000396370888,0.0006000000284984708,0.8211054801940918,0.7801737785339355,0.006399999838322401,0.0,0.00419999985024333,0.0,0.8295999765396118,0.5640000104904175,0.20839999616146088,0.0,0.5640000104904175,0.0
20,42,900000,0.007199999876320362,0.020400000736117363,0.0007999999797903001,0.823933482170105,0.7800216674804688,0.007199999876320362,0.0,0.00419999985024333,0.0,0.8295999765396118,0.5640000104904175,0.20839999616146088,0.0,0.5640000104904175,0.0
20,42,950000,0.007199999876320362,0.021199999377131462,0.00039999998989515007,0.8198077082633972,0.773851752281189,0.007199999876320362,0.0,0.00419999985024333,0.0,0.8295999765396118,0.5640000104904175,0.20839999616146088,0.0,0.5640000104904175,0.0
20,42,1000000,0.00839999970048666,0.020600000396370888,0.00139999995008111,0.8156593441963196,0.7776702046394348,0.00839999970048666,0.0,0.00419999985024333,0.0,0.8295999765396118,0.5640000104904175,0.20839999616146088,0.0,0.5640000104904175,0.0
20,42,1250000,0.013399999588727951,0.027799999341368675,0.0012000000569969416,0.8039886951446533,0.7726874947547913,0.013399999588727951,0.0,0.00419999985024333,0.0,0.8295999765396118,0.5640000104904175,0.20839999616146088,0.0,0.5640000104904175,0.0
20,42,1500000,0.014000000432133675,0.03099999949336052,0.0010000000474974513,0.8005939722061157,0.7663750052452087,0.014000000432133675,0.0,0.00419999985024333,0.0,0.8295999765396118,0.5640000104904175,0.20839999616146088,0.0,0.5640000104904175,0.0
20,42,1750000,0.01640000008046627,0.03280000016093254,0.00139999995008111,0.7930417656898499,0.7630143761634827,0.01640000008046627,0.0,0.00419999985024333,0.0,0.8295999765396118,0.5640000104904175,0.20839999616146088,0.0,0.5640000104904175,0.0
20,42,2000000,0.020800000056624413,0.03999999910593033,0.0031999999191612005,0.7823861837387085,0.7551882266998291,0.020800000056624413,0.0,0.00419999985024333,0.0,0.8295999765396118,0.5640000104904175,0.20839999616146088,0.0,0.5640000104904175,0.0
20,42,2250000,0.019999999552965164,0.039000000804662704,0.0020000000949949026,0.7834320664405823,0.7508208751678467,0.019999999552965164,0.0,0.00419999985024333,0.0,0.8295999765396118,0.5640000104904175,0.20839999616146088,0.0,0.5640000104904175,0.0
20,42,2500000,0.024399999529123306,0.04039999842643738,0.002199999988079071,0.7729145288467407,0.7470314502716064,0.024399999529123306,0.0,0.00419999985024333,0.0,0.8295999765396118,0.5640000104904175,0.20839999616146088,0.0,0.5640000104904175,0.0
20,42,2750000,0.02539999969303608,0.04500000178813934,0.002400000113993883,0.764503002166748,0.7457817196846008,0.02539999969303608,0.0,0.00419999985024333,0.0,0.8295999765396118,0.5640000104904175,0.20839999616146088,0.0,0.5640000104904175,0.0
20,42,3000000,0.027400000020861626,0.04659999907016754,0.003599999938160181,0.7654732465744019,0.7424739599227905,0.027400000020861626,0.0,0.00419999985024333,0.0,0.8295999765396118,0.5640000104904175,0.20839999616146088,0.0,0.5640000104904175,0.0
20,42,3250000,0.03020000085234642,0.04839999973773956,0.00279999990016222,0.7614558339118958,0.733024537563324,0.03020000085234642,0.0,0.00419999985024333,0.0,0.8295999765396118,0.5640000104904175,0.20839999616146088,0.0,0.5640000104904175,0.0
20,42,3500000,0.027799999341368675,0.046799998730421066,0.002400000113993883,0.7633695602416992,0.7401338219642639,0.027799999341368675,0.0,0.00419999985024333,0.0,0.8295999765396118,0.5640000104904175,0.20839999616146088,0.0,0.5640000104904175,0.0
20,42,3750000,0.031199999153614044,0.049800001084804535,0.0026000000070780516,0.7478204369544983,0.7303280234336853,0.031199999153614044,0.0,0.00419999985024333,0.0,0.8295999765396118,0.5640000104904175,0.20839999616146088,0.0,0.5640000104904175,0.0
20,42,4000000,0.03099999949336052,0.04699999839067459,0.003800000064074993,0.7528287172317505,0.7368745803833008,0.03099999949336052,0.0,0.00419999985024333,0.0,0.8295999765396118,0.5640000104904175,0.20839999616146088,0.0,0.5640000104904175,0.0
20,42,4250000,0.033799998462200165,0.0544000007212162,0.0034000000450760126,0.7464893460273743,0.7272158861160278,0.033799998462200165,0.0,0.00419999985024333,0.0,0.8295999765396118,0.5640000104904175,0.20839999616146088,0.0,0.5640000104904175,0.0
20,42,4500000,0.03759999945759773,0.05820000171661377,0.00419999985024333,0.7444602251052856,0.7298868298530579,0.03759999945759773,0.0,0.00419999985024333,0.0,0.8295999765396118,0.5640000104904175,0.20839999616146088,0.0,0.5640000104904175,0.0
20,42,4750000,0.036400001496076584,0.04659999907016754,0.0034000000450760126,0.7529661655426025,0.737079381942749,0.036400001496076584,0.0,0.00419999985024333,0.0,0.8295999765396118,0.5640000104904175,0.20839999616146088,0.0,0.5640000104904175,0.0
20,42,5000000,0.04039999842643738,0.06019999831914902,0.004000000189989805,0.7427622079849243,0.7257745862007141,0.04039999842643738,0.0,0.00419999985024333,0.0,0.8295999765396118,0.5640000104904175,0.20839999616146088,0.0,0.5640000104904175,0.0
20,43,50000,0.0,0.006000000052154064,0.0,0.9275976419448853,0.8291929960250854,0.0,0.0,0.004999999888241291,0.0,0.8592000007629395,0.5965999960899353,0.19300000369548798,0.0,0.5965999960899353,0.0
20,43,100000,0.0,0.004600000102072954,0.0,0.9186811447143555,0.8234514594078064,0.0,0.0,0.004999999888241291,0.0,0.8592000007629395,0.5965999960899353,0.19300000369548798,0.0,0.5965999960899353,0.0
20,43,150000,0.0,0.006200000178068876,0.0,0.9118490219116211,0.8220956921577454,0.0,0.0,0.004999999888241291,0.0,0.8592000007629395,0.5965999960899353,0.19300000369548798,0.0,0.5965999960899353,0.0
20,43,200000,0.0,0.00839999970048666,0.0,0.900778591632843,0.8163328170776367,0.0,0.0,0.004999999888241291,0.0,0.8592000007629395,0.5965999960899353,0.19300000369548798,0.0,0.5965999960899353,0.0
20,43,250000,0.00019999999494757503,0.007000000216066837,0.0,0.8887425661087036,0.8072413206100464,0.00019999999494757503,0.0,0.004999999888241291,0.0,0.8592000007629395,0.5965999960899353,0.19300000369548798,0.0,0.5965999960899353,0.0
20,43,300000,0.0,0.007799999788403511,0.0,0.883019745349884,0.8073405027389526,0.0,0.0,0.004999999888241291,0.0,0.8592000007629395,0.5965999960899353,0.19300000369548798,0.0,0.5965999960899353,0.0
20,43,350000,0.00019999999494757503,0.006399999838322401,0.0,0.8753333687782288,0.8047976493835449,0.00019999999494757503,0.0,0.004999999888241291,0.0,0.8592000007629395,0.5965999960899353,0.19300000369548798,0.0,0.5965999960899353,0.0
20,43,400000,0.0007999999797903001,0.008999999612569809,0.0,0.8679823279380798,0.7999601364135742,0.0007999999797903001,0.0,0.004999999888241291,0.0,0.8592000007629395,0.5965999960899353,0.19300000369548798,0.0,0.5965999960899353,0.0
20,43,450000,0.0006000000284984708,0.011599999852478504,0.0,0.8604910373687744,0.7938674092292786,0.0006000000284984708,0.0,0.004999999888241291,0.0,0.8592000007629395,0.5965999960899353,0.19300000369548798,0.0,0.5965999960899353,0.0
20,43,500000,0.002199999988079071,0.012799999676644802,0.00039999998989515007,0.8547551035881042,0.7940606474876404,0.002199999988079071,0.0,0.004999999888241291,0.0,0.8592000007629395,0.5965999960899353,0.19300000369548798,0.0,0.5965999960899353,0.0
20,43,550000,0.003000000026077032,0.01759999990463257,0.00039999998989515007,0.8441379070281982,0.7884693145751953,0.003000000026077032,0.0,0.004999999888241291,0.0,0.8592000007629395,0.5965999960899353,0.19300000369548798,0.0,0.5965999960899353,0.0
20,43,600000,0.003800000064074993,0.01860000006854534,0.00019999999494757503,0.838537871837616,0.7855739593505859,0.003800000064074993,0.0,0.004999999888241291,0.0,0.8592000007629395,0.5965999960899353,0.19300000369548798,0.0,0.5965999960899353,0.0
20,43,650000,0.00279999990016222,0.017999999225139618,0.00039999998989515007,0.8380048871040344,0.781076192855835,0.00279999990016222,0.0,0.004999999888241291,0.0,0.8592000007629395,0.5965999960899353,0.19300000369548798,0.0,0.5965999960899353,0.0
20,43,700000,0.0031999999191612005,0.017999999225139618,0.00039999998989515007,0.8323932886123657,0.7788651585578918,0.0031999999191612005,0.0,0.004999999888241291,0.0,0.8592000007629395,0.5965999960899353,0.19300000369548798,0.0,0.5965999960899353,0.0
20,43,750000,0.004000000189989805,0.020800000056624413,0.0,0.8250007629394531,0.7809736132621765,0.004000000189989805,0.0,0.004999999888241291,0.0,0.8592000007629395,0.5965999960899353,0.19300000369548798,0.0,0.5965999960899353,0.0
20,43,800000,0.006000000052154064,0.018799999728798866,0.0007999999797903001,0.826653242111206,0.7782583832740784,0.006000000052154064,0.0,0.004999999888241291,0.0,0.8592000007629395,0.5965999960899353,0.19300000369548798,0.0,0.5965999960899353,0.0
20,43,850000,0.007199999876320362,0.021800000220537186,0.0006000000284984708,0.8176612257957458,0.7738312482833862,0.007199999876320362,0.0,0.004999999888241291,0.0,0.8592000007629395,0.5965999960899353,0.19300000369548798,0.0,0.5965999960899353,0.0
20,43,900000,0.006200000178068876,0.022600000724196434,0.00039999998989515007,0.8181641697883606,0.769987165927887,0.006200000178068876,0.0,0.004999999888241291,0.0,0.8592000007629395,0.5965999960899353,0.19300000369548798,0.0,0.5965999960899353,0.0
20,43,950000,0.006800000090152025,0.02199999988079071,0.00019999999494757503,0.815788745880127,0.7676055431365967,0.006800000090152025,0.0,0.004999999888241291,0.0,0.8592000007629395,0.5965999960899353,0.19300000369548798,0.0,0.5965999960899353,0.0
20,43,1000000,0.007400000002235174,0.025200000032782555,0.00039999998989515007,0.8149974942207336,0.7700350284576416,0.007400000002235174,0.0,0.004999999888241291,0.0,0.8592000007629395,0.5965999960899353,0.19300000369548798,0.0,0.5965999960899353,0.0
20,43,1250000,0.009399999864399433,0.02879999950528145,0.00139999995008111,0.8016762733459473,0.7613109350204468,0.009399999864399433,0.0,0.004999999888241291,0.0,0.8592000007629395,0.5965999960899353,0.19300000369548798,0.0,0.5965999960899353,0.0
20,43,1500000,0.014000000432133675,0.03700000047683716,0.0006000000284984708,0.7952059507369995,0.7593220472335815,0.014000000432133675,0.0,0.004999999888241291,0.0,0.8592000007629395,0.5965999960899353,0.19300000369548798,0.0,0.5965999960899353,0.0
20,43,1750000,0.017400000244379044,0.03480000048875809,0.002400000113993883,0.7836644649505615,0.7526195049285889,0.017400000244379044,0.0,0.004999999888241291,0.0,0.8592000007629395,0.5965999960899353,0.19300000369548798,0.0,0.5965999960899353,0.0
20,43,2000000,0.019600000232458115,0.04259999841451645,0.0017999999690800905,0.7848358154296875,0.7499439120292664,0.019600000232458115,0.0,0.004999999888241291,0.0,0.8592000007629395,0.5965999960899353,0.19300000369548798,0.0,0.5965999960899353,0.0
20,43,2250000,0.02160000056028366,0.03700000047683716,0.002199999988079071,0.7781000137329102,0.7497563362121582,0.02160000056028366,0.0,0.004999999888241291,0.0,0.8592000007629395,0.5965999960899353,0.19300000369548798,0.0,0.5965999960899353,0.0
20,43,2500000,0.021400000900030136,0.04360000044107437,0.00139999995008111,0.7722437381744385,0.7445100545883179,0.021400000900030136,0.0,0.004999999888241291,0.0,0.8592000007629395,0.5965999960899353,0.19300000369548798,0.0,0.5965999960899353,0.0
20,43,2750000,0.02319999970495701,0.04560000076889992,0.0026000000070780516,0.7673279643058777,0.7398290634155273,0.02319999970495701,0.0,0.004999999888241291,0.0,0.8592000007629395,0.5965999960899353,0.19300000369548798,0.0,0.5965999960899353,0.0
20,43,3000000,0.023399999365210533,0.04320000112056732,0.002400000113993883,0.7642935514450073,0.7409507632255554,0.023399999365210533,0.0,0.004999999888241291,0.0,0.8592000007629395,0.5965999960899353,0.19300000369548798,0.0,0.5965999960899353,0.0
20,43,3250000,0.026799999177455902,0.050999999046325684,0.0026000000070780516,0.7610788345336914,0.7303662896156311,0.026799999177455902,0.0,0.004999999888241291,0.0,0.8592000007629395,0.5965999960899353,0.19300000369548798,0.0,0.5965999960899353,0.0
20,43,3500000,0.027799999341368675,0.05000000074505806,0.002400000113993883,0.7614812254905701,0.7341433167457581,0.027799999341368675,0.0,0.004999999888241291,0.0,0.8592000007629395,0.5965999960899353,0.19300000369548798,0.0,0.5965999960899353,0.0
20,43,3750000,0.02879999950528145,0.05260000005364418,0.0031999999191612005,0.7536171078681946,0.7296847105026245,0.02879999950528145,0.0,0.004999999888241291,0.0,0.8592000007629395,0.5965999960899353,0.19300000369548798,0.0,0.5965999960899353,0.0
20,43,4000000,0.027400000020861626,0.050200000405311584,0.002199999988079071,0.7553385496139526,0.7278932929039001,0.027400000020861626,0.0,0.004999999888241291,0.0,0.8592000007629395,0.5965999960899353,0.19300000369548798,0.0,0.5965999960899353,0.0
20,43,4250000,0.03460000082850456,0.051600001752376556,0.004399999976158142,0.7509076595306396,0.7313887476921082,0.03460000082850456,0.0,0.004999999888241291,0.0,0.8592000007629395,0.5965999960899353,0.19300000369548798,0.0,0.5965999960899353,0.0
20,43,4500000,0.03480000048875809,0.053599998354911804,0.0034000000450760126,0.7442966103553772,0.7231082320213318,0.03480000048875809,0.0,0.004999999888241291,0.0,0.8592000007629395,0.5965999960899353,0.19300000369548798,0.0,0.5965999960899353,0.0
20,43,4750000,0.03480000048875809,0.05860000103712082,0.004399999976158142,0.743160605430603,0.7194679975509644,0.03480000048875809,0.0,0.004999999888241291,0.0,0.8592000007629395,0.5965999960899353,0.19300000369548798,0.0,0.5965999960899353,0.0
20,43,5000000,0.035599999129772186,0.05559999868273735,0.003000000026077032,0.7383272647857666,0.7182396650314331,0.035599999129772186,0.0,0.004999999888241291,0.0,0.8592000007629395,0.5965999960899353,0.19300000369548798,0.0,0.5965999960899353,0.0
20,44,50000,0.0,0.005400000140070915,0.0,0.9273019433021545,0.8295489549636841,0.0,0.0,0.0034000000450760126,0.0,0.8393999934196472,0.5699999928474426,0.20080000162124634,0.0,0.5699999928474426,0.0
20,44,100000,0.0,0.004000000189989805,0.0,0.9181385040283203,0.8268085718154907,0.0,0.0,0.0034000000450760126,0.0,0.8393999934196472,0.5699999928474426,0.20080000162124634,0.0,0.5699999928474426,0.0
20,44,150000,0.00019999999494757503,0.005200000014156103,0.0,0.9077011942863464,0.8219379782676697,0.00019999999494757503,0.0,0.0034000000450760126,0.0,0.8393999934196472,0.5699999928474426,0.20080000162124634,0.0,0.5699999928474426,0.0
20,44,200000,0.0,0.006000000052154064,0.0,0.8980330228805542,0.8205963969230652,0.0,0.0,0.0034000000450760126,0.0,0.8393999934196472,0.5699999928474426,0.20080000162124634,0.0,0.5699999928474426,0.0
20,44,250000,0.00019999999494757503,0.006200000178068876,0.0,0.8888140916824341,0.8122415542602539,0.00019999999494757503,0.0,0.0034000000450760126,0.0,0.8393999934196472,0.5699999928474426,0.20080000162124634,0.0,0.5699999928474426,0.0
20,44,300000,0.0006000000284984708,0.009200000204145908,0.0,0.8782373070716858,0.8078974485397339,0.0006000000284984708,0.0,0.0034000000450760126,0.0,0.8393999934196472,0.5699999928474426,0.20080000162124634,0.0,0.5699999928474426,0.0
20,44,350000,0.00039999998989515007,0.009999999776482582,0.0,0.8710960745811462,0.8012778759002686,0.00039999998989515007,0.0,0.0034000000450760126,0.0,0.8393999934196472,0.5699999928474426,0.20080000162124634,0.0,0.5699999928474426,0.0
20,44,400000,0.0006000000284984708,0.009600000455975533,0.0,0.8594634532928467,0.7970890402793884,0.0006000000284984708,0.0,0.0034000000450760126,0.0,0.8393999934196472,0.5699999928474426,0.20080000162124634,0.0,0.5699999928474426,0.0
20,44,450000,0.0006000000284984708,0.009999999776482582,0.0,0.8589781522750854,0.8002404570579529,0.0006000000284984708,0.0,0.0034000000450760126,0.0,0.8393999934196472,0.5699999928474426,0.20080000162124634,0.0,0.5699999928474426,0.0
20,44,500000,0.0020000000949949026,0.01119999960064888,0.0,0.8520689606666565,0.8005331754684448,0.0020000000949949026,0.0,0.0034000000450760126,0.0,0.8393999934196472,0.5699999928474426,0.20080000162124634,0.0,0.5699999928474426,0.0
20,44,550000,0.0017999999690800905,0.014999999664723873,0.0,0.8433026075363159,0.7882805466651917,0.0017999999690800905,0.0,0.0034000000450760126,0.0,0.8393999934196472,0.5699999928474426,0.20080000162124634,0.0,0.5699999928474426,0.0
20,44,600000,0.003000000026077032,0.015599999576807022,0.00039999998989515007,0.8407993912696838,0.7881659269332886,0.003000000026077032,0.0,0.0034000000450760126,0.0,0.8393999934196472,0.5699999928474426,0.20080000162124634,0.0,0.5699999928474426,0.0
20,44,650000,0.003000000026077032,0.01679999940097332,0.0,0.8372074365615845,0.788704514503479,0.003000000026077032,0.0,0.0034000000450760126,0.0,0.8393999934196472,0.5699999928474426,0.20080000162124634,0.0,0.5699999928474426,0.0
20,44,700000,0.003000000026077032,0.017400000244379044,0.00039999998989515007,0.8331562280654907,0.7812903523445129,0.003000000026077032,0.0,0.0034000000450760126,0.0,0.8393999934196472,0.5699999928474426,0.20080000162124634,0.0,0.5699999928474426,0.0
20,44,750000,0.005799999926239252,0.01899999938905239,0.00019999999494757503,0.8278531432151794,0.7822957038879395,0.005799999926239252,0.0,0.0034000000450760126,0.0,0.8393999934196472,0.5699999928474426,0.20080000162124634,0.0,0.5699999928474426,0.0
20,44,800000,0.004000000189989805,0.01940000057220459,0.00039999998989515007,0.8281329274177551,0.7809723615646362,0.004000000189989805,0.0,0.0034000000450760126,0.0,0.8393999934196472,0.5699999928474426,0.20080000162124634,0.0,0.5699999928474426,0.0
20,44,850000,0.006599999964237213,0.020999999716877937,0.0,0.8195375204086304,0.7747309803962708,0.006599999964237213,0.0,0.0034000000450760126,0.0,0.8393999934196472,0.5699999928474426,0.20080000162124634,0.0,0.5699999928474426,0.0
20,44,900000,0.005799999926239252,0.020600000396370888,0.0,0.8232255578041077,0.7783336639404297,0.005799999926239252,0.0,0.0034000000450760126,0.0,0.8393999934196472,0.5699999928474426,0.20080000162124634,0.0,0.5699999928474426,0.0
20,44,950000,0.006800000090152025,0.021800000220537186,0.00039999998989515007,0.8126634955406189,0.7731990218162537,0.006800000090152025,0.0,0.0034000000450760126,0.0,0.8393999934196472,0.5699999928474426,0.20080000162124634,0.0,0.5699999928474426,0.0
20,44,1000000,0.007600000128149986,0.023600000888109207,0.0006000000284984708,0.8152027130126953,0.7742748260498047,0.007600000128149986,0.0,0.0034000000450760126,0.0,0.8393999934196472,0.5699999928474426,0.20080000162124634,0.0,0.5699999928474426,0.0
20,44,1250000,0.00860000029206276,0.027400000020861626,0.0006000000284984708,0.8063217997550964,0.7692167162895203,0.00860000029206276,0.0,0.0034000000450760126,0.0,0.8393999934196472,0.5699999928474426,0.20080000162124634,0.0,0.5699999928474426,0.0
20,44,1500000,0.012000000104308128,0.03060000017285347,0.0007999999797903001,0.7987897396087646,0.761661946773529,0.012000000104308128,0.0,0.0034000000450760126,0.0,0.8393999934196472,0.5699999928474426,0.20080000162124634,0.0,0.5699999928474426,0.0
20,44,1750000,0.010999999940395355,0.03400000184774399,0.0010000000474974513,0.7967644333839417,0.759361743927002,0.010999999940395355,0.0,0.0034000000450760126,0.0,0.8393999934196472,0.5699999928474426,0.20080000162124634,0.0,0.5699999928474426,0.0
20,44,2000000,0.017999999225139618,0.03660000115633011,0.0007999999797903001,0.7822141051292419,0.7532763481140137,0.017999999225139618,0.0,0.0034000000450760126,0.0,0.8393999934196472,0.5699999928474426,0.20080000162124634,0.0,0.5699999928474426,0.0
20,44,2250000,0.01720000058412552,0.03440000116825104,0.0006000000284984708,0.7813653349876404,0.748586893081665,0.01720000058412552,0.0,0.0034000000450760126,0.0,0.8393999934196472,0.5699999928474426,0.20080000162124634,0.0,0.5699999928474426,0.0
20,44,2500000,0.02019999921321869,0.041999999433755875,0.0007999999797903001,0.7763187289237976,0.7466952800750732,0.02019999921321869,0.0,0.0034000000450760126,0.0,0.8393999934196472,0.5699999928474426,0.20080000162124634,0.0,0.5699999928474426,0.0
20,44,2750000,0.024800000712275505,0.041600000113248825,0.002199999988079071,0.7695151567459106,0.7414700388908386,0.024800000712275505,0.0,0.0034000000450760126,0.0,0.8393999934196472,0.5699999928474426,0.20080000162124634,0.0,0.5699999928474426,0.0
20,44,3000000,0.02280000038444996,0.04259999841451645,0.0012000000569969416,0.7668135166168213,0.7421616315841675,0.02280000038444996,0.0,0.0034000000450760126,0.0,0.8393999934196472,0.5699999928474426,0.20080000162124634,0.0,0.5699999928474426,0.0
20,44,3250000,0.024800000712275505,0.041200000792741776,0.0012000000569969416,0.7659041285514832,0.7422384023666382,0.024800000712275505,0.0,0.0034000000450760126,0.0,0.8393999934196472,0.5699999928474426,0.20080000162124634,0.0,0.5699999928474426,0.0
20,44,3500000,0.02280000038444996,0.04399999976158142,0.0017999999690800905,0.7607154846191406,0.7407383918762207,0.02280000038444996,0.0,0.0034000000450760126,0.0,0.8393999934196472,0.5699999928474426,0.20080000162124634,0.0,0.5699999928474426,0.0
20,44,3750000,0.03020000085234642,0.04899999871850014,0.002400000113993883,0.7540278434753418,0.7343816161155701,0.03020000085234642,0.0,0.0034000000450760126,0.0,0.8393999934196472,0.5699999928474426,0.20080000162124634,0.0,0.5699999928474426,0.0
20,44,4000000,0.03060000017285347,0.05139999836683273,0.003000000026077032,0.7563828229904175,0.732844352722168,0.03060000017285347,0.0,0.0034000000450760126,0.0,0.8393999934196472,0.5699999928474426,0.20080000162124634,0.0,0.5699999928474426,0.0
20,44,4250000,0.03060000017285347,0.05180000141263008,0.002199999988079071,0.749397873878479,0.7254605293273926,0.03060000017285347,0.0,0.0034000000450760126,0.0,0.8393999934196472,0.5699999928474426,0.20080000162124634,0.0,0.5699999928474426,0.0
20,44,4500000,0.03460000082850456,0.04399999976158142,0.004000000189989805,0.7526670098304749,0.733403205871582,0.03460000082850456,0.0,0.0034000000450760126,0.0,0.8393999934196472,0.5699999928474426,0.20080000162124634,0.0,0.5699999928474426,0.0
20,44,4750000,0.039799999445676804,0.05660000070929527,0.0020000000949949026,0.7466971278190613,0.7290684580802917,0.039799999445676804,0.0,0.0034000000450760126,0.0,0.8393999934196472,0.5699999928474426,0.20080000162124634,0.0,0.5699999928474426,0.0
20,44,5000000,0.03280000016093254,0.053199999034404755,0.0017999999690800905,0.7497092485427856,0.727563202381134,0.03280000016093254,0.0,0.0034000000450760126,0.0,0.8393999934196472,0.5699999928474426,0.20080000162124634,0.0,0.5699999928474426,0.0
20,45,50000,0.0,0.006000000052154064,0.0,0.9272127151489258,0.828363299369812,0.0,0.0,0.004600000102072954,0.0,0.8392000198364258,0.590399980545044,0.1995999962091446,0.0,0.590399980545044,0.0
20,45,100000,0.0,0.007400000002235174,0.0,0.9201907515525818,0.8252199292182922,0.0,0.0,0.004600000102072954,0.0,0.8392000198364258,0.590399980545044,0.1995999962091446,0.0,0.590399980545044,0.0
20,45,150000,0.0,0.004800000227987766,0.0,0.9125685691833496,0.8236685395240784,0.0,0.0,0.004600000102072954,0.0,0.8392000198364258,0.590399980545044,0.1995999962091446,0.0,0.590399980545044,0.0
20,45,200000,0.0,0.007000000216066837,0.0,0.899315595626831,0.8215754628181458,0.0,0.0,0.004600000102072954,0.0,0.8392000198364258,0.590399980545044,0.1995999962091446,0.0,0.590399980545044,0.0
20,45,250000,0.0,0.008200000040233135,0.0,0.8907987475395203,0.8129458427429199,0.0,0.0,0.004600000102072954,0.0,0.8392000198364258,0.590399980545044,0.1995999962091446,0.0,0.590399980545044,0.0
20,45,300000,0.0,0.008200000040233135,0.0,0.8861827850341797,0.8116316199302673,0.0,0.0,0.004600000102072954,0.0,0.8392000198364258,0.590399980545044,0.1995999962091446,0.0,0.590399980545044,0.0
20,45,350000,0.0006000000284984708,0.009399999864399433,0.00019999999494757503,0.8722162842750549,0.8022776246070862,0.0006000000284984708,0.0,0.004600000102072954,0.0,0.8392000198364258,0.590399980545044,0.1995999962091446,0.0,0.590399980545044,0.0
20,45,400000,0.0006000000284984708,0.009800000116229057,0.0,0.8669975399971008,0.7998366951942444,0.0006000000284984708,0.0,0.004600000102072954,0.0,0.8392000198364258,0.590399980545044,0.1995999962091446,0.0,0.590399980545044,0.0
20,45,450000,0.0010000000474974513,0.012199999764561653,0.00019999999494757503,0.8626483678817749,0.8016647696495056,0.0010000000474974513,0.0,0.004600000102072954,0.0,0.8392000198364258,0.590399980545044,0.1995999962091446,0.0,0.590399980545044,0.0
20,45,500000,0.0015999999595806003,0.014999999664723873,0.0,0.8536394238471985,0.7908950448036194,0.0015999999595806003,0.0,0.004600000102072954,0.0,0.8392000198364258,0.590399980545044,0.1995999962091446,0.0,0.590399980545044,0.0
20,45,550000,0.00279999990016222,0.014600000344216824,0.00019999999494757503,0.8516298532485962,0.794784665107727,0.00279999990016222,0.0,0.004600000102072954,0.0,0.8392000198364258,0.590399980545044,0.1995999962091446,0.0,0.590399980545044,0.0
20,45,600000,0.003800000064074993,0.01679999940097332,0.00019999999494757503,0.8451767563819885,0.7937445044517517,0.003800000064074993,0.0,0.004600000102072954,0.0,0.8392000198364258,0.590399980545044,0.1995999962091446,0.0,0.590399980545044,0.0
20,45,650000,0.00419999985024333,0.014399999752640724,0.00019999999494757503,0.8379730582237244,0.7873169183731079,0.00419999985024333,0.0,0.004600000102072954,0.0,0.8392000198364258,0.590399980545044,0.1995999962091446,0.0,0.590399980545044,0.0
20,45,700000,0.004000000189989805,0.021400000900030136,0.0,0.8335974812507629,0.7814157009124756,0.004000000189989805,0.0,0.004600000102072954,0.0,0.8392000198364258,0.590399980545044,0.1995999962091446,0.0,0.590399980545044,0.0
20,45,750000,0.004000000189989805,0.01940000057220459,0.0,0.8312028050422668,0.7828254103660583,0.004000000189989805,0.0,0.004600000102072954,0.0,0.8392000198364258,0.590399980545044,0.1995999962091446,0.0,0.590399980545044,0.0
20,45,800000,0.005400000140070915,0.021400000900030136,0.00019999999494757503,0.8218480348587036,0.7780365347862244,0.005400000140070915,0.0,0.004600000102072954,0.0,0.8392000198364258,0.590399980545044,0.1995999962091446,0.0,0.590399980545044,0.0
20,45,850000,0.007400000002235174,0.021199999377131462,0.0010000000474974513,0.8252297043800354,0.7786678671836853,0.007400000002235174,0.0,0.004600000102072954,0.0,0.8392000198364258,0.590399980545044,0.1995999962091446,0.0,0.590399980545044,0.0
20,45,900000,0.006599999964237213,0.023399999365210533,0.00039999998989515007,0.8182400465011597,0.7743449807167053,0.006599999964237213,0.0,0.004600000102072954,0.0,0.8392000198364258,0.590399980545044,0.1995999962091446,0.0,0.590399980545044,0.0
20,45,950000,0.008799999952316284,0.023000000044703484,0.0006000000284984708,0.814504861831665,0.7751100063323975,0.008799999952316284,0.0,0.004600000102072954,0.0,0.8392000198364258,0.590399980545044,0.1995999962091446,0.0,0.590399980545044,0.0
20,45,1000000,0.007000000216066837,0.021199999377131462,0.0010000000474974513,0.8139371275901794,0.7753928899765015,0.007000000216066837,0.0,0.004600000102072954,0.0,0.8392000198364258,0.590399980545044,0.1995999962091446,0.0,0.590399980545044,0.0
20,45,1250000,0.012799999676644802,0.03319999948143959,0.00139999995008111,0.8015826940536499,0.7606256604194641,0.012799999676644802,0.0,0.004600000102072954,0.0,0.8392000198364258,0.590399980545044,0.1995999962091446,0.0,0.590399980545044,0.0
20,45,1500000,0.012600000016391277,0.03240000084042549,0.0007999999797903001,0.7981035113334656,0.7593492865562439,0.012600000016391277,0.0,0.004600000102072954,0.0,0.8392000198364258,0.590399980545044,0.1995999962091446,0.0,0.590399980545044,0.0
20,45,1750000,0.017999999225139618,0.03799999877810478,0.00139999995008111,0.7887424826622009,0.757256269454956,0.017999999225139618,0.0,0.004600000102072954,0.0,0.8392000198364258,0.590399980545044,0.1995999962091446,0.0,0.590399980545044,0.0
20,45,2000000,0.018200000748038292,0.040800001472234726,0.0020000000949949026,0.782325804233551,0.7499006390571594,0.018200000748038292,0.0,0.004600000102072954,0.0,0.8392000198364258,0.590399980545044,0.1995999962091446,0.0,0.590399980545044,0.0
20,45,2250000,0.021400000900030136,0.044199999421834946,0.0015999999595806003,0.7766345739364624,0.7452738285064697,0.021400000900030136,0.0,0.004600000102072954,0.0,0.8392000198364258,0.590399980545044,0.1995999962091446,0.0,0.590399980545044,0.0
20,45,2500000,0.024399999529123306,0.044599998742341995,0.002199999988079071,0.7706738114356995,0.7419424057006836,0.024399999529123306,0.0,0.004600000102072954,0.0,0.8392000198364258,0.590399980545044,0.1995999962091446,0.0,0.590399980545044,0.0
20,45,2750000,0.02759999968111515,0.04560000076889992,0.0010000000474974513,0.7658653259277344,0.7448343634605408,0.02759999968111515,0.0,0.004600000102072954,0.0,0.8392000198364258,0.590399980545044,0.1995999962091446,0.0,0.590399980545044,0.0
20,45,3000000,0.026799999177455902,0.04780000075697899,0.0031999999191612005,0.7651673555374146,0.7446445822715759,0.026799999177455902,0.0,0.004600000102072954,0.0,0.8392000198364258,0.590399980545044,0.1995999962091446,0.0,0.590399980545044,0.0
20,45,3250000,0.031599998474121094,0.04899999871850014,0.0020000000949949026,0.7557668089866638,0.7358813285827637,0.031599998474121094,0.0,0.004600000102072954,0.0,0.8392000198364258,0.590399980545044,0.1995999962091446,0.0,0.590399980545044,0.0
20,45,3500000,0.03420000150799751,0.0560000017285347,0.00279999990016222,0.7518306374549866,0.7260603308677673,0.03420000150799751,0.0,0.004600000102072954,0.0,0.8392000198364258,0.590399980545044,0.1995999962091446,0.0,0.590399980545044,0.0
20,45,3750000,0.033799998462200165,0.052000001072883606,0.0012000000569969416,0.7550875544548035,0.7285118103027344,0.033799998462200165,0.0,0.004600000102072954,0.0,0.8392000198364258,0.590399980545044,0.1995999962091446,0.0,0.590399980545044,0.0
20,45,4000000,0.03500000014901161,0.050200000405311584,0.002199999988079071,0.7578681707382202,0.7320600748062134,0.03500000014901161,0.0,0.004600000102072954,0.0,0.8392000198364258,0.590399980545044,0.1995999962091446,0.0,0.590399980545044,0.0
20,45,4250000,0.03880000114440918,0.05999999865889549,0.003599999938160181,0.7446013689041138,0.7276321649551392,0.03880000114440918,0.0,0.004600000102072954,0.0,0.8392000198364258,0.590399980545044,0.1995999962091446,0.0,0.590399980545044,0.0
20,45,4500000,0.0414000004529953,0.06340000033378601,0.002199999988079071,0.748969554901123,0.7271856069564819,0.0414000004529953,0.0,0.004600000102072954,0.0,0.8392000198364258,0.590399980545044,0.1995999962091446,0.0,0.590399980545044,0.0
20,45,4750000,0.04019999876618385,0.06199999898672104,0.004600000102072954,0.7424795627593994,0.7247104644775391,0.04019999876618385,0.0,0.004600000102072954,0.0,0.8392000198364258,0.590399980545044,0.1995999962091446,0.0,0.590399980545044,0.0
20,45,5000000,0.04340000078082085,0.06700000166893005,0.00279999990016222,0.7391999959945679,0.7213003635406494,0.04340000078082085,0.0,0.004600000102072954,0.0,0.8392000198364258,0.590399980545044,0.1995999962091446,0.0,0.590399980545044,0.0
20,46,50000,0.0,0.005400000140070915,0.0,0.9266353249549866,0.8247755765914917,0.0,0.0,0.003800000064074993,0.0,0.8317999839782715,0.5690000057220459,0.19580000638961792,0.0,0.5690000057220459,0.0
20,46,100000,0.0,0.004999999888241291,0.0,0.9176302552223206,0.8293198943138123,0.0,0.0,0.003800000064074993,0.0,0.8317999839782715,0.5690000057220459,0.19580000638961792,0.0,0.5690000057220459,0.0
20,46,150000,0.0,0.006599999964237213,0.0,0.9102068543434143,0.8200706839561462,0.0,0.0,0.003800000064074993,0.0,0.8317999839782715,0.5690000057220459,0.19580000638961792,0.0,0.5690000057220459,0.0
20,46,200000,0.0,0.007400000002235174,0.0,0.8999165892601013,0.8159211874008179,0.0,0.0,0.003800000064074993,0.0,0.8317999839782715,0.5690000057220459,0.19580000638961792,0.0,0.5690000057220459,0.0
20,46,250000,0.0,0.006800000090152025,0.0,0.8896109461784363,0.8128340244293213,0.0,0.0,0.003800000064074993,0.0,0.8317999839782715,0.5690000057220459,0.19580000638961792,0.0,0.5690000057220459,0.0
20,46,300000,0.00019999999494757503,0.008799999952316284,0.0,0.8799542784690857,0.8058804273605347,0.00019999999494757503,0.0,0.003800000064074993,0.0,0.8317999839782715,0.5690000057220459,0.19580000638961792,0.0,0.5690000057220459,0.0
20,46,350000,0.0007999999797903001,0.010200000368058681,0.00019999999494757503,0.874946653842926,0.8018410205841064,0.0007999999797903001,0.0,0.003800000064074993,0.0,0.8317999839782715,0.5690000057220459,0.19580000638961792,0.0,0.5690000057220459,0.0
20,46,400000,0.0007999999797903001,0.011800000444054604,0.0,0.866432249546051,0.8023516535758972,0.0007999999797903001,0.0,0.003800000064074993,0.0,0.8317999839782715,0.5690000057220459,0.19580000638961792,0.0,0.5690000057220459,0.0
20,46,450000,0.0010000000474974513,0.011599999852478504,0.00019999999494757503,0.8599352836608887,0.7959571480751038,0.0010000000474974513,0.0,0.003800000064074993,0.0,0.8317999839782715,0.5690000057220459,0.19580000638961792,0.0,0.5690000057220459,0.0
20,46,500000,0.0010000000474974513,0.01119999960064888,0.0,0.855149507522583,0.7938452363014221,0.0010000000474974513,0.0,0.003800000064074993,0.0,0.8317999839782715,0.5690000057220459,0.19580000638961792,0.0,0.5690000057220459,0.0
20,46,550000,0.0015999999595806003,0.012600000016391277,0.00019999999494757503,0.8461816310882568,0.7937830090522766,0.0015999999595806003,0.0,0.003800000064074993,0.0,0.8317999839782715,0.5690000057220459,0.19580000638961792,0.0,0.5690000057220459,0.0
20,46,600000,0.0034000000450760126,0.015399999916553497,0.0006000000284984708,0.839349627494812,0.7871459722518921,0.0034000000450760126,0.0,0.003800000064074993,0.0,0.8317999839782715,0.5690000057220459,0.19580000638961792,0.0,0.5690000057220459,0.0
20,46,650000,0.0034000000450760126,0.014800000004470348,0.00019999999494757503,0.8409814238548279,0.7888219952583313,0.0034000000450760126,0.0,0.003800000064074993,0.0,0.8317999839782715,0.5690000057220459,0.19580000638961792,0.0,0.5690000057220459,0.0
20,46,700000,0.003599999938160181,0.015799999237060547,0.00019999999494757503,0.8309678435325623,0.7835118174552917,0.003599999938160181,0.0,0.003800000064074993,0.0,0.8317999839782715,0.5690000057220459,0.19580000638961792,0.0,0.5690000057220459,0.0
20,46,750000,0.003599999938160181,0.017400000244379044,0.0006000000284984708,0.8270159959793091,0.7810421586036682,0.003599999938160181,0.0,0.003800000064074993,0.0,0.8317999839782715,0.5690000057220459,0.19580000638961792,0.0,0.5690000057220459,0.0
20,46,800000,0.004600000102072954,0.01899999938905239,0.0,0.8243149518966675,0.7848926782608032,0.004600000102072954,0.0,0.003800000064074993,0.0,0.8317999839782715,0.5690000057220459,0.19580000638961792,0.0,0.5690000057220459,0.0
20,46,850000,0.003599999938160181,0.019600000232458115,0.00039999998989515007,0.8238325119018555,0.7799777388572693,0.003599999938160181,0.0,0.003800000064074993,0.0,0.8317999839782715,0.5690000057220459,0.19580000638961792,0.0,0.5690000057220459,0.0
20,46,900000,0.006000000052154064,0.018200000748038292,0.0012000000569969416,0.8223398327827454,0.7808903455734253,0.006000000052154064,0.0,0.003800000064074993,0.0,0.8317999839782715,0.5690000057220459,0.19580000638961792,0.0,0.5690000057220459,0.0
20,46,950000,0.007199999876320362,0.02160000056028366,0.0007999999797903001,0.8192055821418762,0.7770333886146545,0.007199999876320362,0.0,0.003800000064074993,0.0,0.8317999839782715,0.5690000057220459,0.19580000638961792,0.0,0.5690000057220459,0.0
20,46,1000000,0.006599999964237213,0.01940000057220459,0.0006000000284984708,0.8161453604698181,0.7771482467651367,0.006599999964237213,0.0,0.003800000064074993,0.0,0.8317999839782715,0.5690000057220459,0.19580000638961792,0.0,0.5690000057220459,0.0
20,46,1250000,0.010999999940395355,0.025599999353289604,0.00019999999494757503,0.8075454235076904,0.7687788605690002,0.010999999940395355,0.0,0.003800000064074993,0.0,0.8317999839782715,0.5690000057220459,0.19580000638961792,0.0,0.5690000057220459,0.0
20,46,1500000,0.010400000028312206,0.030799999833106995,0.0010000000474974513,0.8005786538124084,0.7633000016212463,0.010400000028312206,0.0,0.003800000064074993,0.0,0.8317999839782715,0.5690000057220459,0.19580000638961792,0.0,0.5690000057220459,0.0
20,46,1750000,0.01360000018030405,0.03400000184774399,0.0017999999690800905,0.7929134964942932,0.7559587359428406,0.01360000018030405,0.0,0.003800000064074993,0.0,0.8317999839782715,0.5690000057220459,0.19580000638961792,0.0,0.5690000057220459,0.0
20,46,2000000,0.01640000008046627,0.03920000046491623,0.0015999999595806003,0.7812681794166565,0.749156653881073,0.01640000008046627,0.0,0.003800000064074993,0.0,0.8317999839782715,0.5690000057220459,0.19580000638961792,0.0,0.5690000057220459,0.0
20,46,2250000,0.01679999940097332,0.03880000114440918,0.00139999995008111,0.7777020335197449,0.7513326406478882,0.01679999940097332,0.0,0.003800000064074993,0.0,0.8317999839782715,0.5690000057220459,0.19580000638961792,0.0,0.5690000057220459,0.0
20,46,2500000,0.01899999938905239,0.03880000114440918,0.003599999938160181,0.7732183933258057,0.7473657131195068,0.01899999938905239,0.0,0.003800000064074993,0.0,0.8317999839782715,0.5690000057220459,0.19580000638961792,0.0,0.5690000057220459,0.0
20,46,2750000,0.02280000038444996,0.03999999910593033,0.004000000189989805,0.7692917585372925,0.7429647445678711,0.02280000038444996,0.0,0.003800000064074993,0.0,0.8317999839782715,0.5690000057220459,0.19580000638961792,0.0,0.5690000057220459,0.0
20,46,3000000,0.023000000044703484,0.04520000144839287,0.00139999995008111,0.7661358118057251,0.7401936054229736,0.023000000044703484,0.0,0.003800000064074993,0.0,0.8317999839782715,0.5690000057220459,0.19580000638961792,0.0,0.5690000057220459,0.0
20,46,3250000,0.021199999377131462,0.039799999445676804,0.0007999999797903001,0.7695949673652649,0.7453866004943848,0.021199999377131462,0.0,0.003800000064074993,0.0,0.8317999839782715,0.5690000057220459,0.19580000638961792,0.0,0.5690000057220459,0.0
20,46,3500000,0.02459999918937683,0.04619999974966049,0.002199999988079071,0.7630064487457275,0.7390499711036682,0.02459999918937683,0.0,0.003800000064074993,0.0,0.8317999839782715,0.5690000057220459,0.19580000638961792,0.0,0.5690000057220459,0.0
20,46,3750000,0.024800000712275505,0.049400001764297485,0.00279999990016222,0.7592031955718994,0.7362455129623413,0.024800000712275505,0.0,0.003800000064074993,0.0,0.8317999839782715,0.5690000057220459,0.19580000638961792,0.0,0.5690000057220459,0.0
20,46,4000000,0.025200000032782555,0.042399998754262924,0.0017999999690800905,0.7597970962524414,0.7385897636413574,0.025200000032782555,0.0,0.003800000064074993,0.0,0.8317999839782715,0.5690000057220459,0.19580000638961792,0.0,0.5690000057220459,0.0
20,46,4250000,0.026200000196695328,0.050599999725818634,0.0034000000450760126,0.7531347870826721,0.7308501601219177,0.026200000196695328,0.0,0.003800000064074993,0.0,0.8317999839782715,0.5690000057220459,0.19580000638961792,0.0,0.5690000057220459,0.0
20,46,4500000,0.03180000185966492,0.050999999046325684,0.003800000064074993,0.7519874572753906,0.7302671074867249,0.03180000185966492,0.0,0.003800000064074993,0.0,0.8317999839782715,0.5690000057220459,0.19580000638961792,0.0,0.5690000057220459,0.0
20,46,4750000,0.030799999833106995,0.05299999937415123,0.004000000189989805,0.754558801651001,0.7320773005485535,0.030799999833106995,0.0,0.003800000064074993,0.0,0.8317999839782715,0.5690000057220459,0.19580000638961792,0.0,0.5690000057220459,0.0
20,46,5000000,0.026799999177455902,0.0551999993622303,0.0034000000450760126,0.752135157585144,0.7265394330024719,0.026799999177455902,0.0,0.003800000064074993,0.0,0.8317999839782715,0.5690000057220459,0.19580000638961792,0.0,0.5690000057220459,0.0
40,42,50000,0.0,0.003800000064074993,0.0,0.9573607444763184,0.8339352607727051,0.0,0.0,0.00419999985024333,0.0,0.9692000150680542,0.5594000220298767,0.6083999872207642,0.0,0.5594000220298767,0.0
40,42,100000,0.0,0.003000000026077032,0.0,0.9529328346252441,0.8389943242073059,0.0,0.0,0.00419999985024333,0.0,0.9692000150680542,0.5594000220298767,0.6083999872207642,0.0,0.5594000220298767,0.0
40,42,150000,0.0,0.003000000026077032,0.0,0.9490830302238464,0.8310851454734802,0.0,0.0,0.00419999985024333,0.0,0.9692000150680542,0.5594000220298767,0.6083999872207642,0.0,0.5594000220298767,0.0
40,42,200000,0.0,0.0031999999191612005,0.0,0.9457074403762817,0.8310064673423767,0.0,0.0,0.00419999985024333,0.0,0.9692000150680542,0.5594000220298767,0.6083999872207642,0.0,0.5594000220298767,0.0
40,42,250000,0.0,0.005799999926239252,0.0,0.9420955181121826,0.8293588161468506,0.0,0.0,0.00419999985024333,0.0,0.9692000150680542,0.5594000220298767,0.6083999872207642,0.0,0.5594000220298767,0.0
40,42,300000,0.0,0.00419999985024333,0.0,0.9392637610435486,0.8233876824378967,0.0,0.0,0.00419999985024333,0.0,0.9692000150680542,0.5594000220298767,0.6083999872207642,0.0,0.5594000220298767,0.0
40,42,350000,0.0,0.004999999888241291,0.0,0.9334069490432739,0.8242888450622559,0.0,0.0,0.00419999985024333,0.0,0.9692000150680542,0.5594000220298767,0.6083999872207642,0.0,0.5594000220298767,0.0
40,42,400000,0.0,0.003800000064074993,0.0,0.9294250011444092,0.8261302709579468,0.0,0.0,0.00419999985024333,0.0,0.9692000150680542,0.5594000220298767,0.6083999872207642,0.0,0.5594000220298767,0.0
40,42,450000,0.0,0.006399999838322401,0.0,0.9256631135940552,0.8191190361976624,0.0,0.0,0.00419999985024333,0.0,0.9692000150680542,0.5594000220298767,0.6083999872207642,0.0,0.5594000220298767,0.0
40,42,500000,0.0,0.004399999976158142,0.0,0.924193263053894,0.8206613063812256,0.0,0.0,0.00419999985024333,0.0,0.9692000150680542,0.5594000220298767,0.6083999872207642,0.0,0.5594000220298767,0.0
40,42,550000,0.0,0.00559999980032444,0.0,0.9208883047103882,0.8207868933677673,0.0,0.0,0.00419999985024333,0.0,0.9692000150680542,0.5594000220298767,0.6083999872207642,0.0,0.5594000220298767,0.0
40,42,600000,0.0,0.006000000052154064,0.0,0.9192562699317932,0.8221524357795715,0.0,0.0,0.00419999985024333,0.0,0.9692000150680542,0.5594000220298767,0.6083999872207642,0.0,0.5594000220298767,0.0
40,42,650000,0.0,0.005200000014156103,0.0,0.9193670153617859,0.8215682506561279,0.0,0.0,0.00419999985024333,0.0,0.9692000150680542,0.5594000220298767,0.6083999872207642,0.0,0.5594000220298767,0.0
40,42,700000,0.0,0.006599999964237213,0.0,0.9166998267173767,0.8167411684989929,0.0,0.0,0.00419999985024333,0.0,0.9692000150680542,0.5594000220298767,0.6083999872207642,0.0,0.5594000220298767,0.0
40,42,750000,0.0,0.006800000090152025,0.0,0.9141566157341003,0.8185339570045471,0.0,0.0,0.00419999985024333,0.0,0.9692000150680542,0.5594000220298767,0.6083999872207642,0.0,0.5594000220298767,0.0
40,42,800000,0.0,0.007000000216066837,0.0,0.9108831882476807,0.8146823644638062,0.0,0.0,0.00419999985024333,0.0,0.9692000150680542,0.5594000220298767,0.6083999872207642,0.0,0.5594000220298767,0.0
40,42,850000,0.0,0.007400000002235174,0.0,0.9108402132987976,0.8192591667175293,0.0,0.0,0.00419999985024333,0.0,0.9692000150680542,0.5594000220298767,0.6083999872207642,0.0,0.5594000220298767,0.0
40,42,900000,0.0,0.006000000052154064,0.0,0.9096024632453918,0.8190119862556458,0.0,0.0,0.00419999985024333,0.0,0.9692000150680542,0.5594000220298767,0.6083999872207642,0.0,0.5594000220298767,0.0
40,42,950000,0.0,0.007400000002235174,0.0,0.9091787338256836,0.8152804374694824,0.0,0.0,0.00419999985024333,0.0,0.9692000150680542,0.5594000220298767,0.6083999872207642,0.0,0.5594000220298767,0.0
40,42,1000000,0.0,0.006000000052154064,0.0,0.9076142311096191,0.8146001100540161,0.0,0.0,0.00419999985024333,0.0,0.9692000150680542,0.5594000220298767,0.6083999872207642,0.0,0.5594000220298767,0.0
40,42,1250000,0.0,0.00419999985024333,0.0,0.9027178883552551,0.8159915804862976,0.0,0.0,0.00419999985024333,0.0,0.9692000150680542,0.5594000220298767,0.6083999872207642,0.0,0.5594000220298767,0.0
40,42,1500000,0.0,0.007400000002235174,0.0,0.8971043229103088,0.8134072422981262,0.0,0.0,0.00419999985024333,0.0,0.9692000150680542,0.5594000220298767,0.6083999872207642,0.0,0.5594000220298767,0.0
40,42,1750000,0.00039999998989515007,0.007799999788403511,0.0,0.895896852016449,0.80904221534729,0.00039999998989515007,0.0,0.00419999985024333,0.0,0.9692000150680542,0.5594000220298767,0.6083999872207642,0.0,0.5594000220298767,0.0
40,42,2000000,0.00019999999494757503,0.00839999970048666,0.0,0.8897515535354614,0.8105389475822449,0.00019999999494757503,0.0,0.00419999985024333,0.0,0.9692000150680542,0.5594000220298767,0.6083999872207642,0.0,0.5594000220298767,0.0
40,42,2250000,0.0,0.01080000028014183,0.0,0.883259654045105,0.8056621551513672,0.0,0.0,0.00419999985024333,0.0,0.9692000150680542,0.5594000220298767,0.6083999872207642,0.0,0.5594000220298767,0.0
40,42,2500000,0.00039999998989515007,0.01119999960064888,0.00039999998989515007,0.883863091468811,0.8076339960098267,0.00039999998989515007,0.0,0.00419999985024333,0.0,0.9692000150680542,0.5594000220298767,0.6083999872207642,0.0,0.5594000220298767,0.0
40,42,2750000,0.0007999999797903001,0.011800000444054604,0.00019999999494757503,0.8834750056266785,0.8070070147514343,0.0007999999797903001,0.0,0.00419999985024333,0.0,0.9692000150680542,0.5594000220298767,0.6083999872207642,0.0,0.5594000220298767,0.0
40,42,3000000,0.0012000000569969416,0.009600000455975533,0.0,0.8812480568885803,0.8087586760520935,0.0012000000569969416,0.0,0.00419999985024333,0.0,0.9692000150680542,0.5594000220298767,0.6083999872207642,0.0,0.5594000220298767,0.0
40,42,3250000,0.00019999999494757503,0.008200000040233135,0.0,0.877234697341919,0.8070995807647705,0.00019999999494757503,0.0,0.00419999985024333,0.0,0.9692000150680542,0.5594000220298767,0.6083999872207642,0.0,0.5594000220298767,0.0
40,42,3500000,0.0006000000284984708,0.009600000455975533,0.0,0.8762476444244385,0.8045687675476074,0.0006000000284984708,0.0,0.00419999985024333,0.0,0.9692000150680542,0.5594000220298767,0.6083999872207642,0.0,0.5594000220298767,0.0
40,42,3750000,0.0006000000284984708,0.008200000040233135,0.0,0.8710425496101379,0.803576648235321,0.0006000000284984708,0.0,0.00419999985024333,0.0,0.9692000150680542,0.5594000220298767,0.6083999872207642,0.0,0.5594000220298767,0.0
40,42,4000000,0.0007999999797903001,0.009999999776482582,0.00019999999494757503,0.8715104460716248,0.8045413494110107,0.0007999999797903001,0.0,0.00419999985024333,0.0,0.9692000150680542,0.5594000220298767,0.6083999872207642,0.0,0.5594000220298767,0.0
40,42,4250000,0.0010000000474974513,0.008999999612569809,0.0,0.8729322552680969,0.8042380809783936,0.0010000000474974513,0.0,0.00419999985024333,0.0,0.9692000150680542,0.5594000220298767,0.6083999872207642,0.0,0.5594000220298767,0.0
40,42,4500000,0.0010000000474974513,0.013199999928474426,0.00039999998989515007,0.8705596923828125,0.8019490242004395,0.0010000000474974513,0.0,0.00419999985024333,0.0,0.9692000150680542,0.5594000220298767,0.6083999872207642,0.0,0.5594000220298767,0.0
40,42,4750000,0.0010000000474974513,0.010400000028312206,0.00019999999494757503,0.8716253042221069,0.8022111058235168,0.0010000000474974513,0.0,0.00419999985024333,0.0,0.9692000150680542,0.5594000220298767,0.6083999872207642,0.0,0.5594000220298767,0.0
40,42,5000000,0.0012000000569969416,0.011800000444054604,0.0,0.868409276008606,0.799893319606781,0.0012000000569969416,0.0,0.00419999985024333,0.0,0.9692000150680542,0.5594000220298767,0.6083999872207642,0.0,0.5594000220298767,0.0
40,43,50000,0.0,0.004000000189989805,0.0,0.9546019434928894,0.8354706764221191,0.0,0.0,0.004999999888241291,0.0,0.9679999947547913,0.5942000150680542,0.6244000196456909,0.0,0.5942000150680542,0.0
40,43,100000,0.0,0.0031999999191612005,0.0,0.9521424770355225,0.8318501710891724,0.0,0.0,0.004999999888241291,0.0,0.9679999947547913,0.5942000150680542,0.6244000196456909,0.0,0.5942000150680542,0.0
40,43,150000,0.0,0.00559999980032444,0.0,0.948897659778595,0.8250707983970642,0.0,0.0,0.004999999888241291,0.0,0.9679999947547913,0.5942000150680542,0.6244000196456909,0.0,0.5942000150680542,0.0
40,43,200000,0.0,0.006000000052154064,0.0,0.945176362991333,0.8273311257362366,0.0,0.0,0.004999999888241291,0.0,0.9679999947547913,0.5942000150680542,0.6244000196456909,0.0,0.5942000150680542,0.0
40,43,250000,0.0,0.006399999838322401,0.0,0.9418310523033142,0.8261140584945679,0.0,0.0,0.004999999888241291,0.0,0.9679999947547913,0.5942000150680542,0.6244000196456909,0.0,0.5942000150680542,0.0
40,43,300000,0.0,0.004800000227987766,0.0,0.9374173879623413,0.8224155306816101,0.0,0.0,0.004999999888241291,0.0,0.9679999947547913,0.5942000150680542,0.6244000196456909,0.0,0.5942000150680542,0.0
40,43,350000,0.0,0.005799999926239252,0.0,0.9345874190330505,0.8222732543945312,0.0,0.0,0.004999999888241291,0.0,0.9679999947547913,0.5942000150680542,0.6244000196456909,0.0,0.5942000150680542,0.0
40,43,400000,0.0,0.006399999838322401,0.0,0.9324967861175537,0.8179253339767456,0.0,0.0,0.004999999888241291,0.0,0.9679999947547913,0.5942000150680542,0.6244000196456909,0.0,0.5942000150680542,0.0
40,43,450000,0.0,0.006800000090152025,0.0,0.929844319820404,0.8186833262443542,0.0,0.0,0.004999999888241291,0.0,0.9679999947547913,0.5942000150680542,0.6244000196456909,0.0,0.5942000150680542,0.0
40,43,500000,0.0,0.007400000002235174,0.0,0.9258711934089661,0.8214412331581116,0.0,0.0,0.004999999888241291,0.0,0.9679999947547913,0.5942000150680542,0.6244000196456909,0.0,0.5942000150680542,0.0
40,43,550000,0.00019999999494757503,0.005400000140070915,0.0,0.9210849404335022,0.8173919916152954,0.00019999999494757503,0.0,0.004999999888241291,0.0,0.9679999947547913,0.5942000150680542,0.6244000196456909,0.0,0.5942000150680542,0.0
40,43,600000,0.00019999999494757503,0.004399999976158142,0.0,0.9193388819694519,0.8188486099243164,0.00019999999494757503,0.0,0.004999999888241291,0.0,0.9679999947547913,0.5942000150680542,0.6244000196456909,0.0,0.5942000150680542,0.0
40,43,650000,0.0,0.004999999888241291,0.0,0.9164275527000427,0.8176619410514832,0.0,0.0,0.004999999888241291,0.0,0.9679999947547913,0.5942000150680542,0.6244000196456909,0.0,0.5942000150680542,0.0
40,43,700000,0.0,0.00559999980032444,0.0,0.9153454899787903,0.8187497854232788,0.0,0.0,0.004999999888241291,0.0,0.9679999947547913,0.5942000150680542,0.6244000196456909,0.0,0.5942000150680542,0.0
40,43,750000,0.0,0.006399999838322401,0.0,0.9134342074394226,0.8188599348068237,0.0,0.0,0.004999999888241291,0.0,0.9679999947547913,0.5942000150680542,0.6244000196456909,0.0,0.5942000150680542,0.0
40,43,800000,0.0,0.007600000128149986,0.0,0.9126725792884827,0.8147303462028503,0.0,0.0,0.004999999888241291,0.0,0.9679999947547913,0.5942000150680542,0.6244000196456909,0.0,0.5942000150680542,0.0
40,43,850000,0.0,0.007600000128149986,0.0,0.9122029542922974,0.8145534992218018,0.0,0.0,0.004999999888241291,0.0,0.9679999947547913,0.5942000150680542,0.6244000196456909,0.0,0.5942000150680542,0.0
40,43,900000,0.0,0.005400000140070915,0.0,0.9084977507591248,0.8106285333633423,0.0,0.0,0.004999999888241291,0.0,0.9679999947547913,0.5942000150680542,0.6244000196456909,0.0,0.5942000150680542,0.0
40,43,950000,0.0,0.00800000037997961,0.0,0.9090112447738647,0.8133552074432373,0.0,0.0,0.004999999888241291,0.0,0.9679999947547913,0.5942000150680542,0.6244000196456909,0.0,0.5942000150680542,0.0
40,43,1000000,0.0,0.007199999876320362,0.0,0.9076161980628967,0.8114508986473083,0.0,0.0,0.004999999888241291,0.0,0.9679999947547913,0.5942000150680542,0.6244000196456909,0.0,0.5942000150680542,0.0
40,43,1250000,0.0,0.007400000002235174,0.0,0.9002552032470703,0.8116875290870667,0.0,0.0,0.004999999888241291,0.0,0.9679999947547913,0.5942000150680542,0.6244000196456909,0.0,0.5942000150680542,0.0
40,43,1500000,0.00019999999494757503,0.007600000128149986,0.0,0.8981804847717285,0.8125020265579224,0.00019999999494757503,0.0,0.004999999888241291,0.0,0.9679999947547913,0.5942000150680542,0.6244000196456909,0.0,0.5942000150680542,0.0
40,43,1750000,0.00019999999494757503,0.00800000037997961,0.0,0.8932399153709412,0.8071845769882202,0.00019999999494757503,0.0,0.004999999888241291,0.0,0.9679999947547913,0.5942000150680542,0.6244000196456909,0.0,0.5942000150680542,0.0
40,43,2000000,0.0006000000284984708,0.008799999952316284,0.0,0.8904764652252197,0.8093898892402649,0.0006000000284984708,0.0,0.004999999888241291,0.0,0.9679999947547913,0.5942000150680542,0.6244000196456909,0.0,0.5942000150680542,0.0
40,43,2250000,0.00019999999494757503,0.00800000037997961,0.0,0.888451337814331,0.8107669353485107,0.00019999999494757503,0.0,0.004999999888241291,0.0,0.9679999947547913,0.5942000150680542,0.6244000196456909,0.0,0.5942000150680542,0.0
40,43,2500000,0.00019999999494757503,0.009399999864399433,0.0,0.8859990239143372,0.8096725344657898,0.00019999999494757503,0.0,0.004999999888241291,0.0,0.9679999947547913,0.5942000150680542,0.6244000196456909,0.0,0.5942000150680542,0.0
40,43,2750000,0.0,0.009399999864399433,0.0,0.8869417905807495,0.8063334226608276,0.0,0.0,0.004999999888241291,0.0,0.9679999947547913,0.5942000150680542,0.6244000196456909,0.0,0.5942000150680542,0.0
40,43,3000000,0.0006000000284984708,0.007199999876320362,0.0,0.8836856484413147,0.8045047521591187,0.0006000000284984708,0.0,0.004999999888241291,0.0,0.9679999947547913,0.5942000150680542,0.6244000196456909,0.0,0.5942000150680542,0.0
40,43,3250000,0.0006000000284984708,0.009800000116229057,0.0,0.8805882930755615,0.8021767139434814,0.0006000000284984708,0.0,0.004999999888241291,0.0,0.9679999947547913,0.5942000150680542,0.6244000196456909,0.0,0.5942000150680542,0.0
40,43,3500000,0.0007999999797903001,0.01119999960064888,0.0,0.8749354481697083,0.8043738007545471,0.0007999999797903001,0.0,0.004999999888241291,0.0,0.9679999947547913,0.5942000150680542,0.6244000196456909,0.0,0.5942000150680542,0.0
40,43,3750000,0.00039999998989515007,0.013799999840557575,0.0,0.8756939172744751,0.8011824488639832,0.00039999998989515007,0.0,0.004999999888241291,0.0,0.9679999947547913,0.5942000150680542,0.6244000196456909,0.0,0.5942000150680542,0.0
40,43,4000000,0.0007999999797903001,0.011599999852478504,0.0,0.875376284122467,0.7998086810112,0.0007999999797903001,0.0,0.004999999888241291,0.0,0.9679999947547913,0.5942000150680542,0.6244000196456909,0.0,0.5942000150680542,0.0
40,43,4250000,0.0006000000284984708,0.010200000368058681,0.0,0.8758161067962646,0.8028809428215027,0.0006000000284984708,0.0,0.004999999888241291,0.0,0.9679999947547913,0.5942000150680542,0.6244000196456909,0.0,0.5942000150680542,0.0
40,43,4500000,0.0010000000474974513,0.013199999928474426,0.0,0.8729951977729797,0.7978702187538147,0.0010000000474974513,0.0,0.004999999888241291,0.0,0.9679999947547913,0.5942000150680542,0.6244000196456909,0.0,0.5942000150680542,0.0
40,43,4750000,0.0010000000474974513,0.01140000019222498,0.0,0.8729541301727295,0.8010364174842834,0.0010000000474974513,0.0,0.004999999888241291,0.0,0.9679999947547913,0.5942000150680542,0.6244000196456909,0.0,0.5942000150680542,0.0
40,43,5000000,0.00039999998989515007,0.01140000019222498,0.0,0.8668965101242065,0.7959150671958923,0.00039999998989515007,0.0,0.004999999888241291,0.0,0.9679999947547913,0.5942000150680542,0.6244000196456909,0.0,0.5942000150680542,0.0
40,44,50000,0.0,0.005400000140070915,0.0,0.9565571546554565,0.8370689749717712,0.0,0.0,0.0034000000450760126,0.0,0.9620000123977661,0.5673999786376953,0.6100000143051147,0.0,0.5673999786376953,0.0
40,44,100000,0.0,0.00559999980032444,0.0,0.9517782926559448,0.8330989480018616,0.0,0.0,0.0034000000450760126,0.0,0.9620000123977661,0.5673999786376953,0.6100000143051147,0.0,0.5673999786376953,0.0
40,44,150000,0.0,0.005799999926239252,0.0,0.9485412836074829,0.829885721206665,0.0,0.0,0.0034000000450760126,0.0,0.9620000123977661,0.5673999786376953,0.6100000143051147,0.0,0.5673999786376953,0.0
40,44,200000,0.0,0.00419999985024333,0.0,0.9461042881011963,0.828316867351532,0.0,0.0,0.0034000000450760126,0.0,0.9620000123977661,0.5673999786376953,0.6100000143051147,0.0,0.5673999786376953,0.0
40,44,250000,0.0,0.0031999999191612005,0.0,0.9396215677261353,0.8281232714653015,0.0,0.0,0.0034000000450760126,0.0,0.9620000123977661,0.5673999786376953,0.6100000143051147,0.0,0.5673999786376953,0.0
40,44,300000,0.0,0.005400000140070915,0.0,0.9368830323219299,0.827841579914093,0.0,0.0,0.0034000000450760126,0.0,0.9620000123977661,0.5673999786376953,0.6100000143051147,0.0,0.5673999786376953,0.0
40,44,350000,0.0,0.004000000189989805,0.0,0.9334683418273926,0.8283605575561523,0.0,0.0,0.0034000000450760126,0.0,0.9620000123977661,0.5673999786376953,0.6100000143051147,0.0,0.5673999786376953,0.0
40,44,400000,0.0,0.005400000140070915,0.0,0.9294402599334717,0.824560821056366,0.0,0.0,0.0034000000450760126,0.0,0.9620000123977661,0.5673999786376953,0.6100000143051147,0.0,0.5673999786376953,0.0
40,44,450000,0.0,0.004800000227987766,0.0,0.9251037240028381,0.8206639885902405,0.0,0.0,0.0034000000450760126,0.0,0.9620000123977661,0.5673999786376953,0.6100000143051147,0.0,0.5673999786376953,0.0
40,44,500000,0.0,0.004999999888241291,0.0,0.9235065579414368,0.8224169015884399,0.0,0.0,0.0034000000450760126,0.0,0.9620000123977661,0.5673999786376953,0.6100000143051147,0.0,0.5673999786376953,0.0
40,44,550000,0.0,0.006399999838322401,0.0,0.9225214719772339,0.8205560445785522,0.0,0.0,0.0034000000450760126,0.0,0.9620000123977661,0.5673999786376953,0.6100000143051147,0.0,0.5673999786376953,0.0
40,44,600000,0.0,0.006399999838322401,0.0,0.9207177758216858,0.8200563192367554,0.0,0.0,0.0034000000450760126,0.0,0.9620000123977661,0.5673999786376953,0.6100000143051147,0.0,0.5673999786376953,0.0
40,44,650000,0.0,0.006399999838322401,0.0,0.91791170835495,0.8188992142677307,0.0,0.0,0.0034000000450760126,0.0,0.9620000123977661,0.5673999786376953,0.6100000143051147,0.0,0.5673999786376953,0.0
40,44,700000,0.0,0.006200000178068876,0.0,0.9169150590896606,0.8196525573730469,0.0,0.0,0.0034000000450760126,0.0,0.9620000123977661,0.5673999786376953,0.6100000143051147,0.0,0.5673999786376953,0.0
40,44,750000,0.0,0.006200000178068876,0.0,0.9149189591407776,0.8205837607383728,0.0,0.0,0.0034000000450760126,0.0,0.9620000123977661,0.5673999786376953,0.6100000143051147,0.0,0.5673999786376953,0.0
40,44,800000,0.0,0.006000000052154064,0.0,0.9154563546180725,0.822788655757904,0.0,0.0,0.0034000000450760126,0.0,0.9620000123977661,0.5673999786376953,0.6100000143051147,0.0,0.5673999786376953,0.0
40,44,850000,0.0,0.006399999838322401,0.0,0.9111368060112,0.8156144618988037,0.0,0.0,0.0034000000450760126,0.0,0.9620000123977661,0.5673999786376953,0.6100000143051147,0.0,0.5673999786376953,0.0
40,44,900000,0.0,0.006200000178068876,0.0,0.9110732674598694,0.8156808614730835,0.0,0.0,0.0034000000450760126,0.0,0.9620000123977661,0.5673999786376953,0.6100000143051147,0.0,0.5673999786376953,0.0
40,44,950000,0.0,0.005400000140070915,0.0,0.9097765684127808,0.8161405920982361,0.0,0.0,0.0034000000450760126,0.0,0.9620000123977661,0.5673999786376953,0.6100000143051147,0.0,0.5673999786376953,0.0
40,44,1000000,0.0,0.007199999876320362,0.0,0.9072525501251221,0.8169257044792175,0.0,0.0,0.0034000000450760126,0.0,0.9620000123977661,0.5673999786376953,0.6100000143051147,0.0,0.5673999786376953,0.0
40,44,1250000,0.0,0.005799999926239252,0.0,0.902540922164917,0.815646767616272,0.0,0.0,0.0034000000450760126,0.0,0.9620000123977661,0.5673999786376953,0.6100000143051147,0.0,0.5673999786376953,0.0
40,44,1500000,0.0,0.008200000040233135,0.0,0.8988626003265381,0.814315140247345,0.0,0.0,0.0034000000450760126,0.0,0.9620000123977661,0.5673999786376953,0.6100000143051147,0.0,0.5673999786376953,0.0
40,44,1750000,0.00019999999494757503,0.006800000090152025,0.0,0.8940862417221069,0.813822865486145,0.00019999999494757503,0.0,0.0034000000450760126,0.0,0.9620000123977661,0.5673999786376953,0.6100000143051147,0.0,0.5673999786376953,0.0
40,44,2000000,0.0,0.009200000204145908,0.0,0.8918177485466003,0.8070315718650818,0.0,0.0,0.0034000000450760126,0.0,0.9620000123977661,0.5673999786376953,0.6100000143051147,0.0,0.5673999786376953,0.0
40,44,2250000,0.0,0.005400000140070915,0.0,0.8906771540641785,0.8121596574783325,0.0,0.0,0.0034000000450760126,0.0,0.9620000123977661,0.5673999786376953,0.6100000143051147,0.0,0.5673999786376953,0.0
40,44,2500000,0.00019999999494757503,0.009800000116229057,0.0,0.886474609375,0.8098725080490112,0.00019999999494757503,0.0,0.0034000000450760126,0.0,0.9620000123977661,0.5673999786376953,0.6100000143051147,0.0,0.5673999786376953,0.0
40,44,2750000,0.0,0.006599999964237213,0.0,0.8878263831138611,0.8148626089096069,0.0,0.0,0.0034000000450760126,0.0,0.9620000123977661,0.5673999786376953,0.6100000143051147,0.0,0.5673999786376953,0.0
40,44,3000000,0.00019999999494757503,0.008200000040233135,0.0,0.8837447166442871,0.8082117438316345,0.00019999999494757503,0.0,0.0034000000450760126,0.0,0.9620000123977661,0.5673999786376953,0.6100000143051147,0.0,0.5673999786376953,0.0
40,44,3250000,0.00019999999494757503,0.01080000028014183,0.0,0.8792747259140015,0.8039186596870422,0.00019999999494757503,0.0,0.0034000000450760126,0.0,0.9620000123977661,0.5673999786376953,0.6100000143051147,0.0,0.5673999786376953,0.0
40,44,3500000,0.00019999999494757503,0.010200000368058681,0.0,0.8791158199310303,0.807735800743103,0.00019999999494757503,0.0,0.0034000000450760126,0.0,0.9620000123977661,0.5673999786376953,0.6100000143051147,0.0,0.5673999786376953,0.0
40,44,3750000,0.0,0.01140000019222498,0.0,0.8773487210273743,0.8058217763900757,0.0,0.0,0.0034000000450760126,0.0,0.9620000123977661,0.5673999786376953,0.6100000143051147,0.0,0.5673999786376953,0.0
40,44,4000000,0.0006000000284984708,0.01080000028014183,0.00019999999494757503,0.8765246272087097,0.8045504093170166,0.0006000000284984708,0.0,0.0034000000450760126,0.0,0.9620000123977661,0.5673999786376953,0.6100000143051147,0.0,0.5673999786376953,0.0
40,44,4250000,0.00039999998989515007,0.009999999776482582,0.0,0.8746681809425354,0.8062912821769714,0.00039999998989515007,0.0,0.0034000000450760126,0.0,0.9620000123977661,0.5673999786376953,0.6100000143051147,0.0,0.5673999786376953,0.0
40,44,4500000,0.0010000000474974513,0.012199999764561653,0.00019999999494757503,0.8739948272705078,0.8031405806541443,0.0010000000474974513,0.0,0.0034000000450760126,0.0,0.9620000123977661,0.5673999786376953,0.6100000143051147,0.0,0.5673999786376953,0.0
40,44,4750000,0.0006000000284984708,0.00860000029206276,0.0,0.8693615198135376,0.8047872185707092,0.0006000000284984708,0.0,0.0034000000450760126,0.0,0.9620000123977661,0.5673999786376953,0.6100000143051147,0.0,0.5673999786376953,0.0
40,44,5000000,0.0006000000284984708,0.011599999852478504,0.0,0.8683567643165588,0.8013415932655334,0.0006000000284984708,0.0,0.0034000000450760126,0.0,0.9620000123977661,0.5673999786376953,0.6100000143051147,0.0,0.5673999786376953,0.0
40,45,50000,0.0,0.003000000026077032,0.0,0.9547634720802307,0.8390448093414307,0.0,0.0,0.004600000102072954,0.0,0.9557999968528748,0.5866000056266785,0.5662000179290771,0.0,0.5866000056266785,0.0
40,45,100000,0.0,0.004600000102072954,0.0,0.9534704089164734,0.833513081073761,0.0,0.0,0.004600000102072954,0.0,0.9557999968528748,0.5866000056266785,0.5662000179290771,0.0,0.5866000056266785,0.0
40,45,150000,0.0,0.004399999976158142,0.0,0.9488078951835632,0.8308777213096619,0.0,0.0,0.004600000102072954,0.0,0.9557999968528748,0.5866000056266785,0.5662000179290771,0.0,0.5866000056266785,0.0
40,45,200000,0.0,0.005400000140070915,0.0,0.9446755647659302,0.8300161957740784,0.0,0.0,0.004600000102072954,0.0,0.9557999968528748,0.5866000056266785,0.5662000179290771,0.0,0.5866000056266785,0.0
40,45,250000,0.0,0.004800000227987766,0.0,0.941108226776123,0.8268521428108215,0.0,0.0,0.004600000102072954,0.0,0.9557999968528748,0.5866000056266785,0.5662000179290771,0.0,0.5866000056266785,0.0
40,45,300000,0.0,0.004600000102072954,0.0,0.9356728792190552,0.8303532004356384,0.0,0.0,0.004600000102072954,0.0,0.9557999968528748,0.5866000056266785,0.5662000179290771,0.0,0.5866000056266785,0.0
40,45,350000,0.0,0.004999999888241291,0.0,0.9333008527755737,0.8222406506538391,0.0,0.0,0.004600000102072954,0.0,0.9557999968528748,0.5866000056266785,0.5662000179290771,0.0,0.5866000056266785,0.0
40,45,400000,0.0,0.008200000040233135,0.0,0.929757833480835,0.8232241272926331,0.0,0.0,0.004600000102072954,0.0,0.9557999968528748,0.5866000056266785,0.5662000179290771,0.0,0.5866000056266785,0.0
40,45,450000,0.0,0.005200000014156103,0.0,0.9266219735145569,0.8226715922355652,0.0,0.0,0.004600000102072954,0.0,0.9557999968528748,0.5866000056266785,0.5662000179290771,0.0,0.5866000056266785,0.0
40,45,500000,0.0,0.004800000227987766,0.0,0.9239097833633423,0.8189911246299744,0.0,0.0,0.004600000102072954,0.0,0.9557999968528748,0.5866000056266785,0.5662000179290771,0.0,0.5866000056266785,0.0
40,45,550000,0.0,0.006599999964237213,0.0,0.9212456345558167,0.8208349347114563,0.0,0.0,0.004600000102072954,0.0,0.9557999968528748,0.5866000056266785,0.5662000179290771,0.0,0.5866000056266785,0.0
40,45,600000,0.0,0.007199999876320362,0.0,0.917609453201294,0.8197394609451294,0.0,0.0,0.004600000102072954,0.0,0.9557999968528748,0.5866000056266785,0.5662000179290771,0.0,0.5866000056266785,0.0
40,45,650000,0.0,0.007600000128149986,0.0,0.9184093475341797,0.8163137435913086,0.0,0.0,0.004600000102072954,0.0,0.9557999968528748,0.5866000056266785,0.5662000179290771,0.0,0.5866000056266785,0.0
40,45,700000,0.0,0.007000000216066837,0.0,0.9130958914756775,0.8207261562347412,0.0,0.0,0.004600000102072954,0.0,0.9557999968528748,0.5866000056266785,0.5662000179290771,0.0,0.5866000056266785,0.0
40,45,750000,0.0,0.006800000090152025,0.0,0.9134777188301086,0.8153209686279297,0.0,0.0,0.004600000102072954,0.0,0.9557999968528748,0.5866000056266785,0.5662000179290771,0.0,0.5866000056266785,0.0
40,45,800000,0.0,0.006000000052154064,0.0,0.9114408493041992,0.8148675560951233,0.0,0.0,0.004600000102072954,0.0,0.9557999968528748,0.5866000056266785,0.5662000179290771,0.0,0.5866000056266785,0.0
40,45,850000,0.0,0.007000000216066837,0.0,0.9085872769355774,0.8162370324134827,0.0,0.0,0.004600000102072954,0.0,0.9557999968528748,0.5866000056266785,0.5662000179290771,0.0,0.5866000056266785,0.0
40,45,900000,0.0,0.00800000037997961,0.0,0.9084144234657288,0.8155308961868286,0.0,0.0,0.004600000102072954,0.0,0.9557999968528748,0.5866000056266785,0.5662000179290771,0.0,0.5866000056266785,0.0
40,45,950000,0.0,0.005799999926239252,0.0,0.9071834683418274,0.8125903606414795,0.0,0.0,0.004600000102072954,0.0,0.9557999968528748,0.5866000056266785,0.5662000179290771,0.0,0.5866000056266785,0.0
40,45,1000000,0.0,0.006200000178068876,0.0,0.9049078226089478,0.8152332305908203,0.0,0.0,0.004600000102072954,0.0,0.9557999968528748,0.5866000056266785,0.5662000179290771,0.0,0.5866000056266785,0.0
40,45,1250000,0.0,0.007799999788403511,0.0,0.8983012437820435,0.8105907440185547,0.0,0.0,0.004600000102072954,0.0,0.9557999968528748,0.5866000056266785,0.5662000179290771,0.0,0.5866000056266785,0.0
40,45,1500000,0.0,0.00860000029206276,0.0,0.8958538770675659,0.8078486919403076,0.0,0.0,0.004600000102072954,0.0,0.9557999968528748,0.5866000056266785,0.5662000179290771,0.0,0.5866000056266785,0.0
40,45,1750000,0.00039999998989515007,0.009399999864399433,0.0,0.8923906087875366,0.8098760843276978,0.00039999998989515007,0.0,0.004600000102072954,0.0,0.9557999968528748,0.5866000056266785,0.5662000179290771,0.0,0.5866000056266785,0.0
40,45,2000000,0.0,0.010999999940395355,0.0,0.890268087387085,0.8069955706596375,0.0,0.0,0.004600000102072954,0.0,0.9557999968528748,0.5866000056266785,0.5662000179290771,0.0,0.5866000056266785,0.0
40,45,2250000,0.00019999999494757503,0.007000000216066837,0.0,0.8872542977333069,0.8097553253173828,0.00019999999494757503,0.0,0.004600000102072954,0.0,0.9557999968528748,0.5866000056266785,0.5662000179290771,0.0,0.5866000056266785,0.0
40,45,2500000,0.0,0.010400000028312206,0.0,0.8854076266288757,0.8050366044044495,0.0,0.0,0.004600000102072954,0.0,0.9557999968528748,0.5866000056266785,0.5662000179290771,0.0,0.5866000056266785,0.0
40,45,2750000,0.00019999999494757503,0.00839999970048666,0.0,0.8860245943069458,0.8098109364509583,0.00019999999494757503,0.0,0.004600000102072954,0.0,0.9557999968528748,0.5866000056266785,0.5662000179290771,0.0,0.5866000056266785,0.0
40,45,3000000,0.00039999998989515007,0.010200000368058681,0.00019999999494757503,0.8758134841918945,0.8052476048469543,0.00039999998989515007,0.0,0.004600000102072954,0.0,0.9557999968528748,0.5866000056266785,0.5662000179290771,0.0,0.5866000056266785,0.0
40,45,3250000,0.0006000000284984708,0.009399999864399433,0.0,0.8795303702354431,0.8080708980560303,0.0006000000284984708,0.0,0.004600000102072954,0.0,0.9557999968528748,0.5866000056266785,0.5662000179290771,0.0,0.5866000056266785,0.0
40,45,3500000,0.00019999999494757503,0.01140000019222498,0.0,0.8772685527801514,0.803575873374939,0.00019999999494757503,0.0,0.004600000102072954,0.0,0.9557999968528748,0.5866000056266785,0.5662000179290771,0.0,0.5866000056266785,0.0
40,45,3750000,0.00019999999494757503,0.01360000018030405,0.0,0.8740648627281189,0.7996038198471069,0.00019999999494757503,0.0,0.004600000102072954,0.0,0.9557999968528748,0.5866000056266785,0.5662000179290771,0.0,0.5866000056266785,0.0
40,45,4000000,0.0007999999797903001,0.012199999764561653,0.0,0.8731308579444885,0.8047568798065186,0.0007999999797903001,0.0,0.004600000102072954,0.0,0.9557999968528748,0.5866000056266785,0.5662000179290771,0.0,0.5866000056266785,0.0
40,45,4250000,0.00039999998989515007,0.012400000356137753,0.0,0.8714524507522583,0.8024128675460815,0.00039999998989515007,0.0,0.004600000102072954,0.0,0.9557999968528748,0.5866000056266785,0.5662000179290771,0.0,0.5866000056266785,0.0
40,45,4500000,0.0010000000474974513,0.013399999588727951,0.00039999998989515007,0.8690230250358582,0.7982292175292969,0.0010000000474974513,0.0,0.004600000102072954,0.0,0.9557999968528748,0.5866000056266785,0.5662000179290771,0.0,0.5866000056266785,0.0
40,45,4750000,0.0012000000569969416,0.009399999864399433,0.00019999999494757503,0.871834933757782,0.8006400465965271,0.0012000000569969416,0.0,0.004600000102072954,0.0,0.9557999968528748,0.5866000056266785,0.5662000179290771,0.0,0.5866000056266785,0.0
40,45,5000000,0.0010000000474974513,0.013799999840557575,0.0,0.8690107464790344,0.8010883927345276,0.0010000000474974513,0.0,0.004600000102072954,0.0,0.9557999968528748,0.5866000056266785,0.5662000179290771,0.0,0.5866000056266785,0.0
40,46,50000,0.0,0.003800000064074993,0.0,0.9553990364074707,0.8396368026733398,0.0,0.0,0.003800000064074993,0.0,0.9610000252723694,0.5708000063896179,0.6018000245094299,0.0,0.5708000063896179,0.0
40,46,100000,0.0,0.004000000189989805,0.0,0.9536255598068237,0.8314981460571289,0.0,0.0,0.003800000064074993,0.0,0.9610000252723694,0.5708000063896179,0.6018000245094299,0.0,0.5708000063896179,0.0
40,46,150000,0.0,0.004800000227987766,0.0,0.9477562308311462,0.8288999795913696,0.0,0.0,0.003800000064074993,0.0,0.9610000252723694,0.5708000063896179,0.6018000245094299,0.0,0.5708000063896179,0.0
40,46,200000,0.0,0.00419999985024333,0.0,0.9461548924446106,0.8308597803115845,0.0,0.0,0.003800000064074993,0.0,0.9610000252723694,0.5708000063896179,0.6018000245094299,0.0,0.5708000063896179,0.0
40,46,250000,0.0,0.004600000102072954,0.0,0.9407702088356018,0.8270654082298279,0.0,0.0,0.003800000064074993,0.0,0.9610000252723694,0.5708000063896179,0.6018000245094299,0.0,0.5708000063896179,0.0
40,46,300000,0.0,0.004800000227987766,0.0,0.9390759468078613,0.828126847743988,0.0,0.0,0.003800000064074993,0.0,0.9610000252723694,0.5708000063896179,0.6018000245094299,0.0,0.5708000063896179,0.0
40,46,350000,0.0,0.004800000227987766,0.0,0.9358232617378235,0.8246024250984192,0.0,0.0,0.003800000064074993,0.0,0.9610000252723694,0.5708000063896179,0.6018000245094299,0.0,0.5708000063896179,0.0
40,46,400000,0.0,0.005400000140070915,0.0,0.9319641590118408,0.8229327201843262,0.0,0.0,0.003800000064074993,0.0,0.9610000252723694,0.5708000063896179,0.6018000245094299,0.0,0.5708000063896179,0.0
40,46,450000,0.0,0.00559999980032444,0.0,0.9283720850944519,0.8232564330101013,0.0,0.0,0.003800000064074993,0.0,0.9610000252723694,0.5708000063896179,0.6018000245094299,0.0,0.5708000063896179,0.0
40,46,500000,0.0,0.004800000227987766,0.0,0.925582230091095,0.8207031488418579,0.0,0.0,0.003800000064074993,0.0,0.9610000252723694,0.5708000063896179,0.6018000245094299,0.0,0.5708000063896179,0.0
40,46,550000,0.0,0.004600000102072954,0.0,0.9223701357841492,0.8215007781982422,0.0,0.0,0.003800000064074993,0.0,0.9610000252723694,0.5708000063896179,0.6018000245094299,0.0,0.5708000063896179,0.0
40,46,600000,0.0,0.006599999964237213,0.0,0.9220595955848694,0.8204355239868164,0.0,0.0,0.003800000064074993,0.0,0.9610000252723694,0.5708000063896179,0.6018000245094299,0.0,0.5708000063896179,0.0
40,46,650000,0.0,0.006800000090152025,0.0,0.9196133017539978,0.8182660937309265,0.0,0.0,0.003800000064074993,0.0,0.9610000252723694,0.5708000063896179,0.6018000245094299,0.0,0.5708000063896179,0.0
40,46,700000,0.0,0.005200000014156103,0.0,0.9189260601997375,0.8188228607177734,0.0,0.0,0.003800000064074993,0.0,0.9610000252723694,0.5708000063896179,0.6018000245094299,0.0,0.5708000063896179,0.0
40,46,750000,0.0,0.008200000040233135,0.0,0.9162739515304565,0.8163595795631409,0.0,0.0,0.003800000064074993,0.0,0.9610000252723694,0.5708000063896179,0.6018000245094299,0.0,0.5708000063896179,0.0
40,46,800000,0.0,0.006200000178068876,0.0,0.9121846556663513,0.8147215247154236,0.0,0.0,0.003800000064074993,0.0,0.9610000252723694,0.5708000063896179,0.6018000245094299,0.0,0.5708000063896179,0.0
40,46,850000,0.0,0.004999999888241291,0.0,0.9112533330917358,0.8175449967384338,0.0,0.0,0.003800000064074993,0.0,0.9610000252723694,0.5708000063896179,0.6018000245094299,0.0,0.5708000063896179,0.0
40,46,900000,0.0,0.006000000052154064,0.0,0.9084100723266602,0.8142291307449341,0.0,0.0,0.003800000064074993,0.0,0.9610000252723694,0.5708000063896179,0.6018000245094299,0.0,0.5708000063896179,0.0
40,46,950000,0.0,0.00839999970048666,0.0,0.9102218747138977,0.8135978579521179,0.0,0.0,0.003800000064074993,0.0,0.9610000252723694,0.5708000063896179,0.6018000245094299,0.0,0.5708000063896179,0.0
40,46,1000000,0.00019999999494757503,0.006000000052154064,0.0,0.9079865217208862,0.8126688599586487,0.00019999999494757503,0.0,0.003800000064074993,0.0,0.9610000252723694,0.5708000063896179,0.6018000245094299,0.0,0.5708000063896179,0.0
40,46,1250000,0.0,0.006800000090152025,0.0,0.9028147459030151,0.8139786124229431,0.0,0.0,0.003800000064074993,0.0,0.9610000252723694,0.5708000063896179,0.6018000245094299,0.0,0.5708000063896179,0.0
40,46,1500000,0.0,0.00839999970048666,0.0,0.8986999988555908,0.812255322933197,0.0,0.0,0.003800000064074993,0.0,0.9610000252723694,0.5708000063896179,0.6018000245094299,0.0,0.5708000063896179,0.0
40,46,1750000,0.0,0.007199999876320362,0.0,0.8937598466873169,0.8089353442192078,0.0,0.0,0.003800000064074993,0.0,0.9610000252723694,0.5708000063896179,0.6018000245094299,0.0,0.5708000063896179,0.0
40,46,2000000,0.00019999999494757503,0.009999999776482582,0.0,0.8922215104103088,0.8064935803413391,0.00019999999494757503,0.0,0.003800000064074993,0.0,0.9610000252723694,0.5708000063896179,0.6018000245094299,0.0,0.5708000063896179,0.0
40,46,2250000,0.00019999999494757503,0.007799999788403511,0.0,0.8908316493034363,0.8081029653549194,0.00019999999494757503,0.0,0.003800000064074993,0.0,0.9610000252723694,0.5708000063896179,0.6018000245094299,0.0,0.5708000063896179,0.0
40,46,2500000,0.0,0.01080000028014183,0.0,0.8868623971939087,0.8041372895240784,0.0,0.0,0.003800000064074993,0.0,0.9610000252723694,0.5708000063896179,0.6018000245094299,0.0,0.5708000063896179,0.0
40,46,2750000,0.0006000000284984708,0.007199999876320362,0.0,0.8861792683601379,0.804621696472168,0.0006000000284984708,0.0,0.003800000064074993,0.0,0.9610000252723694,0.5708000063896179,0.6018000245094299,0.0,0.5708000063896179,0.0
40,46,3000000,0.0010000000474974513,0.00839999970048666,0.00019999999494757503,0.8834972381591797,0.803594708442688,0.0010000000474974513,0.0,0.003800000064074993,0.0,0.9610000252723694,0.5708000063896179,0.6018000245094299,0.0,0.5708000063896179,0.0
40,46,3250000,0.0,0.008799999952316284,0.0,0.8830119371414185,0.8029927611351013,0.0,0.0,0.003800000064074993,0.0,0.9610000252723694,0.5708000063896179,0.6018000245094299,0.0,0.5708000063896179,0.0
40,46,3500000,0.0006000000284984708,0.014000000432133675,0.0,0.8820887804031372,0.8009161949157715,0.0006000000284984708,0.0,0.003800000064074993,0.0,0.9610000252723694,0.5708000063896179,0.6018000245094299,0.0,0.5708000063896179,0.0
40,46,3750000,0.00019999999494757503,0.010999999940395355,0.0,0.8804214000701904,0.8048447966575623,0.00019999999494757503,0.0,0.003800000064074993,0.0,0.9610000252723694,0.5708000063896179,0.6018000245094299,0.0,0.5708000063896179,0.0
40,46,4000000,0.0006000000284984708,0.010400000028312206,0.0,0.8766480684280396,0.8056380152702332,0.0006000000284984708,0.0,0.003800000064074993,0.0,0.9610000252723694,0.5708000063896179,0.6018000245094299,0.0,0.5708000063896179,0.0
40,46,4250000,0.0010000000474974513,0.012000000104308128,0.00019999999494757503,0.8732395768165588,0.8019943237304688,0.0010000000474974513,0.0,0.003800000064074993,0.0,0.9610000252723694,0.5708000063896179,0.6018000245094299,0.0,0.5708000063896179,0.0
40,46,4500000,0.00019999999494757503,0.01140000019222498,0.0,0.8747459053993225,0.7964515686035156,0.00019999999494757503,0.0,0.003800000064074993,0.0,0.9610000252723694,0.5708000063896179,0.6018000245094299,0.0,0.5708000063896179,0.0
40,46,4750000,0.00139999995008111,0.010999999940395355,0.00019999999494757503,0.8729133009910583,0.8015796542167664,0.00139999995008111,0.0,0.003800000064074993,0.0,0.9610000252723694,0.5708000063896179,0.6018000245094299,0.0,0.5708000063896179,0.0
40,46,5000000,0.0012000000569969416,0.010400000028312206,0.00019999999494757503,0.8702695369720459,0.8004293441772461,0.0012000000569969416,0.0,0.003800000064074993,0.0,0.9610000252723694,0.5708000063896179,0.6018000245094299,0.0,0.5708000063896179,0.0
5,42,50000,0.00559999980032444,0.00559999980032444,nan,0.8167901635169983,0.8167901635169983,0.00559999980032444,0.00419999985024333,0.00419999985024333,nan,0.5558000206947327,0.5558000206947327,nan,0.5558000206947327,0.5558000206947327,nan
5,42,100000,0.00800000037997961,0.00800000037997961,nan,0.8060452342033386,0.8060452342033386,0.00800000037997961,0.00419999985024333,0.00419999985024333,nan,0.5558000206947327,0.5558000206947327,nan,0.5558000206947327,0.5558000206947327,nan
5,42,150000,0.0142000000923872,0.0142000000923872,nan,0.7900068163871765,0.7900068163871765,0.0142000000923872,0.00419999985024333,0.00419999985024333,nan,0.5558000206947327,0.5558000206947327,nan,0.5558000206947327,0.5558000206947327,nan
5,42,200000,0.026799999177455902,0.026799999177455902,nan,0.7669550776481628,0.7669550776481628,0.026799999177455902,0.00419999985024333,0.00419999985024333,nan,0.5558000206947327,0.5558000206947327,nan,0.5558000206947327,0.5558000206947327,nan
5,42,250000,0.03460000082850456,0.03460000082850456,nan,0.7493308782577515,0.7493308782577515,0.03460000082850456,0.00419999985024333,0.00419999985024333,nan,0.5558000206947327,0.5558000206947327,nan,0.5558000206947327,0.5558000206947327,nan
5,42,300000,0.04879999905824661,0.04879999905824661,nan,0.7300864458084106,0.7300864458084106,0.04879999905824661,0.00419999985024333,0.00419999985024333,nan,0.5558000206947327,0.5558000206947327,nan,0.5558000206947327,0.5558000206947327,nan
5,42,350000,0.060600001364946365,0.060600001364946365,nan,0.7169467806816101,0.7169467806816101,0.060600001364946365,0.00419999985024333,0.00419999985024333,nan,0.5558000206947327,0.5558000206947327,nan,0.5558000206947327,0.5558000206947327,nan
5,42,400000,0.07699999958276749,0.07699999958276749,nan,0.6977213621139526,0.6977213621139526,0.07699999958276749,0.00419999985024333,0.00419999985024333,nan,0.5558000206947327,0.5558000206947327,nan,0.5558000206947327,0.5558000206947327,nan
5,42,450000,0.08100000023841858,0.08100000023841858,nan,0.6901270747184753,0.6901270747184753,0.08100000023841858,0.00419999985024333,0.00419999985024333,nan,0.5558000206947327,0.5558000206947327,nan,0.5558000206947327,0.5558000206947327,nan
5,42,500000,0.09459999948740005,0.09459999948740005,nan,0.6778663992881775,0.6778663992881775,0.09459999948740005,0.00419999985024333,0.00419999985024333,nan,0.5558000206947327,0.5558000206947327,nan,0.5558000206947327,0.5558000206947327,nan
5,42,550000,0.09300000220537186,0.09300000220537186,nan,0.6746506094932556,0.6746506094932556,0.09300000220537186,0.00419999985024333,0.00419999985024333,nan,0.5558000206947327,0.5558000206947327,nan,0.5558000206947327,0.5558000206947327,nan
5,42,600000,0.1080000028014183,0.1080000028014183,nan,0.6593888401985168,0.6593888401985168,0.1080000028014183,0.00419999985024333,0.00419999985024333,nan,0.5558000206947327,0.5558000206947327,nan,0.5558000206947327,0.5558000206947327,nan
5,42,650000,0.11240000277757645,0.11240000277757645,nan,0.6565932035446167,0.6565932035446167,0.11240000277757645,0.00419999985024333,0.00419999985024333,nan,0.5558000206947327,0.5558000206947327,nan,0.5558000206947327,0.5558000206947327,nan
5,42,700000,0.12139999866485596,0.12139999866485596,nan,0.6491634249687195,0.6491634249687195,0.12139999866485596,0.00419999985024333,0.00419999985024333,nan,0.5558000206947327,0.5558000206947327,nan,0.5558000206947327,0.5558000206947327,nan
5,42,750000,0.13420000672340393,0.13420000672340393,nan,0.6439909934997559,0.6439909934997559,0.13420000672340393,0.00419999985024333,0.00419999985024333,nan,0.5558000206947327,0.5558000206947327,nan,0.5558000206947327,0.5558000206947327,nan
5,42,800000,0.13580000400543213,0.13580000400543213,nan,0.6378543972969055,0.6378543972969055,0.13580000400543213,0.00419999985024333,0.00419999985024333,nan,0.5558000206947327,0.5558000206947327,nan,0.5558000206947327,0.5558000206947327,nan
5,42,850000,0.14560000598430634,0.14560000598430634,nan,0.6297292709350586,0.6297292709350586,0.14560000598430634,0.00419999985024333,0.00419999985024333,nan,0.5558000206947327,0.5558000206947327,nan,0.5558000206947327,0.5558000206947327,nan
5,42,900000,0.15000000596046448,0.15000000596046448,nan,0.62453693151474,0.62453693151474,0.15000000596046448,0.00419999985024333,0.00419999985024333,nan,0.5558000206947327,0.5558000206947327,nan,0.5558000206947327,0.5558000206947327,nan
5,42,950000,0.15479999780654907,0.15479999780654907,nan,0.6246961355209351,0.6246961355209351,0.15479999780654907,0.00419999985024333,0.00419999985024333,nan,0.5558000206947327,0.5558000206947327,nan,0.5558000206947327,0.5558000206947327,nan
5,42,1000000,0.16439999639987946,0.16439999639987946,nan,0.6146409511566162,0.6146409511566162,0.16439999639987946,0.00419999985024333,0.00419999985024333,nan,0.5558000206947327,0.5558000206947327,nan,0.5558000206947327,0.5558000206947327,nan
5,42,1250000,0.1809999942779541,0.1809999942779541,nan,0.5993586778640747,0.5993586778640747,0.1809999942779541,0.00419999985024333,0.00419999985024333,nan,0.5558000206947327,0.5558000206947327,nan,0.5558000206947327,0.5558000206947327,nan
5,42,1500000,0.21060000360012054,0.21060000360012054,nan,0.5867084264755249,0.5867084264755249,0.21060000360012054,0.00419999985024333,0.00419999985024333,nan,0.5558000206947327,0.5558000206947327,nan,0.5558000206947327,0.5558000206947327,nan
5,42,1750000,0.21879999339580536,0.21879999339580536,nan,0.5751382112503052,0.5751382112503052,0.21879999339580536,0.00419999985024333,0.00419999985024333,nan,0.5558000206947327,0.5558000206947327,nan,0.5558000206947327,0.5558000206947327,nan
5,42,2000000,0.23899999260902405,0.23899999260902405,nan,0.5637466907501221,0.5637466907501221,0.23899999260902405,0.00419999985024333,0.00419999985024333,nan,0.5558000206947327,0.5558000206947327,nan,0.5558000206947327,0.5558000206947327,nan
5,42,2250000,0.24160000681877136,0.24160000681877136,nan,0.5575372576713562,0.5575372576713562,0.24160000681877136,0.00419999985024333,0.00419999985024333,nan,0.5558000206947327,0.5558000206947327,nan,0.5558000206947327,0.5558000206947327,nan
5,42,2500000,0.2433999925851822,0.2433999925851822,nan,0.5566543340682983,0.5566543340682983,0.2433999925851822,0.00419999985024333,0.00419999985024333,nan,0.5558000206947327,0.5558000206947327,nan,0.5558000206947327,0.5558000206947327,nan
5,42,2750000,0.26260000467300415,0.26260000467300415,nan,0.5436855554580688,0.5436855554580688,0.26260000467300415,0.00419999985024333,0.00419999985024333,nan,0.5558000206947327,0.5558000206947327,nan,0.5558000206947327,0.5558000206947327,nan
5,42,3000000,0.26179999113082886,0.26179999113082886,nan,0.5490650534629822,0.5490650534629822,0.26179999113082886,0.00419999985024333,0.00419999985024333,nan,0.5558000206947327,0.5558000206947327,nan,0.5558000206947327,0.5558000206947327,nan
5,42,3250000,0.28060001134872437,0.28060001134872437,nan,0.5352889895439148,0.5352889895439148,0.28060001134872437,0.00419999985024333,0.00419999985024333,nan,0.5558000206947327,0.5558000206947327,nan,0.5558000206947327,0.5558000206947327,nan
5,42,3500000,0.2718000113964081,0.2718000113964081,nan,0.5324390530586243,0.5324390530586243,0.2718000113964081,0.00419999985024333,0.00419999985024333,nan,0.5558000206947327,0.5558000206947327,nan,0.5558000206947327,0.5558000206947327,nan
5,42,3750000,0.26820001006126404,0.26820001006126404,nan,0.5341431498527527,0.5341431498527527,0.26820001006126404,0.00419999985024333,0.00419999985024333,nan,0.5558000206947327,0.5558000206947327,nan,0.5558000206947327,0.5558000206947327,nan
5,42,4000000,0.28839999437332153,0.28839999437332153,nan,0.5265728235244751,0.5265728235244751,0.28839999437332153,0.00419999985024333,0.00419999985024333,nan,0.5558000206947327,0.5558000206947327,nan,0.5558000206947327,0.5558000206947327,nan
5,42,4250000,0.2815999984741211,0.2815999984741211,nan,0.5287260413169861,0.5287260413169861,0.2815999984741211,0.00419999985024333,0.00419999985024333,nan,0.5558000206947327,0.5558000206947327,nan,0.5558000206947327,0.5558000206947327,nan
5,42,4500000,0.28119999170303345,0.28119999170303345,nan,0.5303520560264587,0.5303520560264587,0.28139999508857727,0.00419999985024333,0.00419999985024333,nan,0.5558000206947327,0.5558000206947327,nan,0.5558000206947327,0.5558000206947327,nan
5,42,4750000,0.2840000092983246,0.2840000092983246,nan,0.528451681137085,0.528451681137085,0.2840000092983246,0.00419999985024333,0.00419999985024333,nan,0.5558000206947327,0.5558000206947327,nan,0.5558000206947327,0.5558000206947327,nan
5,42,5000000,0.28220000863075256,0.28220000863075256,nan,0.530135452747345,0.530135452747345,0.28220000863075256,0.00419999985024333,0.00419999985024333,nan,0.5558000206947327,0.5558000206947327,nan,0.5558000206947327,0.5558000206947327,nan
5,43,50000,0.00559999980032444,0.00559999980032444,nan,0.819024920463562,0.819024920463562,0.00559999980032444,0.004999999888241291,0.004999999888241291,nan,0.5917999744415283,0.5917999744415283,nan,0.5917999744415283,0.5917999744415283,nan
5,43,100000,0.009200000204145908,0.009200000204145908,nan,0.8036104440689087,0.8036104440689087,0.009200000204145908,0.004999999888241291,0.004999999888241291,nan,0.5917999744415283,0.5917999744415283,nan,0.5917999744415283,0.5917999744415283,nan
5,43,150000,0.013399999588727951,0.013399999588727951,nan,0.7858896255493164,0.7858896255493164,0.013399999588727951,0.004999999888241291,0.004999999888241291,nan,0.5917999744415283,0.5917999744415283,nan,0.5917999744415283,0.5917999744415283,nan
5,43,200000,0.02199999988079071,0.02199999988079071,nan,0.7696030139923096,0.7696030139923096,0.02199999988079071,0.004999999888241291,0.004999999888241291,nan,0.5917999744415283,0.5917999744415283,nan,0.5917999744415283,0.5917999744415283,nan
5,43,250000,0.032999999821186066,0.032999999821186066,nan,0.7490150332450867,0.7490150332450867,0.032999999821186066,0.004999999888241291,0.004999999888241291,nan,0.5917999744415283,0.5917999744415283,nan,0.5917999744415283,0.5917999744415283,nan
5,43,300000,0.041200000792741776,0.041200000792741776,nan,0.7331145405769348,0.7331145405769348,0.041200000792741776,0.004999999888241291,0.004999999888241291,nan,0.5917999744415283,0.5917999744415283,nan,0.5917999744415283,0.5917999744415283,nan
5,43,350000,0.06260000169277191,0.06260000169277191,nan,0.7101922035217285,0.7101922035217285,0.06260000169277191,0.004999999888241291,0.004999999888241291,nan,0.5917999744415283,0.5917999744415283,nan,0.5917999744415283,0.5917999744415283,nan
5,43,400000,0.06679999828338623,0.06679999828338623,nan,0.7021543979644775,0.7021543979644775,0.06679999828338623,0.004999999888241291,0.004999999888241291,nan,0.5917999744415283,0.5917999744415283,nan,0.5917999744415283,0.5917999744415283,nan
5,43,450000,0.08739999681711197,0.08739999681711197,nan,0.6839876174926758,0.6839876174926758,0.08739999681711197,0.004999999888241291,0.004999999888241291,nan,0.5917999744415283,0.5917999744415283,nan,0.5917999744415283,0.5917999744415283,nan
5,43,500000,0.08879999816417694,0.08879999816417694,nan,0.6781951189041138,0.6781951189041138,0.08879999816417694,0.004999999888241291,0.004999999888241291,nan,0.5917999744415283,0.5917999744415283,nan,0.5917999744415283,0.5917999744415283,nan
5,43,550000,0.10559999942779541,0.10559999942779541,nan,0.6673235297203064,0.6673235297203064,0.10559999942779541,0.004999999888241291,0.004999999888241291,nan,0.5917999744415283,0.5917999744415283,nan,0.5917999744415283,0.5917999744415283,nan
5,43,600000,0.1096000000834465,0.1096000000834465,nan,0.6577467918395996,0.6577467918395996,0.1096000000834465,0.004999999888241291,0.004999999888241291,nan,0.5917999744415283,0.5917999744415283,nan,0.5917999744415283,0.5917999744415283,nan
5,43,650000,0.11100000143051147,0.11100000143051147,nan,0.6520506143569946,0.6520506143569946,0.11100000143051147,0.004999999888241291,0.004999999888241291,nan,0.5917999744415283,0.5917999744415283,nan,0.5917999744415283,0.5917999744415283,nan
5,43,700000,0.12559999525547028,0.12559999525547028,nan,0.6465941071510315,0.6465941071510315,0.12559999525547028,0.004999999888241291,0.004999999888241291,nan,0.5917999744415283,0.5917999744415283,nan,0.5917999744415283,0.5917999744415283,nan
5,43,750000,0.1485999971628189,0.1485999971628189,nan,0.6259459257125854,0.6259459257125854,0.1485999971628189,0.004999999888241291,0.004999999888241291,nan,0.5917999744415283,0.5917999744415283,nan,0.5917999744415283,0.5917999744415283,nan
5,43,800000,0.1436000019311905,0.1436000019311905,nan,0.6292897462844849,0.6292897462844849,0.1436000019311905,0.004999999888241291,0.004999999888241291,nan,0.5917999744415283,0.5917999744415283,nan,0.5917999744415283,0.5917999744415283,nan
5,43,850000,0.15399999916553497,0.15399999916553497,nan,0.6228710412979126,0.6228710412979126,0.15399999916553497,0.004999999888241291,0.004999999888241291,nan,0.5917999744415283,0.5917999744415283,nan,0.5917999744415283,0.5917999744415283,nan
5,43,900000,0.15060000121593475,0.15060000121593475,nan,0.622873067855835,0.622873067855835,0.15060000121593475,0.004999999888241291,0.004999999888241291,nan,0.5917999744415283,0.5917999744415283,nan,0.5917999744415283,0.5917999744415283,nan
5,43,950000,0.16439999639987946,0.16439999639987946,nan,0.6113691329956055,0.6113691329956055,0.16439999639987946,0.004999999888241291,0.004999999888241291,nan,0.5917999744415283,0.5917999744415283,nan,0.5917999744415283,0.5917999744415283,nan
5,43,1000000,0.17180000245571136,0.17180000245571136,nan,0.611545979976654,0.611545979976654,0.17180000245571136,0.004999999888241291,0.004999999888241291,nan,0.5917999744415283,0.5917999744415283,nan,0.5917999744415283,0.5917999744415283,nan
5,43,1250000,0.18979999423027039,0.18979999423027039,nan,0.5947954654693604,0.5947954654693604,0.18979999423027039,0.004999999888241291,0.004999999888241291,nan,0.5917999744415283,0.5917999744415283,nan,0.5917999744415283,0.5917999744415283,nan
5,43,1500000,0.20659999549388885,0.20659999549388885,nan,0.5821484923362732,0.5821484923362732,0.20659999549388885,0.004999999888241291,0.004999999888241291,nan,0.5917999744415283,0.5917999744415283,nan,0.5917999744415283,0.5917999744415283,nan
5,43,1750000,0.22660000622272491,0.22660000622272491,nan,0.5661824345588684,0.5661824345588684,0.22660000622272491,0.004999999888241291,0.004999999888241291,nan,0.5917999744415283,0.5917999744415283,nan,0.5917999744415283,0.5917999744415283,nan
5,43,2000000,0.23360000550746918,0.23360000550746918,nan,0.5628900527954102,0.5628900527954102,0.23360000550746918,0.004999999888241291,0.004999999888241291,nan,0.5917999744415283,0.5917999744415283,nan,0.5917999744415283,0.5917999744415283,nan
5,43,2250000,0.2529999911785126,0.2529999911785126,nan,0.5495772361755371,0.5495772361755371,0.2529999911785126,0.004999999888241291,0.004999999888241291,nan,0.5917999744415283,0.5917999744415283,nan,0.5917999744415283,0.5917999744415283,nan
5,43,2500000,0.2565999925136566,0.2565999925136566,nan,0.5489837527275085,0.5489837527275085,0.2565999925136566,0.004999999888241291,0.004999999888241291,nan,0.5917999744415283,0.5917999744415283,nan,0.5917999744415283,0.5917999744415283,nan
5,43,2750000,0.2687999904155731,0.2687999904155731,nan,0.53708815574646,0.53708815574646,0.2687999904155731,0.004999999888241291,0.004999999888241291,nan,0.5917999744415283,0.5917999744415283,nan,0.5917999744415283,0.5917999744415283,nan
5,43,3000000,0.26600000262260437,0.26600000262260437,nan,0.5367239117622375,0.5367239117622375,0.26600000262260437,0.004999999888241291,0.004999999888241291,nan,0.5917999744415283,0.5917999744415283,nan,0.5917999744415283,0.5917999744415283,nan
5,43,3250000,0.28360000252723694,0.28360000252723694,nan,0.5304260849952698,0.5304260849952698,0.28360000252723694,0.004999999888241291,0.004999999888241291,nan,0.5917999744415283,0.5917999744415283,nan,0.5917999744415283,0.5917999744415283,nan
5,43,3500000,0.2815999984741211,0.2815999984741211,nan,0.5287485718727112,0.5287485718727112,0.2815999984741211,0.004999999888241291,0.004999999888241291,nan,0.5917999744415283,0.5917999744415283,nan,0.5917999744415283,0.5917999744415283,nan
5,43,3750000,0.2962000072002411,0.2962000072002411,nan,0.51765376329422,0.51765376329422,0.2962000072002411,0.004999999888241291,0.004999999888241291,nan,0.5917999744415283,0.5917999744415283,nan,0.5917999744415283,0.5917999744415283,nan
5,43,4000000,0.2955999970436096,0.2955999970436096,nan,0.5217243432998657,0.5217243432998657,0.2955999970436096,0.004999999888241291,0.004999999888241291,nan,0.5917999744415283,0.5917999744415283,nan,0.5917999744415283,0.5917999744415283,nan
5,43,4250000,0.3050000071525574,0.3050000071525574,nan,0.5113100409507751,0.5113100409507751,0.3050000071525574,0.004999999888241291,0.004999999888241291,nan,0.5917999744415283,0.5917999744415283,nan,0.5917999744415283,0.5917999744415283,nan
5,43,4500000,0.3075999915599823,0.3075999915599823,nan,0.5164681673049927,0.5164681673049927,0.3075999915599823,0.004999999888241291,0.004999999888241291,nan,0.5917999744415283,0.5917999744415283,nan,0.5917999744415283,0.5917999744415283,nan
5,43,4750000,0.30219998955726624,0.30219998955726624,nan,0.5146940350532532,0.5146940350532532,0.30219998955726624,0.004999999888241291,0.004999999888241291,nan,0.5917999744415283,0.5917999744415283,nan,0.5917999744415283,0.5917999744415283,nan
5,43,5000000,0.3070000112056732,0.3070000112056732,nan,0.5130962133407593,0.5130962133407593,0.3070000112056732,0.004999999888241291,0.004999999888241291,nan,0.5917999744415283,0.5917999744415283,nan,0.5917999744415283,0.5917999744415283,nan
5,44,50000,0.006200000178068876,0.006200000178068876,nan,0.819754421710968,0.819754421710968,0.006200000178068876,0.0034000000450760126,0.0034000000450760126,nan,0.5649999976158142,0.5649999976158142,nan,0.5649999976158142,0.5649999976158142,nan
5,44,100000,0.007199999876320362,0.007199999876320362,nan,0.8032771348953247,0.8032771348953247,0.007199999876320362,0.0034000000450760126,0.0034000000450760126,nan,0.5649999976158142,0.5649999976158142,nan,0.5649999976158142,0.5649999976158142,nan
5,44,150000,0.015599999576807022,0.015599999576807022,nan,0.7841166853904724,0.7841166853904724,0.015599999576807022,0.0034000000450760126,0.0034000000450760126,nan,0.5649999976158142,0.5649999976158142,nan,0.5649999976158142,0.5649999976158142,nan
5,44,200000,0.028200000524520874,0.028200000524520874,nan,0.7592942118644714,0.7592942118644714,0.028200000524520874,0.0034000000450760126,0.0034000000450760126,nan,0.5649999976158142,0.5649999976158142,nan,0.5649999976158142,0.5649999976158142,nan
5,44,250000,0.03400000184774399,0.03400000184774399,nan,0.7563015818595886,0.7563015818595886,0.03400000184774399,0.0034000000450760126,0.0034000000450760126,nan,0.5649999976158142,0.5649999976158142,nan,0.5649999976158142,0.5649999976158142,nan
5,44,300000,0.044599998742341995,0.044599998742341995,nan,0.7318317890167236,0.7318317890167236,0.044599998742341995,0.0034000000450760126,0.0034000000450760126,nan,0.5649999976158142,0.5649999976158142,nan,0.5649999976158142,0.5649999976158142,nan
5,44,350000,0.05299999937415123,0.05299999937415123,nan,0.723690927028656,0.723690927028656,0.05299999937415123,0.0034000000450760126,0.0034000000450760126,nan,0.5649999976158142,0.5649999976158142,nan,0.5649999976158142,0.5649999976158142,nan
5,44,400000,0.06419999897480011,0.06419999897480011,nan,0.7056069374084473,0.7056069374084473,0.06419999897480011,0.0034000000450760126,0.0034000000450760126,nan,0.5649999976158142,0.5649999976158142,nan,0.5649999976158142,0.5649999976158142,nan
5,44,450000,0.0706000030040741,0.0706000030040741,nan,0.6929419040679932,0.6929419040679932,0.0706000030040741,0.0034000000450760126,0.0034000000450760126,nan,0.5649999976158142,0.5649999976158142,nan,0.5649999976158142,0.5649999976158142,nan
5,44,500000,0.07479999959468842,0.07479999959468842,nan,0.6937141418457031,0.6937141418457031,0.07479999959468842,0.0034000000450760126,0.0034000000450760126,nan,0.5649999976158142,0.5649999976158142,nan,0.5649999976158142,0.5649999976158142,nan
5,44,550000,0.10480000078678131,0.10480000078678131,nan,0.6648803353309631,0.6648803353309631,0.10480000078678131,0.0034000000450760126,0.0034000000450760126,nan,0.5649999976158142,0.5649999976158142,nan,0.5649999976158142,0.5649999976158142,nan
5,44,600000,0.09380000084638596,0.09380000084638596,nan,0.670056164264679,0.670056164264679,0.09380000084638596,0.0034000000450760126,0.0034000000450760126,nan,0.5649999976158142,0.5649999976158142,nan,0.5649999976158142,0.5649999976158142,nan
5,44,650000,0.12280000001192093,0.12280000001192093,nan,0.6505440473556519,0.6505440473556519,0.12280000001192093,0.0034000000450760126,0.0034000000450760126,nan,0.5649999976158142,0.5649999976158142,nan,0.5649999976158142,0.5649999976158142,nan
5,44,700000,0.12060000002384186,0.12060000002384186,nan,0.6513862609863281,0.6513862609863281,0.12060000002384186,0.0034000000450760126,0.0034000000450760126,nan,0.5649999976158142,0.5649999976158142,nan,0.5649999976158142,0.5649999976158142,nan
5,44,750000,0.1234000027179718,0.1234000027179718,nan,0.6444208025932312,0.6444208025932312,0.1234000027179718,0.0034000000450760126,0.0034000000450760126,nan,0.5649999976158142,0.5649999976158142,nan,0.5649999976158142,0.5649999976158142,nan
5,44,800000,0.1356000006198883,0.1356000006198883,nan,0.6348399519920349,0.6348399519920349,0.1356000006198883,0.0034000000450760126,0.0034000000450760126,nan,0.5649999976158142,0.5649999976158142,nan,0.5649999976158142,0.5649999976158142,nan
5,44,850000,0.1444000005722046,0.1444000005722046,nan,0.6302343010902405,0.6302343010902405,0.1444000005722046,0.0034000000450760126,0.0034000000450760126,nan,0.5649999976158142,0.5649999976158142,nan,0.5649999976158142,0.5649999976158142,nan
5,44,900000,0.14880000054836273,0.14880000054836273,nan,0.6227834224700928,0.6227834224700928,0.14880000054836273,0.0034000000450760126,0.0034000000450760126,nan,0.5649999976158142,0.5649999976158142,nan,0.5649999976158142,0.5649999976158142,nan
5,44,950000,0.15700000524520874,0.15700000524520874,nan,0.6168230175971985,0.6168230175971985,0.15700000524520874,0.0034000000450760126,0.0034000000450760126,nan,0.5649999976158142,0.5649999976158142,nan,0.5649999976158142,0.5649999976158142,nan
5,44,1000000,0.15219999849796295,0.15219999849796295,nan,0.6246547102928162,0.6246547102928162,0.15219999849796295,0.0034000000450760126,0.0034000000450760126,nan,0.5649999976158142,0.5649999976158142,nan,0.5649999976158142,0.5649999976158142,nan
5,44,1250000,0.18440000712871552,0.18440000712871552,nan,0.5989589095115662,0.5989589095115662,0.18440000712871552,0.0034000000450760126,0.0034000000450760126,nan,0.5649999976158142,0.5649999976158142,nan,0.5649999976158142,0.5649999976158142,nan
5,44,1500000,0.1956000030040741,0.1956000030040741,nan,0.5832789540290833,0.5832789540290833,0.1956000030040741,0.0034000000450760126,0.0034000000450760126,nan,0.5649999976158142,0.5649999976158142,nan,0.5649999976158142,0.5649999976158142,nan
5,44,1750000,0.20440000295639038,0.20440000295639038,nan,0.5762091279029846,0.5762091279029846,0.20440000295639038,0.0034000000450760126,0.0034000000450760126,nan,0.5649999976158142,0.5649999976158142,nan,0.5649999976158142,0.5649999976158142,nan
5,44,2000000,0.23340000212192535,0.23340000212192535,nan,0.5651998519897461,0.5651998519897461,0.23340000212192535,0.0034000000450760126,0.0034000000450760126,nan,0.5649999976158142,0.5649999976158142,nan,0.5649999976158142,0.5649999976158142,nan
5,44,2250000,0.2393999993801117,0.2393999993801117,nan,0.5525162220001221,0.5525162220001221,0.2393999993801117,0.0034000000450760126,0.0034000000450760126,nan,0.5649999976158142,0.5649999976158142,nan,0.5649999976158142,0.5649999976158142,nan
5,44,2500000,0.2587999999523163,0.2587999999523163,nan,0.5421897172927856,0.5421897172927856,0.2587999999523163,0.0034000000450760126,0.0034000000450760126,nan,0.5649999976158142,0.5649999976158142,nan,0.5649999976158142,0.5649999976158142,nan
5,44,2750000,0.2563999891281128,0.2563999891281128,nan,0.5474888682365417,0.5474888682365417,0.2563999891281128,0.0034000000450760126,0.0034000000450760126,nan,0.5649999976158142,0.5649999976158142,nan,0.5649999976158142,0.5649999976158142,nan
5,44,3000000,0.25200000405311584,0.25200000405311584,nan,0.5400004982948303,0.5400004982948303,0.25200000405311584,0.0034000000450760126,0.0034000000450760126,nan,0.5649999976158142,0.5649999976158142,nan,0.5649999976158142,0.5649999976158142,nan
5,44,3250000,0.26260000467300415,0.26260000467300415,nan,0.5416536331176758,0.5416536331176758,0.26260000467300415,0.0034000000450760126,0.0034000000450760126,nan,0.5649999976158142,0.5649999976158142,nan,0.5649999976158142,0.5649999976158142,nan
5,44,3500000,0.27320000529289246,0.27320000529289246,nan,0.5374776124954224,0.5374776124954224,0.27320000529289246,0.0034000000450760126,0.0034000000450760126,nan,0.5649999976158142,0.5649999976158142,nan,0.5649999976158142,0.5649999976158142,nan
5,44,3750000,0.28679999709129333,0.28679999709129333,nan,0.5314612984657288,0.5314612984657288,0.28679999709129333,0.0034000000450760126,0.0034000000450760126,nan,0.5649999976158142,0.5649999976158142,nan,0.5649999976158142,0.5649999976158142,nan
5,44,4000000,0.2757999897003174,0.2757999897003174,nan,0.5292559862136841,0.5292559862136841,0.2757999897003174,0.0034000000450760126,0.0034000000450760126,nan,0.5649999976158142,0.5649999976158142,nan,0.5649999976158142,0.5649999976158142,nan
5,44,4250000,0.28619998693466187,0.28619998693466187,nan,0.5206390619277954,0.5206390619277954,0.28619998693466187,0.0034000000450760126,0.0034000000450760126,nan,0.5649999976158142,0.5649999976158142,nan,0.5649999976158142,0.5649999976158142,nan
5,44,4500000,0.28380000591278076,0.28380000591278076,nan,0.5297322273254395,0.5297322273254395,0.28380000591278076,0.0034000000450760126,0.0034000000450760126,nan,0.5649999976158142,0.5649999976158142,nan,0.5649999976158142,0.5649999976158142,nan
5,44,4750000,0.27399998903274536,0.27399998903274536,nan,0.5361323952674866,0.5361323952674866,0.27399998903274536,0.0034000000450760126,0.0034000000450760126,nan,0.5649999976158142,0.5649999976158142,nan,0.5649999976158142,0.5649999976158142,nan
5,44,5000000,0.29820001125335693,0.29820001125335693,nan,0.5178918242454529,0.5178918242454529,0.29820001125335693,0.0034000000450760126,0.0034000000450760126,nan,0.5649999976158142,0.5649999976158142,nan,0.5649999976158142,0.5649999976158142,nan
5,45,50000,0.006000000052154064,0.006000000052154064,nan,0.819958508014679,0.819958508014679,0.006000000052154064,0.004600000102072954,0.004600000102072954,nan,0.5860000252723694,0.5860000252723694,nan,0.5860000252723694,0.5860000252723694,nan
5,45,100000,0.008799999952316284,0.008799999952316284,nan,0.8075255155563354,0.8075255155563354,0.008799999952316284,0.004600000102072954,0.004600000102072954,nan,0.5860000252723694,0.5860000252723694,nan,0.5860000252723694,0.5860000252723694,nan
5,45,150000,0.014399999752640724,0.014399999752640724,nan,0.7871050238609314,0.7871050238609314,0.014399999752640724,0.004600000102072954,0.004600000102072954,nan,0.5860000252723694,0.5860000252723694,nan,0.5860000252723694,0.5860000252723694,nan
5,45,200000,0.024800000712275505,0.024800000712275505,nan,0.7678322196006775,0.7678322196006775,0.024800000712275505,0.004600000102072954,0.004600000102072954,nan,0.5860000252723694,0.5860000252723694,nan,0.5860000252723694,0.5860000252723694,nan
5,45,250000,0.038600001484155655,0.038600001484155655,nan,0.7420666813850403,0.7420666813850403,0.038600001484155655,0.004600000102072954,0.004600000102072954,nan,0.5860000252723694,0.5860000252723694,nan,0.5860000252723694,0.5860000252723694,nan
5,45,300000,0.05119999870657921,0.05119999870657921,nan,0.7256036400794983,0.7256036400794983,0.05119999870657921,0.004600000102072954,0.004600000102072954,nan,0.5860000252723694,0.5860000252723694,nan,0.5860000252723694,0.5860000252723694,nan
5,45,350000,0.06480000168085098,0.06480000168085098,nan,0.7142335176467896,0.7142335176467896,0.06480000168085098,0.004600000102072954,0.004600000102072954,nan,0.5860000252723694,0.5860000252723694,nan,0.5860000252723694,0.5860000252723694,nan
5,45,400000,0.07079999893903732,0.07079999893903732,nan,0.7062371373176575,0.7062371373176575,0.07079999893903732,0.004600000102072954,0.004600000102072954,nan,0.5860000252723694,0.5860000252723694,nan,0.5860000252723694,0.5860000252723694,nan
5,45,450000,0.09399999678134918,0.09399999678134918,nan,0.6825399398803711,0.6825399398803711,0.09399999678134918,0.004600000102072954,0.004600000102072954,nan,0.5860000252723694,0.5860000252723694,nan,0.5860000252723694,0.5860000252723694,nan
5,45,500000,0.09880000352859497,0.09880000352859497,nan,0.6756733655929565,0.6756733655929565,0.09880000352859497,0.004600000102072954,0.004600000102072954,nan,0.5860000252723694,0.5860000252723694,nan,0.5860000252723694,0.5860000252723694,nan
5,45,550000,0.1136000007390976,0.1136000007390976,nan,0.6668806076049805,0.6668806076049805,0.1136000007390976,0.004600000102072954,0.004600000102072954,nan,0.5860000252723694,0.5860000252723694,nan,0.5860000252723694,0.5860000252723694,nan
5,45,600000,0.1143999993801117,0.1143999993801117,nan,0.6654041409492493,0.6654041409492493,0.1143999993801117,0.004600000102072954,0.004600000102072954,nan,0.5860000252723694,0.5860000252723694,nan,0.5860000252723694,0.5860000252723694,nan
5,45,650000,0.11680000275373459,0.11680000275373459,nan,0.6524702906608582,0.6524702906608582,0.11680000275373459,0.004600000102072954,0.004600000102072954,nan,0.5860000252723694,0.5860000252723694,nan,0.5860000252723694,0.5860000252723694,nan
5,45,700000,0.11879999935626984,0.11879999935626984,nan,0.6546891331672668,0.6546891331672668,0.11879999935626984,0.004600000102072954,0.004600000102072954,nan,0.5860000252723694,0.5860000252723694,nan,0.5860000252723694,0.5860000252723694,nan
5,45,750000,0.12880000472068787,0.12880000472068787,nan,0.6455563902854919,0.6455563902854919,0.12880000472068787,0.004600000102072954,0.004600000102072954,nan,0.5860000252723694,0.5860000252723694,nan,0.5860000252723694,0.5860000252723694,nan
5,45,800000,0.14959999918937683,0.14959999918937683,nan,0.6352142095565796,0.6352142095565796,0.14959999918937683,0.004600000102072954,0.004600000102072954,nan,0.5860000252723694,0.5860000252723694,nan,0.5860000252723694,0.5860000252723694,nan
5,45,850000,0.1542000025510788,0.1542000025510788,nan,0.6274251341819763,0.6274251341819763,0.1542000025510788,0.004600000102072954,0.004600000102072954,nan,0.5860000252723694,0.5860000252723694,nan,0.5860000252723694,0.5860000252723694,nan
5,45,900000,0.16619999706745148,0.16619999706745148,nan,0.6148446202278137,0.6148446202278137,0.16619999706745148,0.004600000102072954,0.004600000102072954,nan,0.5860000252723694,0.5860000252723694,nan,0.5860000252723694,0.5860000252723694,nan
5,45,950000,0.16899999976158142,0.16899999976158142,nan,0.6148273944854736,0.6148273944854736,0.16899999976158142,0.004600000102072954,0.004600000102072954,nan,0.5860000252723694,0.5860000252723694,nan,0.5860000252723694,0.5860000252723694,nan
5,45,1000000,0.16259999573230743,0.16259999573230743,nan,0.6140852570533752,0.6140852570533752,0.16259999573230743,0.004600000102072954,0.004600000102072954,nan,0.5860000252723694,0.5860000252723694,nan,0.5860000252723694,0.5860000252723694,nan
5,45,1250000,0.18400000035762787,0.18400000035762787,nan,0.5947649478912354,0.5947649478912354,0.18400000035762787,0.004600000102072954,0.004600000102072954,nan,0.5860000252723694,0.5860000252723694,nan,0.5860000252723694,0.5860000252723694,nan
5,45,1500000,0.21080000698566437,0.21080000698566437,nan,0.5819975137710571,0.5819975137710571,0.21080000698566437,0.004600000102072954,0.004600000102072954,nan,0.5860000252723694,0.5860000252723694,nan,0.5860000252723694,0.5860000252723694,nan
5,45,1750000,0.2329999953508377,0.2329999953508377,nan,0.5640638470649719,0.5640638470649719,0.2329999953508377,0.004600000102072954,0.004600000102072954,nan,0.5860000252723694,0.5860000252723694,nan,0.5860000252723694,0.5860000252723694,nan
5,45,2000000,0.2378000020980835,0.2378000020980835,nan,0.564881443977356,0.564881443977356,0.2378000020980835,0.004600000102072954,0.004600000102072954,nan,0.5860000252723694,0.5860000252723694,nan,0.5860000252723694,0.5860000252723694,nan
5,45,2250000,0.2529999911785126,0.2529999911785126,nan,0.5553795695304871,0.5553795695304871,0.2529999911785126,0.004600000102072954,0.004600000102072954,nan,0.5860000252723694,0.5860000252723694,nan,0.5860000252723694,0.5860000252723694,nan
5,45,2500000,0.2590000033378601,0.2590000033378601,nan,0.5535963177680969,0.5535963177680969,0.2590000033378601,0.004600000102072954,0.004600000102072954,nan,0.5860000252723694,0.5860000252723694,nan,0.5860000252723694,0.5860000252723694,nan
5,45,2750000,0.2651999890804291,0.2651999890804291,nan,0.5425904393196106,0.5425904393196106,0.2651999890804291,0.004600000102072954,0.004600000102072954,nan,0.5860000252723694,0.5860000252723694,nan,0.5860000252723694,0.5860000252723694,nan
5,45,3000000,0.2818000018596649,0.2818000018596649,nan,0.5315353274345398,0.5315353274345398,0.2818000018596649,0.004600000102072954,0.004600000102072954,nan,0.5860000252723694,0.5860000252723694,nan,0.5860000252723694,0.5860000252723694,nan
5,45,3250000,0.2808000147342682,0.2808000147342682,nan,0.5367344617843628,0.5367344617843628,0.2808000147342682,0.004600000102072954,0.004600000102072954,nan,0.5860000252723694,0.5860000252723694,nan,0.5860000252723694,0.5860000252723694,nan
5,45,3500000,0.2773999869823456,0.2773999869823456,nan,0.532711923122406,0.532711923122406,0.2773999869823456,0.004600000102072954,0.004600000102072954,nan,0.5860000252723694,0.5860000252723694,nan,0.5860000252723694,0.5860000252723694,nan
5,45,3750000,0.28040000796318054,0.28040000796318054,nan,0.5323775410652161,0.5323775410652161,0.28040000796318054,0.004600000102072954,0.004600000102072954,nan,0.5860000252723694,0.5860000252723694,nan,0.5860000252723694,0.5860000252723694,nan
5,45,4000000,0.28679999709129333,0.28679999709129333,nan,0.5289216637611389,0.5289216637611389,0.28679999709129333,0.004600000102072954,0.004600000102072954,nan,0.5860000252723694,0.5860000252723694,nan,0.5860000252723694,0.5860000252723694,nan
5,45,4250000,0.298799991607666,0.298799991607666,nan,0.5214279294013977,0.5214279294013977,0.298799991607666,0.004600000102072954,0.004600000102072954,nan,0.5860000252723694,0.5860000252723694,nan,0.5860000252723694,0.5860000252723694,nan
5,45,4500000,0.301800012588501,0.301800012588501,nan,0.5266119837760925,0.5266119837760925,0.301800012588501,0.004600000102072954,0.004600000102072954,nan,0.5860000252723694,0.5860000252723694,nan,0.5860000252723694,0.5860000252723694,nan
5,45,4750000,0.31139999628067017,0.31139999628067017,nan,0.5182612538337708,0.5182612538337708,0.31139999628067017,0.004600000102072954,0.004600000102072954,nan,0.5860000252723694,0.5860000252723694,nan,0.5860000252723694,0.5860000252723694,nan
5,45,5000000,0.3118000030517578,0.3118000030517578,nan,0.5107049942016602,0.5107049942016602,0.3118000030517578,0.004600000102072954,0.004600000102072954,nan,0.5860000252723694,0.5860000252723694,nan,0.5860000252723694,0.5860000252723694,nan
5,46,50000,0.005200000014156103,0.005200000014156103,nan,0.8195135593414307,0.8195135593414307,0.005200000014156103,0.003800000064074993,0.003800000064074993,nan,0.5734000205993652,0.5734000205993652,nan,0.5734000205993652,0.5734000205993652,nan
5,46,100000,0.01140000019222498,0.01140000019222498,nan,0.8025647401809692,0.8025647401809692,0.01140000019222498,0.003800000064074993,0.003800000064074993,nan,0.5734000205993652,0.5734000205993652,nan,0.5734000205993652,0.5734000205993652,nan
5,46,150000,0.014999999664723873,0.014999999664723873,nan,0.7848706841468811,0.7848706841468811,0.014999999664723873,0.003800000064074993,0.003800000064074993,nan,0.5734000205993652,0.5734000205993652,nan,0.5734000205993652,0.5734000205993652,nan
5,46,200000,0.019200000911951065,0.019200000911951065,nan,0.7717170715332031,0.7717170715332031,0.019200000911951065,0.003800000064074993,0.003800000064074993,nan,0.5734000205993652,0.5734000205993652,nan,0.5734000205993652,0.5734000205993652,nan
5,46,250000,0.035999998450279236,0.035999998450279236,nan,0.7495261430740356,0.7495261430740356,0.035999998450279236,0.003800000064074993,0.003800000064074993,nan,0.5734000205993652,0.5734000205993652,nan,0.5734000205993652,0.5734000205993652,nan
5,46,300000,0.036400001496076584,0.036400001496076584,nan,0.7391831278800964,0.7391831278800964,0.036400001496076584,0.003800000064074993,0.003800000064074993,nan,0.5734000205993652,0.5734000205993652,nan,0.5734000205993652,0.5734000205993652,nan
5,46,350000,0.052400000393390656,0.052400000393390656,nan,0.7230712175369263,0.7230712175369263,0.052400000393390656,0.003800000064074993,0.003800000064074993,nan,0.5734000205993652,0.5734000205993652,nan,0.5734000205993652,0.5734000205993652,nan
5,46,400000,0.061400000005960464,0.061400000005960464,nan,0.7093459367752075,0.7093459367752075,0.061400000005960464,0.003800000064074993,0.003800000064074993,nan,0.5734000205993652,0.5734000205993652,nan,0.5734000205993652,0.5734000205993652,nan
5,46,450000,0.06880000233650208,0.06880000233650208,nan,0.6991918683052063,0.6991918683052063,0.06880000233650208,0.003800000064074993,0.003800000064074993,nan,0.5734000205993652,0.5734000205993652,nan,0.5734000205993652,0.5734000205993652,nan
5,46,500000,0.08479999750852585,0.08479999750852585,nan,0.6848711967468262,0.6848711967468262,0.08479999750852585,0.003800000064074993,0.003800000064074993,nan,0.5734000205993652,0.5734000205993652,nan,0.5734000205993652,0.5734000205993652,nan
5,46,550000,0.09260000288486481,0.09260000288486481,nan,0.6776543855667114,0.6776543855667114,0.09260000288486481,0.003800000064074993,0.003800000064074993,nan,0.5734000205993652,0.5734000205993652,nan,0.5734000205993652,0.5734000205993652,nan
5,46,600000,0.0934000015258789,0.0934000015258789,nan,0.6716720461845398,0.6716720461845398,0.0934000015258789,0.003800000064074993,0.003800000064074993,nan,0.5734000205993652,0.5734000205993652,nan,0.5734000205993652,0.5734000205993652,nan
5,46,650000,0.10899999737739563,0.10899999737739563,nan,0.66224604845047,0.66224604845047,0.10899999737739563,0.003800000064074993,0.003800000064074993,nan,0.5734000205993652,0.5734000205993652,nan,0.5734000205993652,0.5734000205993652,nan
5,46,700000,0.11379999667406082,0.11379999667406082,nan,0.651738166809082,0.651738166809082,0.11379999667406082,0.003800000064074993,0.003800000064074993,nan,0.5734000205993652,0.5734000205993652,nan,0.5734000205993652,0.5734000205993652,nan
5,46,750000,0.12759999930858612,0.12759999930858612,nan,0.6439482569694519,0.6439482569694519,0.12759999930858612,0.003800000064074993,0.003800000064074993,nan,0.5734000205993652,0.5734000205993652,nan,0.5734000205993652,0.5734000205993652,nan
5,46,800000,0.13019999861717224,0.13019999861717224,nan,0.6442611217498779,0.6442611217498779,0.13019999861717224,0.003800000064074993,0.003800000064074993,nan,0.5734000205993652,0.5734000205993652,nan,0.5734000205993652,0.5734000205993652,nan
5,46,850000,0.14920000731945038,0.14920000731945038,nan,0.6266788244247437,0.6266788244247437,0.14920000731945038,0.003800000064074993,0.003800000064074993,nan,0.5734000205993652,0.5734000205993652,nan,0.5734000205993652,0.5734000205993652,nan
5,46,900000,0.14239999651908875,0.14239999651908875,nan,0.634900689125061,0.634900689125061,0.14239999651908875,0.003800000064074993,0.003800000064074993,nan,0.5734000205993652,0.5734000205993652,nan,0.5734000205993652,0.5734000205993652,nan
5,46,950000,0.155799999833107,0.155799999833107,nan,0.6220094561576843,0.6220094561576843,0.155799999833107,0.003800000064074993,0.003800000064074993,nan,0.5734000205993652,0.5734000205993652,nan,0.5734000205993652,0.5734000205993652,nan
5,46,1000000,0.15479999780654907,0.15479999780654907,nan,0.6234188675880432,0.6234188675880432,0.15479999780654907,0.003800000064074993,0.003800000064074993,nan,0.5734000205993652,0.5734000205993652,nan,0.5734000205993652,0.5734000205993652,nan
5,46,1250000,0.17759999632835388,0.17759999632835388,nan,0.602081298828125,0.602081298828125,0.17759999632835388,0.003800000064074993,0.003800000064074993,nan,0.5734000205993652,0.5734000205993652,nan,0.5734000205993652,0.5734000205993652,nan
5,46,1500000,0.20419999957084656,0.20419999957084656,nan,0.5839340686798096,0.5839340686798096,0.20419999957084656,0.003800000064074993,0.003800000064074993,nan,0.5734000205993652,0.5734000205993652,nan,0.5734000205993652,0.5734000205993652,nan
5,46,1750000,0.2290000021457672,0.2290000021457672,nan,0.5700489282608032,0.5700489282608032,0.2290000021457672,0.003800000064074993,0.003800000064074993,nan,0.5734000205993652,0.5734000205993652,nan,0.5734000205993652,0.5734000205993652,nan
5,46,2000000,0.23019999265670776,0.23019999265670776,nan,0.5651224851608276,0.5651224851608276,0.23019999265670776,0.003800000064074993,0.003800000064074993,nan,0.5734000205993652,0.5734000205993652,nan,0.5734000205993652,0.5734000205993652,nan
5,46,2250000,0.23639999330043793,0.23639999330043793,nan,0.561805248260498,0.561805248260498,0.23639999330043793,0.003800000064074993,0.003800000064074993,nan,0.5734000205993652,0.5734000205993652,nan,0.5734000205993652,0.5734000205993652,nan
5,46,2500000,0.259799987077713,0.259799987077713,nan,0.542975127696991,0.542975127696991,0.259799987077713,0.003800000064074993,0.003800000064074993,nan,0.5734000205993652,0.5734000205993652,nan,0.5734000205993652,0.5734000205993652,nan
5,46,2750000,0.25619998574256897,0.25619998574256897,nan,0.5461117029190063,0.5461117029190063,0.25619998574256897,0.003800000064074993,0.003800000064074993,nan,0.5734000205993652,0.5734000205993652,nan,0.5734000205993652,0.5734000205993652,nan
5,46,3000000,0.26440000534057617,0.26440000534057617,nan,0.543152391910553,0.543152391910553,0.26440000534057617,0.003800000064074993,0.003800000064074993,nan,0.5734000205993652,0.5734000205993652,nan,0.5734000205993652,0.5734000205993652,nan
5,46,3250000,0.2648000121116638,0.2648000121116638,nan,0.541760265827179,0.541760265827179,0.2648000121116638,0.003800000064074993,0.003800000064074993,nan,0.5734000205993652,0.5734000205993652,nan,0.5734000205993652,0.5734000205993652,nan
5,46,3500000,0.27160000801086426,0.27160000801086426,nan,0.5395793914794922,0.5395793914794922,0.27160000801086426,0.003800000064074993,0.003800000064074993,nan,0.5734000205993652,0.5734000205993652,nan,0.5734000205993652,0.5734000205993652,nan
5,46,3750000,0.2734000086784363,0.2734000086784363,nan,0.5325448513031006,0.5325448513031006,0.2734000086784363,0.003800000064074993,0.003800000064074993,nan,0.5734000205993652,0.5734000205993652,nan,0.5734000205993652,0.5734000205993652,nan
5,46,4000000,0.28220000863075256,0.28220000863075256,nan,0.5289221405982971,0.5289221405982971,0.28220000863075256,0.003800000064074993,0.003800000064074993,nan,0.5734000205993652,0.5734000205993652,nan,0.5734000205993652,0.5734000205993652,nan
5,46,4250000,0.2840000092983246,0.2840000092983246,nan,0.5313730239868164,0.5313730239868164,0.2840000092983246,0.003800000064074993,0.003800000064074993,nan,0.5734000205993652,0.5734000205993652,nan,0.5734000205993652,0.5734000205993652,nan
5,46,4500000,0.28060001134872437,0.28060001134872437,nan,0.5272481441497803,0.5272481441497803,0.28060001134872437,0.003800000064074993,0.003800000064074993,nan,0.5734000205993652,0.5734000205993652,nan,0.5734000205993652,0.5734000205993652,nan
5,46,4750000,0.2924000024795532,0.2924000024795532,nan,0.5273949503898621,0.5273949503898621,0.2924000024795532,0.003800000064074993,0.003800000064074993,nan,0.5734000205993652,0.5734000205993652,nan,0.5734000205993652,0.5734000205993652,nan
5,46,5000000,0.29820001125335693,0.29820001125335693,nan,0.5234022736549377,0.5234022736549377,0.29820001125335693,0.003800000064074993,0.003800000064074993,nan,0.5734000205993652,0.5734000205993652,nan,0.5734000205993652,0.5734000205993652,nan
